trial_index,ID,subject,rt,responses,key_press,gamble_location,stimulus,Trial_ID,Trial_Type,Gain,Loss,Certain,Trial_Outcome
7,1,60ff893494867586d5d506ca,839.9,1,37,gamble_left,You won 2 dollars.,1,1,2,-0.5,0,1
126,1,60ff893494867586d5d506ca,747.1,0,39,gamble_left,You received 0 dollars.,2,1,2,-0.75,0,2
103,1,60ff893494867586d5d506ca,882.8,0,37,gamble_right,You received 0 dollars.,3,1,2,-1,0,2
62,1,60ff893494867586d5d506ca,836.8,0,37,gamble_right,You received 0 dollars.,4,1,2,-1.25,0,2
150,1,60ff893494867586d5d506ca,836.3,0,37,gamble_right,You received 0 dollars.,5,1,2,-1.5,0,2
149,1,60ff893494867586d5d506ca,625.3,0,37,gamble_right,You received 0 dollars.,6,1,2,-1.75,0,2
13,1,60ff893494867586d5d506ca,1027,1,37,gamble_left,You won 2 dollars.,7,1,2,-2,0,1
145,1,60ff893494867586d5d506ca,686.8,0,39,gamble_left,You received 0 dollars.,8,1,2,-2.25,0,2
49,1,60ff893494867586d5d506ca,806.8,0,37,gamble_right,You received 0 dollars.,9,1,2,-2.5,0,2
87,1,60ff893494867586d5d506ca,614,0,39,gamble_left,You received 0 dollars.,10,1,2,-2.75,0,2
113,1,60ff893494867586d5d506ca,1297.1,0,39,gamble_left,You received 0 dollars.,11,1,2,-3,0,2
55,1,60ff893494867586d5d506ca,760.6,0,39,gamble_left,You received 0 dollars.,12,1,2,-3.25,0,2
65,1,60ff893494867586d5d506ca,744.2,0,37,gamble_right,You received 0 dollars.,13,1,2,-3.5,0,2
69,1,60ff893494867586d5d506ca,953,0,37,gamble_right,You received 0 dollars.,14,1,2,-3.75,0,2
32,1,60ff893494867586d5d506ca,1384.2,0,37,gamble_right,You received 0 dollars.,15,1,2,-4,0,2
141,1,60ff893494867586d5d506ca,878.2,0,37,gamble_right,You received 0 dollars.,16,1,4,-1,0,2
21,1,60ff893494867586d5d506ca,1021.2,1,39,gamble_right,You lost -1.5 dollars.,17,1,4,-1.5,0,2
125,1,60ff893494867586d5d506ca,725.4,0,37,gamble_right,You received 0 dollars.,18,1,4,-2,0,2
144,1,60ff893494867586d5d506ca,679.8,0,37,gamble_right,You received 0 dollars.,19,1,4,-2.5,0,2
108,1,60ff893494867586d5d506ca,615.9,0,37,gamble_right,You received 0 dollars.,20,1,4,-3,0,2
74,1,60ff893494867586d5d506ca,640.4,0,37,gamble_right,You received 0 dollars.,21,1,4,-3.5,0,2
100,1,60ff893494867586d5d506ca,699.3,0,37,gamble_right,You received 0 dollars.,22,1,4,-4,0,2
23,1,60ff893494867586d5d506ca,893.8,1,37,gamble_left,You won 4 dollars.,23,1,4,-4.5,0,1
4,1,60ff893494867586d5d506ca,1003,1,39,gamble_right,You lost -5 dollars.,24,1,4,-5,0,2
89,1,60ff893494867586d5d506ca,1003.3,0,39,gamble_left,You received 0 dollars.,25,1,4,-5.5,0,2
93,1,60ff893494867586d5d506ca,924.5,0,39,gamble_left,You received 0 dollars.,26,1,4,-6,0,2
124,1,60ff893494867586d5d506ca,781.2,0,39,gamble_left,You received 0 dollars.,27,1,4,-6.5,0,2
130,1,60ff893494867586d5d506ca,988.6,0,37,gamble_right,You received 0 dollars.,28,1,4,-7,0,2
136,1,60ff893494867586d5d506ca,644.7,0,37,gamble_right,You received 0 dollars.,29,1,4,-7.5,0,2
147,1,60ff893494867586d5d506ca,737.8,0,37,gamble_right,You received 0 dollars.,30,1,4,-8,0,2
31,1,60ff893494867586d5d506ca,1121.2,0,39,gamble_left,You received 0 dollars.,31,1,5,-1.25,0,2
20,1,60ff893494867586d5d506ca,1009.1,1,37,gamble_left,You lost -1.88 dollars.,32,1,5,-1.88,0,2
88,1,60ff893494867586d5d506ca,796.2,0,37,gamble_right,You received 0 dollars.,33,1,5,-2.5,0,2
104,1,60ff893494867586d5d506ca,750,0,37,gamble_right,You received 0 dollars.,34,1,5,-3.13,0,2
81,1,60ff893494867586d5d506ca,815.4,0,37,gamble_right,You received 0 dollars.,35,1,5,-3.75,0,2
148,1,60ff893494867586d5d506ca,712,0,37,gamble_right,You received 0 dollars.,36,1,5,-4.38,0,2
90,1,60ff893494867586d5d506ca,563.4,0,39,gamble_left,You received 0 dollars.,37,1,5,-5,0,2
10,1,60ff893494867586d5d506ca,1084.6,1,37,gamble_left,You lost -5.63 dollars.,38,1,5,-5.63,0,2
135,1,60ff893494867586d5d506ca,771.3,0,37,gamble_right,You received 0 dollars.,39,1,5,-6.25,0,2
48,1,60ff893494867586d5d506ca,1048,0,37,gamble_right,You received 0 dollars.,40,1,5,-6.88,0,2
22,1,60ff893494867586d5d506ca,1183,1,37,gamble_left,You lost -7.5 dollars.,41,1,5,-7.5,0,2
98,1,60ff893494867586d5d506ca,829.6,0,37,gamble_right,You received 0 dollars.,42,1,5,-8.13,0,2
118,1,60ff893494867586d5d506ca,676.8,0,37,gamble_right,You received 0 dollars.,43,1,5,-8.75,0,2
50,1,60ff893494867586d5d506ca,985.5,0,39,gamble_left,You received 0 dollars.,44,1,5,-9.38,0,2
83,1,60ff893494867586d5d506ca,910.3,0,39,gamble_left,You received 0 dollars.,45,1,5,-10,0,2
12,1,60ff893494867586d5d506ca,1072.4,1,37,gamble_left,You won 6 dollars.,46,1,6,-1.5,0,1
24,1,60ff893494867586d5d506ca,875.1,1,37,gamble_left,You lost -2.25 dollars.,47,1,6,-2.25,0,2
45,1,60ff893494867586d5d506ca,762,0,39,gamble_left,You received 0 dollars.,48,1,6,-3,0,2
120,1,60ff893494867586d5d506ca,865.1,0,37,gamble_right,You received 0 dollars.,49,1,6,-3.75,0,2
43,1,60ff893494867586d5d506ca,975.4,0,39,gamble_left,You received 0 dollars.,50,1,6,-4.5,0,2
25,1,60ff893494867586d5d506ca,618.7,1,37,gamble_left,You won 6 dollars.,51,1,6,-5.25,0,1
114,1,60ff893494867586d5d506ca,834,0,39,gamble_left,You received 0 dollars.,52,1,6,-6,0,2
101,1,60ff893494867586d5d506ca,1024.4,0,37,gamble_right,You received 0 dollars.,53,1,6,-6.75,0,2
67,1,60ff893494867586d5d506ca,1120.1,0,39,gamble_left,You received 0 dollars.,54,1,6,-7.5,0,2
27,1,60ff893494867586d5d506ca,851.4,1,39,gamble_right,You lost -8.25 dollars.,55,1,6,-8.25,0,2
9,1,60ff893494867586d5d506ca,794.5,1,37,gamble_left,You won 6 dollars.,56,1,6,-9,0,1
116,1,60ff893494867586d5d506ca,750.9,0,37,gamble_right,You received 0 dollars.,57,1,6,-9.75,0,2
51,1,60ff893494867586d5d506ca,1072.2,0,37,gamble_right,You received 0 dollars.,58,1,6,-10.5,0,2
78,1,60ff893494867586d5d506ca,650.7,0,39,gamble_left,You received 0 dollars.,59,1,6,-11.25,0,2
73,1,60ff893494867586d5d506ca,1207.1,0,39,gamble_left,You received 0 dollars.,60,1,6,-12,0,2
1,1,60ff893494867586d5d506ca,1206.2,1,39,gamble_right,You won 8 dollars.,61,1,8,-2,0,1
82,1,60ff893494867586d5d506ca,705,0,37,gamble_right,You received 0 dollars.,62,1,8,-3,0,2
97,1,60ff893494867586d5d506ca,965.8,0,39,gamble_left,You received 0 dollars.,63,1,8,-4,0,2
84,1,60ff893494867586d5d506ca,598.5,0,39,gamble_left,You received 0 dollars.,64,1,8,-5,0,2
38,1,60ff893494867586d5d506ca,941.6,0,39,gamble_left,You received 0 dollars.,65,1,8,-6,0,2
64,1,60ff893494867586d5d506ca,755.3,0,37,gamble_right,You received 0 dollars.,66,1,8,-7,0,2
2,1,60ff893494867586d5d506ca,834.4,1,39,gamble_right,You won 8 dollars.,67,1,8,-8,0,1
60,1,60ff893494867586d5d506ca,929,0,37,gamble_right,You received 0 dollars.,68,1,8,-9,0,2
68,1,60ff893494867586d5d506ca,928.8,0,37,gamble_right,You received 0 dollars.,69,1,8,-10,0,2
134,1,60ff893494867586d5d506ca,1019.4,0,37,gamble_right,You received 0 dollars.,70,1,8,-11,0,2
18,1,60ff893494867586d5d506ca,1196.6,1,37,gamble_left,You won 8 dollars.,71,1,8,-12,0,1
70,1,60ff893494867586d5d506ca,666.2,0,37,gamble_right,You received 0 dollars.,72,1,8,-13,0,2
117,1,60ff893494867586d5d506ca,766.9,0,37,gamble_right,You received 0 dollars.,73,1,8,-14,0,2
26,1,60ff893494867586d5d506ca,829.5,1,39,gamble_right,You lost -15 dollars.,74,1,8,-15,0,2
19,1,60ff893494867586d5d506ca,854,1,39,gamble_right,You lost -16 dollars.,75,1,8,-16,0,2
75,1,60ff893494867586d5d506ca,670.7,0,37,gamble_right,You received 0 dollars.,76,1,9,-2.25,0,2
11,1,60ff893494867586d5d506ca,1055,1,37,gamble_left,You lost -3.38 dollars.,77,1,9,-3.38,0,2
44,1,60ff893494867586d5d506ca,884,0,37,gamble_right,You received 0 dollars.,78,1,9,-4.5,0,2
63,1,60ff893494867586d5d506ca,715.2,0,39,gamble_left,You received 0 dollars.,79,1,9,-5.63,0,2
106,1,60ff893494867586d5d506ca,781.1,0,37,gamble_right,You received 0 dollars.,80,1,9,-6.75,0,2
139,1,60ff893494867586d5d506ca,695.3,0,39,gamble_left,You received 0 dollars.,81,1,9,-7.88,0,2
110,1,60ff893494867586d5d506ca,646,0,37,gamble_right,You received 0 dollars.,82,1,9,-9,0,2
53,1,60ff893494867586d5d506ca,645.6,0,37,gamble_right,You received 0 dollars.,83,1,9,-10.13,0,2
137,1,60ff893494867586d5d506ca,699.8,0,37,gamble_right,You received 0 dollars.,84,1,9,-11.25,0,2
128,1,60ff893494867586d5d506ca,924.5,0,39,gamble_left,You received 0 dollars.,85,1,9,-12.38,0,2
127,1,60ff893494867586d5d506ca,710.7,0,37,gamble_right,You received 0 dollars.,86,1,9,-13.5,0,2
94,1,60ff893494867586d5d506ca,701,0,39,gamble_left,You received 0 dollars.,87,1,9,-14.63,0,2
122,1,60ff893494867586d5d506ca,893.1,0,37,gamble_right,You received 0 dollars.,88,1,9,-15.75,0,2
46,1,60ff893494867586d5d506ca,793.1,0,37,gamble_right,You received 0 dollars.,89,1,9,-16.88,0,2
79,1,60ff893494867586d5d506ca,623,0,39,gamble_left,You received 0 dollars.,90,1,9,-18,0,2
143,1,60ff893494867586d5d506ca,826.8,0,37,gamble_right,You received 0 dollars.,91,1,10,-2.5,0,2
140,1,60ff893494867586d5d506ca,653,0,39,gamble_left,You received 0 dollars.,92,1,10,-3.75,0,2
131,1,60ff893494867586d5d506ca,701.4,0,39,gamble_left,You received 0 dollars.,93,1,10,-5,0,2
138,1,60ff893494867586d5d506ca,851.5,0,39,gamble_left,You received 0 dollars.,94,1,10,-6.25,0,2
52,1,60ff893494867586d5d506ca,738.7,0,37,gamble_right,You received 0 dollars.,95,1,10,-7.5,0,2
36,1,60ff893494867586d5d506ca,867.5,0,37,gamble_right,You received 0 dollars.,96,1,10,-8.75,0,2
3,1,60ff893494867586d5d506ca,794.3,1,39,gamble_right,You won 10 dollars.,97,1,10,-10,0,1
146,1,60ff893494867586d5d506ca,806.4,0,39,gamble_left,You received 0 dollars.,98,1,10,-11.25,0,2
129,1,60ff893494867586d5d506ca,685.7,0,37,gamble_right,You received 0 dollars.,99,1,10,-12.5,0,2
123,1,60ff893494867586d5d506ca,896.5,0,39,gamble_left,You received 0 dollars.,100,1,10,-13.75,0,2
85,1,60ff893494867586d5d506ca,729,0,37,gamble_right,You received 0 dollars.,101,1,10,-15,0,2
47,1,60ff893494867586d5d506ca,739.8,0,37,gamble_right,You received 0 dollars.,102,1,10,-16.25,0,2
37,1,60ff893494867586d5d506ca,927.7,0,39,gamble_left,You received 0 dollars.,103,1,10,-17.5,0,2
72,1,60ff893494867586d5d506ca,802.3,0,37,gamble_right,You received 0 dollars.,104,1,10,-18.75,0,2
71,1,60ff893494867586d5d506ca,603.4,0,37,gamble_right,You received 0 dollars.,105,1,10,-20,0,2
76,1,60ff893494867586d5d506ca,679.7,0,39,gamble_left,You received 0 dollars.,106,1,12,-3,0,2
99,1,60ff893494867586d5d506ca,850.4,0,37,gamble_right,You received 0 dollars.,107,1,12,-4.5,0,2
92,1,60ff893494867586d5d506ca,799.8,0,39,gamble_left,You received 0 dollars.,108,1,12,-6,0,2
132,1,60ff893494867586d5d506ca,798,0,39,gamble_left,You received 0 dollars.,109,1,12,-7.5,0,2
34,1,60ff893494867586d5d506ca,1349.7,0,37,gamble_right,You received 0 dollars.,110,1,12,-9,0,2
6,1,60ff893494867586d5d506ca,924.5,1,39,gamble_right,You lost -10.5 dollars.,111,1,12,-10.5,0,2
107,1,60ff893494867586d5d506ca,681.5,0,37,gamble_right,You received 0 dollars.,112,1,12,-12,0,2
112,1,60ff893494867586d5d506ca,825.9,0,37,gamble_right,You received 0 dollars.,113,1,12,-13.5,0,2
56,1,60ff893494867586d5d506ca,802.7,0,39,gamble_left,You received 0 dollars.,114,1,12,-15,0,2
17,1,60ff893494867586d5d506ca,1300.4,1,37,gamble_left,You lost -16.5 dollars.,115,1,12,-16.5,0,2
33,1,60ff893494867586d5d506ca,1064.8,0,39,gamble_left,You received 0 dollars.,116,1,12,-18,0,2
15,1,60ff893494867586d5d506ca,799.3,1,39,gamble_right,You lost -19.5 dollars.,117,1,12,-19.5,0,2
41,1,60ff893494867586d5d506ca,1152.5,0,37,gamble_right,You received 0 dollars.,118,1,12,-21,0,2
39,1,60ff893494867586d5d506ca,710.8,0,39,gamble_left,You received 0 dollars.,119,1,12,-22.5,0,2
77,1,60ff893494867586d5d506ca,801.5,0,37,gamble_right,You received 0 dollars.,120,1,12,-24,0,2
109,1,60ff893494867586d5d506ca,934.5,1,39,gamble_right,You received 0 dollars.,121,2,4,0,2,2
40,1,60ff893494867586d5d506ca,934.7,1,37,gamble_left,You received 0 dollars.,122,2,8,0,4,2
91,1,60ff893494867586d5d506ca,850.3,0,37,gamble_right,You won 6 dollars.,123,2,12,0,6,1
28,1,60ff893494867586d5d506ca,835,1,37,gamble_left,You received 0 dollars.,124,2,18,0,9,2
14,1,60ff893494867586d5d506ca,1008.4,1,37,gamble_left,You received 0 dollars.,125,2,24,0,12,2
96,1,60ff893494867586d5d506ca,954.4,1,37,gamble_left,You won 5 dollars.,126,2,5,0,3,1
102,1,60ff893494867586d5d506ca,843.8,1,39,gamble_right,You won 7 dollars.,127,2,7,0,4,1
95,1,60ff893494867586d5d506ca,812.8,1,39,gamble_right,You won 10 dollars.,128,2,10,0,6,1
16,1,60ff893494867586d5d506ca,898.7,0,37,gamble_right,You won 10 dollars.,129,2,17,0,10,1
5,1,60ff893494867586d5d506ca,1139.9,1,39,gamble_right,You received 0 dollars.,130,2,22,0,13,2
133,1,60ff893494867586d5d506ca,1168.7,1,39,gamble_right,You won 28 dollars.,131,2,28,0,13,1
121,1,60ff893494867586d5d506ca,918.9,1,37,gamble_left,You won 5 dollars.,132,2,5,0,2,1
35,1,60ff893494867586d5d506ca,1707.5,1,39,gamble_right,You won 26 dollars.,133,2,26,0,10,1
80,1,60ff893494867586d5d506ca,892.3,1,39,gamble_right,You won 7 dollars.,134,2,7,0,3,1
42,1,60ff893494867586d5d506ca,866.5,1,39,gamble_right,You won 13 dollars.,135,2,13,0,5,1
29,1,60ff893494867586d5d506ca,983.6,1,39,gamble_right,You won 12 dollars.,136,2,12,0,6,1
57,1,60ff893494867586d5d506ca,929.4,1,37,gamble_left,You won 25 dollars.,137,2,25,0,10,1
115,1,60ff893494867586d5d506ca,862.3,1,37,gamble_left,You received 0 dollars.,138,2,4,0,2,2
30,1,60ff893494867586d5d506ca,1132.1,1,37,gamble_left,You won 3 dollars.,139,2,3,0,1,1
66,1,60ff893494867586d5d506ca,950.1,1,39,gamble_right,You won 25 dollars.,140,2,25,0,9,1
119,1,60ff893494867586d5d506ca,962.6,1,37,gamble_left,You won 13 dollars.,141,2,13,0,6,1
142,1,60ff893494867586d5d506ca,892.4,1,39,gamble_right,You won 22 dollars.,142,2,22,0,10,1
59,1,60ff893494867586d5d506ca,670.7,1,37,gamble_left,You received 0 dollars.,143,2,12,0,5,2
86,1,60ff893494867586d5d506ca,683.1,0,39,gamble_left,You won 1 dollars.,144,2,2,0,1,1
61,1,60ff893494867586d5d506ca,821.7,1,37,gamble_left,You won 8 dollars.,145,2,8,0,3,1
54,1,60ff893494867586d5d506ca,790.4,1,39,gamble_right,You received 0 dollars.,146,2,19,0,8,2
8,1,60ff893494867586d5d506ca,1001.8,1,39,gamble_right,You received 0 dollars.,147,2,26,0,12,2
111,1,60ff893494867586d5d506ca,820.2,0,39,gamble_left,You won 12 dollars.,148,2,30,0,12,1
58,1,60ff893494867586d5d506ca,825.5,1,39,gamble_right,You received 0 dollars.,149,2,23,0,10,2
105,1,60ff893494867586d5d506ca,772.1,1,39,gamble_right,You received 0 dollars.,150,2,12,0,4,2