trial_index,ID,subject,rt,responses,key_press,gamble_location,stimulus,Trial_ID,Trial_Type,Gain,Loss,Certain,Trial_Outcome
75,2,60ff52995e48996e2c15c2af,861.6,0,39,gamble_left,You received 0 dollars.,1,1,2,-0.5,0,2
88,2,60ff52995e48996e2c15c2af,773.9,1,39,gamble_right,You won 2 dollars.,2,1,2,-0.75,0,1
27,2,60ff52995e48996e2c15c2af,739.7,1,37,gamble_left,You lost -1 dollars.,3,1,2,-1,0,2
39,2,60ff52995e48996e2c15c2af,1160.4,0,37,gamble_right,You received 0 dollars.,4,1,2,-1.25,0,2
150,2,60ff52995e48996e2c15c2af,726.8,0,37,gamble_right,You received 0 dollars.,5,1,2,-1.5,0,2
97,2,60ff52995e48996e2c15c2af,978,1,39,gamble_right,You won 2 dollars.,6,1,2,-1.75,0,1
41,2,60ff52995e48996e2c15c2af,911.4,1,39,gamble_right,You won 2 dollars.,7,1,2,-2,0,1
134,2,60ff52995e48996e2c15c2af,936.5,1,37,gamble_left,You lost -2.25 dollars.,8,1,2,-2.25,0,2
102,2,60ff52995e48996e2c15c2af,916.2,1,39,gamble_right,You lost -2.5 dollars.,9,1,2,-2.5,0,2
83,2,60ff52995e48996e2c15c2af,822.5,0,39,gamble_left,You received 0 dollars.,10,1,2,-2.75,0,2
125,2,60ff52995e48996e2c15c2af,741.2,1,39,gamble_right,You lost -3 dollars.,11,1,2,-3,0,2
2,2,60ff52995e48996e2c15c2af,1116.6,1,37,gamble_left,You won 2 dollars.,12,1,2,-3.25,0,1
36,2,60ff52995e48996e2c15c2af,879.2,1,39,gamble_right,You lost -3.5 dollars.,13,1,2,-3.5,0,2
135,2,60ff52995e48996e2c15c2af,767.4,1,37,gamble_left,You lost -3.75 dollars.,14,1,2,-3.75,0,2
38,2,60ff52995e48996e2c15c2af,1197.2,0,39,gamble_left,You received 0 dollars.,15,1,2,-4,0,2
111,2,60ff52995e48996e2c15c2af,858,1,37,gamble_left,You won 4 dollars.,16,1,4,-1,0,1
61,2,60ff52995e48996e2c15c2af,866.5,0,39,gamble_left,You received 0 dollars.,17,1,4,-1.5,0,2
4,2,60ff52995e48996e2c15c2af,928.7,1,39,gamble_right,You lost -2 dollars.,18,1,4,-2,0,2
52,2,60ff52995e48996e2c15c2af,799.5,0,39,gamble_left,You received 0 dollars.,19,1,4,-2.5,0,2
57,2,60ff52995e48996e2c15c2af,810,1,39,gamble_right,You won 4 dollars.,20,1,4,-3,0,1
143,2,60ff52995e48996e2c15c2af,790.3,1,39,gamble_right,You lost -3.5 dollars.,21,1,4,-3.5,0,2
3,2,60ff52995e48996e2c15c2af,1458.6,1,37,gamble_left,You won 4 dollars.,22,1,4,-4,0,1
86,2,60ff52995e48996e2c15c2af,860.1,0,37,gamble_right,You received 0 dollars.,23,1,4,-4.5,0,2
69,2,60ff52995e48996e2c15c2af,637.9,1,39,gamble_right,You won 4 dollars.,24,1,4,-5,0,1
110,2,60ff52995e48996e2c15c2af,883.7,1,39,gamble_right,You won 4 dollars.,25,1,4,-5.5,0,1
90,2,60ff52995e48996e2c15c2af,795.1,1,37,gamble_left,You lost -6 dollars.,26,1,4,-6,0,2
93,2,60ff52995e48996e2c15c2af,1088.9,0,37,gamble_right,You received 0 dollars.,27,1,4,-6.5,0,2
104,2,60ff52995e48996e2c15c2af,680.8,1,39,gamble_right,You won 4 dollars.,28,1,4,-7,0,1
29,2,60ff52995e48996e2c15c2af,897.3,0,37,gamble_right,You received 0 dollars.,29,1,4,-7.5,0,2
48,2,60ff52995e48996e2c15c2af,990.3,0,37,gamble_right,You received 0 dollars.,30,1,4,-8,0,2
76,2,60ff52995e48996e2c15c2af,626.4,1,39,gamble_right,You won 5 dollars.,31,1,5,-1.25,0,1
23,2,60ff52995e48996e2c15c2af,865.7,1,39,gamble_right,You lost -1.88 dollars.,32,1,5,-1.88,0,2
130,2,60ff52995e48996e2c15c2af,919.3,0,37,gamble_right,You received 0 dollars.,33,1,5,-2.5,0,2
89,2,60ff52995e48996e2c15c2af,881.4,1,37,gamble_left,You lost -3.13 dollars.,34,1,5,-3.13,0,2
70,2,60ff52995e48996e2c15c2af,845.7,0,39,gamble_left,You received 0 dollars.,35,1,5,-3.75,0,2
139,2,60ff52995e48996e2c15c2af,907.9,0,37,gamble_right,You received 0 dollars.,36,1,5,-4.38,0,2
21,2,60ff52995e48996e2c15c2af,845.7,1,37,gamble_left,You lost -5 dollars.,37,1,5,-5,0,2
30,2,60ff52995e48996e2c15c2af,893.6,1,39,gamble_right,You won 5 dollars.,38,1,5,-5.63,0,1
64,2,60ff52995e48996e2c15c2af,844.4,0,39,gamble_left,You received 0 dollars.,39,1,5,-6.25,0,2
85,2,60ff52995e48996e2c15c2af,972,0,37,gamble_right,You received 0 dollars.,40,1,5,-6.88,0,2
20,2,60ff52995e48996e2c15c2af,1008.8,1,37,gamble_left,You won 5 dollars.,41,1,5,-7.5,0,1
100,2,60ff52995e48996e2c15c2af,781.6,0,39,gamble_left,You received 0 dollars.,42,1,5,-8.13,0,2
121,2,60ff52995e48996e2c15c2af,889.1,0,39,gamble_left,You received 0 dollars.,43,1,5,-8.75,0,2
103,2,60ff52995e48996e2c15c2af,843,0,37,gamble_right,You received 0 dollars.,44,1,5,-9.38,0,2
77,2,60ff52995e48996e2c15c2af,626.9,1,39,gamble_right,You won 5 dollars.,45,1,5,-10,0,1
131,2,60ff52995e48996e2c15c2af,1053.8,1,37,gamble_left,You lost -1.5 dollars.,46,1,6,-1.5,0,2
22,2,60ff52995e48996e2c15c2af,844.9,1,39,gamble_right,You lost -2.25 dollars.,47,1,6,-2.25,0,2
128,2,60ff52995e48996e2c15c2af,627.2,1,39,gamble_right,You won 6 dollars.,48,1,6,-3,0,1
108,2,60ff52995e48996e2c15c2af,800.4,0,39,gamble_left,You received 0 dollars.,49,1,6,-3.75,0,2
54,2,60ff52995e48996e2c15c2af,784.6,1,39,gamble_right,You won 6 dollars.,50,1,6,-4.5,0,1
87,2,60ff52995e48996e2c15c2af,889.7,1,37,gamble_left,You won 6 dollars.,51,1,6,-5.25,0,1
46,2,60ff52995e48996e2c15c2af,991.1,0,39,gamble_left,You received 0 dollars.,52,1,6,-6,0,2
67,2,60ff52995e48996e2c15c2af,851.4,1,39,gamble_right,You won 6 dollars.,53,1,6,-6.75,0,1
101,2,60ff52995e48996e2c15c2af,993,0,37,gamble_right,You received 0 dollars.,54,1,6,-7.5,0,2
96,2,60ff52995e48996e2c15c2af,866,0,39,gamble_left,You received 0 dollars.,55,1,6,-8.25,0,2
8,2,60ff52995e48996e2c15c2af,1394.8,1,37,gamble_left,You lost -9 dollars.,56,1,6,-9,0,2
81,2,60ff52995e48996e2c15c2af,906.1,0,37,gamble_right,You received 0 dollars.,57,1,6,-9.75,0,2
6,2,60ff52995e48996e2c15c2af,1202.9,0,39,gamble_left,You received 0 dollars.,58,1,6,-10.5,0,2
26,2,60ff52995e48996e2c15c2af,1208.2,1,39,gamble_right,You won 6 dollars.,59,1,6,-11.25,0,1
13,2,60ff52995e48996e2c15c2af,1301,0,39,gamble_left,You received 0 dollars.,60,1,6,-12,0,2
32,2,60ff52995e48996e2c15c2af,1127.1,1,37,gamble_left,You won 8 dollars.,61,1,8,-2,0,1
142,2,60ff52995e48996e2c15c2af,629,1,37,gamble_left,You lost -3 dollars.,62,1,8,-3,0,2
28,2,60ff52995e48996e2c15c2af,829.2,1,39,gamble_right,You lost -4 dollars.,63,1,8,-4,0,2
12,2,60ff52995e48996e2c15c2af,1135.8,1,39,gamble_right,You lost -5 dollars.,64,1,8,-5,0,2
106,2,60ff52995e48996e2c15c2af,830,1,39,gamble_right,You won 8 dollars.,65,1,8,-6,0,1
94,2,60ff52995e48996e2c15c2af,860.4,0,37,gamble_right,You received 0 dollars.,66,1,8,-7,0,2
129,2,60ff52995e48996e2c15c2af,739.8,1,37,gamble_left,You won 8 dollars.,67,1,8,-8,0,1
123,2,60ff52995e48996e2c15c2af,652.9,1,37,gamble_left,You lost -9 dollars.,68,1,8,-9,0,2
59,2,60ff52995e48996e2c15c2af,837.9,0,39,gamble_left,You received 0 dollars.,69,1,8,-10,0,2
92,2,60ff52995e48996e2c15c2af,1146,0,39,gamble_left,You received 0 dollars.,70,1,8,-11,0,2
148,2,60ff52995e48996e2c15c2af,725.9,0,39,gamble_left,You received 0 dollars.,71,1,8,-12,0,2
14,2,60ff52995e48996e2c15c2af,834.1,1,37,gamble_left,You lost -13 dollars.,72,1,8,-13,0,2
136,2,60ff52995e48996e2c15c2af,677.1,1,37,gamble_left,You won 8 dollars.,73,1,8,-14,0,1
82,2,60ff52995e48996e2c15c2af,857.7,0,37,gamble_right,You received 0 dollars.,74,1,8,-15,0,2
11,2,60ff52995e48996e2c15c2af,1373.4,0,39,gamble_left,You received 0 dollars.,75,1,8,-16,0,2
124,2,60ff52995e48996e2c15c2af,813.4,1,37,gamble_left,You lost -2.25 dollars.,76,1,9,-2.25,0,2
116,2,60ff52995e48996e2c15c2af,899.1,1,39,gamble_right,You won 9 dollars.,77,1,9,-3.38,0,1
53,2,60ff52995e48996e2c15c2af,877.5,1,37,gamble_left,You lost -4.5 dollars.,78,1,9,-4.5,0,2
109,2,60ff52995e48996e2c15c2af,766,0,39,gamble_left,You received 0 dollars.,79,1,9,-5.63,0,2
33,2,60ff52995e48996e2c15c2af,865.7,1,37,gamble_left,You won 9 dollars.,80,1,9,-6.75,0,1
34,2,60ff52995e48996e2c15c2af,897.4,1,37,gamble_left,You lost -7.88 dollars.,81,1,9,-7.88,0,2
138,2,60ff52995e48996e2c15c2af,803.1,0,39,gamble_left,You received 0 dollars.,82,1,9,-9,0,2
18,2,60ff52995e48996e2c15c2af,893.9,1,37,gamble_left,You won 9 dollars.,83,1,9,-10.13,0,1
79,2,60ff52995e48996e2c15c2af,708,1,39,gamble_right,You lost -11.25 dollars.,84,1,9,-11.25,0,2
132,2,60ff52995e48996e2c15c2af,794.7,1,37,gamble_left,You won 9 dollars.,85,1,9,-12.38,0,1
31,2,60ff52995e48996e2c15c2af,859.6,1,39,gamble_right,You lost -13.5 dollars.,86,1,9,-13.5,0,2
122,2,60ff52995e48996e2c15c2af,1046.9,0,39,gamble_left,You received 0 dollars.,87,1,9,-14.63,0,2
55,2,60ff52995e48996e2c15c2af,951.8,0,39,gamble_left,You received 0 dollars.,88,1,9,-15.75,0,2
84,2,60ff52995e48996e2c15c2af,766.1,0,39,gamble_left,You received 0 dollars.,89,1,9,-16.88,0,2
91,2,60ff52995e48996e2c15c2af,858.4,0,39,gamble_left,You received 0 dollars.,90,1,9,-18,0,2
19,2,60ff52995e48996e2c15c2af,802.1,1,39,gamble_right,You won 10 dollars.,91,1,10,-2.5,0,1
95,2,60ff52995e48996e2c15c2af,818.5,1,39,gamble_right,You won 10 dollars.,92,1,10,-3.75,0,1
47,2,60ff52995e48996e2c15c2af,926.3,1,39,gamble_right,You lost -5 dollars.,93,1,10,-5,0,2
35,2,60ff52995e48996e2c15c2af,747.2,1,39,gamble_right,You won 10 dollars.,94,1,10,-6.25,0,1
147,2,60ff52995e48996e2c15c2af,787.1,1,39,gamble_right,You lost -7.5 dollars.,95,1,10,-7.5,0,2
10,2,60ff52995e48996e2c15c2af,1010.4,0,39,gamble_left,You received 0 dollars.,96,1,10,-8.75,0,2
42,2,60ff52995e48996e2c15c2af,825.8,1,37,gamble_left,You lost -10 dollars.,97,1,10,-10,0,2
118,2,60ff52995e48996e2c15c2af,841.1,1,39,gamble_right,You won 10 dollars.,98,1,10,-11.25,0,1
24,2,60ff52995e48996e2c15c2af,819.7,1,39,gamble_right,You won 10 dollars.,99,1,10,-12.5,0,1
7,2,60ff52995e48996e2c15c2af,1389.3,0,39,gamble_left,You received 0 dollars.,100,1,10,-13.75,0,2
58,2,60ff52995e48996e2c15c2af,788.2,1,37,gamble_left,You won 10 dollars.,101,1,10,-15,0,1
137,2,60ff52995e48996e2c15c2af,798.5,0,37,gamble_right,You received 0 dollars.,102,1,10,-16.25,0,2
98,2,60ff52995e48996e2c15c2af,738.1,1,39,gamble_right,You lost -17.5 dollars.,103,1,10,-17.5,0,2
45,2,60ff52995e48996e2c15c2af,956.7,0,39,gamble_left,You received 0 dollars.,104,1,10,-18.75,0,2
71,2,60ff52995e48996e2c15c2af,829.4,0,39,gamble_left,You received 0 dollars.,105,1,10,-20,0,2
149,2,60ff52995e48996e2c15c2af,1105.7,0,37,gamble_right,You received 0 dollars.,106,1,12,-3,0,2
44,2,60ff52995e48996e2c15c2af,1091.8,0,37,gamble_right,You received 0 dollars.,107,1,12,-4.5,0,2
78,2,60ff52995e48996e2c15c2af,613.3,1,37,gamble_left,You lost -6 dollars.,108,1,12,-6,0,2
112,2,60ff52995e48996e2c15c2af,898.5,0,39,gamble_left,You received 0 dollars.,109,1,12,-7.5,0,2
65,2,60ff52995e48996e2c15c2af,654.3,1,37,gamble_left,You won 12 dollars.,110,1,12,-9,0,1
68,2,60ff52995e48996e2c15c2af,616.8,1,37,gamble_left,You won 12 dollars.,111,1,12,-10.5,0,1
120,2,60ff52995e48996e2c15c2af,688.6,1,37,gamble_left,You lost -12 dollars.,112,1,12,-12,0,2
117,2,60ff52995e48996e2c15c2af,930.1,0,39,gamble_left,You received 0 dollars.,113,1,12,-13.5,0,2
99,2,60ff52995e48996e2c15c2af,969.7,0,39,gamble_left,You received 0 dollars.,114,1,12,-15,0,2
60,2,60ff52995e48996e2c15c2af,686.6,1,39,gamble_right,You lost -16.5 dollars.,115,1,12,-16.5,0,2
146,2,60ff52995e48996e2c15c2af,790.9,0,39,gamble_left,You received 0 dollars.,116,1,12,-18,0,2
49,2,60ff52995e48996e2c15c2af,769.8,1,37,gamble_left,You won 12 dollars.,117,1,12,-19.5,0,1
80,2,60ff52995e48996e2c15c2af,747.2,0,39,gamble_left,You received 0 dollars.,118,1,12,-21,0,2
115,2,60ff52995e48996e2c15c2af,1089.6,0,37,gamble_right,You received 0 dollars.,119,1,12,-22.5,0,2
37,2,60ff52995e48996e2c15c2af,964.2,1,39,gamble_right,You lost -24 dollars.,120,1,12,-24,0,2
119,2,60ff52995e48996e2c15c2af,802.4,1,39,gamble_right,You received 0 dollars.,121,2,4,0,2,2
25,2,60ff52995e48996e2c15c2af,824.2,1,37,gamble_left,You won 8 dollars.,122,2,8,0,4,1
145,2,60ff52995e48996e2c15c2af,732.6,1,37,gamble_left,You received 0 dollars.,123,2,12,0,6,2
1,2,60ff52995e48996e2c15c2af,1189.5,0,37,gamble_right,You won 9 dollars.,124,2,18,0,9,1
74,2,60ff52995e48996e2c15c2af,646.1,1,37,gamble_left,You won 24 dollars.,125,2,24,0,12,1
43,2,60ff52995e48996e2c15c2af,890.4,1,37,gamble_left,You received 0 dollars.,126,2,5,0,3,2
107,2,60ff52995e48996e2c15c2af,703.8,1,39,gamble_right,You won 7 dollars.,127,2,7,0,4,1
56,2,60ff52995e48996e2c15c2af,849.9,1,37,gamble_left,You won 10 dollars.,128,2,10,0,6,1
133,2,60ff52995e48996e2c15c2af,690.3,1,39,gamble_right,You won 17 dollars.,129,2,17,0,10,1
15,2,60ff52995e48996e2c15c2af,1006.8,1,39,gamble_right,You won 22 dollars.,130,2,22,0,13,1
72,2,60ff52995e48996e2c15c2af,750.9,1,37,gamble_left,You won 28 dollars.,131,2,28,0,13,1
140,2,60ff52995e48996e2c15c2af,676.3,1,39,gamble_right,You won 5 dollars.,132,2,5,0,2,1
5,2,60ff52995e48996e2c15c2af,1398.9,0,39,gamble_left,You won 10 dollars.,133,2,26,0,10,1
63,2,60ff52995e48996e2c15c2af,795.7,1,37,gamble_left,You won 7 dollars.,134,2,7,0,3,1
73,2,60ff52995e48996e2c15c2af,762.8,1,39,gamble_right,You won 13 dollars.,135,2,13,0,5,1
9,2,60ff52995e48996e2c15c2af,1411.8,1,37,gamble_left,You received 0 dollars.,136,2,12,0,6,2
40,2,60ff52995e48996e2c15c2af,1254.8,1,39,gamble_right,You received 0 dollars.,137,2,25,0,10,2
113,2,60ff52995e48996e2c15c2af,662.1,1,37,gamble_left,You received 0 dollars.,138,2,4,0,2,2
144,2,60ff52995e48996e2c15c2af,603.1,1,39,gamble_right,You received 0 dollars.,139,2,3,0,1,2
62,2,60ff52995e48996e2c15c2af,932.6,1,39,gamble_right,You received 0 dollars.,140,2,25,0,9,2
66,2,60ff52995e48996e2c15c2af,640.5,1,39,gamble_right,You won 13 dollars.,141,2,13,0,6,1
127,2,60ff52995e48996e2c15c2af,921.5,1,39,gamble_right,You received 0 dollars.,142,2,22,0,10,2
126,2,60ff52995e48996e2c15c2af,756.3,1,37,gamble_left,You received 0 dollars.,143,2,12,0,5,2
114,2,60ff52995e48996e2c15c2af,691.8,1,37,gamble_left,You won 2 dollars.,144,2,2,0,1,1
50,2,60ff52995e48996e2c15c2af,852,1,39,gamble_right,You won 8 dollars.,145,2,8,0,3,1
17,2,60ff52995e48996e2c15c2af,927.5,1,37,gamble_left,You won 19 dollars.,146,2,19,0,8,1
16,2,60ff52995e48996e2c15c2af,997,1,37,gamble_left,You won 26 dollars.,147,2,26,0,12,1
141,2,60ff52995e48996e2c15c2af,750.7,1,39,gamble_right,You received 0 dollars.,148,2,30,0,12,2
105,2,60ff52995e48996e2c15c2af,917.8,1,39,gamble_right,You won 23 dollars.,149,2,23,0,10,1
51,2,60ff52995e48996e2c15c2af,1030.1,1,39,gamble_right,You won 12 dollars.,150,2,12,0,4,1