trial_index,ID,subject,rt,responses,key_press,gamble_location,stimulus,Trial_ID,Trial_Type,Gain,Loss,Certain,Trial_Outcome
127,3,60ff85b88d97f7060fc30793,989.4,1,37,gamble_left,You won 2 dollars.,1,1,2,-0.5,0,1
47,3,60ff85b88d97f7060fc30793,601.8,1,39,gamble_right,You lost -0.75 dollars.,2,1,2,-0.75,0,2
1,3,60ff85b88d97f7060fc30793,NA,NA,NA,gamble_right,Trial missed.,3,1,2,-1,0,3
61,3,60ff85b88d97f7060fc30793,559.1,1,37,gamble_left,You won 2 dollars.,4,1,2,-1.25,0,1
98,3,60ff85b88d97f7060fc30793,526.5,1,37,gamble_left,You won 2 dollars.,5,1,2,-1.5,0,1
59,3,60ff85b88d97f7060fc30793,1145.6,1,37,gamble_left,You lost -1.75 dollars.,6,1,2,-1.75,0,2
132,3,60ff85b88d97f7060fc30793,1414,0,37,gamble_right,You received 0 dollars.,7,1,2,-2,0,2
83,3,60ff85b88d97f7060fc30793,547.2,1,39,gamble_right,You lost -2.25 dollars.,8,1,2,-2.25,0,2
42,3,60ff85b88d97f7060fc30793,542.9,1,39,gamble_right,You won 2 dollars.,9,1,2,-2.5,0,1
99,3,60ff85b88d97f7060fc30793,521.6,1,37,gamble_left,You lost -2.75 dollars.,10,1,2,-2.75,0,2
90,3,60ff85b88d97f7060fc30793,503.9,1,39,gamble_right,You won 2 dollars.,11,1,2,-3,0,1
5,3,60ff85b88d97f7060fc30793,594.4,1,39,gamble_right,You won 2 dollars.,12,1,2,-3.25,0,1
64,3,60ff85b88d97f7060fc30793,466.9,1,39,gamble_right,You lost -3.5 dollars.,13,1,2,-3.5,0,2
71,3,60ff85b88d97f7060fc30793,492.2,1,39,gamble_right,You lost -3.75 dollars.,14,1,2,-3.75,0,2
81,3,60ff85b88d97f7060fc30793,1339.2,1,37,gamble_left,You lost -4 dollars.,15,1,2,-4,0,2
135,3,60ff85b88d97f7060fc30793,1006.6,1,39,gamble_right,You lost -1 dollars.,16,1,4,-1,0,2
126,3,60ff85b88d97f7060fc30793,985.3,1,39,gamble_right,You won 4 dollars.,17,1,4,-1.5,0,1
29,3,60ff85b88d97f7060fc30793,491.9,1,37,gamble_left,You lost -2 dollars.,18,1,4,-2,0,2
68,3,60ff85b88d97f7060fc30793,900.5,1,37,gamble_left,You lost -2.5 dollars.,19,1,4,-2.5,0,2
52,3,60ff85b88d97f7060fc30793,652.9,1,37,gamble_left,You won 4 dollars.,20,1,4,-3,0,1
104,3,60ff85b88d97f7060fc30793,719.1,0,37,gamble_right,You received 0 dollars.,21,1,4,-3.5,0,2
48,3,60ff85b88d97f7060fc30793,596.8,1,39,gamble_right,You lost -4 dollars.,22,1,4,-4,0,2
20,3,60ff85b88d97f7060fc30793,923.1,1,37,gamble_left,You won 4 dollars.,23,1,4,-4.5,0,1
94,3,60ff85b88d97f7060fc30793,733.8,1,37,gamble_left,You lost -5 dollars.,24,1,4,-5,0,2
11,3,60ff85b88d97f7060fc30793,578.6,1,37,gamble_left,You won 4 dollars.,25,1,4,-5.5,0,1
44,3,60ff85b88d97f7060fc30793,476,1,39,gamble_right,You lost -6 dollars.,26,1,4,-6,0,2
45,3,60ff85b88d97f7060fc30793,612.8,1,37,gamble_left,You lost -6.5 dollars.,27,1,4,-6.5,0,2
6,3,60ff85b88d97f7060fc30793,638.2,1,39,gamble_right,You won 4 dollars.,28,1,4,-7,0,1
129,3,60ff85b88d97f7060fc30793,873.6,1,37,gamble_left,You lost -7.5 dollars.,29,1,4,-7.5,0,2
136,3,60ff85b88d97f7060fc30793,798.9,0,37,gamble_right,You received 0 dollars.,30,1,4,-8,0,2
121,3,60ff85b88d97f7060fc30793,1005,1,39,gamble_right,You won 5 dollars.,31,1,5,-1.25,0,1
41,3,60ff85b88d97f7060fc30793,564,1,39,gamble_right,You lost -1.88 dollars.,32,1,5,-1.88,0,2
112,3,60ff85b88d97f7060fc30793,660,1,39,gamble_right,You lost -2.5 dollars.,33,1,5,-2.5,0,2
92,3,60ff85b88d97f7060fc30793,504.6,1,37,gamble_left,You lost -3.13 dollars.,34,1,5,-3.13,0,2
107,3,60ff85b88d97f7060fc30793,540.4,1,37,gamble_left,You lost -3.75 dollars.,35,1,5,-3.75,0,2
73,3,60ff85b88d97f7060fc30793,493.8,1,37,gamble_left,You lost -4.38 dollars.,36,1,5,-4.38,0,2
109,3,60ff85b88d97f7060fc30793,657.1,1,39,gamble_right,You won 5 dollars.,37,1,5,-5,0,1
86,3,60ff85b88d97f7060fc30793,599.7,1,37,gamble_left,You won 5 dollars.,38,1,5,-5.63,0,1
40,3,60ff85b88d97f7060fc30793,722.4,1,37,gamble_left,You lost -6.25 dollars.,39,1,5,-6.25,0,2
65,3,60ff85b88d97f7060fc30793,450.4,1,39,gamble_right,You won 5 dollars.,40,1,5,-6.88,0,1
80,3,60ff85b88d97f7060fc30793,505,1,37,gamble_left,You lost -7.5 dollars.,41,1,5,-7.5,0,2
91,3,60ff85b88d97f7060fc30793,414.7,1,39,gamble_right,You won 5 dollars.,42,1,5,-8.13,0,1
53,3,60ff85b88d97f7060fc30793,477.4,1,37,gamble_left,You lost -8.75 dollars.,43,1,5,-8.75,0,2
22,3,60ff85b88d97f7060fc30793,800.5,1,39,gamble_right,You lost -9.38 dollars.,44,1,5,-9.38,0,2
118,3,60ff85b88d97f7060fc30793,1005,0,37,gamble_right,You received 0 dollars.,45,1,5,-10,0,2
76,3,60ff85b88d97f7060fc30793,631.7,1,37,gamble_left,You won 6 dollars.,46,1,6,-1.5,0,1
14,3,60ff85b88d97f7060fc30793,567.4,1,39,gamble_right,You won 6 dollars.,47,1,6,-2.25,0,1
114,3,60ff85b88d97f7060fc30793,491.6,1,39,gamble_right,You lost -3 dollars.,48,1,6,-3,0,2
103,3,60ff85b88d97f7060fc30793,576.7,1,39,gamble_right,You won 6 dollars.,49,1,6,-3.75,0,1
148,3,60ff85b88d97f7060fc30793,991.5,0,39,gamble_left,You received 0 dollars.,50,1,6,-4.5,0,2
130,3,60ff85b88d97f7060fc30793,881.6,0,37,gamble_right,You received 0 dollars.,51,1,6,-5.25,0,2
69,3,60ff85b88d97f7060fc30793,540.8,1,39,gamble_right,You won 6 dollars.,52,1,6,-6,0,1
37,3,60ff85b88d97f7060fc30793,555.1,1,39,gamble_right,You won 6 dollars.,53,1,6,-6.75,0,1
50,3,60ff85b88d97f7060fc30793,551,1,37,gamble_left,You won 6 dollars.,54,1,6,-7.5,0,1
28,3,60ff85b88d97f7060fc30793,616,1,37,gamble_left,You won 6 dollars.,55,1,6,-8.25,0,1
67,3,60ff85b88d97f7060fc30793,506.3,1,37,gamble_left,You won 6 dollars.,56,1,6,-9,0,1
26,3,60ff85b88d97f7060fc30793,627.7,1,37,gamble_left,You won 6 dollars.,57,1,6,-9.75,0,1
36,3,60ff85b88d97f7060fc30793,980.2,1,37,gamble_left,You lost -10.5 dollars.,58,1,6,-10.5,0,2
54,3,60ff85b88d97f7060fc30793,445.4,1,37,gamble_left,You won 6 dollars.,59,1,6,-11.25,0,1
145,3,60ff85b88d97f7060fc30793,1301,0,37,gamble_right,You received 0 dollars.,60,1,6,-12,0,2
100,3,60ff85b88d97f7060fc30793,471.6,1,39,gamble_right,You lost -2 dollars.,61,1,8,-2,0,2
21,3,60ff85b88d97f7060fc30793,989.4,1,39,gamble_right,You lost -3 dollars.,62,1,8,-3,0,2
97,3,60ff85b88d97f7060fc30793,487.9,1,39,gamble_right,You won 8 dollars.,63,1,8,-4,0,1
7,3,60ff85b88d97f7060fc30793,624.5,1,39,gamble_right,You lost -5 dollars.,64,1,8,-5,0,2
17,3,60ff85b88d97f7060fc30793,771.7,1,39,gamble_right,You lost -6 dollars.,65,1,8,-6,0,2
125,3,60ff85b88d97f7060fc30793,1529.7,0,37,gamble_right,You received 0 dollars.,66,1,8,-7,0,2
89,3,60ff85b88d97f7060fc30793,429.4,1,39,gamble_right,You won 8 dollars.,67,1,8,-8,0,1
9,3,60ff85b88d97f7060fc30793,576.1,1,37,gamble_left,You won 8 dollars.,68,1,8,-9,0,1
31,3,60ff85b88d97f7060fc30793,496.2,1,39,gamble_right,You won 8 dollars.,69,1,8,-10,0,1
49,3,60ff85b88d97f7060fc30793,599.4,1,37,gamble_left,You lost -11 dollars.,70,1,8,-11,0,2
3,3,60ff85b88d97f7060fc30793,587.5,1,39,gamble_right,You won 8 dollars.,71,1,8,-12,0,1
101,3,60ff85b88d97f7060fc30793,795,1,37,gamble_left,You won 8 dollars.,72,1,8,-13,0,1
4,3,60ff85b88d97f7060fc30793,1216.9,1,37,gamble_left,You won 8 dollars.,73,1,8,-14,0,1
12,3,60ff85b88d97f7060fc30793,572,1,39,gamble_right,You won 8 dollars.,74,1,8,-15,0,1
60,3,60ff85b88d97f7060fc30793,525.8,1,39,gamble_right,You lost -16 dollars.,75,1,8,-16,0,2
55,3,60ff85b88d97f7060fc30793,561.3,1,39,gamble_right,You won 9 dollars.,76,1,9,-2.25,0,1
38,3,60ff85b88d97f7060fc30793,514.3,1,39,gamble_right,You lost -3.38 dollars.,77,1,9,-3.38,0,2
66,3,60ff85b88d97f7060fc30793,654.3,1,39,gamble_right,You lost -4.5 dollars.,78,1,9,-4.5,0,2
72,3,60ff85b88d97f7060fc30793,459.2,1,39,gamble_right,You lost -5.63 dollars.,79,1,9,-5.63,0,2
84,3,60ff85b88d97f7060fc30793,1161.5,1,39,gamble_right,You won 9 dollars.,80,1,9,-6.75,0,1
133,3,60ff85b88d97f7060fc30793,874.4,0,37,gamble_right,You received 0 dollars.,81,1,9,-7.88,0,2
75,3,60ff85b88d97f7060fc30793,653.3,1,37,gamble_left,You lost -9 dollars.,82,1,9,-9,0,2
39,3,60ff85b88d97f7060fc30793,488.9,1,39,gamble_right,You won 9 dollars.,83,1,9,-10.13,0,1
106,3,60ff85b88d97f7060fc30793,829.1,1,39,gamble_right,You won 9 dollars.,84,1,9,-11.25,0,1
116,3,60ff85b88d97f7060fc30793,534.2,1,37,gamble_left,You lost -12.38 dollars.,85,1,9,-12.38,0,2
108,3,60ff85b88d97f7060fc30793,568.9,1,39,gamble_right,You lost -13.5 dollars.,86,1,9,-13.5,0,2
35,3,60ff85b88d97f7060fc30793,644.4,1,39,gamble_right,You lost -14.63 dollars.,87,1,9,-14.63,0,2
34,3,60ff85b88d97f7060fc30793,1189.3,1,37,gamble_left,You won 9 dollars.,88,1,9,-15.75,0,1
140,3,60ff85b88d97f7060fc30793,663.2,0,39,gamble_left,You received 0 dollars.,89,1,9,-16.88,0,2
139,3,60ff85b88d97f7060fc30793,833,0,39,gamble_left,You received 0 dollars.,90,1,9,-18,0,2
51,3,60ff85b88d97f7060fc30793,NA,NA,NA,gamble_left,Trial missed.,91,1,10,-2.5,0,3
23,3,60ff85b88d97f7060fc30793,1256.4,1,37,gamble_left,You won 10 dollars.,92,1,10,-3.75,0,1
122,3,60ff85b88d97f7060fc30793,739.6,0,37,gamble_right,You received 0 dollars.,93,1,10,-5,0,2
33,3,60ff85b88d97f7060fc30793,734.9,1,37,gamble_left,You won 10 dollars.,94,1,10,-6.25,0,1
30,3,60ff85b88d97f7060fc30793,816.4,1,39,gamble_right,You lost -7.5 dollars.,95,1,10,-7.5,0,2
144,3,60ff85b88d97f7060fc30793,908.8,0,37,gamble_right,You received 0 dollars.,96,1,10,-8.75,0,2
63,3,60ff85b88d97f7060fc30793,477.5,1,37,gamble_left,You lost -10 dollars.,97,1,10,-10,0,2
138,3,60ff85b88d97f7060fc30793,760.9,0,39,gamble_left,You received 0 dollars.,98,1,10,-11.25,0,2
111,3,60ff85b88d97f7060fc30793,965.4,0,39,gamble_left,You received 0 dollars.,99,1,10,-12.5,0,2
82,3,60ff85b88d97f7060fc30793,525.8,1,37,gamble_left,You lost -13.75 dollars.,100,1,10,-13.75,0,2
128,3,60ff85b88d97f7060fc30793,1051.5,0,37,gamble_right,You received 0 dollars.,101,1,10,-15,0,2
137,3,60ff85b88d97f7060fc30793,852.5,0,39,gamble_left,You received 0 dollars.,102,1,10,-16.25,0,2
88,3,60ff85b88d97f7060fc30793,482,1,37,gamble_left,You lost -17.5 dollars.,103,1,10,-17.5,0,2
25,3,60ff85b88d97f7060fc30793,522.2,1,37,gamble_left,You won 10 dollars.,104,1,10,-18.75,0,1
146,3,60ff85b88d97f7060fc30793,963.5,0,39,gamble_left,You received 0 dollars.,105,1,10,-20,0,2
113,3,60ff85b88d97f7060fc30793,NA,NA,NA,gamble_left,Trial missed.,106,1,12,-3,0,3
8,3,60ff85b88d97f7060fc30793,781.2,1,37,gamble_left,You won 12 dollars.,107,1,12,-4.5,0,1
142,3,60ff85b88d97f7060fc30793,818.7,0,37,gamble_right,You received 0 dollars.,108,1,12,-6,0,2
124,3,60ff85b88d97f7060fc30793,948.3,0,37,gamble_right,You received 0 dollars.,109,1,12,-7.5,0,2
62,3,60ff85b88d97f7060fc30793,558.8,1,37,gamble_left,You lost -9 dollars.,110,1,12,-9,0,2
87,3,60ff85b88d97f7060fc30793,1080.7,1,39,gamble_right,You lost -10.5 dollars.,111,1,12,-10.5,0,2
10,3,60ff85b88d97f7060fc30793,799.3,1,39,gamble_right,You lost -12 dollars.,112,1,12,-12,0,2
2,3,60ff85b88d97f7060fc30793,NA,NA,NA,gamble_left,Trial missed.,113,1,12,-13.5,0,3
78,3,60ff85b88d97f7060fc30793,530.2,1,37,gamble_left,You lost -15 dollars.,114,1,12,-15,0,2
79,3,60ff85b88d97f7060fc30793,509,1,39,gamble_right,You lost -16.5 dollars.,115,1,12,-16.5,0,2
96,3,60ff85b88d97f7060fc30793,419.5,1,39,gamble_right,You won 12 dollars.,116,1,12,-18,0,1
58,3,60ff85b88d97f7060fc30793,562.1,1,39,gamble_right,You lost -19.5 dollars.,117,1,12,-19.5,0,2
85,3,60ff85b88d97f7060fc30793,590.6,1,37,gamble_left,You lost -21 dollars.,118,1,12,-21,0,2
70,3,60ff85b88d97f7060fc30793,532.1,1,39,gamble_right,You won 12 dollars.,119,1,12,-22.5,0,1
115,3,60ff85b88d97f7060fc30793,540.7,1,39,gamble_right,You won 12 dollars.,120,1,12,-24,0,1
95,3,60ff85b88d97f7060fc30793,494.9,0,39,gamble_left,You won 2 dollars.,121,2,4,0,2,1
13,3,60ff85b88d97f7060fc30793,619.9,1,39,gamble_right,You won 8 dollars.,122,2,8,0,4,1
74,3,60ff85b88d97f7060fc30793,500.9,0,39,gamble_left,You won 6 dollars.,123,2,12,0,6,1
123,3,60ff85b88d97f7060fc30793,815.4,0,39,gamble_left,You won 9 dollars.,124,2,18,0,9,1
150,3,60ff85b88d97f7060fc30793,1108.9,0,37,gamble_right,You won 12 dollars.,125,2,24,0,12,1
93,3,60ff85b88d97f7060fc30793,544.5,1,37,gamble_left,You won 5 dollars.,126,2,5,0,3,1
57,3,60ff85b88d97f7060fc30793,656.1,0,39,gamble_left,You won 4 dollars.,127,2,7,0,4,1
141,3,60ff85b88d97f7060fc30793,960.4,0,37,gamble_right,You won 6 dollars.,128,2,10,0,6,1
143,3,60ff85b88d97f7060fc30793,1295.9,0,39,gamble_left,You won 10 dollars.,129,2,17,0,10,1
149,3,60ff85b88d97f7060fc30793,932.6,0,39,gamble_left,You won 13 dollars.,130,2,22,0,13,1
102,3,60ff85b88d97f7060fc30793,481.5,1,39,gamble_right,You won 28 dollars.,131,2,28,0,13,1
19,3,60ff85b88d97f7060fc30793,969.9,1,37,gamble_left,You received 0 dollars.,132,2,5,0,2,2
131,3,60ff85b88d97f7060fc30793,957.3,0,37,gamble_right,You won 10 dollars.,133,2,26,0,10,1
24,3,60ff85b88d97f7060fc30793,518.4,0,39,gamble_left,You won 3 dollars.,134,2,7,0,3,1
32,3,60ff85b88d97f7060fc30793,488.9,1,37,gamble_left,You received 0 dollars.,135,2,13,0,5,2
110,3,60ff85b88d97f7060fc30793,969,1,39,gamble_right,You received 0 dollars.,136,2,12,0,6,2
15,3,60ff85b88d97f7060fc30793,1434.2,1,37,gamble_left,You received 0 dollars.,137,2,25,0,10,2
46,3,60ff85b88d97f7060fc30793,512.6,1,39,gamble_right,You received 0 dollars.,138,2,4,0,2,2
105,3,60ff85b88d97f7060fc30793,545.7,1,39,gamble_right,You received 0 dollars.,139,2,3,0,1,2
77,3,60ff85b88d97f7060fc30793,710.2,0,39,gamble_left,You won 9 dollars.,140,2,25,0,9,1
18,3,60ff85b88d97f7060fc30793,678.4,0,39,gamble_left,You won 6 dollars.,141,2,13,0,6,1
134,3,60ff85b88d97f7060fc30793,778,0,39,gamble_left,You won 10 dollars.,142,2,22,0,10,1
16,3,60ff85b88d97f7060fc30793,963.7,0,39,gamble_left,You won 5 dollars.,143,2,12,0,5,1
117,3,60ff85b88d97f7060fc30793,669.7,1,39,gamble_right,You received 0 dollars.,144,2,2,0,1,2
56,3,60ff85b88d97f7060fc30793,425,1,39,gamble_right,You won 8 dollars.,145,2,8,0,3,1
119,3,60ff85b88d97f7060fc30793,689.4,0,39,gamble_left,You won 8 dollars.,146,2,19,0,8,1
43,3,60ff85b88d97f7060fc30793,709.7,0,39,gamble_left,You won 12 dollars.,147,2,26,0,12,1
147,3,60ff85b88d97f7060fc30793,1040.7,0,37,gamble_right,You won 12 dollars.,148,2,30,0,12,1
120,3,60ff85b88d97f7060fc30793,753.1,0,37,gamble_right,You won 10 dollars.,149,2,23,0,10,1
27,3,60ff85b88d97f7060fc30793,507.8,1,37,gamble_left,You won 12 dollars.,150,2,12,0,4,1