trial_index,ID,subject,rt,responses,key_press,gamble_location,stimulus,Trial_ID,Trial_Type,Gain,Loss,Certain,Trial_Outcome
57,4,60fed532bbb4ed34d546fbb8,508.9,0,37,gamble_right,You received 0 dollars.,1,1,2,-0.5,0,2
126,4,60fed532bbb4ed34d546fbb8,520.8,0,39,gamble_left,You received 0 dollars.,2,1,2,-0.75,0,2
18,4,60fed532bbb4ed34d546fbb8,623.7,0,37,gamble_right,You received 0 dollars.,3,1,2,-1,0,2
2,4,60fed532bbb4ed34d546fbb8,605.3,0,37,gamble_right,You received 0 dollars.,4,1,2,-1.25,0,2
96,4,60fed532bbb4ed34d546fbb8,544.9,0,39,gamble_left,You received 0 dollars.,5,1,2,-1.5,0,2
122,4,60fed532bbb4ed34d546fbb8,467.9,0,37,gamble_right,You received 0 dollars.,6,1,2,-1.75,0,2
136,4,60fed532bbb4ed34d546fbb8,573.4,0,37,gamble_right,You received 0 dollars.,7,1,2,-2,0,2
121,4,60fed532bbb4ed34d546fbb8,513.9,0,39,gamble_left,You received 0 dollars.,8,1,2,-2.25,0,2
10,4,60fed532bbb4ed34d546fbb8,929.2,1,37,gamble_left,You lost -2.5 dollars.,9,1,2,-2.5,0,2
112,4,60fed532bbb4ed34d546fbb8,423.5,0,37,gamble_right,You received 0 dollars.,10,1,2,-2.75,0,2
77,4,60fed532bbb4ed34d546fbb8,550.5,0,37,gamble_right,You received 0 dollars.,11,1,2,-3,0,2
49,4,60fed532bbb4ed34d546fbb8,555,0,39,gamble_left,You received 0 dollars.,12,1,2,-3.25,0,2
103,4,60fed532bbb4ed34d546fbb8,510.7,0,39,gamble_left,You received 0 dollars.,13,1,2,-3.5,0,2
110,4,60fed532bbb4ed34d546fbb8,468.5,0,37,gamble_right,You received 0 dollars.,14,1,2,-3.75,0,2
24,4,60fed532bbb4ed34d546fbb8,508,0,37,gamble_right,You received 0 dollars.,15,1,2,-4,0,2
65,4,60fed532bbb4ed34d546fbb8,441.3,0,37,gamble_right,You received 0 dollars.,16,1,4,-1,0,2
149,4,60fed532bbb4ed34d546fbb8,450.1,0,37,gamble_right,You received 0 dollars.,17,1,4,-1.5,0,2
117,4,60fed532bbb4ed34d546fbb8,584.6,0,37,gamble_right,You received 0 dollars.,18,1,4,-2,0,2
115,4,60fed532bbb4ed34d546fbb8,544.8,0,39,gamble_left,You received 0 dollars.,19,1,4,-2.5,0,2
58,4,60fed532bbb4ed34d546fbb8,502.8,0,37,gamble_right,You received 0 dollars.,20,1,4,-3,0,2
35,4,60fed532bbb4ed34d546fbb8,731.7,0,39,gamble_left,You received 0 dollars.,21,1,4,-3.5,0,2
14,4,60fed532bbb4ed34d546fbb8,679.4,0,37,gamble_right,You received 0 dollars.,22,1,4,-4,0,2
43,4,60fed532bbb4ed34d546fbb8,543.4,0,37,gamble_right,You received 0 dollars.,23,1,4,-4.5,0,2
143,4,60fed532bbb4ed34d546fbb8,921.2,0,37,gamble_right,You received 0 dollars.,24,1,4,-5,0,2
102,4,60fed532bbb4ed34d546fbb8,499.4,0,37,gamble_right,You received 0 dollars.,25,1,4,-5.5,0,2
36,4,60fed532bbb4ed34d546fbb8,919.6,0,39,gamble_left,You received 0 dollars.,26,1,4,-6,0,2
95,4,60fed532bbb4ed34d546fbb8,453.8,0,37,gamble_right,You received 0 dollars.,27,1,4,-6.5,0,2
20,4,60fed532bbb4ed34d546fbb8,638.4,0,37,gamble_right,You received 0 dollars.,28,1,4,-7,0,2
107,4,60fed532bbb4ed34d546fbb8,512.4,0,39,gamble_left,You received 0 dollars.,29,1,4,-7.5,0,2
145,4,60fed532bbb4ed34d546fbb8,734.4,0,39,gamble_left,You received 0 dollars.,30,1,4,-8,0,2
138,4,60fed532bbb4ed34d546fbb8,533.2,0,37,gamble_right,You received 0 dollars.,31,1,5,-1.25,0,2
81,4,60fed532bbb4ed34d546fbb8,621.7,0,39,gamble_left,You received 0 dollars.,32,1,5,-1.88,0,2
94,4,60fed532bbb4ed34d546fbb8,536.4,0,37,gamble_right,You received 0 dollars.,33,1,5,-2.5,0,2
140,4,60fed532bbb4ed34d546fbb8,504,0,39,gamble_left,You received 0 dollars.,34,1,5,-3.13,0,2
34,4,60fed532bbb4ed34d546fbb8,670.9,0,39,gamble_left,You received 0 dollars.,35,1,5,-3.75,0,2
31,4,60fed532bbb4ed34d546fbb8,570.1,0,37,gamble_right,You received 0 dollars.,36,1,5,-4.38,0,2
6,4,60fed532bbb4ed34d546fbb8,601.7,0,37,gamble_right,You received 0 dollars.,37,1,5,-5,0,2
72,4,60fed532bbb4ed34d546fbb8,467.8,0,37,gamble_right,You received 0 dollars.,38,1,5,-5.63,0,2
79,4,60fed532bbb4ed34d546fbb8,585.1,0,37,gamble_right,You received 0 dollars.,39,1,5,-6.25,0,2
62,4,60fed532bbb4ed34d546fbb8,672.1,0,39,gamble_left,You received 0 dollars.,40,1,5,-6.88,0,2
69,4,60fed532bbb4ed34d546fbb8,494.9,0,39,gamble_left,You received 0 dollars.,41,1,5,-7.5,0,2
134,4,60fed532bbb4ed34d546fbb8,427.1,0,39,gamble_left,You received 0 dollars.,42,1,5,-8.13,0,2
32,4,60fed532bbb4ed34d546fbb8,759.8,0,39,gamble_left,You received 0 dollars.,43,1,5,-8.75,0,2
73,4,60fed532bbb4ed34d546fbb8,465.1,0,39,gamble_left,You received 0 dollars.,44,1,5,-9.38,0,2
118,4,60fed532bbb4ed34d546fbb8,498.7,0,37,gamble_right,You received 0 dollars.,45,1,5,-10,0,2
15,4,60fed532bbb4ed34d546fbb8,901.6,0,39,gamble_left,You received 0 dollars.,46,1,6,-1.5,0,2
45,4,60fed532bbb4ed34d546fbb8,521.4,0,37,gamble_right,You received 0 dollars.,47,1,6,-2.25,0,2
83,4,60fed532bbb4ed34d546fbb8,485.1,0,37,gamble_right,You received 0 dollars.,48,1,6,-3,0,2
105,4,60fed532bbb4ed34d546fbb8,550.4,0,39,gamble_left,You received 0 dollars.,49,1,6,-3.75,0,2
27,4,60fed532bbb4ed34d546fbb8,711.1,0,39,gamble_left,You received 0 dollars.,50,1,6,-4.5,0,2
141,4,60fed532bbb4ed34d546fbb8,513.8,0,37,gamble_right,You received 0 dollars.,51,1,6,-5.25,0,2
144,4,60fed532bbb4ed34d546fbb8,606.4,0,39,gamble_left,You received 0 dollars.,52,1,6,-6,0,2
56,4,60fed532bbb4ed34d546fbb8,577.4,0,37,gamble_right,You received 0 dollars.,53,1,6,-6.75,0,2
146,4,60fed532bbb4ed34d546fbb8,552.8,0,37,gamble_right,You received 0 dollars.,54,1,6,-7.5,0,2
92,4,60fed532bbb4ed34d546fbb8,504.6,0,37,gamble_right,You received 0 dollars.,55,1,6,-8.25,0,2
76,4,60fed532bbb4ed34d546fbb8,507.6,0,39,gamble_left,You received 0 dollars.,56,1,6,-9,0,2
1,4,60fed532bbb4ed34d546fbb8,975,1,39,gamble_right,You won 6 dollars.,57,1,6,-9.75,0,1
109,4,60fed532bbb4ed34d546fbb8,433.9,0,39,gamble_left,You received 0 dollars.,58,1,6,-10.5,0,2
66,4,60fed532bbb4ed34d546fbb8,589.5,0,39,gamble_left,You received 0 dollars.,59,1,6,-11.25,0,2
132,4,60fed532bbb4ed34d546fbb8,805.7,0,37,gamble_right,You received 0 dollars.,60,1,6,-12,0,2
150,4,60fed532bbb4ed34d546fbb8,482.8,0,37,gamble_right,You received 0 dollars.,61,1,8,-2,0,2
39,4,60fed532bbb4ed34d546fbb8,779.7,0,37,gamble_right,You received 0 dollars.,62,1,8,-3,0,2
8,4,60fed532bbb4ed34d546fbb8,860,0,37,gamble_right,You received 0 dollars.,63,1,8,-4,0,2
48,4,60fed532bbb4ed34d546fbb8,595.7,0,37,gamble_right,You received 0 dollars.,64,1,8,-5,0,2
75,4,60fed532bbb4ed34d546fbb8,492.5,0,39,gamble_left,You received 0 dollars.,65,1,8,-6,0,2
63,4,60fed532bbb4ed34d546fbb8,650.8,0,39,gamble_left,You received 0 dollars.,66,1,8,-7,0,2
51,4,60fed532bbb4ed34d546fbb8,878.4,0,37,gamble_right,You received 0 dollars.,67,1,8,-8,0,2
87,4,60fed532bbb4ed34d546fbb8,566.2,0,37,gamble_right,You received 0 dollars.,68,1,8,-9,0,2
23,4,60fed532bbb4ed34d546fbb8,501,0,37,gamble_right,You received 0 dollars.,69,1,8,-10,0,2
123,4,60fed532bbb4ed34d546fbb8,488.8,0,39,gamble_left,You received 0 dollars.,70,1,8,-11,0,2
119,4,60fed532bbb4ed34d546fbb8,699.2,0,37,gamble_right,You received 0 dollars.,71,1,8,-12,0,2
68,4,60fed532bbb4ed34d546fbb8,528,0,39,gamble_left,You received 0 dollars.,72,1,8,-13,0,2
44,4,60fed532bbb4ed34d546fbb8,456.8,0,37,gamble_right,You received 0 dollars.,73,1,8,-14,0,2
40,4,60fed532bbb4ed34d546fbb8,692.6,0,39,gamble_left,You received 0 dollars.,74,1,8,-15,0,2
148,4,60fed532bbb4ed34d546fbb8,584.4,0,39,gamble_left,You received 0 dollars.,75,1,8,-16,0,2
142,4,60fed532bbb4ed34d546fbb8,538.8,0,39,gamble_left,You received 0 dollars.,76,1,9,-2.25,0,2
19,4,60fed532bbb4ed34d546fbb8,708.3,0,39,gamble_left,You received 0 dollars.,77,1,9,-3.38,0,2
127,4,60fed532bbb4ed34d546fbb8,392.2,0,39,gamble_left,You received 0 dollars.,78,1,9,-4.5,0,2
33,4,60fed532bbb4ed34d546fbb8,681.2,0,39,gamble_left,You received 0 dollars.,79,1,9,-5.63,0,2
54,4,60fed532bbb4ed34d546fbb8,521.5,0,37,gamble_right,You received 0 dollars.,80,1,9,-6.75,0,2
137,4,60fed532bbb4ed34d546fbb8,454.5,0,39,gamble_left,You received 0 dollars.,81,1,9,-7.88,0,2
16,4,60fed532bbb4ed34d546fbb8,949.4,1,39,gamble_right,You lost -9 dollars.,82,1,9,-9,0,2
101,4,60fed532bbb4ed34d546fbb8,656.5,0,39,gamble_left,You received 0 dollars.,83,1,9,-10.13,0,2
93,4,60fed532bbb4ed34d546fbb8,474.5,0,37,gamble_right,You received 0 dollars.,84,1,9,-11.25,0,2
28,4,60fed532bbb4ed34d546fbb8,559.9,0,37,gamble_right,You received 0 dollars.,85,1,9,-12.38,0,2
99,4,60fed532bbb4ed34d546fbb8,500.2,0,37,gamble_right,You received 0 dollars.,86,1,9,-13.5,0,2
130,4,60fed532bbb4ed34d546fbb8,635.2,0,37,gamble_right,You received 0 dollars.,87,1,9,-14.63,0,2
129,4,60fed532bbb4ed34d546fbb8,548.5,0,39,gamble_left,You received 0 dollars.,88,1,9,-15.75,0,2
29,4,60fed532bbb4ed34d546fbb8,633.3,0,39,gamble_left,You received 0 dollars.,89,1,9,-16.88,0,2
133,4,60fed532bbb4ed34d546fbb8,503.1,0,39,gamble_left,You received 0 dollars.,90,1,9,-18,0,2
70,4,60fed532bbb4ed34d546fbb8,499.9,0,37,gamble_right,You received 0 dollars.,91,1,10,-2.5,0,2
64,4,60fed532bbb4ed34d546fbb8,535.1,0,37,gamble_right,You received 0 dollars.,92,1,10,-3.75,0,2
106,4,60fed532bbb4ed34d546fbb8,486.3,0,37,gamble_right,You received 0 dollars.,93,1,10,-5,0,2
71,4,60fed532bbb4ed34d546fbb8,498.8,0,39,gamble_left,You received 0 dollars.,94,1,10,-6.25,0,2
85,4,60fed532bbb4ed34d546fbb8,568.6,0,39,gamble_left,You received 0 dollars.,95,1,10,-7.5,0,2
5,4,60fed532bbb4ed34d546fbb8,689.1,0,37,gamble_right,You received 0 dollars.,96,1,10,-8.75,0,2
38,4,60fed532bbb4ed34d546fbb8,1121.1,1,39,gamble_right,You won 10 dollars.,97,1,10,-10,0,1
135,4,60fed532bbb4ed34d546fbb8,468.5,0,39,gamble_left,You received 0 dollars.,98,1,10,-11.25,0,2
114,4,60fed532bbb4ed34d546fbb8,625.1,0,37,gamble_right,You received 0 dollars.,99,1,10,-12.5,0,2
30,4,60fed532bbb4ed34d546fbb8,526.7,0,37,gamble_right,You received 0 dollars.,100,1,10,-13.75,0,2
22,4,60fed532bbb4ed34d546fbb8,563.8,0,37,gamble_right,You received 0 dollars.,101,1,10,-15,0,2
97,4,60fed532bbb4ed34d546fbb8,540.3,0,39,gamble_left,You received 0 dollars.,102,1,10,-16.25,0,2
60,4,60fed532bbb4ed34d546fbb8,530,0,39,gamble_left,You received 0 dollars.,103,1,10,-17.5,0,2
139,4,60fed532bbb4ed34d546fbb8,514.4,0,39,gamble_left,You received 0 dollars.,104,1,10,-18.75,0,2
9,4,60fed532bbb4ed34d546fbb8,956,0,37,gamble_right,You received 0 dollars.,105,1,10,-20,0,2
59,4,60fed532bbb4ed34d546fbb8,685.1,0,39,gamble_left,You received 0 dollars.,106,1,12,-3,0,2
108,4,60fed532bbb4ed34d546fbb8,470.5,0,39,gamble_left,You received 0 dollars.,107,1,12,-4.5,0,2
147,4,60fed532bbb4ed34d546fbb8,636.2,0,37,gamble_right,You received 0 dollars.,108,1,12,-6,0,2
17,4,60fed532bbb4ed34d546fbb8,658.5,0,37,gamble_right,You received 0 dollars.,109,1,12,-7.5,0,2
26,4,60fed532bbb4ed34d546fbb8,758.1,0,37,gamble_right,You received 0 dollars.,110,1,12,-9,0,2
98,4,60fed532bbb4ed34d546fbb8,472.9,0,37,gamble_right,You received 0 dollars.,111,1,12,-10.5,0,2
67,4,60fed532bbb4ed34d546fbb8,479.9,0,37,gamble_right,You received 0 dollars.,112,1,12,-12,0,2
91,4,60fed532bbb4ed34d546fbb8,634.8,0,39,gamble_left,You received 0 dollars.,113,1,12,-13.5,0,2
124,4,60fed532bbb4ed34d546fbb8,471.8,0,39,gamble_left,You received 0 dollars.,114,1,12,-15,0,2
120,4,60fed532bbb4ed34d546fbb8,680.2,0,39,gamble_left,You received 0 dollars.,115,1,12,-16.5,0,2
125,4,60fed532bbb4ed34d546fbb8,442.9,0,39,gamble_left,You received 0 dollars.,116,1,12,-18,0,2
11,4,60fed532bbb4ed34d546fbb8,694.8,0,39,gamble_left,You received 0 dollars.,117,1,12,-19.5,0,2
84,4,60fed532bbb4ed34d546fbb8,568.4,0,37,gamble_right,You received 0 dollars.,118,1,12,-21,0,2
128,4,60fed532bbb4ed34d546fbb8,420.5,0,37,gamble_right,You received 0 dollars.,119,1,12,-22.5,0,2
111,4,60fed532bbb4ed34d546fbb8,421.1,0,39,gamble_left,You received 0 dollars.,120,1,12,-24,0,2
55,4,60fed532bbb4ed34d546fbb8,560.3,1,37,gamble_left,You received 0 dollars.,121,2,4,0,2,2
61,4,60fed532bbb4ed34d546fbb8,676.4,1,37,gamble_left,You won 8 dollars.,122,2,8,0,4,1
7,4,60fed532bbb4ed34d546fbb8,1012.2,0,37,gamble_right,You won 6 dollars.,123,2,12,0,6,1
113,4,60fed532bbb4ed34d546fbb8,562,0,37,gamble_right,You won 9 dollars.,124,2,18,0,9,1
42,4,60fed532bbb4ed34d546fbb8,674.9,1,37,gamble_left,You won 24 dollars.,125,2,24,0,12,1
116,4,60fed532bbb4ed34d546fbb8,497.1,0,37,gamble_right,You won 3 dollars.,126,2,5,0,3,1
53,4,60fed532bbb4ed34d546fbb8,786.4,1,37,gamble_left,You won 7 dollars.,127,2,7,0,4,1
104,4,60fed532bbb4ed34d546fbb8,767.7,0,37,gamble_right,You won 6 dollars.,128,2,10,0,6,1
89,4,60fed532bbb4ed34d546fbb8,1011.9,0,37,gamble_right,You won 10 dollars.,129,2,17,0,10,1
4,4,60fed532bbb4ed34d546fbb8,727,0,39,gamble_left,You won 13 dollars.,130,2,22,0,13,1
13,4,60fed532bbb4ed34d546fbb8,703.2,0,37,gamble_right,You won 13 dollars.,131,2,28,0,13,1
82,4,60fed532bbb4ed34d546fbb8,522.8,0,37,gamble_right,You won 2 dollars.,132,2,5,0,2,1
90,4,60fed532bbb4ed34d546fbb8,624.4,0,37,gamble_right,You won 10 dollars.,133,2,26,0,10,1
86,4,60fed532bbb4ed34d546fbb8,735.7,0,37,gamble_right,You won 3 dollars.,134,2,7,0,3,1
21,4,60fed532bbb4ed34d546fbb8,543.5,0,37,gamble_right,You won 5 dollars.,135,2,13,0,5,1
74,4,60fed532bbb4ed34d546fbb8,529.3,0,37,gamble_right,You won 6 dollars.,136,2,12,0,6,1
88,4,60fed532bbb4ed34d546fbb8,544.3,1,37,gamble_left,You won 25 dollars.,137,2,25,0,10,1
46,4,60fed532bbb4ed34d546fbb8,805.9,1,37,gamble_left,You won 4 dollars.,138,2,4,0,2,1
47,4,60fed532bbb4ed34d546fbb8,620.2,1,37,gamble_left,You received 0 dollars.,139,2,3,0,1,2
131,4,60fed532bbb4ed34d546fbb8,805.9,1,39,gamble_right,You received 0 dollars.,140,2,25,0,9,2
78,4,60fed532bbb4ed34d546fbb8,701.4,1,37,gamble_left,You won 13 dollars.,141,2,13,0,6,1
52,4,60fed532bbb4ed34d546fbb8,811.3,0,37,gamble_right,You won 10 dollars.,142,2,22,0,10,1
3,4,60fed532bbb4ed34d546fbb8,823.5,0,39,gamble_left,You won 5 dollars.,143,2,12,0,5,1
50,4,60fed532bbb4ed34d546fbb8,583.4,1,37,gamble_left,You received 0 dollars.,144,2,2,0,1,2
100,4,60fed532bbb4ed34d546fbb8,641,1,37,gamble_left,You received 0 dollars.,145,2,8,0,3,2
37,4,60fed532bbb4ed34d546fbb8,792.5,0,37,gamble_right,You won 8 dollars.,146,2,19,0,8,1
41,4,60fed532bbb4ed34d546fbb8,811.9,0,37,gamble_right,You won 12 dollars.,147,2,26,0,12,1
12,4,60fed532bbb4ed34d546fbb8,1002.1,1,37,gamble_left,You received 0 dollars.,148,2,30,0,12,2
80,4,60fed532bbb4ed34d546fbb8,531.6,1,37,gamble_left,You won 23 dollars.,149,2,23,0,10,1
25,4,60fed532bbb4ed34d546fbb8,807.2,0,37,gamble_right,You won 4 dollars.,150,2,12,0,4,1