trial_index,ID,subject,rt,responses,key_press,gamble_location,stimulus,Trial_ID,Trial_Type,Gain,Loss,Certain,Trial_Outcome
51,5,60fceaf8ac356154793adc13,1347.9,1,37,gamble_left,You lost -0.5 dollars.,1,1,2,-0.5,0,2
32,5,60fceaf8ac356154793adc13,1142.2,1,39,gamble_right,You lost -0.75 dollars.,2,1,2,-0.75,0,2
149,5,60fceaf8ac356154793adc13,974.4,1,39,gamble_right,You won 2 dollars.,3,1,2,-1,0,1
119,5,60fceaf8ac356154793adc13,866.8,1,39,gamble_right,You lost -1.25 dollars.,4,1,2,-1.25,0,2
118,5,60fceaf8ac356154793adc13,1015.5,1,39,gamble_right,You lost -1.5 dollars.,5,1,2,-1.5,0,2
44,5,60fceaf8ac356154793adc13,748.9,1,39,gamble_right,You won 2 dollars.,6,1,2,-1.75,0,1
127,5,60fceaf8ac356154793adc13,879.9,1,37,gamble_left,You won 2 dollars.,7,1,2,-2,0,1
34,5,60fceaf8ac356154793adc13,825.3,1,37,gamble_left,You lost -2.25 dollars.,8,1,2,-2.25,0,2
66,5,60fceaf8ac356154793adc13,745.7,1,39,gamble_right,You won 2 dollars.,9,1,2,-2.5,0,1
134,5,60fceaf8ac356154793adc13,623.4,1,39,gamble_right,You lost -2.75 dollars.,10,1,2,-2.75,0,2
147,5,60fceaf8ac356154793adc13,845.3,1,37,gamble_left,You lost -3 dollars.,11,1,2,-3,0,2
11,5,60fceaf8ac356154793adc13,733.1,1,39,gamble_right,You won 2 dollars.,12,1,2,-3.25,0,1
53,5,60fceaf8ac356154793adc13,553,1,37,gamble_left,You won 2 dollars.,13,1,2,-3.5,0,1
65,5,60fceaf8ac356154793adc13,467.2,1,39,gamble_right,You lost -3.75 dollars.,14,1,2,-3.75,0,2
142,5,60fceaf8ac356154793adc13,668.3,1,39,gamble_right,You lost -4 dollars.,15,1,2,-4,0,2
112,5,60fceaf8ac356154793adc13,1410.3,1,37,gamble_left,You lost -1 dollars.,16,1,4,-1,0,2
117,5,60fceaf8ac356154793adc13,1138.3,1,37,gamble_left,You won 4 dollars.,17,1,4,-1.5,0,1
27,5,60fceaf8ac356154793adc13,1177.8,1,37,gamble_left,You lost -2 dollars.,18,1,4,-2,0,2
135,5,60fceaf8ac356154793adc13,958.4,1,37,gamble_left,You lost -2.5 dollars.,19,1,4,-2.5,0,2
6,5,60fceaf8ac356154793adc13,844.7,1,39,gamble_right,You lost -3 dollars.,20,1,4,-3,0,2
39,5,60fceaf8ac356154793adc13,1150.8,0,39,gamble_left,You received 0 dollars.,21,1,4,-3.5,0,2
49,5,60fceaf8ac356154793adc13,354,1,39,gamble_right,You lost -4 dollars.,22,1,4,-4,0,2
54,5,60fceaf8ac356154793adc13,431.7,1,37,gamble_left,You won 4 dollars.,23,1,4,-4.5,0,1
100,5,60fceaf8ac356154793adc13,306.8,0,39,gamble_left,You received 0 dollars.,24,1,4,-5,0,2
36,5,60fceaf8ac356154793adc13,919.6,1,39,gamble_right,You won 4 dollars.,25,1,4,-5.5,0,1
126,5,60fceaf8ac356154793adc13,410,1,39,gamble_right,You lost -6 dollars.,26,1,4,-6,0,2
43,5,60fceaf8ac356154793adc13,575.8,1,37,gamble_left,You won 4 dollars.,27,1,4,-6.5,0,1
42,5,60fceaf8ac356154793adc13,657.9,1,37,gamble_left,You won 4 dollars.,28,1,4,-7,0,1
144,5,60fceaf8ac356154793adc13,719.2,1,37,gamble_left,You won 4 dollars.,29,1,4,-7.5,0,1
104,5,60fceaf8ac356154793adc13,370.3,1,37,gamble_left,You won 4 dollars.,30,1,4,-8,0,1
103,5,60fceaf8ac356154793adc13,586.5,1,39,gamble_right,You won 5 dollars.,31,1,5,-1.25,0,1
38,5,60fceaf8ac356154793adc13,315.3,1,39,gamble_right,You lost -1.88 dollars.,32,1,5,-1.88,0,2
7,5,60fceaf8ac356154793adc13,1326.2,1,39,gamble_right,You won 5 dollars.,33,1,5,-2.5,0,1
85,5,60fceaf8ac356154793adc13,955,1,39,gamble_right,You won 5 dollars.,34,1,5,-3.13,0,1
45,5,60fceaf8ac356154793adc13,643.5,1,39,gamble_right,You lost -3.75 dollars.,35,1,5,-3.75,0,2
4,5,60fceaf8ac356154793adc13,562.1,1,37,gamble_left,You lost -4.38 dollars.,36,1,5,-4.38,0,2
143,5,60fceaf8ac356154793adc13,597.8,1,39,gamble_right,You lost -5 dollars.,37,1,5,-5,0,2
35,5,60fceaf8ac356154793adc13,516.9,1,39,gamble_right,You lost -5.63 dollars.,38,1,5,-5.63,0,2
114,5,60fceaf8ac356154793adc13,1402.7,1,39,gamble_right,You lost -6.25 dollars.,39,1,5,-6.25,0,2
86,5,60fceaf8ac356154793adc13,903,1,37,gamble_left,You won 5 dollars.,40,1,5,-6.88,0,1
107,5,60fceaf8ac356154793adc13,918.3,1,37,gamble_left,You lost -7.5 dollars.,41,1,5,-7.5,0,2
41,5,60fceaf8ac356154793adc13,273.8,0,39,gamble_left,You received 0 dollars.,42,1,5,-8.13,0,2
33,5,60fceaf8ac356154793adc13,687.6,1,39,gamble_right,You won 5 dollars.,43,1,5,-8.75,0,1
88,5,60fceaf8ac356154793adc13,1385.9,1,39,gamble_right,You won 5 dollars.,44,1,5,-9.38,0,1
78,5,60fceaf8ac356154793adc13,680.7,1,37,gamble_left,You lost -10 dollars.,45,1,5,-10,0,2
140,5,60fceaf8ac356154793adc13,914.1,1,37,gamble_left,You lost -1.5 dollars.,46,1,6,-1.5,0,2
80,5,60fceaf8ac356154793adc13,902.3,1,39,gamble_right,You lost -2.25 dollars.,47,1,6,-2.25,0,2
64,5,60fceaf8ac356154793adc13,1033.6,1,37,gamble_left,You won 6 dollars.,48,1,6,-3,0,1
133,5,60fceaf8ac356154793adc13,579.5,1,37,gamble_left,You lost -3.75 dollars.,49,1,6,-3.75,0,2
131,5,60fceaf8ac356154793adc13,523.1,1,39,gamble_right,You won 6 dollars.,50,1,6,-4.5,0,1
22,5,60fceaf8ac356154793adc13,1768.9,1,37,gamble_left,You won 6 dollars.,51,1,6,-5.25,0,1
24,5,60fceaf8ac356154793adc13,1014.4,1,39,gamble_right,You won 6 dollars.,52,1,6,-6,0,1
148,5,60fceaf8ac356154793adc13,790.7,1,39,gamble_right,You lost -6.75 dollars.,53,1,6,-6.75,0,2
95,5,60fceaf8ac356154793adc13,855.2,1,37,gamble_left,You won 6 dollars.,54,1,6,-7.5,0,1
97,5,60fceaf8ac356154793adc13,837.7,1,39,gamble_right,You lost -8.25 dollars.,55,1,6,-8.25,0,2
68,5,60fceaf8ac356154793adc13,564.2,1,39,gamble_right,You lost -9 dollars.,56,1,6,-9,0,2
52,5,60fceaf8ac356154793adc13,556.4,1,37,gamble_left,You won 6 dollars.,57,1,6,-9.75,0,1
20,5,60fceaf8ac356154793adc13,1230.9,1,39,gamble_right,You won 6 dollars.,58,1,6,-10.5,0,1
21,5,60fceaf8ac356154793adc13,NA,NA,NA,gamble_left,Trial missed.,59,1,6,-11.25,0,3
14,5,60fceaf8ac356154793adc13,1027.5,0,39,gamble_left,You received 0 dollars.,60,1,6,-12,0,2
136,5,60fceaf8ac356154793adc13,891.2,1,37,gamble_left,You lost -2 dollars.,61,1,8,-2,0,2
76,5,60fceaf8ac356154793adc13,713.3,1,37,gamble_left,You won 8 dollars.,62,1,8,-3,0,1
13,5,60fceaf8ac356154793adc13,1262.6,1,39,gamble_right,You lost -4 dollars.,63,1,8,-4,0,2
101,5,60fceaf8ac356154793adc13,1380,1,37,gamble_left,You lost -5 dollars.,64,1,8,-5,0,2
46,5,60fceaf8ac356154793adc13,675.3,1,37,gamble_left,You won 8 dollars.,65,1,8,-6,0,1
116,5,60fceaf8ac356154793adc13,1224.6,0,37,gamble_right,You received 0 dollars.,66,1,8,-7,0,2
47,5,60fceaf8ac356154793adc13,597.4,1,39,gamble_right,You won 8 dollars.,67,1,8,-8,0,1
83,5,60fceaf8ac356154793adc13,1091.2,1,39,gamble_right,You won 8 dollars.,68,1,8,-9,0,1
67,5,60fceaf8ac356154793adc13,800.8,1,37,gamble_left,You lost -10 dollars.,69,1,8,-10,0,2
12,5,60fceaf8ac356154793adc13,1285.4,1,37,gamble_left,You won 8 dollars.,70,1,8,-11,0,1
26,5,60fceaf8ac356154793adc13,1734.3,1,39,gamble_right,You lost -12 dollars.,71,1,8,-12,0,2
40,5,60fceaf8ac356154793adc13,327.2,0,37,gamble_right,You received 0 dollars.,72,1,8,-13,0,2
109,5,60fceaf8ac356154793adc13,762.8,0,37,gamble_right,You received 0 dollars.,73,1,8,-14,0,2
75,5,60fceaf8ac356154793adc13,545.4,1,39,gamble_right,You won 8 dollars.,74,1,8,-15,0,1
99,5,60fceaf8ac356154793adc13,894.9,1,37,gamble_left,You lost -16 dollars.,75,1,8,-16,0,2
84,5,60fceaf8ac356154793adc13,959.3,1,39,gamble_right,You lost -2.25 dollars.,76,1,9,-2.25,0,2
92,5,60fceaf8ac356154793adc13,802.3,1,39,gamble_right,You won 9 dollars.,77,1,9,-3.38,0,1
8,5,60fceaf8ac356154793adc13,1126,1,37,gamble_left,You won 9 dollars.,78,1,9,-4.5,0,1
122,5,60fceaf8ac356154793adc13,594.5,1,39,gamble_right,You lost -5.63 dollars.,79,1,9,-5.63,0,2
96,5,60fceaf8ac356154793adc13,640,1,37,gamble_left,You lost -6.75 dollars.,80,1,9,-6.75,0,2
37,5,60fceaf8ac356154793adc13,924.3,1,37,gamble_left,You lost -7.88 dollars.,81,1,9,-7.88,0,2
132,5,60fceaf8ac356154793adc13,1045.5,1,37,gamble_left,You won 9 dollars.,82,1,9,-9,0,1
25,5,60fceaf8ac356154793adc13,1365.3,1,37,gamble_left,You won 9 dollars.,83,1,9,-10.13,0,1
50,5,60fceaf8ac356154793adc13,621.2,1,37,gamble_left,You lost -11.25 dollars.,84,1,9,-11.25,0,2
128,5,60fceaf8ac356154793adc13,843.4,1,37,gamble_left,You lost -12.38 dollars.,85,1,9,-12.38,0,2
31,5,60fceaf8ac356154793adc13,938.2,1,37,gamble_left,You lost -13.5 dollars.,86,1,9,-13.5,0,2
98,5,60fceaf8ac356154793adc13,1229.5,1,37,gamble_left,You lost -14.63 dollars.,87,1,9,-14.63,0,2
9,5,60fceaf8ac356154793adc13,1058.5,1,37,gamble_left,You won 9 dollars.,88,1,9,-15.75,0,1
56,5,60fceaf8ac356154793adc13,664.7,1,37,gamble_left,You lost -16.88 dollars.,89,1,9,-16.88,0,2
111,5,60fceaf8ac356154793adc13,545.6,1,37,gamble_left,You won 9 dollars.,90,1,9,-18,0,1
74,5,60fceaf8ac356154793adc13,1067.8,1,37,gamble_left,You won 10 dollars.,91,1,10,-2.5,0,1
48,5,60fceaf8ac356154793adc13,637.8,1,37,gamble_left,You won 10 dollars.,92,1,10,-3.75,0,1
120,5,60fceaf8ac356154793adc13,600.5,1,37,gamble_left,You lost -5 dollars.,93,1,10,-5,0,2
55,5,60fceaf8ac356154793adc13,742.7,1,39,gamble_right,You lost -6.25 dollars.,94,1,10,-6.25,0,2
30,5,60fceaf8ac356154793adc13,NA,NA,NA,gamble_left,Trial missed.,95,1,10,-7.5,0,3
108,5,60fceaf8ac356154793adc13,541.7,1,39,gamble_right,You lost -8.75 dollars.,96,1,10,-8.75,0,2
19,5,60fceaf8ac356154793adc13,1573.8,1,39,gamble_right,You lost -10 dollars.,97,1,10,-10,0,2
124,5,60fceaf8ac356154793adc13,567.9,1,37,gamble_left,You won 10 dollars.,98,1,10,-11.25,0,1
125,5,60fceaf8ac356154793adc13,632.1,1,39,gamble_right,You won 10 dollars.,99,1,10,-12.5,0,1
3,5,60fceaf8ac356154793adc13,890.5,0,39,gamble_left,You received 0 dollars.,100,1,10,-13.75,0,2
121,5,60fceaf8ac356154793adc13,556.2,1,39,gamble_right,You lost -15 dollars.,101,1,10,-15,0,2
82,5,60fceaf8ac356154793adc13,590.2,1,37,gamble_left,You won 10 dollars.,102,1,10,-16.25,0,1
69,5,60fceaf8ac356154793adc13,621.1,1,37,gamble_left,You lost -17.5 dollars.,103,1,10,-17.5,0,2
70,5,60fceaf8ac356154793adc13,583.8,1,39,gamble_right,You won 10 dollars.,104,1,10,-18.75,0,1
23,5,60fceaf8ac356154793adc13,1497.6,1,37,gamble_left,You won 10 dollars.,105,1,10,-20,0,1
105,5,60fceaf8ac356154793adc13,710.9,1,37,gamble_left,You won 12 dollars.,106,1,12,-3,0,1
123,5,60fceaf8ac356154793adc13,18.1,1,39,gamble_right,You lost -4.5 dollars.,107,1,12,-4.5,0,2
93,5,60fceaf8ac356154793adc13,667,1,39,gamble_right,You lost -6 dollars.,108,1,12,-6,0,2
138,5,60fceaf8ac356154793adc13,893.5,1,39,gamble_right,You won 12 dollars.,109,1,12,-7.5,0,1
106,5,60fceaf8ac356154793adc13,948.4,1,37,gamble_left,You won 12 dollars.,110,1,12,-9,0,1
115,5,60fceaf8ac356154793adc13,778.5,1,39,gamble_right,You lost -10.5 dollars.,111,1,12,-10.5,0,2
28,5,60fceaf8ac356154793adc13,590.9,1,39,gamble_right,You lost -12 dollars.,112,1,12,-12,0,2
10,5,60fceaf8ac356154793adc13,1533.6,1,37,gamble_left,You lost -13.5 dollars.,113,1,12,-13.5,0,2
129,5,60fceaf8ac356154793adc13,758.7,1,37,gamble_left,You won 12 dollars.,114,1,12,-15,0,1
62,5,60fceaf8ac356154793adc13,713,1,39,gamble_right,You lost -16.5 dollars.,115,1,12,-16.5,0,2
89,5,60fceaf8ac356154793adc13,836.7,1,39,gamble_right,You lost -18 dollars.,116,1,12,-18,0,2
2,5,60fceaf8ac356154793adc13,1059.7,1,37,gamble_left,You lost -19.5 dollars.,117,1,12,-19.5,0,2
90,5,60fceaf8ac356154793adc13,1090.1,1,39,gamble_right,You won 12 dollars.,118,1,12,-21,0,1
71,5,60fceaf8ac356154793adc13,1000.8,1,39,gamble_right,You won 12 dollars.,119,1,12,-22.5,0,1
73,5,60fceaf8ac356154793adc13,620,1,37,gamble_left,You won 12 dollars.,120,1,12,-24,0,1
15,5,60fceaf8ac356154793adc13,1603.8,1,37,gamble_left,You received 0 dollars.,121,2,4,0,2,2
139,5,60fceaf8ac356154793adc13,993.1,1,37,gamble_left,You won 8 dollars.,122,2,8,0,4,1
61,5,60fceaf8ac356154793adc13,694.3,0,39,gamble_left,You won 6 dollars.,123,2,12,0,6,1
79,5,60fceaf8ac356154793adc13,529.2,1,39,gamble_right,You won 18 dollars.,124,2,18,0,9,1
145,5,60fceaf8ac356154793adc13,1112,1,37,gamble_left,You received 0 dollars.,125,2,24,0,12,2
16,5,60fceaf8ac356154793adc13,1608.6,1,37,gamble_left,You won 5 dollars.,126,2,5,0,3,1
110,5,60fceaf8ac356154793adc13,487.1,0,39,gamble_left,You won 4 dollars.,127,2,7,0,4,1
60,5,60fceaf8ac356154793adc13,1284,1,37,gamble_left,You received 0 dollars.,128,2,10,0,6,2
58,5,60fceaf8ac356154793adc13,986.6,1,37,gamble_left,You won 17 dollars.,129,2,17,0,10,1
141,5,60fceaf8ac356154793adc13,1292.9,0,39,gamble_left,You won 13 dollars.,130,2,22,0,13,1
59,5,60fceaf8ac356154793adc13,1458.8,1,39,gamble_right,You received 0 dollars.,131,2,28,0,13,2
130,5,60fceaf8ac356154793adc13,906.4,1,37,gamble_left,You received 0 dollars.,132,2,5,0,2,2
29,5,60fceaf8ac356154793adc13,1370.8,1,39,gamble_right,You won 26 dollars.,133,2,26,0,10,1
81,5,60fceaf8ac356154793adc13,1003.8,1,39,gamble_right,You received 0 dollars.,134,2,7,0,3,2
146,5,60fceaf8ac356154793adc13,304.9,1,39,gamble_right,You received 0 dollars.,135,2,13,0,5,2
57,5,60fceaf8ac356154793adc13,NA,NA,NA,gamble_right,Trial missed.,136,2,12,0,6,3
87,5,60fceaf8ac356154793adc13,1250.8,1,39,gamble_right,You won 25 dollars.,137,2,25,0,10,1
77,5,60fceaf8ac356154793adc13,652.4,1,39,gamble_right,You received 0 dollars.,138,2,4,0,2,2
72,5,60fceaf8ac356154793adc13,747.8,1,39,gamble_right,You won 3 dollars.,139,2,3,0,1,1
18,5,60fceaf8ac356154793adc13,757.2,1,39,gamble_right,You received 0 dollars.,140,2,25,0,9,2
150,5,60fceaf8ac356154793adc13,1095.3,0,39,gamble_left,You won 6 dollars.,141,2,13,0,6,1
17,5,60fceaf8ac356154793adc13,641,1,39,gamble_right,You received 0 dollars.,142,2,22,0,10,2
94,5,60fceaf8ac356154793adc13,627.7,1,37,gamble_left,You won 12 dollars.,143,2,12,0,5,1
1,5,60fceaf8ac356154793adc13,1572.4,1,37,gamble_left,You received 0 dollars.,144,2,2,0,1,2
91,5,60fceaf8ac356154793adc13,1193.7,1,37,gamble_left,You won 8 dollars.,145,2,8,0,3,1
137,5,60fceaf8ac356154793adc13,611.8,1,39,gamble_right,You won 19 dollars.,146,2,19,0,8,1
113,5,60fceaf8ac356154793adc13,710.3,1,37,gamble_left,You received 0 dollars.,147,2,26,0,12,2
63,5,60fceaf8ac356154793adc13,517.2,1,39,gamble_right,You won 30 dollars.,148,2,30,0,12,1
102,5,60fceaf8ac356154793adc13,NA,NA,NA,gamble_left,Trial missed.,149,2,23,0,10,3
5,5,60fceaf8ac356154793adc13,834.3,1,37,gamble_left,You won 12 dollars.,150,2,12,0,4,1