trial_index,ID,subject,rt,responses,key_press,gamble_location,stimulus,Trial_ID,Trial_Type,Gain,Loss,Certain,Trial_Outcome
110,6,60fd8ef5b220239c8916ded8,778.6,1,37,gamble_left,You won 2 dollars.,1,1,2,-0.5,0,1
68,6,60fd8ef5b220239c8916ded8,1234.3,1,37,gamble_left,You won 2 dollars.,2,1,2,-0.75,0,1
108,6,60fd8ef5b220239c8916ded8,930.8,1,39,gamble_right,You won 2 dollars.,3,1,2,-1,0,1
59,6,60fd8ef5b220239c8916ded8,1115.8,0,37,gamble_right,You received 0 dollars.,4,1,2,-1.25,0,2
148,6,60fd8ef5b220239c8916ded8,1016.8,0,39,gamble_left,You received 0 dollars.,5,1,2,-1.5,0,2
75,6,60fd8ef5b220239c8916ded8,1367.9,1,39,gamble_right,You lost -1.75 dollars.,6,1,2,-1.75,0,2
36,6,60fd8ef5b220239c8916ded8,1052.7,1,39,gamble_right,You lost -2 dollars.,7,1,2,-2,0,2
84,6,60fd8ef5b220239c8916ded8,1128.1,0,39,gamble_left,You received 0 dollars.,8,1,2,-2.25,0,2
63,6,60fd8ef5b220239c8916ded8,1081.6,0,39,gamble_left,You received 0 dollars.,9,1,2,-2.5,0,2
92,6,60fd8ef5b220239c8916ded8,1029.2,0,39,gamble_left,You received 0 dollars.,10,1,2,-2.75,0,2
86,6,60fd8ef5b220239c8916ded8,780.3,0,37,gamble_right,You received 0 dollars.,11,1,2,-3,0,2
35,6,60fd8ef5b220239c8916ded8,1191.4,0,39,gamble_left,You received 0 dollars.,12,1,2,-3.25,0,2
40,6,60fd8ef5b220239c8916ded8,648.6,0,37,gamble_right,You received 0 dollars.,13,1,2,-3.5,0,2
42,6,60fd8ef5b220239c8916ded8,1471.5,0,37,gamble_right,You received 0 dollars.,14,1,2,-3.75,0,2
66,6,60fd8ef5b220239c8916ded8,913.3,0,37,gamble_right,You received 0 dollars.,15,1,2,-4,0,2
23,6,60fd8ef5b220239c8916ded8,1398.8,1,37,gamble_left,You won 4 dollars.,16,1,4,-1,0,1
117,6,60fd8ef5b220239c8916ded8,1231.1,1,37,gamble_left,You lost -1.5 dollars.,17,1,4,-1.5,0,2
47,6,60fd8ef5b220239c8916ded8,1760.9,1,37,gamble_left,You won 4 dollars.,18,1,4,-2,0,1
131,6,60fd8ef5b220239c8916ded8,810.8,0,39,gamble_left,You received 0 dollars.,19,1,4,-2.5,0,2
81,6,60fd8ef5b220239c8916ded8,848.4,1,39,gamble_right,You lost -3 dollars.,20,1,4,-3,0,2
89,6,60fd8ef5b220239c8916ded8,947.2,0,37,gamble_right,You received 0 dollars.,21,1,4,-3.5,0,2
97,6,60fd8ef5b220239c8916ded8,1072.8,0,39,gamble_left,You received 0 dollars.,22,1,4,-4,0,2
134,6,60fd8ef5b220239c8916ded8,990.4,1,39,gamble_right,You lost -4.5 dollars.,23,1,4,-4.5,0,2
21,6,60fd8ef5b220239c8916ded8,1399.3,1,39,gamble_right,You lost -5 dollars.,24,1,4,-5,0,2
1,6,60fd8ef5b220239c8916ded8,1606.8,1,39,gamble_right,You won 4 dollars.,25,1,4,-5.5,0,1
14,6,60fd8ef5b220239c8916ded8,1553.3,0,39,gamble_left,You received 0 dollars.,26,1,4,-6,0,2
95,6,60fd8ef5b220239c8916ded8,983.9,0,39,gamble_left,You received 0 dollars.,27,1,4,-6.5,0,2
91,6,60fd8ef5b220239c8916ded8,633.1,0,37,gamble_right,You received 0 dollars.,28,1,4,-7,0,2
43,6,60fd8ef5b220239c8916ded8,1262.7,0,39,gamble_left,You received 0 dollars.,29,1,4,-7.5,0,2
11,6,60fd8ef5b220239c8916ded8,582.6,0,39,gamble_left,You received 0 dollars.,30,1,4,-8,0,2
58,6,60fd8ef5b220239c8916ded8,868.0,1,37,gamble_left,You won 5 dollars.,31,1,5,-1.25,0,1
111,6,60fd8ef5b220239c8916ded8,975.3,1,37,gamble_left,You lost -1.88 dollars.,32,1,5,-1.88,0,2
4,6,60fd8ef5b220239c8916ded8,669.9,0,39,gamble_left,You received 0 dollars.,33,1,5,-2.5,0,2
50,6,60fd8ef5b220239c8916ded8,908.2,1,37,gamble_left,You lost -3.13 dollars.,34,1,5,-3.13,0,2
96,6,60fd8ef5b220239c8916ded8,894.6,0,39,gamble_left,You received 0 dollars.,35,1,5,-3.75,0,2
9,6,60fd8ef5b220239c8916ded8,814.2,1,37,gamble_left,You won 5 dollars.,36,1,5,-4.38,0,1
107,6,60fd8ef5b220239c8916ded8,1005.7,0,39,gamble_left,You received 0 dollars.,37,1,5,-5,0,2
101,6,60fd8ef5b220239c8916ded8,1291.9,1,37,gamble_left,You won 5 dollars.,38,1,5,-5.63,0,1
18,6,60fd8ef5b220239c8916ded8,785.4,0,37,gamble_right,You received 0 dollars.,39,1,5,-6.25,0,2
38,6,60fd8ef5b220239c8916ded8,851.3,0,39,gamble_left,You received 0 dollars.,40,1,5,-6.88,0,2
33,6,60fd8ef5b220239c8916ded8,992.7,1,39,gamble_right,You won 5 dollars.,41,1,5,-7.5,0,1
140,6,60fd8ef5b220239c8916ded8,1039.3,0,39,gamble_left,You received 0 dollars.,42,1,5,-8.13,0,2
109,6,60fd8ef5b220239c8916ded8,1022.1,0,39,gamble_left,You received 0 dollars.,43,1,5,-8.75,0,2
31,6,60fd8ef5b220239c8916ded8,1343.9,0,39,gamble_left,You received 0 dollars.,44,1,5,-9.38,0,2
142,6,60fd8ef5b220239c8916ded8,914.0,0,37,gamble_right,You received 0 dollars.,45,1,5,-10,0,2
114,6,60fd8ef5b220239c8916ded8,1104.3,1,39,gamble_right,You won 6 dollars.,46,1,6,-1.5,0,1
70,6,60fd8ef5b220239c8916ded8,1124.7,1,37,gamble_left,You lost -2.25 dollars.,47,1,6,-2.25,0,2
138,6,60fd8ef5b220239c8916ded8,1104.9,1,39,gamble_right,You won 6 dollars.,48,1,6,-3,0,1
22,6,60fd8ef5b220239c8916ded8,1038.0,1,39,gamble_right,You lost -3.75 dollars.,49,1,6,-3.75,0,2
17,6,60fd8ef5b220239c8916ded8,1172.8,1,39,gamble_right,You won 6 dollars.,50,1,6,-4.5,0,1
5,6,60fd8ef5b220239c8916ded8,904.0,1,39,gamble_right,You lost -5.25 dollars.,51,1,6,-5.25,0,2
83,6,60fd8ef5b220239c8916ded8,961.2,0,39,gamble_left,You received 0 dollars.,52,1,6,-6,0,2
65,6,60fd8ef5b220239c8916ded8,1347.9,1,39,gamble_right,You won 6 dollars.,53,1,6,-6.75,0,1
7,6,60fd8ef5b220239c8916ded8,1059.3,1,39,gamble_right,You won 6 dollars.,54,1,6,-7.5,0,1
146,6,60fd8ef5b220239c8916ded8,1037.0,0,39,gamble_left,You received 0 dollars.,55,1,6,-8.25,0,2
99,6,60fd8ef5b220239c8916ded8,1569.8,0,37,gamble_right,You received 0 dollars.,56,1,6,-9,0,2
118,6,60fd8ef5b220239c8916ded8,915.5,0,39,gamble_left,You received 0 dollars.,57,1,6,-9.75,0,2
57,6,60fd8ef5b220239c8916ded8,1087.3,0,39,gamble_left,You received 0 dollars.,58,1,6,-10.5,0,2
29,6,60fd8ef5b220239c8916ded8,1479.6,1,39,gamble_right,You won 6 dollars.,59,1,6,-11.25,0,1
2,6,60fd8ef5b220239c8916ded8,862.0,1,39,gamble_right,You lost -12 dollars.,60,1,6,-12,0,2
27,6,60fd8ef5b220239c8916ded8,1116.7,1,37,gamble_left,You lost -2 dollars.,61,1,8,-2,0,2
62,6,60fd8ef5b220239c8916ded8,891.8,0,37,gamble_right,You received 0 dollars.,62,1,8,-3,0,2
55,6,60fd8ef5b220239c8916ded8,759.3,0,37,gamble_right,You received 0 dollars.,63,1,8,-4,0,2
13,6,60fd8ef5b220239c8916ded8,831.4,1,39,gamble_right,You won 8 dollars.,64,1,8,-5,0,1
93,6,60fd8ef5b220239c8916ded8,1279.1,0,39,gamble_left,You received 0 dollars.,65,1,8,-6,0,2
61,6,60fd8ef5b220239c8916ded8,1163.1,1,37,gamble_left,You won 8 dollars.,66,1,8,-7,0,1
25,6,60fd8ef5b220239c8916ded8,NA,NA,NA,gamble_right,Trial missed.,67,1,8,-8,0,3
46,6,60fd8ef5b220239c8916ded8,1073.0,0,39,gamble_left,You received 0 dollars.,68,1,8,-9,0,2
37,6,60fd8ef5b220239c8916ded8,1012.7,1,37,gamble_left,You won 8 dollars.,69,1,8,-10,0,1
78,6,60fd8ef5b220239c8916ded8,1098.1,0,37,gamble_right,You received 0 dollars.,70,1,8,-11,0,2
16,6,60fd8ef5b220239c8916ded8,1307.9,1,39,gamble_right,You lost -12 dollars.,71,1,8,-12,0,2
28,6,60fd8ef5b220239c8916ded8,879.8,0,39,gamble_left,You received 0 dollars.,72,1,8,-13,0,2
88,6,60fd8ef5b220239c8916ded8,838.3,0,37,gamble_right,You received 0 dollars.,73,1,8,-14,0,2
30,6,60fd8ef5b220239c8916ded8,750.2,0,37,gamble_right,You received 0 dollars.,74,1,8,-15,0,2
100,6,60fd8ef5b220239c8916ded8,1494.3,0,39,gamble_left,You received 0 dollars.,75,1,8,-16,0,2
126,6,60fd8ef5b220239c8916ded8,1034.3,1,37,gamble_left,You won 9 dollars.,76,1,9,-2.25,0,1
3,6,60fd8ef5b220239c8916ded8,1027.2,1,37,gamble_left,You won 9 dollars.,77,1,9,-3.38,0,1
105,6,60fd8ef5b220239c8916ded8,950.0,1,39,gamble_right,You lost -4.5 dollars.,78,1,9,-4.5,0,2
87,6,60fd8ef5b220239c8916ded8,1364.2,1,37,gamble_left,You lost -5.63 dollars.,79,1,9,-5.63,0,2
49,6,60fd8ef5b220239c8916ded8,1374.7,0,39,gamble_left,You received 0 dollars.,80,1,9,-6.75,0,2
10,6,60fd8ef5b220239c8916ded8,1178.1,1,37,gamble_left,You won 9 dollars.,81,1,9,-7.88,0,1
143,6,60fd8ef5b220239c8916ded8,1050.6,0,39,gamble_left,You received 0 dollars.,82,1,9,-9,0,2
132,6,60fd8ef5b220239c8916ded8,837.6,0,37,gamble_right,You received 0 dollars.,83,1,9,-10.13,0,2
115,6,60fd8ef5b220239c8916ded8,850.7,0,39,gamble_left,You received 0 dollars.,84,1,9,-11.25,0,2
150,6,60fd8ef5b220239c8916ded8,908.5,0,37,gamble_right,You received 0 dollars.,85,1,9,-12.38,0,2
45,6,60fd8ef5b220239c8916ded8,1296.6,1,37,gamble_left,You won 9 dollars.,86,1,9,-13.5,0,1
8,6,60fd8ef5b220239c8916ded8,970.4,0,39,gamble_left,You received 0 dollars.,87,1,9,-14.63,0,2
104,6,60fd8ef5b220239c8916ded8,821.0,0,39,gamble_left,You received 0 dollars.,88,1,9,-15.75,0,2
112,6,60fd8ef5b220239c8916ded8,1086.7,1,39,gamble_right,You won 9 dollars.,89,1,9,-16.88,0,1
106,6,60fd8ef5b220239c8916ded8,772.3,0,37,gamble_right,You received 0 dollars.,90,1,9,-18,0,2
39,6,60fd8ef5b220239c8916ded8,1206.2,1,39,gamble_right,You won 10 dollars.,91,1,10,-2.5,0,1
145,6,60fd8ef5b220239c8916ded8,1162.1,1,39,gamble_right,You lost -3.75 dollars.,92,1,10,-3.75,0,2
147,6,60fd8ef5b220239c8916ded8,1026.7,1,39,gamble_right,You lost -5 dollars.,93,1,10,-5,0,2
102,6,60fd8ef5b220239c8916ded8,1039.0,1,39,gamble_right,You lost -6.25 dollars.,94,1,10,-6.25,0,2
128,6,60fd8ef5b220239c8916ded8,1048.8,0,39,gamble_left,You received 0 dollars.,95,1,10,-7.5,0,2
133,6,60fd8ef5b220239c8916ded8,814.6,0,39,gamble_left,You received 0 dollars.,96,1,10,-8.75,0,2
6,6,60fd8ef5b220239c8916ded8,833.3,1,37,gamble_left,You won 10 dollars.,97,1,10,-10,0,1
98,6,60fd8ef5b220239c8916ded8,1174.3,0,37,gamble_right,You received 0 dollars.,98,1,10,-11.25,0,2
85,6,60fd8ef5b220239c8916ded8,1468.3,1,39,gamble_right,You won 10 dollars.,99,1,10,-12.5,0,1
56,6,60fd8ef5b220239c8916ded8,1088.1,0,37,gamble_right,You received 0 dollars.,100,1,10,-13.75,0,2
103,6,60fd8ef5b220239c8916ded8,952.9,0,39,gamble_left,You received 0 dollars.,101,1,10,-15,0,2
149,6,60fd8ef5b220239c8916ded8,1155.0,0,37,gamble_right,You received 0 dollars.,102,1,10,-16.25,0,2
32,6,60fd8ef5b220239c8916ded8,1164.1,0,39,gamble_left,You received 0 dollars.,103,1,10,-17.5,0,2
64,6,60fd8ef5b220239c8916ded8,992.7,0,37,gamble_right,You received 0 dollars.,104,1,10,-18.75,0,2
113,6,60fd8ef5b220239c8916ded8,747.4,0,37,gamble_right,You received 0 dollars.,105,1,10,-20,0,2
116,6,60fd8ef5b220239c8916ded8,1073.8,1,37,gamble_left,You won 12 dollars.,106,1,12,-3,0,1
34,6,60fd8ef5b220239c8916ded8,1128.9,1,39,gamble_right,You lost -4.5 dollars.,107,1,12,-4.5,0,2
137,6,60fd8ef5b220239c8916ded8,837.6,0,37,gamble_right,You received 0 dollars.,108,1,12,-6,0,2
94,6,60fd8ef5b220239c8916ded8,1343.9,1,39,gamble_right,You lost -7.5 dollars.,109,1,12,-7.5,0,2
127,6,60fd8ef5b220239c8916ded8,793.9,0,37,gamble_right,You received 0 dollars.,110,1,12,-9,0,2
141,6,60fd8ef5b220239c8916ded8,1097.7,0,39,gamble_left,You received 0 dollars.,111,1,12,-10.5,0,2
41,6,60fd8ef5b220239c8916ded8,1215.8,0,37,gamble_right,You received 0 dollars.,112,1,12,-12,0,2
12,6,60fd8ef5b220239c8916ded8,1531.7,0,37,gamble_right,You received 0 dollars.,113,1,12,-13.5,0,2
76,6,60fd8ef5b220239c8916ded8,1343.4,0,37,gamble_right,You received 0 dollars.,114,1,12,-15,0,2
136,6,60fd8ef5b220239c8916ded8,885.8,0,37,gamble_right,You received 0 dollars.,115,1,12,-16.5,0,2
48,6,60fd8ef5b220239c8916ded8,971.5,0,39,gamble_left,You received 0 dollars.,116,1,12,-18,0,2
123,6,60fd8ef5b220239c8916ded8,828.5,0,39,gamble_left,You received 0 dollars.,117,1,12,-19.5,0,2
15,6,60fd8ef5b220239c8916ded8,1299.2,1,39,gamble_right,You won 12 dollars.,118,1,12,-21,0,1
121,6,60fd8ef5b220239c8916ded8,1324.6,0,37,gamble_right,You received 0 dollars.,119,1,12,-22.5,0,2
26,6,60fd8ef5b220239c8916ded8,1189.4,0,39,gamble_left,You received 0 dollars.,120,1,12,-24,0,2
90,6,60fd8ef5b220239c8916ded8,1059.4,0,39,gamble_left,You won 2 dollars.,121,2,4,0,2,1
60,6,60fd8ef5b220239c8916ded8,1233.8,0,37,gamble_right,You won 4 dollars.,122,2,8,0,4,1
139,6,60fd8ef5b220239c8916ded8,975.7,0,37,gamble_right,You won 6 dollars.,123,2,12,0,6,1
120,6,60fd8ef5b220239c8916ded8,734.5,0,39,gamble_left,You won 9 dollars.,124,2,18,0,9,1
44,6,60fd8ef5b220239c8916ded8,1007.4,1,37,gamble_left,You received 0 dollars.,125,2,24,0,12,2
24,6,60fd8ef5b220239c8916ded8,1602.5,0,37,gamble_right,You won 3 dollars.,126,2,5,0,3,1
20,6,60fd8ef5b220239c8916ded8,1216.0,1,39,gamble_right,You received 0 dollars.,127,2,7,0,4,2
53,6,60fd8ef5b220239c8916ded8,1325.3,0,37,gamble_right,You won 6 dollars.,128,2,10,0,6,1
72,6,60fd8ef5b220239c8916ded8,1017.5,0,37,gamble_right,You won 10 dollars.,129,2,17,0,10,1
119,6,60fd8ef5b220239c8916ded8,1286.7,0,37,gamble_right,You won 13 dollars.,130,2,22,0,13,1
135,6,60fd8ef5b220239c8916ded8,765.2,0,37,gamble_right,You won 13 dollars.,131,2,28,0,13,1
82,6,60fd8ef5b220239c8916ded8,867.5,1,39,gamble_right,You received 0 dollars.,132,2,5,0,2,2
125,6,60fd8ef5b220239c8916ded8,986.3,0,39,gamble_left,You won 10 dollars.,133,2,26,0,10,1
19,6,60fd8ef5b220239c8916ded8,852.6,1,39,gamble_right,You received 0 dollars.,134,2,7,0,3,2
52,6,60fd8ef5b220239c8916ded8,NA,NA,NA,gamble_left,Trial missed.,135,2,13,0,5,3
80,6,60fd8ef5b220239c8916ded8,783.0,0,37,gamble_right,You won 6 dollars.,136,2,12,0,6,1
73,6,60fd8ef5b220239c8916ded8,1008.2,0,37,gamble_right,You won 10 dollars.,137,2,25,0,10,1
129,6,60fd8ef5b220239c8916ded8,1264.9,0,39,gamble_left,You won 2 dollars.,138,2,4,0,2,1
130,6,60fd8ef5b220239c8916ded8,1544.1,1,39,gamble_right,You won 3 dollars.,139,2,3,0,1,1
51,6,60fd8ef5b220239c8916ded8,1674.7,0,39,gamble_left,You won 9 dollars.,140,2,25,0,9,1
77,6,60fd8ef5b220239c8916ded8,895.2,1,37,gamble_left,You received 0 dollars.,141,2,13,0,6,2
74,6,60fd8ef5b220239c8916ded8,1220.5,0,37,gamble_right,You won 10 dollars.,142,2,22,0,10,1
67,6,60fd8ef5b220239c8916ded8,941.0,1,39,gamble_right,You received 0 dollars.,143,2,12,0,5,2
122,6,60fd8ef5b220239c8916ded8,1095.7,0,39,gamble_left,You won 1 dollars.,144,2,2,0,1,1
71,6,60fd8ef5b220239c8916ded8,1081.5,0,37,gamble_right,You won 3 dollars.,145,2,8,0,3,1
79,6,60fd8ef5b220239c8916ded8,1049.1,0,39,gamble_left,You won 8 dollars.,146,2,19,0,8,1
144,6,60fd8ef5b220239c8916ded8,1139.7,0,39,gamble_left,You won 12 dollars.,147,2,26,0,12,1
124,6,60fd8ef5b220239c8916ded8,941.0,0,37,gamble_right,You won 12 dollars.,148,2,30,0,12,1
54,6,60fd8ef5b220239c8916ded8,1091.7,1,37,gamble_left,You won 23 dollars.,149,2,23,0,10,1
69,6,60fd8ef5b220239c8916ded8,1220.4,1,37,gamble_left,You received 0 dollars.,150,2,12,0,4,2