trial_index,ID,subject,rt,responses,key_press,gamble_location,stimulus,Trial_ID,Trial_Type,Gain,Loss,Certain,Trial_Outcome
18,7,60fe90042d7bcfd3efeba561,816.2,0,39,gamble_left,You received 0 dollars.,1,1,2,-0.5,0,2
47,7,60fe90042d7bcfd3efeba561,753.4,0,39,gamble_left,You received 0 dollars.,2,1,2,-0.75,0,2
53,7,60fe90042d7bcfd3efeba561,908.5,0,37,gamble_right,You received 0 dollars.,3,1,2,-1,0,2
116,7,60fe90042d7bcfd3efeba561,997.4,0,39,gamble_left,You received 0 dollars.,4,1,2,-1.25,0,2
74,7,60fe90042d7bcfd3efeba561,899.4,0,39,gamble_left,You received 0 dollars.,5,1,2,-1.5,0,2
22,7,60fe90042d7bcfd3efeba561,1405.1,1,39,gamble_right,You won 2 dollars.,6,1,2,-1.75,0,1
129,7,60fe90042d7bcfd3efeba561,703.0,0,39,gamble_left,You received 0 dollars.,7,1,2,-2,0,2
127,7,60fe90042d7bcfd3efeba561,581.5,0,37,gamble_right,You received 0 dollars.,8,1,2,-2.25,0,2
13,7,60fe90042d7bcfd3efeba561,1124.3,1,37,gamble_left,You won 2 dollars.,9,1,2,-2.5,0,1
118,7,60fe90042d7bcfd3efeba561,766.1,0,37,gamble_right,You received 0 dollars.,10,1,2,-2.75,0,2
7,7,60fe90042d7bcfd3efeba561,1134.6,1,37,gamble_left,You lost -3 dollars.,11,1,2,-3,0,2
11,7,60fe90042d7bcfd3efeba561,893.7,0,37,gamble_right,You received 0 dollars.,12,1,2,-3.25,0,2
87,7,60fe90042d7bcfd3efeba561,659.2,0,39,gamble_left,You received 0 dollars.,13,1,2,-3.5,0,2
102,7,60fe90042d7bcfd3efeba561,602.7,0,37,gamble_right,You received 0 dollars.,14,1,2,-3.75,0,2
8,7,60fe90042d7bcfd3efeba561,697.2,0,39,gamble_left,You received 0 dollars.,15,1,2,-4,0,2
80,7,60fe90042d7bcfd3efeba561,813.8,0,39,gamble_left,You received 0 dollars.,16,1,4,-1,0,2
14,7,60fe90042d7bcfd3efeba561,1446.7,1,39,gamble_right,You lost -1.5 dollars.,17,1,4,-1.5,0,2
20,7,60fe90042d7bcfd3efeba561,1000.8,1,39,gamble_right,You won 4 dollars.,18,1,4,-2,0,1
65,7,60fe90042d7bcfd3efeba561,779.7,0,37,gamble_right,You received 0 dollars.,19,1,4,-2.5,0,2
55,7,60fe90042d7bcfd3efeba561,1007.3,1,37,gamble_left,You won 4 dollars.,20,1,4,-3,0,1
26,7,60fe90042d7bcfd3efeba561,817.6,0,37,gamble_right,You received 0 dollars.,21,1,4,-3.5,0,2
91,7,60fe90042d7bcfd3efeba561,763.3,0,37,gamble_right,You received 0 dollars.,22,1,4,-4,0,2
35,7,60fe90042d7bcfd3efeba561,651.5,0,39,gamble_left,You received 0 dollars.,23,1,4,-4.5,0,2
62,7,60fe90042d7bcfd3efeba561,809.6,0,37,gamble_right,You received 0 dollars.,24,1,4,-5,0,2
79,7,60fe90042d7bcfd3efeba561,604.3,0,37,gamble_right,You received 0 dollars.,25,1,4,-5.5,0,2
41,7,60fe90042d7bcfd3efeba561,838.4,0,39,gamble_left,You received 0 dollars.,26,1,4,-6,0,2
70,7,60fe90042d7bcfd3efeba561,750.5,0,39,gamble_left,You received 0 dollars.,27,1,4,-6.5,0,2
124,7,60fe90042d7bcfd3efeba561,654.1,0,37,gamble_right,You received 0 dollars.,28,1,4,-7,0,2
123,7,60fe90042d7bcfd3efeba561,758.9,0,39,gamble_left,You received 0 dollars.,29,1,4,-7.5,0,2
15,7,60fe90042d7bcfd3efeba561,1291.9,0,39,gamble_left,You received 0 dollars.,30,1,4,-8,0,2
101,7,60fe90042d7bcfd3efeba561,887.4,0,39,gamble_left,You received 0 dollars.,31,1,5,-1.25,0,2
2,7,60fe90042d7bcfd3efeba561,768.6,0,37,gamble_right,You received 0 dollars.,32,1,5,-1.88,0,2
147,7,60fe90042d7bcfd3efeba561,604.0,0,37,gamble_right,You received 0 dollars.,33,1,5,-2.5,0,2
39,7,60fe90042d7bcfd3efeba561,806.3,0,37,gamble_right,You received 0 dollars.,34,1,5,-3.13,0,2
93,7,60fe90042d7bcfd3efeba561,894.5,0,37,gamble_right,You received 0 dollars.,35,1,5,-3.75,0,2
58,7,60fe90042d7bcfd3efeba561,803.9,0,37,gamble_right,You received 0 dollars.,36,1,5,-4.38,0,2
34,7,60fe90042d7bcfd3efeba561,839.8,0,39,gamble_left,You received 0 dollars.,37,1,5,-5,0,2
133,7,60fe90042d7bcfd3efeba561,748.7,0,39,gamble_left,You received 0 dollars.,38,1,5,-5.63,0,2
140,7,60fe90042d7bcfd3efeba561,749.7,0,37,gamble_right,You received 0 dollars.,39,1,5,-6.25,0,2
50,7,60fe90042d7bcfd3efeba561,947.0,0,37,gamble_right,You received 0 dollars.,40,1,5,-6.88,0,2
63,7,60fe90042d7bcfd3efeba561,767.2,0,37,gamble_right,You received 0 dollars.,41,1,5,-7.5,0,2
4,7,60fe90042d7bcfd3efeba561,1848.7,1,39,gamble_right,You won 5 dollars.,42,1,5,-8.13,0,1
85,7,60fe90042d7bcfd3efeba561,856.9,1,37,gamble_left,You won 5 dollars.,43,1,5,-8.75,0,1
57,7,60fe90042d7bcfd3efeba561,947.1,0,39,gamble_left,You received 0 dollars.,44,1,5,-9.38,0,2
61,7,60fe90042d7bcfd3efeba561,833.6,0,37,gamble_right,You received 0 dollars.,45,1,5,-10,0,2
81,7,60fe90042d7bcfd3efeba561,798.5,0,37,gamble_right,You received 0 dollars.,46,1,6,-1.5,0,2
121,7,60fe90042d7bcfd3efeba561,581.6,0,39,gamble_left,You received 0 dollars.,47,1,6,-2.25,0,2
37,7,60fe90042d7bcfd3efeba561,871.1,0,37,gamble_right,You received 0 dollars.,48,1,6,-3,0,2
33,7,60fe90042d7bcfd3efeba561,791.1,0,39,gamble_left,You received 0 dollars.,49,1,6,-3.75,0,2
19,7,60fe90042d7bcfd3efeba561,928.6,0,39,gamble_left,You received 0 dollars.,50,1,6,-4.5,0,2
132,7,60fe90042d7bcfd3efeba561,579.3,0,37,gamble_right,You received 0 dollars.,51,1,6,-5.25,0,2
109,7,60fe90042d7bcfd3efeba561,732.1,0,39,gamble_left,You received 0 dollars.,52,1,6,-6,0,2
21,7,60fe90042d7bcfd3efeba561,1181.3,0,37,gamble_right,You received 0 dollars.,53,1,6,-6.75,0,2
3,7,60fe90042d7bcfd3efeba561,728.3,1,39,gamble_right,You won 6 dollars.,54,1,6,-7.5,0,1
122,7,60fe90042d7bcfd3efeba561,816.8,0,39,gamble_left,You received 0 dollars.,55,1,6,-8.25,0,2
72,7,60fe90042d7bcfd3efeba561,743.1,0,39,gamble_left,You received 0 dollars.,56,1,6,-9,0,2
78,7,60fe90042d7bcfd3efeba561,947.3,0,39,gamble_left,You received 0 dollars.,57,1,6,-9.75,0,2
134,7,60fe90042d7bcfd3efeba561,807.4,0,39,gamble_left,You received 0 dollars.,58,1,6,-10.5,0,2
136,7,60fe90042d7bcfd3efeba561,662.3,0,39,gamble_left,You received 0 dollars.,59,1,6,-11.25,0,2
145,7,60fe90042d7bcfd3efeba561,690.6,0,37,gamble_right,You received 0 dollars.,60,1,6,-12,0,2
10,7,60fe90042d7bcfd3efeba561,770.3,1,39,gamble_right,You lost -2 dollars.,61,1,8,-2,0,2
148,7,60fe90042d7bcfd3efeba561,668.8,0,37,gamble_right,You received 0 dollars.,62,1,8,-3,0,2
113,7,60fe90042d7bcfd3efeba561,1009.4,0,39,gamble_left,You received 0 dollars.,63,1,8,-4,0,2
86,7,60fe90042d7bcfd3efeba561,650.7,0,39,gamble_left,You received 0 dollars.,64,1,8,-5,0,2
94,7,60fe90042d7bcfd3efeba561,732.5,0,37,gamble_right,You received 0 dollars.,65,1,8,-6,0,2
126,7,60fe90042d7bcfd3efeba561,583.4,0,37,gamble_right,You received 0 dollars.,66,1,8,-7,0,2
135,7,60fe90042d7bcfd3efeba561,1444.4,0,39,gamble_left,You received 0 dollars.,67,1,8,-8,0,2
95,7,60fe90042d7bcfd3efeba561,899.7,0,39,gamble_left,You received 0 dollars.,68,1,8,-9,0,2
105,7,60fe90042d7bcfd3efeba561,975.3,0,39,gamble_left,You received 0 dollars.,69,1,8,-10,0,2
96,7,60fe90042d7bcfd3efeba561,665.4,0,37,gamble_right,You received 0 dollars.,70,1,8,-11,0,2
117,7,60fe90042d7bcfd3efeba561,645.2,0,39,gamble_left,You received 0 dollars.,71,1,8,-12,0,2
150,7,60fe90042d7bcfd3efeba561,859.7,0,39,gamble_left,You received 0 dollars.,72,1,8,-13,0,2
49,7,60fe90042d7bcfd3efeba561,860.6,0,37,gamble_right,You received 0 dollars.,73,1,8,-14,0,2
1,7,60fe90042d7bcfd3efeba561,1216.8,1,39,gamble_right,You lost -15 dollars.,74,1,8,-15,0,2
146,7,60fe90042d7bcfd3efeba561,825.6,0,39,gamble_left,You received 0 dollars.,75,1,8,-16,0,2
149,7,60fe90042d7bcfd3efeba561,943.4,0,39,gamble_left,You received 0 dollars.,76,1,9,-2.25,0,2
73,7,60fe90042d7bcfd3efeba561,773.5,0,39,gamble_left,You received 0 dollars.,77,1,9,-3.38,0,2
25,7,60fe90042d7bcfd3efeba561,1091.4,0,37,gamble_right,You received 0 dollars.,78,1,9,-4.5,0,2
90,7,60fe90042d7bcfd3efeba561,833.2,0,37,gamble_right,You received 0 dollars.,79,1,9,-5.63,0,2
54,7,60fe90042d7bcfd3efeba561,1032.6,0,37,gamble_right,You received 0 dollars.,80,1,9,-6.75,0,2
137,7,60fe90042d7bcfd3efeba561,625.4,0,39,gamble_left,You received 0 dollars.,81,1,9,-7.88,0,2
106,7,60fe90042d7bcfd3efeba561,703.8,0,37,gamble_right,You received 0 dollars.,82,1,9,-9,0,2
100,7,60fe90042d7bcfd3efeba561,780.6,0,37,gamble_right,You received 0 dollars.,83,1,9,-10.13,0,2
139,7,60fe90042d7bcfd3efeba561,537.8,0,39,gamble_left,You received 0 dollars.,84,1,9,-11.25,0,2
125,7,60fe90042d7bcfd3efeba561,1046.6,0,37,gamble_right,You received 0 dollars.,85,1,9,-12.38,0,2
52,7,60fe90042d7bcfd3efeba561,825.5,0,37,gamble_right,You received 0 dollars.,86,1,9,-13.5,0,2
56,7,60fe90042d7bcfd3efeba561,688.7,0,39,gamble_left,You received 0 dollars.,87,1,9,-14.63,0,2
131,7,60fe90042d7bcfd3efeba561,665.9,0,37,gamble_right,You received 0 dollars.,88,1,9,-15.75,0,2
38,7,60fe90042d7bcfd3efeba561,1250.1,0,37,gamble_right,You received 0 dollars.,89,1,9,-16.88,0,2
12,7,60fe90042d7bcfd3efeba561,1207.4,0,37,gamble_right,You received 0 dollars.,90,1,9,-18,0,2
44,7,60fe90042d7bcfd3efeba561,740.6,0,39,gamble_left,You received 0 dollars.,91,1,10,-2.5,0,2
142,7,60fe90042d7bcfd3efeba561,631.8,0,37,gamble_right,You received 0 dollars.,92,1,10,-3.75,0,2
92,7,60fe90042d7bcfd3efeba561,786.3,0,37,gamble_right,You received 0 dollars.,93,1,10,-5,0,2
71,7,60fe90042d7bcfd3efeba561,765.8,0,37,gamble_right,You received 0 dollars.,94,1,10,-6.25,0,2
43,7,60fe90042d7bcfd3efeba561,961.0,0,37,gamble_right,You received 0 dollars.,95,1,10,-7.5,0,2
46,7,60fe90042d7bcfd3efeba561,925.3,0,39,gamble_left,You received 0 dollars.,96,1,10,-8.75,0,2
30,7,60fe90042d7bcfd3efeba561,1121.3,0,39,gamble_left,You received 0 dollars.,97,1,10,-10,0,2
114,7,60fe90042d7bcfd3efeba561,673.9,0,39,gamble_left,You received 0 dollars.,98,1,10,-11.25,0,2
68,7,60fe90042d7bcfd3efeba561,737.5,0,39,gamble_left,You received 0 dollars.,99,1,10,-12.5,0,2
99,7,60fe90042d7bcfd3efeba561,782.8,0,39,gamble_left,You received 0 dollars.,100,1,10,-13.75,0,2
128,7,60fe90042d7bcfd3efeba561,744.8,0,39,gamble_left,You received 0 dollars.,101,1,10,-15,0,2
17,7,60fe90042d7bcfd3efeba561,771.8,0,39,gamble_left,You received 0 dollars.,102,1,10,-16.25,0,2
141,7,60fe90042d7bcfd3efeba561,651.7,0,37,gamble_right,You received 0 dollars.,103,1,10,-17.5,0,2
69,7,60fe90042d7bcfd3efeba561,824.9,0,39,gamble_left,You received 0 dollars.,104,1,10,-18.75,0,2
110,7,60fe90042d7bcfd3efeba561,607.0,0,37,gamble_right,You received 0 dollars.,105,1,10,-20,0,2
107,7,60fe90042d7bcfd3efeba561,698.4,0,37,gamble_right,You received 0 dollars.,106,1,12,-3,0,2
77,7,60fe90042d7bcfd3efeba561,759.8,0,37,gamble_right,You received 0 dollars.,107,1,12,-4.5,0,2
143,7,60fe90042d7bcfd3efeba561,499.6,0,37,gamble_right,You received 0 dollars.,108,1,12,-6,0,2
83,7,60fe90042d7bcfd3efeba561,801.1,0,37,gamble_right,You received 0 dollars.,109,1,12,-7.5,0,2
42,7,60fe90042d7bcfd3efeba561,808.3,0,37,gamble_right,You received 0 dollars.,110,1,12,-9,0,2
112,7,60fe90042d7bcfd3efeba561,993.7,0,39,gamble_left,You received 0 dollars.,111,1,12,-10.5,0,2
89,7,60fe90042d7bcfd3efeba561,762.2,0,39,gamble_left,You received 0 dollars.,112,1,12,-12,0,2
76,7,60fe90042d7bcfd3efeba561,710.5,0,37,gamble_right,You received 0 dollars.,113,1,12,-13.5,0,2
64,7,60fe90042d7bcfd3efeba561,727.7,0,37,gamble_right,You received 0 dollars.,114,1,12,-15,0,2
104,7,60fe90042d7bcfd3efeba561,799.6,0,37,gamble_right,You received 0 dollars.,115,1,12,-16.5,0,2
103,7,60fe90042d7bcfd3efeba561,685.6,0,37,gamble_right,You received 0 dollars.,116,1,12,-18,0,2
67,7,60fe90042d7bcfd3efeba561,766.7,0,37,gamble_right,You received 0 dollars.,117,1,12,-19.5,0,2
84,7,60fe90042d7bcfd3efeba561,852.4,0,39,gamble_left,You received 0 dollars.,118,1,12,-21,0,2
97,7,60fe90042d7bcfd3efeba561,836.3,0,39,gamble_left,You received 0 dollars.,119,1,12,-22.5,0,2
6,7,60fe90042d7bcfd3efeba561,768.4,0,39,gamble_left,You received 0 dollars.,120,1,12,-24,0,2
40,7,60fe90042d7bcfd3efeba561,879.9,0,37,gamble_right,You won 2 dollars.,121,2,4,0,2,1
36,7,60fe90042d7bcfd3efeba561,592.6,0,39,gamble_left,You won 4 dollars.,122,2,8,0,4,1
59,7,60fe90042d7bcfd3efeba561,730.6,0,39,gamble_left,You won 6 dollars.,123,2,12,0,6,1
82,7,60fe90042d7bcfd3efeba561,784.0,0,39,gamble_left,You won 9 dollars.,124,2,18,0,9,1
108,7,60fe90042d7bcfd3efeba561,669.2,0,37,gamble_right,You won 12 dollars.,125,2,24,0,12,1
24,7,60fe90042d7bcfd3efeba561,814.3,0,39,gamble_left,You won 3 dollars.,126,2,5,0,3,1
51,7,60fe90042d7bcfd3efeba561,1546.8,0,39,gamble_left,You won 4 dollars.,127,2,7,0,4,1
23,7,60fe90042d7bcfd3efeba561,946.5,1,37,gamble_left,You received 0 dollars.,128,2,10,0,6,2
48,7,60fe90042d7bcfd3efeba561,750.8,0,39,gamble_left,You won 10 dollars.,129,2,17,0,10,1
138,7,60fe90042d7bcfd3efeba561,739.8,0,37,gamble_right,You won 13 dollars.,130,2,22,0,13,1
45,7,60fe90042d7bcfd3efeba561,1229.2,0,39,gamble_left,You won 13 dollars.,131,2,28,0,13,1
66,7,60fe90042d7bcfd3efeba561,605.2,0,37,gamble_right,You won 2 dollars.,132,2,5,0,2,1
27,7,60fe90042d7bcfd3efeba561,822.4,0,39,gamble_left,You won 10 dollars.,133,2,26,0,10,1
111,7,60fe90042d7bcfd3efeba561,766.8,0,39,gamble_left,You won 3 dollars.,134,2,7,0,3,1
119,7,60fe90042d7bcfd3efeba561,617.2,0,39,gamble_left,You won 5 dollars.,135,2,13,0,5,1
130,7,60fe90042d7bcfd3efeba561,795.0,0,37,gamble_right,You won 6 dollars.,136,2,12,0,6,1
5,7,60fe90042d7bcfd3efeba561,449.8,0,37,gamble_right,You won 10 dollars.,137,2,25,0,10,1
98,7,60fe90042d7bcfd3efeba561,835.1,0,39,gamble_left,You won 2 dollars.,138,2,4,0,2,1
115,7,60fe90042d7bcfd3efeba561,609.1,0,39,gamble_left,You won 1 dollars.,139,2,3,0,1,1
16,7,60fe90042d7bcfd3efeba561,673.9,0,37,gamble_right,You won 9 dollars.,140,2,25,0,9,1
75,7,60fe90042d7bcfd3efeba561,683.7,0,37,gamble_right,You won 6 dollars.,141,2,13,0,6,1
29,7,60fe90042d7bcfd3efeba561,910.7,0,39,gamble_left,You won 10 dollars.,142,2,22,0,10,1
9,7,60fe90042d7bcfd3efeba561,632.6,0,39,gamble_left,You won 5 dollars.,143,2,12,0,5,1
32,7,60fe90042d7bcfd3efeba561,994.7,0,37,gamble_right,You won 1 dollars.,144,2,2,0,1,1
60,7,60fe90042d7bcfd3efeba561,764.3,0,37,gamble_right,You won 3 dollars.,145,2,8,0,3,1
88,7,60fe90042d7bcfd3efeba561,1205.0,0,37,gamble_right,You won 8 dollars.,146,2,19,0,8,1
28,7,60fe90042d7bcfd3efeba561,1020.4,0,39,gamble_left,You won 12 dollars.,147,2,26,0,12,1
31,7,60fe90042d7bcfd3efeba561,588.3,0,39,gamble_left,You won 12 dollars.,148,2,30,0,12,1
144,7,60fe90042d7bcfd3efeba561,548.9,0,37,gamble_right,You won 10 dollars.,149,2,23,0,10,1
120,7,60fe90042d7bcfd3efeba561,683.1,0,37,gamble_right,You won 4 dollars.,150,2,12,0,4,1