trial_index,ID,subject,rt,responses,key_press,gamble_location,stimulus,Trial_ID,Trial_Type,Gain,Loss,Certain,Trial_Outcome
30,8,60fdc934e81b93f92f561d76,908.2,1,37,gamble_left,You won 2 dollars.,1,1,2,-0.5,0,1
82,8,60fdc934e81b93f92f561d76,1763.8,0,37,gamble_right,You received 0 dollars.,2,1,2,-0.75,0,2
148,8,60fdc934e81b93f92f561d76,1048.1,0,37,gamble_right,You received 0 dollars.,3,1,2,-1,0,2
18,8,60fdc934e81b93f92f561d76,1016.3,1,37,gamble_left,You won 2 dollars.,4,1,2,-1.25,0,1
119,8,60fdc934e81b93f92f561d76,995.5,1,39,gamble_right,You won 2 dollars.,5,1,2,-1.5,0,1
133,8,60fdc934e81b93f92f561d76,836.8,0,39,gamble_left,You received 0 dollars.,6,1,2,-1.75,0,2
127,8,60fdc934e81b93f92f561d76,1033.6,0,39,gamble_left,You received 0 dollars.,7,1,2,-2,0,2
77,8,60fdc934e81b93f92f561d76,1058.3,1,39,gamble_right,You lost -2.25 dollars.,8,1,2,-2.25,0,2
11,8,60fdc934e81b93f92f561d76,1260.4,1,39,gamble_right,You won 2 dollars.,9,1,2,-2.5,0,1
85,8,60fdc934e81b93f92f561d76,1313.8,1,37,gamble_left,You won 2 dollars.,10,1,2,-2.75,0,1
126,8,60fdc934e81b93f92f561d76,1011.7,1,39,gamble_right,You won 2 dollars.,11,1,2,-3,0,1
110,8,60fdc934e81b93f92f561d76,916.3,0,39,gamble_left,You received 0 dollars.,12,1,2,-3.25,0,2
38,8,60fdc934e81b93f92f561d76,1046.0,1,39,gamble_right,You lost -3.5 dollars.,13,1,2,-3.5,0,2
137,8,60fdc934e81b93f92f561d76,779.9,0,37,gamble_right,You received 0 dollars.,14,1,2,-3.75,0,2
3,8,60fdc934e81b93f92f561d76,961.5,1,37,gamble_left,You won 2 dollars.,15,1,2,-4,0,1
71,8,60fdc934e81b93f92f561d76,988.8,1,39,gamble_right,You lost -1 dollars.,16,1,4,-1,0,2
150,8,60fdc934e81b93f92f561d76,1129.9,1,37,gamble_left,You lost -1.5 dollars.,17,1,4,-1.5,0,2
59,8,60fdc934e81b93f92f561d76,846.2,1,39,gamble_right,You lost -2 dollars.,18,1,4,-2,0,2
24,8,60fdc934e81b93f92f561d76,1080.0,1,37,gamble_left,You won 4 dollars.,19,1,4,-2.5,0,1
41,8,60fdc934e81b93f92f561d76,1018.1,1,39,gamble_right,You lost -3 dollars.,20,1,4,-3,0,2
134,8,60fdc934e81b93f92f561d76,1018.6,1,39,gamble_right,You lost -3.5 dollars.,21,1,4,-3.5,0,2
135,8,60fdc934e81b93f92f561d76,884.0,0,37,gamble_right,You received 0 dollars.,22,1,4,-4,0,2
42,8,60fdc934e81b93f92f561d76,1194.6,0,39,gamble_left,You received 0 dollars.,23,1,4,-4.5,0,2
114,8,60fdc934e81b93f92f561d76,1171.3,0,37,gamble_right,You received 0 dollars.,24,1,4,-5,0,2
50,8,60fdc934e81b93f92f561d76,1155.4,1,37,gamble_left,You lost -5.5 dollars.,25,1,4,-5.5,0,2
145,8,60fdc934e81b93f92f561d76,1091.9,0,39,gamble_left,You received 0 dollars.,26,1,4,-6,0,2
73,8,60fdc934e81b93f92f561d76,1038.1,0,39,gamble_left,You received 0 dollars.,27,1,4,-6.5,0,2
140,8,60fdc934e81b93f92f561d76,1161.3,0,39,gamble_left,You received 0 dollars.,28,1,4,-7,0,2
49,8,60fdc934e81b93f92f561d76,1007.2,0,37,gamble_right,You received 0 dollars.,29,1,4,-7.5,0,2
118,8,60fdc934e81b93f92f561d76,1187.4,0,39,gamble_left,You received 0 dollars.,30,1,4,-8,0,2
131,8,60fdc934e81b93f92f561d76,859.0,0,39,gamble_left,You received 0 dollars.,31,1,5,-1.25,0,2
51,8,60fdc934e81b93f92f561d76,1458.7,1,37,gamble_left,You lost -1.88 dollars.,32,1,5,-1.88,0,2
43,8,60fdc934e81b93f92f561d76,1160.5,1,37,gamble_left,You won 5 dollars.,33,1,5,-2.5,0,1
34,8,60fdc934e81b93f92f561d76,1076.7,1,39,gamble_right,You won 5 dollars.,34,1,5,-3.13,0,1
19,8,60fdc934e81b93f92f561d76,1244.2,1,39,gamble_right,You won 5 dollars.,35,1,5,-3.75,0,1
70,8,60fdc934e81b93f92f561d76,921.0,1,37,gamble_left,You lost -4.38 dollars.,36,1,5,-4.38,0,2
2,8,60fdc934e81b93f92f561d76,1069.5,1,37,gamble_left,You won 5 dollars.,37,1,5,-5,0,1
80,8,60fdc934e81b93f92f561d76,1204.6,1,39,gamble_right,You lost -5.63 dollars.,38,1,5,-5.63,0,2
96,8,60fdc934e81b93f92f561d76,989.4,0,37,gamble_right,You received 0 dollars.,39,1,5,-6.25,0,2
25,8,60fdc934e81b93f92f561d76,1118.1,0,37,gamble_right,You received 0 dollars.,40,1,5,-6.88,0,2
93,8,60fdc934e81b93f92f561d76,1137.1,0,37,gamble_right,You received 0 dollars.,41,1,5,-7.5,0,2
40,8,60fdc934e81b93f92f561d76,1456.9,1,39,gamble_right,You won 5 dollars.,42,1,5,-8.13,0,1
46,8,60fdc934e81b93f92f561d76,1202.1,1,39,gamble_right,You won 5 dollars.,43,1,5,-8.75,0,1
90,8,60fdc934e81b93f92f561d76,1250.7,0,39,gamble_left,You received 0 dollars.,44,1,5,-9.38,0,2
105,8,60fdc934e81b93f92f561d76,981.7,0,37,gamble_right,You received 0 dollars.,45,1,5,-10,0,2
13,8,60fdc934e81b93f92f561d76,1344.3,1,39,gamble_right,You lost -1.5 dollars.,46,1,6,-1.5,0,2
68,8,60fdc934e81b93f92f561d76,879.9,1,37,gamble_left,You lost -2.25 dollars.,47,1,6,-2.25,0,2
86,8,60fdc934e81b93f92f561d76,1065.1,1,39,gamble_right,You won 6 dollars.,48,1,6,-3,0,1
106,8,60fdc934e81b93f92f561d76,1209.1,1,37,gamble_left,You won 6 dollars.,49,1,6,-3.75,0,1
79,8,60fdc934e81b93f92f561d76,1373.2,0,39,gamble_left,You received 0 dollars.,50,1,6,-4.5,0,2
10,8,60fdc934e81b93f92f561d76,1544.6,1,39,gamble_right,You won 6 dollars.,51,1,6,-5.25,0,1
88,8,60fdc934e81b93f92f561d76,1131.9,1,37,gamble_left,You lost -6 dollars.,52,1,6,-6,0,2
44,8,60fdc934e81b93f92f561d76,1014.7,1,39,gamble_right,You won 6 dollars.,53,1,6,-6.75,0,1
17,8,60fdc934e81b93f92f561d76,918.2,1,37,gamble_left,You won 6 dollars.,54,1,6,-7.5,0,1
81,8,60fdc934e81b93f92f561d76,1226.7,0,39,gamble_left,You received 0 dollars.,55,1,6,-8.25,0,2
91,8,60fdc934e81b93f92f561d76,1178.5,0,39,gamble_left,You received 0 dollars.,56,1,6,-9,0,2
15,8,60fdc934e81b93f92f561d76,1042.5,0,39,gamble_left,You received 0 dollars.,57,1,6,-9.75,0,2
54,8,60fdc934e81b93f92f561d76,984.8,0,37,gamble_right,You received 0 dollars.,58,1,6,-10.5,0,2
122,8,60fdc934e81b93f92f561d76,955.1,0,37,gamble_right,You received 0 dollars.,59,1,6,-11.25,0,2
75,8,60fdc934e81b93f92f561d76,928.2,1,39,gamble_right,You lost -12 dollars.,60,1,6,-12,0,2
28,8,60fdc934e81b93f92f561d76,1404.1,1,37,gamble_left,You won 8 dollars.,61,1,8,-2,0,1
14,8,60fdc934e81b93f92f561d76,1024.5,1,37,gamble_left,You won 8 dollars.,62,1,8,-3,0,1
146,8,60fdc934e81b93f92f561d76,1017.4,1,39,gamble_right,You won 8 dollars.,63,1,8,-4,0,1
66,8,60fdc934e81b93f92f561d76,888.7,1,39,gamble_right,You lost -5 dollars.,64,1,8,-5,0,2
97,8,60fdc934e81b93f92f561d76,1496.5,0,39,gamble_left,You received 0 dollars.,65,1,8,-6,0,2
128,8,60fdc934e81b93f92f561d76,1016.4,0,37,gamble_right,You received 0 dollars.,66,1,8,-7,0,2
16,8,60fdc934e81b93f92f561d76,1567.9,1,39,gamble_right,You lost -8 dollars.,67,1,8,-8,0,2
62,8,60fdc934e81b93f92f561d76,925.5,0,37,gamble_right,You received 0 dollars.,68,1,8,-9,0,2
112,8,60fdc934e81b93f92f561d76,1136.4,0,39,gamble_left,You received 0 dollars.,69,1,8,-10,0,2
109,8,60fdc934e81b93f92f561d76,1020.1,0,37,gamble_right,You received 0 dollars.,70,1,8,-11,0,2
65,8,60fdc934e81b93f92f561d76,977.8,0,37,gamble_right,You received 0 dollars.,71,1,8,-12,0,2
64,8,60fdc934e81b93f92f561d76,963.5,0,39,gamble_left,You received 0 dollars.,72,1,8,-13,0,2
104,8,60fdc934e81b93f92f561d76,934.4,0,39,gamble_left,You received 0 dollars.,73,1,8,-14,0,2
56,8,60fdc934e81b93f92f561d76,1259.6,0,39,gamble_left,You received 0 dollars.,74,1,8,-15,0,2
67,8,60fdc934e81b93f92f561d76,952.2,0,37,gamble_right,You received 0 dollars.,75,1,8,-16,0,2
95,8,60fdc934e81b93f92f561d76,1072.6,1,39,gamble_right,You lost -2.25 dollars.,76,1,9,-2.25,0,2
1,8,60fdc934e81b93f92f561d76,1047.2,1,37,gamble_left,You won 9 dollars.,77,1,9,-3.38,0,1
123,8,60fdc934e81b93f92f561d76,1086.2,1,37,gamble_left,You lost -4.5 dollars.,78,1,9,-4.5,0,2
29,8,60fdc934e81b93f92f561d76,1197.3,1,37,gamble_left,You lost -5.63 dollars.,79,1,9,-5.63,0,2
8,8,60fdc934e81b93f92f561d76,1769.0,1,39,gamble_right,You lost -6.75 dollars.,80,1,9,-6.75,0,2
87,8,60fdc934e81b93f92f561d76,944.7,0,39,gamble_left,You received 0 dollars.,81,1,9,-7.88,0,2
32,8,60fdc934e81b93f92f561d76,1103.7,1,37,gamble_left,You lost -9 dollars.,82,1,9,-9,0,2
72,8,60fdc934e81b93f92f561d76,1003.4,0,39,gamble_left,You received 0 dollars.,83,1,9,-10.13,0,2
84,8,60fdc934e81b93f92f561d76,1491.7,1,37,gamble_left,You won 9 dollars.,84,1,9,-11.25,0,1
6,8,60fdc934e81b93f92f561d76,1394.1,1,37,gamble_left,You won 9 dollars.,85,1,9,-12.38,0,1
35,8,60fdc934e81b93f92f561d76,984.1,0,37,gamble_right,You received 0 dollars.,86,1,9,-13.5,0,2
26,8,60fdc934e81b93f92f561d76,970.0,0,39,gamble_left,You received 0 dollars.,87,1,9,-14.63,0,2
5,8,60fdc934e81b93f92f561d76,1119.5,1,37,gamble_left,You lost -15.75 dollars.,88,1,9,-15.75,0,2
149,8,60fdc934e81b93f92f561d76,970.3,0,37,gamble_right,You received 0 dollars.,89,1,9,-16.88,0,2
37,8,60fdc934e81b93f92f561d76,1489.4,0,39,gamble_left,You received 0 dollars.,90,1,9,-18,0,2
27,8,60fdc934e81b93f92f561d76,1000.5,1,39,gamble_right,You won 10 dollars.,91,1,10,-2.5,0,1
138,8,60fdc934e81b93f92f561d76,1328.2,0,39,gamble_left,You received 0 dollars.,92,1,10,-3.75,0,2
129,8,60fdc934e81b93f92f561d76,1141.7,1,39,gamble_right,You lost -5 dollars.,93,1,10,-5,0,2
60,8,60fdc934e81b93f92f561d76,936.2,0,37,gamble_right,You received 0 dollars.,94,1,10,-6.25,0,2
141,8,60fdc934e81b93f92f561d76,1222.5,0,39,gamble_left,You received 0 dollars.,95,1,10,-7.5,0,2
69,8,60fdc934e81b93f92f561d76,1114.0,1,37,gamble_left,You won 10 dollars.,96,1,10,-8.75,0,1
31,8,60fdc934e81b93f92f561d76,996.5,0,37,gamble_right,You received 0 dollars.,97,1,10,-10,0,2
103,8,60fdc934e81b93f92f561d76,1061.9,0,37,gamble_right,You received 0 dollars.,98,1,10,-11.25,0,2
20,8,60fdc934e81b93f92f561d76,1075.3,0,39,gamble_left,You received 0 dollars.,99,1,10,-12.5,0,2
89,8,60fdc934e81b93f92f561d76,1013.9,0,37,gamble_right,You received 0 dollars.,100,1,10,-13.75,0,2
100,8,60fdc934e81b93f92f561d76,1163.7,1,39,gamble_right,You lost -15 dollars.,101,1,10,-15,0,2
125,8,60fdc934e81b93f92f561d76,725.8,0,37,gamble_right,You received 0 dollars.,102,1,10,-16.25,0,2
144,8,60fdc934e81b93f92f561d76,839.0,0,37,gamble_right,You received 0 dollars.,103,1,10,-17.5,0,2
74,8,60fdc934e81b93f92f561d76,876.0,0,39,gamble_left,You received 0 dollars.,104,1,10,-18.75,0,2
83,8,60fdc934e81b93f92f561d76,1087.3,0,37,gamble_right,You received 0 dollars.,105,1,10,-20,0,2
76,8,60fdc934e81b93f92f561d76,963.9,1,39,gamble_right,You lost -3 dollars.,106,1,12,-3,0,2
33,8,60fdc934e81b93f92f561d76,924.6,1,39,gamble_right,You won 12 dollars.,107,1,12,-4.5,0,1
78,8,60fdc934e81b93f92f561d76,1100.4,1,39,gamble_right,You lost -6 dollars.,108,1,12,-6,0,2
142,8,60fdc934e81b93f92f561d76,1035.7,0,37,gamble_right,You received 0 dollars.,109,1,12,-7.5,0,2
53,8,60fdc934e81b93f92f561d76,1016.2,0,39,gamble_left,You received 0 dollars.,110,1,12,-9,0,2
116,8,60fdc934e81b93f92f561d76,1108.8,0,37,gamble_right,You received 0 dollars.,111,1,12,-10.5,0,2
101,8,60fdc934e81b93f92f561d76,1108.1,0,39,gamble_left,You received 0 dollars.,112,1,12,-12,0,2
124,8,60fdc934e81b93f92f561d76,886.9,0,39,gamble_left,You received 0 dollars.,113,1,12,-13.5,0,2
55,8,60fdc934e81b93f92f561d76,1056.7,0,39,gamble_left,You received 0 dollars.,114,1,12,-15,0,2
12,8,60fdc934e81b93f92f561d76,1192.3,0,39,gamble_left,You received 0 dollars.,115,1,12,-16.5,0,2
113,8,60fdc934e81b93f92f561d76,890.9,0,37,gamble_right,You received 0 dollars.,116,1,12,-18,0,2
23,8,60fdc934e81b93f92f561d76,1119.8,0,37,gamble_right,You received 0 dollars.,117,1,12,-19.5,0,2
9,8,60fdc934e81b93f92f561d76,1088.2,1,37,gamble_left,You won 12 dollars.,118,1,12,-21,0,1
99,8,60fdc934e81b93f92f561d76,1168.9,0,37,gamble_right,You received 0 dollars.,119,1,12,-22.5,0,2
115,8,60fdc934e81b93f92f561d76,987.8,0,37,gamble_right,You received 0 dollars.,120,1,12,-24,0,2
111,8,60fdc934e81b93f92f561d76,958.9,0,39,gamble_left,You won 2 dollars.,121,2,4,0,2,1
57,8,60fdc934e81b93f92f561d76,653.3,1,37,gamble_left,You received 0 dollars.,122,2,8,0,4,2
21,8,60fdc934e81b93f92f561d76,1095.7,1,37,gamble_left,You received 0 dollars.,123,2,12,0,6,2
107,8,60fdc934e81b93f92f561d76,831.2,1,37,gamble_left,You won 18 dollars.,124,2,18,0,9,1
94,8,60fdc934e81b93f92f561d76,865.3,1,39,gamble_right,You received 0 dollars.,125,2,24,0,12,2
22,8,60fdc934e81b93f92f561d76,800.3,1,37,gamble_left,You received 0 dollars.,126,2,5,0,3,2
92,8,60fdc934e81b93f92f561d76,788.4,1,37,gamble_left,You received 0 dollars.,127,2,7,0,4,2
48,8,60fdc934e81b93f92f561d76,1160.8,1,39,gamble_right,You won 10 dollars.,128,2,10,0,6,1
63,8,60fdc934e81b93f92f561d76,1179.6,1,39,gamble_right,You won 17 dollars.,129,2,17,0,10,1
108,8,60fdc934e81b93f92f561d76,867.3,1,39,gamble_right,You won 22 dollars.,130,2,22,0,13,1
117,8,60fdc934e81b93f92f561d76,888.5,1,39,gamble_right,You received 0 dollars.,131,2,28,0,13,2
147,8,60fdc934e81b93f92f561d76,1104.4,1,37,gamble_left,You received 0 dollars.,132,2,5,0,2,2
58,8,60fdc934e81b93f92f561d76,508.2,1,37,gamble_left,You won 26 dollars.,133,2,26,0,10,1
121,8,60fdc934e81b93f92f561d76,899.6,1,39,gamble_right,You won 7 dollars.,134,2,7,0,3,1
143,8,60fdc934e81b93f92f561d76,1085.8,0,37,gamble_right,You won 5 dollars.,135,2,13,0,5,1
132,8,60fdc934e81b93f92f561d76,1139.7,0,37,gamble_right,You won 6 dollars.,136,2,12,0,6,1
45,8,60fdc934e81b93f92f561d76,812.1,0,37,gamble_right,You won 10 dollars.,137,2,25,0,10,1
36,8,60fdc934e81b93f92f561d76,1470.1,0,37,gamble_right,You won 2 dollars.,138,2,4,0,2,1
136,8,60fdc934e81b93f92f561d76,925.3,0,39,gamble_left,You won 1 dollars.,139,2,3,0,1,1
98,8,60fdc934e81b93f92f561d76,656.2,0,39,gamble_left,You won 9 dollars.,140,2,25,0,9,1
139,8,60fdc934e81b93f92f561d76,1257.9,1,37,gamble_left,You won 13 dollars.,141,2,13,0,6,1
4,8,60fdc934e81b93f92f561d76,1356.4,1,37,gamble_left,You won 22 dollars.,142,2,22,0,10,1
52,8,60fdc934e81b93f92f561d76,815.6,1,37,gamble_left,You won 12 dollars.,143,2,12,0,5,1
102,8,60fdc934e81b93f92f561d76,952.1,0,37,gamble_right,You won 1 dollars.,144,2,2,0,1,1
120,8,60fdc934e81b93f92f561d76,926.1,1,39,gamble_right,You won 8 dollars.,145,2,8,0,3,1
47,8,60fdc934e81b93f92f561d76,698.6,0,37,gamble_right,You won 8 dollars.,146,2,19,0,8,1
39,8,60fdc934e81b93f92f561d76,1078.0,0,37,gamble_right,You won 12 dollars.,147,2,26,0,12,1
61,8,60fdc934e81b93f92f561d76,841.4,1,37,gamble_left,You won 30 dollars.,148,2,30,0,12,1
7,8,60fdc934e81b93f92f561d76,1059.6,1,39,gamble_right,You won 23 dollars.,149,2,23,0,10,1
130,8,60fdc934e81b93f92f561d76,1004.6,1,37,gamble_left,You won 12 dollars.,150,2,12,0,4,1