trial_index,ID,subject,rt,responses,key_press,gamble_location,stimulus,Trial_ID,Trial_Type,Gain,Loss,Certain,Trial_Outcome
129,9,60fcd6726ca7ec36ec497d21,1237.1,1,37,gamble_left,You won 2 dollars.,1,1,2,-0.5,0,1
80,9,60fcd6726ca7ec36ec497d21,1154.9,1,37,gamble_left,You lost -0.75 dollars.,2,1,2,-0.75,0,2
83,9,60fcd6726ca7ec36ec497d21,1199.6,1,39,gamble_right,You won 2 dollars.,3,1,2,-1,0,1
140,9,60fcd6726ca7ec36ec497d21,1514.3,1,37,gamble_left,You won 2 dollars.,4,1,2,-1.25,0,1
40,9,60fcd6726ca7ec36ec497d21,1319.9,1,37,gamble_left,You lost -1.5 dollars.,5,1,2,-1.5,0,2
135,9,60fcd6726ca7ec36ec497d21,1409.6,1,39,gamble_right,You won 2 dollars.,6,1,2,-1.75,0,1
107,9,60fcd6726ca7ec36ec497d21,1122.5,0,39,gamble_left,You received 0 dollars.,7,1,2,-2,0,2
88,9,60fcd6726ca7ec36ec497d21,1462.3,1,39,gamble_right,You won 2 dollars.,8,1,2,-2.25,0,1
76,9,60fcd6726ca7ec36ec497d21,1619.4,0,37,gamble_right,You received 0 dollars.,9,1,2,-2.5,0,2
28,9,60fcd6726ca7ec36ec497d21,1361.7,0,39,gamble_left,You received 0 dollars.,10,1,2,-2.75,0,2
96,9,60fcd6726ca7ec36ec497d21,NA,NA,NA,gamble_left,Trial missed.,11,1,2,-3,0,3
44,9,60fcd6726ca7ec36ec497d21,1510.2,0,37,gamble_right,You received 0 dollars.,12,1,2,-3.25,0,2
32,9,60fcd6726ca7ec36ec497d21,1450.6,0,37,gamble_right,You received 0 dollars.,13,1,2,-3.5,0,2
70,9,60fcd6726ca7ec36ec497d21,1406.1,0,37,gamble_right,You received 0 dollars.,14,1,2,-3.75,0,2
51,9,60fcd6726ca7ec36ec497d21,NA,NA,NA,gamble_right,Trial missed.,15,1,2,-4,0,3
15,9,60fcd6726ca7ec36ec497d21,892.0,1,37,gamble_left,You lost -1 dollars.,16,1,4,-1,0,2
147,9,60fcd6726ca7ec36ec497d21,1041.3,1,39,gamble_right,You won 4 dollars.,17,1,4,-1.5,0,1
106,9,60fcd6726ca7ec36ec497d21,1042.2,1,39,gamble_right,You won 4 dollars.,18,1,4,-2,0,1
66,9,60fcd6726ca7ec36ec497d21,1060.4,1,39,gamble_right,You won 4 dollars.,19,1,4,-2.5,0,1
55,9,60fcd6726ca7ec36ec497d21,1082.3,1,37,gamble_left,You lost -3 dollars.,20,1,4,-3,0,2
109,9,60fcd6726ca7ec36ec497d21,1530.4,1,37,gamble_left,You won 4 dollars.,21,1,4,-3.5,0,1
3,9,60fcd6726ca7ec36ec497d21,738.7,1,39,gamble_right,You lost -4 dollars.,22,1,4,-4,0,2
146,9,60fcd6726ca7ec36ec497d21,1060.8,0,39,gamble_left,You received 0 dollars.,23,1,4,-4.5,0,2
25,9,60fcd6726ca7ec36ec497d21,1586.4,0,37,gamble_right,You received 0 dollars.,24,1,4,-5,0,2
91,9,60fcd6726ca7ec36ec497d21,1081.4,1,39,gamble_right,You won 4 dollars.,25,1,4,-5.5,0,1
7,9,60fcd6726ca7ec36ec497d21,1250.7,1,37,gamble_left,You lost -6 dollars.,26,1,4,-6,0,2
144,9,60fcd6726ca7ec36ec497d21,1200.8,0,39,gamble_left,You received 0 dollars.,27,1,4,-6.5,0,2
37,9,60fcd6726ca7ec36ec497d21,1324.4,0,39,gamble_left,You received 0 dollars.,28,1,4,-7,0,2
19,9,60fcd6726ca7ec36ec497d21,1504.3,0,37,gamble_right,You received 0 dollars.,29,1,4,-7.5,0,2
12,9,60fcd6726ca7ec36ec497d21,815.4,1,39,gamble_right,You won 4 dollars.,30,1,4,-8,0,1
110,9,60fcd6726ca7ec36ec497d21,1557.3,1,39,gamble_right,You lost -1.25 dollars.,31,1,5,-1.25,0,2
84,9,60fcd6726ca7ec36ec497d21,914.3,1,37,gamble_left,You won 5 dollars.,32,1,5,-1.88,0,1
124,9,60fcd6726ca7ec36ec497d21,NA,NA,NA,gamble_right,Trial missed.,33,1,5,-2.5,0,3
47,9,60fcd6726ca7ec36ec497d21,1228.8,1,39,gamble_right,You lost -3.13 dollars.,34,1,5,-3.13,0,2
137,9,60fcd6726ca7ec36ec497d21,1491.4,0,39,gamble_left,You received 0 dollars.,35,1,5,-3.75,0,2
112,9,60fcd6726ca7ec36ec497d21,1333.1,0,39,gamble_left,You received 0 dollars.,36,1,5,-4.38,0,2
102,9,60fcd6726ca7ec36ec497d21,1297.2,0,37,gamble_right,You received 0 dollars.,37,1,5,-5,0,2
42,9,60fcd6726ca7ec36ec497d21,NA,NA,NA,gamble_left,Trial missed.,38,1,5,-5.63,0,3
22,9,60fcd6726ca7ec36ec497d21,1585.8,0,37,gamble_right,You received 0 dollars.,39,1,5,-6.25,0,2
71,9,60fcd6726ca7ec36ec497d21,1138.7,0,39,gamble_left,You received 0 dollars.,40,1,5,-6.88,0,2
85,9,60fcd6726ca7ec36ec497d21,1294.0,0,37,gamble_right,You received 0 dollars.,41,1,5,-7.5,0,2
59,9,60fcd6726ca7ec36ec497d21,1618.6,0,37,gamble_right,You received 0 dollars.,42,1,5,-8.13,0,2
24,9,60fcd6726ca7ec36ec497d21,1374.3,0,37,gamble_right,You received 0 dollars.,43,1,5,-8.75,0,2
73,9,60fcd6726ca7ec36ec497d21,1113.4,0,39,gamble_left,You received 0 dollars.,44,1,5,-9.38,0,2
126,9,60fcd6726ca7ec36ec497d21,1428.6,0,37,gamble_right,You received 0 dollars.,45,1,5,-10,0,2
123,9,60fcd6726ca7ec36ec497d21,1098.2,1,37,gamble_left,You lost -1.5 dollars.,46,1,6,-1.5,0,2
65,9,60fcd6726ca7ec36ec497d21,1715.6,1,37,gamble_left,You lost -2.25 dollars.,47,1,6,-2.25,0,2
132,9,60fcd6726ca7ec36ec497d21,1508.4,1,39,gamble_right,You lost -3 dollars.,48,1,6,-3,0,2
94,9,60fcd6726ca7ec36ec497d21,1034.3,1,37,gamble_left,You won 6 dollars.,49,1,6,-3.75,0,1
139,9,60fcd6726ca7ec36ec497d21,1530.2,0,37,gamble_right,You received 0 dollars.,50,1,6,-4.5,0,2
128,9,60fcd6726ca7ec36ec497d21,1272.5,0,39,gamble_left,You received 0 dollars.,51,1,6,-5.25,0,2
134,9,60fcd6726ca7ec36ec497d21,904.5,0,37,gamble_right,You received 0 dollars.,52,1,6,-6,0,2
53,9,60fcd6726ca7ec36ec497d21,1596.4,0,39,gamble_left,You received 0 dollars.,53,1,6,-6.75,0,2
74,9,60fcd6726ca7ec36ec497d21,1412.0,0,37,gamble_right,You received 0 dollars.,54,1,6,-7.5,0,2
75,9,60fcd6726ca7ec36ec497d21,1565.6,0,39,gamble_left,You received 0 dollars.,55,1,6,-8.25,0,2
13,9,60fcd6726ca7ec36ec497d21,1486.9,0,39,gamble_left,You received 0 dollars.,56,1,6,-9,0,2
87,9,60fcd6726ca7ec36ec497d21,1164.2,0,37,gamble_right,You received 0 dollars.,57,1,6,-9.75,0,2
148,9,60fcd6726ca7ec36ec497d21,1401.9,0,39,gamble_left,You received 0 dollars.,58,1,6,-10.5,0,2
89,9,60fcd6726ca7ec36ec497d21,1170.9,0,39,gamble_left,You received 0 dollars.,59,1,6,-11.25,0,2
90,9,60fcd6726ca7ec36ec497d21,1291.0,0,37,gamble_right,You received 0 dollars.,60,1,6,-12,0,2
86,9,60fcd6726ca7ec36ec497d21,1759.9,1,37,gamble_left,You lost -2 dollars.,61,1,8,-2,0,2
115,9,60fcd6726ca7ec36ec497d21,1521.8,1,37,gamble_left,You won 8 dollars.,62,1,8,-3,0,1
9,9,60fcd6726ca7ec36ec497d21,678.4,1,37,gamble_left,You lost -4 dollars.,63,1,8,-4,0,2
97,9,60fcd6726ca7ec36ec497d21,1166.8,1,39,gamble_right,You won 8 dollars.,64,1,8,-5,0,1
61,9,60fcd6726ca7ec36ec497d21,1159.6,1,39,gamble_right,You lost -6 dollars.,65,1,8,-6,0,2
103,9,60fcd6726ca7ec36ec497d21,1542.6,1,39,gamble_right,You won 8 dollars.,66,1,8,-7,0,1
150,9,60fcd6726ca7ec36ec497d21,1342.9,0,37,gamble_right,You received 0 dollars.,67,1,8,-8,0,2
34,9,60fcd6726ca7ec36ec497d21,1347.3,0,37,gamble_right,You received 0 dollars.,68,1,8,-9,0,2
62,9,60fcd6726ca7ec36ec497d21,1261.9,0,39,gamble_left,You received 0 dollars.,69,1,8,-10,0,2
57,9,60fcd6726ca7ec36ec497d21,1759.5,0,37,gamble_right,You received 0 dollars.,70,1,8,-11,0,2
16,9,60fcd6726ca7ec36ec497d21,1358.0,0,39,gamble_left,You received 0 dollars.,71,1,8,-12,0,2
63,9,60fcd6726ca7ec36ec497d21,1547.8,1,37,gamble_left,You lost -13 dollars.,72,1,8,-13,0,2
105,9,60fcd6726ca7ec36ec497d21,1739.6,0,39,gamble_left,You received 0 dollars.,73,1,8,-14,0,2
81,9,60fcd6726ca7ec36ec497d21,1421.3,0,37,gamble_right,You received 0 dollars.,74,1,8,-15,0,2
145,9,60fcd6726ca7ec36ec497d21,1068.2,0,39,gamble_left,You received 0 dollars.,75,1,8,-16,0,2
26,9,60fcd6726ca7ec36ec497d21,1022.1,1,39,gamble_right,You lost -2.25 dollars.,76,1,9,-2.25,0,2
116,9,60fcd6726ca7ec36ec497d21,1539.3,1,37,gamble_left,You won 9 dollars.,77,1,9,-3.38,0,1
31,9,60fcd6726ca7ec36ec497d21,1067.2,1,39,gamble_right,You won 9 dollars.,78,1,9,-4.5,0,1
23,9,60fcd6726ca7ec36ec497d21,NA,NA,NA,gamble_left,Trial missed.,79,1,9,-5.63,0,3
36,9,60fcd6726ca7ec36ec497d21,1312.1,0,39,gamble_left,You received 0 dollars.,80,1,9,-6.75,0,2
121,9,60fcd6726ca7ec36ec497d21,876.7,0,37,gamble_right,You received 0 dollars.,81,1,9,-7.88,0,2
95,9,60fcd6726ca7ec36ec497d21,1455.1,0,39,gamble_left,You received 0 dollars.,82,1,9,-9,0,2
78,9,60fcd6726ca7ec36ec497d21,1223.1,0,39,gamble_left,You received 0 dollars.,83,1,9,-10.13,0,2
46,9,60fcd6726ca7ec36ec497d21,1206.8,0,39,gamble_left,You received 0 dollars.,84,1,9,-11.25,0,2
41,9,60fcd6726ca7ec36ec497d21,1523.4,0,39,gamble_left,You received 0 dollars.,85,1,9,-12.38,0,2
1,9,60fcd6726ca7ec36ec497d21,1444.0,1,37,gamble_left,You won 9 dollars.,86,1,9,-13.5,0,1
64,9,60fcd6726ca7ec36ec497d21,1191.3,0,39,gamble_left,You received 0 dollars.,87,1,9,-14.63,0,2
10,9,60fcd6726ca7ec36ec497d21,636.8,1,37,gamble_left,You lost -15.75 dollars.,88,1,9,-15.75,0,2
119,9,60fcd6726ca7ec36ec497d21,1102.4,0,37,gamble_right,You received 0 dollars.,89,1,9,-16.88,0,2
98,9,60fcd6726ca7ec36ec497d21,1216.7,0,39,gamble_left,You received 0 dollars.,90,1,9,-18,0,2
77,9,60fcd6726ca7ec36ec497d21,1788.2,1,37,gamble_left,You lost -2.5 dollars.,91,1,10,-2.5,0,2
17,9,60fcd6726ca7ec36ec497d21,824.1,1,37,gamble_left,You won 10 dollars.,92,1,10,-3.75,0,1
33,9,60fcd6726ca7ec36ec497d21,1169.2,1,37,gamble_left,You lost -5 dollars.,93,1,10,-5,0,2
130,9,60fcd6726ca7ec36ec497d21,1282.3,1,37,gamble_left,You won 10 dollars.,94,1,10,-6.25,0,1
149,9,60fcd6726ca7ec36ec497d21,NA,NA,NA,gamble_right,Trial missed.,95,1,10,-7.5,0,3
136,9,60fcd6726ca7ec36ec497d21,1306.9,0,37,gamble_right,You received 0 dollars.,96,1,10,-8.75,0,2
52,9,60fcd6726ca7ec36ec497d21,1506.6,0,39,gamble_left,You received 0 dollars.,97,1,10,-10,0,2
117,9,60fcd6726ca7ec36ec497d21,1082.5,0,39,gamble_left,You received 0 dollars.,98,1,10,-11.25,0,2
8,9,60fcd6726ca7ec36ec497d21,1020.7,1,39,gamble_right,You lost -12.5 dollars.,99,1,10,-12.5,0,2
4,9,60fcd6726ca7ec36ec497d21,555.3,1,37,gamble_left,You lost -13.75 dollars.,100,1,10,-13.75,0,2
14,9,60fcd6726ca7ec36ec497d21,991.2,1,37,gamble_left,You lost -15 dollars.,101,1,10,-15,0,2
5,9,60fcd6726ca7ec36ec497d21,643.3,1,37,gamble_left,You won 10 dollars.,102,1,10,-16.25,0,1
104,9,60fcd6726ca7ec36ec497d21,1443.0,0,37,gamble_right,You received 0 dollars.,103,1,10,-17.5,0,2
43,9,60fcd6726ca7ec36ec497d21,1122.6,0,37,gamble_right,You received 0 dollars.,104,1,10,-18.75,0,2
68,9,60fcd6726ca7ec36ec497d21,1234.7,0,37,gamble_right,You received 0 dollars.,105,1,10,-20,0,2
82,9,60fcd6726ca7ec36ec497d21,1015.4,1,37,gamble_left,You lost -3 dollars.,106,1,12,-3,0,2
45,9,60fcd6726ca7ec36ec497d21,1130.7,1,37,gamble_left,You won 12 dollars.,107,1,12,-4.5,0,1
79,9,60fcd6726ca7ec36ec497d21,1278.8,1,37,gamble_left,You won 12 dollars.,108,1,12,-6,0,1
50,9,60fcd6726ca7ec36ec497d21,1634.9,1,37,gamble_left,You lost -7.5 dollars.,109,1,12,-7.5,0,2
113,9,60fcd6726ca7ec36ec497d21,1222.4,1,37,gamble_left,You lost -9 dollars.,110,1,12,-9,0,2
111,9,60fcd6726ca7ec36ec497d21,1083.0,0,37,gamble_right,You received 0 dollars.,111,1,12,-10.5,0,2
30,9,60fcd6726ca7ec36ec497d21,1114.0,0,37,gamble_right,You received 0 dollars.,112,1,12,-12,0,2
100,9,60fcd6726ca7ec36ec497d21,1257.2,0,37,gamble_right,You received 0 dollars.,113,1,12,-13.5,0,2
2,9,60fcd6726ca7ec36ec497d21,1086.8,0,39,gamble_left,You received 0 dollars.,114,1,12,-15,0,2
18,9,60fcd6726ca7ec36ec497d21,828.7,1,39,gamble_right,You lost -16.5 dollars.,115,1,12,-16.5,0,2
142,9,60fcd6726ca7ec36ec497d21,1199.2,0,39,gamble_left,You received 0 dollars.,116,1,12,-18,0,2
54,9,60fcd6726ca7ec36ec497d21,1855.0,0,37,gamble_right,You received 0 dollars.,117,1,12,-19.5,0,2
99,9,60fcd6726ca7ec36ec497d21,1199.5,0,39,gamble_left,You received 0 dollars.,118,1,12,-21,0,2
92,9,60fcd6726ca7ec36ec497d21,1314.9,0,37,gamble_right,You received 0 dollars.,119,1,12,-22.5,0,2
56,9,60fcd6726ca7ec36ec497d21,1128.2,0,39,gamble_left,You received 0 dollars.,120,1,12,-24,0,2
143,9,60fcd6726ca7ec36ec497d21,1730.0,0,37,gamble_right,You won 2 dollars.,121,2,4,0,2,1
38,9,60fcd6726ca7ec36ec497d21,1007.1,1,37,gamble_left,You won 8 dollars.,122,2,8,0,4,1
127,9,60fcd6726ca7ec36ec497d21,1608.7,0,39,gamble_left,You won 6 dollars.,123,2,12,0,6,1
58,9,60fcd6726ca7ec36ec497d21,1151.4,1,37,gamble_left,You won 18 dollars.,124,2,18,0,9,1
108,9,60fcd6726ca7ec36ec497d21,1351.5,1,37,gamble_left,You received 0 dollars.,125,2,24,0,12,2
39,9,60fcd6726ca7ec36ec497d21,1359.0,1,39,gamble_right,You won 5 dollars.,126,2,5,0,3,1
6,9,60fcd6726ca7ec36ec497d21,905.4,0,39,gamble_left,You won 4 dollars.,127,2,7,0,4,1
60,9,60fcd6726ca7ec36ec497d21,1277.2,1,37,gamble_left,You received 0 dollars.,128,2,10,0,6,2
49,9,60fcd6726ca7ec36ec497d21,1115.9,1,39,gamble_right,You received 0 dollars.,129,2,17,0,10,2
133,9,60fcd6726ca7ec36ec497d21,1897.4,1,39,gamble_right,You received 0 dollars.,130,2,22,0,13,2
69,9,60fcd6726ca7ec36ec497d21,1282.9,1,39,gamble_right,You received 0 dollars.,131,2,28,0,13,2
72,9,60fcd6726ca7ec36ec497d21,1461.4,1,37,gamble_left,You received 0 dollars.,132,2,5,0,2,2
114,9,60fcd6726ca7ec36ec497d21,1312.6,1,37,gamble_left,You won 26 dollars.,133,2,26,0,10,1
27,9,60fcd6726ca7ec36ec497d21,1004.1,1,37,gamble_left,You won 7 dollars.,134,2,7,0,3,1
138,9,60fcd6726ca7ec36ec497d21,1606.0,0,37,gamble_right,You won 5 dollars.,135,2,13,0,5,1
120,9,60fcd6726ca7ec36ec497d21,1847.9,1,39,gamble_right,You won 12 dollars.,136,2,12,0,6,1
122,9,60fcd6726ca7ec36ec497d21,1294.2,1,39,gamble_right,You won 25 dollars.,137,2,25,0,10,1
131,9,60fcd6726ca7ec36ec497d21,1406.0,1,39,gamble_right,You received 0 dollars.,138,2,4,0,2,2
118,9,60fcd6726ca7ec36ec497d21,NA,NA,NA,gamble_left,Trial missed.,139,2,3,0,1,3
48,9,60fcd6726ca7ec36ec497d21,994.2,1,37,gamble_left,You won 25 dollars.,140,2,25,0,9,1
101,9,60fcd6726ca7ec36ec497d21,1357.2,0,39,gamble_left,You won 6 dollars.,141,2,13,0,6,1
141,9,60fcd6726ca7ec36ec497d21,1240.4,1,37,gamble_left,You won 22 dollars.,142,2,22,0,10,1
35,9,60fcd6726ca7ec36ec497d21,1635.4,1,37,gamble_left,You received 0 dollars.,143,2,12,0,5,2
67,9,60fcd6726ca7ec36ec497d21,1224.8,0,37,gamble_right,You won 1 dollars.,144,2,2,0,1,1
93,9,60fcd6726ca7ec36ec497d21,1487.6,1,37,gamble_left,You received 0 dollars.,145,2,8,0,3,2
21,9,60fcd6726ca7ec36ec497d21,1351.6,1,37,gamble_left,You won 19 dollars.,146,2,19,0,8,1
11,9,60fcd6726ca7ec36ec497d21,1583.4,1,39,gamble_right,You won 26 dollars.,147,2,26,0,12,1
20,9,60fcd6726ca7ec36ec497d21,1696.7,1,37,gamble_left,You won 30 dollars.,148,2,30,0,12,1
29,9,60fcd6726ca7ec36ec497d21,1106.7,1,39,gamble_right,You won 23 dollars.,149,2,23,0,10,1
125,9,60fcd6726ca7ec36ec497d21,1058.7,1,37,gamble_left,You received 0 dollars.,150,2,12,0,4,2