trial_index,ID,subject,rt,responses,key_press,gamble_location,stimulus,Trial_ID,Trial_Type,Gain,Loss,Certain,Trial_Outcome
4,10,60ff2f6ebcd7f0c9c051ddb7,952.9,1,39,gamble_right,You lost -0.5 dollars.,1,1,2,-0.5,0,2
9,10,60ff2f6ebcd7f0c9c051ddb7,986.0,0,39,gamble_left,You received 0 dollars.,2,1,2,-0.75,0,2
59,10,60ff2f6ebcd7f0c9c051ddb7,847.9,1,39,gamble_right,You won 2 dollars.,3,1,2,-1,0,1
87,10,60ff2f6ebcd7f0c9c051ddb7,1244.4,1,37,gamble_left,You lost -1.25 dollars.,4,1,2,-1.25,0,2
136,10,60ff2f6ebcd7f0c9c051ddb7,1095.5,0,39,gamble_left,You received 0 dollars.,5,1,2,-1.5,0,2
44,10,60ff2f6ebcd7f0c9c051ddb7,756.6,0,37,gamble_right,You received 0 dollars.,6,1,2,-1.75,0,2
19,10,60ff2f6ebcd7f0c9c051ddb7,610.6,1,37,gamble_left,You won 2 dollars.,7,1,2,-2,0,1
42,10,60ff2f6ebcd7f0c9c051ddb7,714.3,0,39,gamble_left,You received 0 dollars.,8,1,2,-2.25,0,2
32,10,60ff2f6ebcd7f0c9c051ddb7,909.0,0,37,gamble_right,You received 0 dollars.,9,1,2,-2.5,0,2
117,10,60ff2f6ebcd7f0c9c051ddb7,1300.1,0,39,gamble_left,You received 0 dollars.,10,1,2,-2.75,0,2
93,10,60ff2f6ebcd7f0c9c051ddb7,1261.2,0,39,gamble_left,You received 0 dollars.,11,1,2,-3,0,2
124,10,60ff2f6ebcd7f0c9c051ddb7,1242.4,0,37,gamble_right,You received 0 dollars.,12,1,2,-3.25,0,2
24,10,60ff2f6ebcd7f0c9c051ddb7,948.4,1,39,gamble_right,You lost -3.5 dollars.,13,1,2,-3.5,0,2
77,10,60ff2f6ebcd7f0c9c051ddb7,801.0,0,39,gamble_left,You received 0 dollars.,14,1,2,-3.75,0,2
71,10,60ff2f6ebcd7f0c9c051ddb7,996.0,0,37,gamble_right,You received 0 dollars.,15,1,2,-4,0,2
110,10,60ff2f6ebcd7f0c9c051ddb7,954.4,1,37,gamble_left,You won 4 dollars.,16,1,4,-1,0,1
15,10,60ff2f6ebcd7f0c9c051ddb7,919.4,0,39,gamble_left,You received 0 dollars.,17,1,4,-1.5,0,2
85,10,60ff2f6ebcd7f0c9c051ddb7,1409.4,1,39,gamble_right,You won 4 dollars.,18,1,4,-2,0,1
57,10,60ff2f6ebcd7f0c9c051ddb7,606.2,0,39,gamble_left,You received 0 dollars.,19,1,4,-2.5,0,2
146,10,60ff2f6ebcd7f0c9c051ddb7,652.2,0,37,gamble_right,You received 0 dollars.,20,1,4,-3,0,2
58,10,60ff2f6ebcd7f0c9c051ddb7,565.3,0,39,gamble_left,You received 0 dollars.,21,1,4,-3.5,0,2
35,10,60ff2f6ebcd7f0c9c051ddb7,985.6,0,39,gamble_left,You received 0 dollars.,22,1,4,-4,0,2
13,10,60ff2f6ebcd7f0c9c051ddb7,1093.4,0,39,gamble_left,You received 0 dollars.,23,1,4,-4.5,0,2
113,10,60ff2f6ebcd7f0c9c051ddb7,1489.4,0,39,gamble_left,You received 0 dollars.,24,1,4,-5,0,2
3,10,60ff2f6ebcd7f0c9c051ddb7,911.7,1,37,gamble_left,You lost -5.5 dollars.,25,1,4,-5.5,0,2
132,10,60ff2f6ebcd7f0c9c051ddb7,1135.8,0,37,gamble_right,You received 0 dollars.,26,1,4,-6,0,2
116,10,60ff2f6ebcd7f0c9c051ddb7,1063.7,0,37,gamble_right,You received 0 dollars.,27,1,4,-6.5,0,2
60,10,60ff2f6ebcd7f0c9c051ddb7,722.1,0,37,gamble_right,You received 0 dollars.,28,1,4,-7,0,2
79,10,60ff2f6ebcd7f0c9c051ddb7,945.6,0,37,gamble_right,You received 0 dollars.,29,1,4,-7.5,0,2
88,10,60ff2f6ebcd7f0c9c051ddb7,1308.1,0,37,gamble_right,You received 0 dollars.,30,1,4,-8,0,2
150,10,60ff2f6ebcd7f0c9c051ddb7,456.2,0,37,gamble_right,You received 0 dollars.,31,1,5,-1.25,0,2
39,10,60ff2f6ebcd7f0c9c051ddb7,793.5,0,39,gamble_left,You received 0 dollars.,32,1,5,-1.88,0,2
33,10,60ff2f6ebcd7f0c9c051ddb7,1119.8,0,39,gamble_left,You received 0 dollars.,33,1,5,-2.5,0,2
69,10,60ff2f6ebcd7f0c9c051ddb7,695.1,0,39,gamble_left,You received 0 dollars.,34,1,5,-3.13,0,2
45,10,60ff2f6ebcd7f0c9c051ddb7,716.6,0,37,gamble_right,You received 0 dollars.,35,1,5,-3.75,0,2
75,10,60ff2f6ebcd7f0c9c051ddb7,965.2,0,37,gamble_right,You received 0 dollars.,36,1,5,-4.38,0,2
38,10,60ff2f6ebcd7f0c9c051ddb7,946.9,0,37,gamble_right,You received 0 dollars.,37,1,5,-5,0,2
18,10,60ff2f6ebcd7f0c9c051ddb7,622.2,0,37,gamble_right,You received 0 dollars.,38,1,5,-5.63,0,2
70,10,60ff2f6ebcd7f0c9c051ddb7,844.6,0,37,gamble_right,You received 0 dollars.,39,1,5,-6.25,0,2
22,10,60ff2f6ebcd7f0c9c051ddb7,1139.7,0,37,gamble_right,You received 0 dollars.,40,1,5,-6.88,0,2
139,10,60ff2f6ebcd7f0c9c051ddb7,395.1,0,39,gamble_left,You received 0 dollars.,41,1,5,-7.5,0,2
100,10,60ff2f6ebcd7f0c9c051ddb7,1078.1,0,39,gamble_left,You received 0 dollars.,42,1,5,-8.13,0,2
62,10,60ff2f6ebcd7f0c9c051ddb7,844.8,0,37,gamble_right,You received 0 dollars.,43,1,5,-8.75,0,2
86,10,60ff2f6ebcd7f0c9c051ddb7,1099.0,0,39,gamble_left,You received 0 dollars.,44,1,5,-9.38,0,2
141,10,60ff2f6ebcd7f0c9c051ddb7,450.3,0,39,gamble_left,You received 0 dollars.,45,1,5,-10,0,2
48,10,60ff2f6ebcd7f0c9c051ddb7,708.2,0,37,gamble_right,You received 0 dollars.,46,1,6,-1.5,0,2
123,10,60ff2f6ebcd7f0c9c051ddb7,1098.3,0,37,gamble_right,You received 0 dollars.,47,1,6,-2.25,0,2
67,10,60ff2f6ebcd7f0c9c051ddb7,849.7,0,37,gamble_right,You received 0 dollars.,48,1,6,-3,0,2
41,10,60ff2f6ebcd7f0c9c051ddb7,829.7,0,39,gamble_left,You received 0 dollars.,49,1,6,-3.75,0,2
125,10,60ff2f6ebcd7f0c9c051ddb7,1085.1,0,37,gamble_right,You received 0 dollars.,50,1,6,-4.5,0,2
8,10,60ff2f6ebcd7f0c9c051ddb7,1095.8,1,39,gamble_right,You lost -5.25 dollars.,51,1,6,-5.25,0,2
82,10,60ff2f6ebcd7f0c9c051ddb7,837.5,0,39,gamble_left,You received 0 dollars.,52,1,6,-6,0,2
72,10,60ff2f6ebcd7f0c9c051ddb7,608.7,0,37,gamble_right,You received 0 dollars.,53,1,6,-6.75,0,2
10,10,60ff2f6ebcd7f0c9c051ddb7,975.8,0,39,gamble_left,You received 0 dollars.,54,1,6,-7.5,0,2
55,10,60ff2f6ebcd7f0c9c051ddb7,1082.8,1,37,gamble_left,You lost -8.25 dollars.,55,1,6,-8.25,0,2
53,10,60ff2f6ebcd7f0c9c051ddb7,836.3,0,39,gamble_left,You received 0 dollars.,56,1,6,-9,0,2
105,10,60ff2f6ebcd7f0c9c051ddb7,1053.1,0,39,gamble_left,You received 0 dollars.,57,1,6,-9.75,0,2
1,10,60ff2f6ebcd7f0c9c051ddb7,1414.0,0,39,gamble_left,You received 0 dollars.,58,1,6,-10.5,0,2
25,10,60ff2f6ebcd7f0c9c051ddb7,640.0,0,39,gamble_left,You received 0 dollars.,59,1,6,-11.25,0,2
89,10,60ff2f6ebcd7f0c9c051ddb7,1330.7,0,37,gamble_right,You received 0 dollars.,60,1,6,-12,0,2
108,10,60ff2f6ebcd7f0c9c051ddb7,1645.2,1,39,gamble_right,You won 8 dollars.,61,1,8,-2,0,1
65,10,60ff2f6ebcd7f0c9c051ddb7,988.4,0,39,gamble_left,You received 0 dollars.,62,1,8,-3,0,2
90,10,60ff2f6ebcd7f0c9c051ddb7,1462.9,1,37,gamble_left,You won 8 dollars.,63,1,8,-4,0,1
6,10,60ff2f6ebcd7f0c9c051ddb7,676.4,0,37,gamble_right,You received 0 dollars.,64,1,8,-5,0,2
140,10,60ff2f6ebcd7f0c9c051ddb7,453.7,0,39,gamble_left,You received 0 dollars.,65,1,8,-6,0,2
107,10,60ff2f6ebcd7f0c9c051ddb7,784.8,0,39,gamble_left,You received 0 dollars.,66,1,8,-7,0,2
83,10,60ff2f6ebcd7f0c9c051ddb7,869.9,0,39,gamble_left,You received 0 dollars.,67,1,8,-8,0,2
47,10,60ff2f6ebcd7f0c9c051ddb7,774.3,0,37,gamble_right,You received 0 dollars.,68,1,8,-9,0,2
126,10,60ff2f6ebcd7f0c9c051ddb7,1191.2,0,39,gamble_left,You received 0 dollars.,69,1,8,-10,0,2
121,10,60ff2f6ebcd7f0c9c051ddb7,1021.3,0,39,gamble_left,You received 0 dollars.,70,1,8,-11,0,2
66,10,60ff2f6ebcd7f0c9c051ddb7,749.5,0,39,gamble_left,You received 0 dollars.,71,1,8,-12,0,2
51,10,60ff2f6ebcd7f0c9c051ddb7,980.5,0,37,gamble_right,You received 0 dollars.,72,1,8,-13,0,2
137,10,60ff2f6ebcd7f0c9c051ddb7,1045.4,0,39,gamble_left,You received 0 dollars.,73,1,8,-14,0,2
34,10,60ff2f6ebcd7f0c9c051ddb7,966.1,0,39,gamble_left,You received 0 dollars.,74,1,8,-15,0,2
76,10,60ff2f6ebcd7f0c9c051ddb7,739.7,0,37,gamble_right,You received 0 dollars.,75,1,8,-16,0,2
142,10,60ff2f6ebcd7f0c9c051ddb7,424.5,0,39,gamble_left,You received 0 dollars.,76,1,9,-2.25,0,2
17,10,60ff2f6ebcd7f0c9c051ddb7,648.3,0,37,gamble_right,You received 0 dollars.,77,1,9,-3.38,0,2
50,10,60ff2f6ebcd7f0c9c051ddb7,796.2,0,39,gamble_left,You received 0 dollars.,78,1,9,-4.5,0,2
68,10,60ff2f6ebcd7f0c9c051ddb7,529.3,0,37,gamble_right,You received 0 dollars.,79,1,9,-5.63,0,2
5,10,60ff2f6ebcd7f0c9c051ddb7,801.5,0,39,gamble_left,You received 0 dollars.,80,1,9,-6.75,0,2
80,10,60ff2f6ebcd7f0c9c051ddb7,793.4,0,39,gamble_left,You received 0 dollars.,81,1,9,-7.88,0,2
84,10,60ff2f6ebcd7f0c9c051ddb7,966.4,1,37,gamble_left,You won 9 dollars.,82,1,9,-9,0,1
147,10,60ff2f6ebcd7f0c9c051ddb7,552.1,0,37,gamble_right,You received 0 dollars.,83,1,9,-10.13,0,2
118,10,60ff2f6ebcd7f0c9c051ddb7,1217.3,0,37,gamble_right,You received 0 dollars.,84,1,9,-11.25,0,2
23,10,60ff2f6ebcd7f0c9c051ddb7,845.0,0,39,gamble_left,You received 0 dollars.,85,1,9,-12.38,0,2
131,10,60ff2f6ebcd7f0c9c051ddb7,1155.6,0,37,gamble_right,You received 0 dollars.,86,1,9,-13.5,0,2
127,10,60ff2f6ebcd7f0c9c051ddb7,1203.6,0,39,gamble_left,You received 0 dollars.,87,1,9,-14.63,0,2
94,10,60ff2f6ebcd7f0c9c051ddb7,1114.7,0,39,gamble_left,You received 0 dollars.,88,1,9,-15.75,0,2
27,10,60ff2f6ebcd7f0c9c051ddb7,800.6,0,39,gamble_left,You received 0 dollars.,89,1,9,-16.88,0,2
99,10,60ff2f6ebcd7f0c9c051ddb7,1098.1,0,39,gamble_left,You received 0 dollars.,90,1,9,-18,0,2
37,10,60ff2f6ebcd7f0c9c051ddb7,1147.1,0,37,gamble_right,You received 0 dollars.,91,1,10,-2.5,0,2
28,10,60ff2f6ebcd7f0c9c051ddb7,538.5,0,39,gamble_left,You received 0 dollars.,92,1,10,-3.75,0,2
91,10,60ff2f6ebcd7f0c9c051ddb7,1171.1,1,37,gamble_left,You won 10 dollars.,93,1,10,-5,0,1
40,10,60ff2f6ebcd7f0c9c051ddb7,1036.2,0,37,gamble_right,You received 0 dollars.,94,1,10,-6.25,0,2
96,10,60ff2f6ebcd7f0c9c051ddb7,1525.5,1,39,gamble_right,You won 10 dollars.,95,1,10,-7.5,0,1
104,10,60ff2f6ebcd7f0c9c051ddb7,879.7,0,39,gamble_left,You received 0 dollars.,96,1,10,-8.75,0,2
103,10,60ff2f6ebcd7f0c9c051ddb7,1304.3,1,37,gamble_left,You lost -10 dollars.,97,1,10,-10,0,2
20,10,60ff2f6ebcd7f0c9c051ddb7,956.5,0,39,gamble_left,You received 0 dollars.,98,1,10,-11.25,0,2
97,10,60ff2f6ebcd7f0c9c051ddb7,1256.0,0,39,gamble_left,You received 0 dollars.,99,1,10,-12.5,0,2
148,10,60ff2f6ebcd7f0c9c051ddb7,468.9,0,37,gamble_right,You received 0 dollars.,100,1,10,-13.75,0,2
109,10,60ff2f6ebcd7f0c9c051ddb7,1081.4,0,39,gamble_left,You received 0 dollars.,101,1,10,-15,0,2
143,10,60ff2f6ebcd7f0c9c051ddb7,586.7,0,39,gamble_left,You received 0 dollars.,102,1,10,-16.25,0,2
120,10,60ff2f6ebcd7f0c9c051ddb7,814.7,0,39,gamble_left,You received 0 dollars.,103,1,10,-17.5,0,2
106,10,60ff2f6ebcd7f0c9c051ddb7,878.4,0,39,gamble_left,You received 0 dollars.,104,1,10,-18.75,0,2
16,10,60ff2f6ebcd7f0c9c051ddb7,966.8,0,37,gamble_right,You received 0 dollars.,105,1,10,-20,0,2
46,10,60ff2f6ebcd7f0c9c051ddb7,916.8,0,39,gamble_left,You received 0 dollars.,106,1,12,-3,0,2
31,10,60ff2f6ebcd7f0c9c051ddb7,933.5,0,39,gamble_left,You received 0 dollars.,107,1,12,-4.5,0,2
26,10,60ff2f6ebcd7f0c9c051ddb7,663.3,0,37,gamble_right,You received 0 dollars.,108,1,12,-6,0,2
144,10,60ff2f6ebcd7f0c9c051ddb7,396.4,0,39,gamble_left,You received 0 dollars.,109,1,12,-7.5,0,2
133,10,60ff2f6ebcd7f0c9c051ddb7,1454.0,0,37,gamble_right,You received 0 dollars.,110,1,12,-9,0,2
122,10,60ff2f6ebcd7f0c9c051ddb7,1339.7,0,37,gamble_right,You received 0 dollars.,111,1,12,-10.5,0,2
81,10,60ff2f6ebcd7f0c9c051ddb7,667.7,0,37,gamble_right,You received 0 dollars.,112,1,12,-12,0,2
54,10,60ff2f6ebcd7f0c9c051ddb7,647.8,0,39,gamble_left,You received 0 dollars.,113,1,12,-13.5,0,2
61,10,60ff2f6ebcd7f0c9c051ddb7,790.1,0,37,gamble_right,You received 0 dollars.,114,1,12,-15,0,2
2,10,60ff2f6ebcd7f0c9c051ddb7,984.3,1,37,gamble_left,You won 12 dollars.,115,1,12,-16.5,0,1
138,10,60ff2f6ebcd7f0c9c051ddb7,293.7,1,39,gamble_right,You lost -18 dollars.,116,1,12,-18,0,2
101,10,60ff2f6ebcd7f0c9c051ddb7,1647.7,0,39,gamble_left,You received 0 dollars.,117,1,12,-19.5,0,2
11,10,60ff2f6ebcd7f0c9c051ddb7,656.4,0,37,gamble_right,You received 0 dollars.,118,1,12,-21,0,2
52,10,60ff2f6ebcd7f0c9c051ddb7,497.7,1,37,gamble_left,You lost -22.5 dollars.,119,1,12,-22.5,0,2
64,10,60ff2f6ebcd7f0c9c051ddb7,1046.0,0,37,gamble_right,You received 0 dollars.,120,1,12,-24,0,2
73,10,60ff2f6ebcd7f0c9c051ddb7,1121.3,1,37,gamble_left,You received 0 dollars.,121,2,4,0,2,2
111,10,60ff2f6ebcd7f0c9c051ddb7,1173.2,1,39,gamble_right,You received 0 dollars.,122,2,8,0,4,2
74,10,60ff2f6ebcd7f0c9c051ddb7,791.4,0,37,gamble_right,You won 6 dollars.,123,2,12,0,6,1
135,10,60ff2f6ebcd7f0c9c051ddb7,1033.6,0,37,gamble_right,You won 9 dollars.,124,2,18,0,9,1
149,10,60ff2f6ebcd7f0c9c051ddb7,608.4,0,37,gamble_right,You won 12 dollars.,125,2,24,0,12,1
14,10,60ff2f6ebcd7f0c9c051ddb7,777.5,0,37,gamble_right,You won 3 dollars.,126,2,5,0,3,1
36,10,60ff2f6ebcd7f0c9c051ddb7,1151.1,0,39,gamble_left,You won 4 dollars.,127,2,7,0,4,1
130,10,60ff2f6ebcd7f0c9c051ddb7,1243.5,1,39,gamble_right,You received 0 dollars.,128,2,10,0,6,2
21,10,60ff2f6ebcd7f0c9c051ddb7,883.7,0,39,gamble_left,You won 10 dollars.,129,2,17,0,10,1
115,10,60ff2f6ebcd7f0c9c051ddb7,1216.5,1,37,gamble_left,You won 22 dollars.,130,2,22,0,13,1
98,10,60ff2f6ebcd7f0c9c051ddb7,1046.0,1,37,gamble_left,You received 0 dollars.,131,2,28,0,13,2
92,10,60ff2f6ebcd7f0c9c051ddb7,1572.2,1,37,gamble_left,You received 0 dollars.,132,2,5,0,2,2
114,10,60ff2f6ebcd7f0c9c051ddb7,1236.3,1,39,gamble_right,You won 26 dollars.,133,2,26,0,10,1
12,10,60ff2f6ebcd7f0c9c051ddb7,1066.9,1,37,gamble_left,You received 0 dollars.,134,2,7,0,3,2
112,10,60ff2f6ebcd7f0c9c051ddb7,1558.7,1,39,gamble_right,You received 0 dollars.,135,2,13,0,5,2
43,10,60ff2f6ebcd7f0c9c051ddb7,719.2,0,39,gamble_left,You won 6 dollars.,136,2,12,0,6,1
134,10,60ff2f6ebcd7f0c9c051ddb7,1459.6,1,39,gamble_right,You received 0 dollars.,137,2,25,0,10,2
56,10,60ff2f6ebcd7f0c9c051ddb7,406.9,0,39,gamble_left,You won 2 dollars.,138,2,4,0,2,1
30,10,60ff2f6ebcd7f0c9c051ddb7,656.5,0,39,gamble_left,You won 1 dollars.,139,2,3,0,1,1
7,10,60ff2f6ebcd7f0c9c051ddb7,966.4,0,39,gamble_left,You won 9 dollars.,140,2,25,0,9,1
128,10,60ff2f6ebcd7f0c9c051ddb7,1376.6,1,39,gamble_right,You won 13 dollars.,141,2,13,0,6,1
63,10,60ff2f6ebcd7f0c9c051ddb7,862.9,0,37,gamble_right,You won 10 dollars.,142,2,22,0,10,1
145,10,60ff2f6ebcd7f0c9c051ddb7,923.5,0,39,gamble_left,You won 5 dollars.,143,2,12,0,5,1
49,10,60ff2f6ebcd7f0c9c051ddb7,771.5,1,37,gamble_left,You received 0 dollars.,144,2,2,0,1,2
119,10,60ff2f6ebcd7f0c9c051ddb7,912.5,1,37,gamble_left,You received 0 dollars.,145,2,8,0,3,2
102,10,60ff2f6ebcd7f0c9c051ddb7,1096.6,1,37,gamble_left,You received 0 dollars.,146,2,19,0,8,2
95,10,60ff2f6ebcd7f0c9c051ddb7,1299.7,1,37,gamble_left,You won 26 dollars.,147,2,26,0,12,1
29,10,60ff2f6ebcd7f0c9c051ddb7,501.7,0,37,gamble_right,You won 12 dollars.,148,2,30,0,12,1
129,10,60ff2f6ebcd7f0c9c051ddb7,1532.9,1,39,gamble_right,You won 23 dollars.,149,2,23,0,10,1
78,10,60ff2f6ebcd7f0c9c051ddb7,904.9,0,37,gamble_right,You won 4 dollars.,150,2,12,0,4,1