trial_index,ID,subject,rt,responses,key_press,gamble_location,stimulus,Trial_ID,Trial_Type,Gain,Loss,Certain,Trial_Outcome
127,11,60fe0a2de9721d4c9bd82482,1133,1,37,gamble_left,You won 2 dollars.,1,1,2,-0.5,0,1
47,11,60fe0a2de9721d4c9bd82482,985,0,37,gamble_right,You received 0 dollars.,2,1,2,-0.75,0,2
57,11,60fe0a2de9721d4c9bd82482,983,0,39,gamble_left,You received 0 dollars.,3,1,2,-1,0,2
90,11,60fe0a2de9721d4c9bd82482,1054,0,39,gamble_left,You received 0 dollars.,4,1,2,-1.25,0,2
102,11,60fe0a2de9721d4c9bd82482,1111,0,39,gamble_left,You received 0 dollars.,5,1,2,-1.5,0,2
130,11,60fe0a2de9721d4c9bd82482,830,0,39,gamble_left,You received 0 dollars.,6,1,2,-1.75,0,2
128,11,60fe0a2de9721d4c9bd82482,928,0,39,gamble_left,You received 0 dollars.,7,1,2,-2,0,2
14,11,60fe0a2de9721d4c9bd82482,1560,0,37,gamble_right,You received 0 dollars.,8,1,2,-2.25,0,2
101,11,60fe0a2de9721d4c9bd82482,1020,0,39,gamble_left,You received 0 dollars.,9,1,2,-2.5,0,2
147,11,60fe0a2de9721d4c9bd82482,756,0,39,gamble_left,You received 0 dollars.,10,1,2,-2.75,0,2
7,11,60fe0a2de9721d4c9bd82482,1436,0,39,gamble_left,You received 0 dollars.,11,1,2,-3,0,2
53,11,60fe0a2de9721d4c9bd82482,1074,0,37,gamble_right,You received 0 dollars.,12,1,2,-3.25,0,2
129,11,60fe0a2de9721d4c9bd82482,1080,0,37,gamble_right,You received 0 dollars.,13,1,2,-3.5,0,2
125,11,60fe0a2de9721d4c9bd82482,909,0,37,gamble_right,You received 0 dollars.,14,1,2,-3.75,0,2
16,11,60fe0a2de9721d4c9bd82482,1082,0,39,gamble_left,You received 0 dollars.,15,1,2,-4,0,2
42,11,60fe0a2de9721d4c9bd82482,1034,0,37,gamble_right,You received 0 dollars.,16,1,4,-1,0,2
3,11,60fe0a2de9721d4c9bd82482,1482,1,39,gamble_right,You lost -1.5 dollars.,17,1,4,-1.5,0,2
142,11,60fe0a2de9721d4c9bd82482,1305,0,37,gamble_right,You received 0 dollars.,18,1,4,-2,0,2
62,11,60fe0a2de9721d4c9bd82482,1483,1,37,gamble_left,You won 4 dollars.,19,1,4,-2.5,0,1
86,11,60fe0a2de9721d4c9bd82482,1136,0,37,gamble_right,You received 0 dollars.,20,1,4,-3,0,2
88,11,60fe0a2de9721d4c9bd82482,1158,0,37,gamble_right,You received 0 dollars.,21,1,4,-3.5,0,2
2,11,60fe0a2de9721d4c9bd82482,1031,0,39,gamble_left,You received 0 dollars.,22,1,4,-4,0,2
124,11,60fe0a2de9721d4c9bd82482,884,0,37,gamble_right,You received 0 dollars.,23,1,4,-4.5,0,2
93,11,60fe0a2de9721d4c9bd82482,960,0,39,gamble_left,You received 0 dollars.,24,1,4,-5,0,2
37,11,60fe0a2de9721d4c9bd82482,1388,0,39,gamble_left,You received 0 dollars.,25,1,4,-5.5,0,2
26,11,60fe0a2de9721d4c9bd82482,1210,0,39,gamble_left,You received 0 dollars.,26,1,4,-6,0,2
64,11,60fe0a2de9721d4c9bd82482,956,0,37,gamble_right,You received 0 dollars.,27,1,4,-6.5,0,2
122,11,60fe0a2de9721d4c9bd82482,1458,0,39,gamble_left,You received 0 dollars.,28,1,4,-7,0,2
74,11,60fe0a2de9721d4c9bd82482,1084,0,39,gamble_left,You received 0 dollars.,29,1,4,-7.5,0,2
145,11,60fe0a2de9721d4c9bd82482,810,0,39,gamble_left,You received 0 dollars.,30,1,4,-8,0,2
143,11,60fe0a2de9721d4c9bd82482,1178,0,39,gamble_left,You received 0 dollars.,31,1,5,-1.25,0,2
20,11,60fe0a2de9721d4c9bd82482,1309,1,39,gamble_right,You lost -1.88 dollars.,32,1,5,-1.88,0,2
23,11,60fe0a2de9721d4c9bd82482,1310,0,39,gamble_left,You received 0 dollars.,33,1,5,-2.5,0,2
22,11,60fe0a2de9721d4c9bd82482,1335,0,39,gamble_left,You received 0 dollars.,34,1,5,-3.13,0,2
150,11,60fe0a2de9721d4c9bd82482,937,0,37,gamble_right,You received 0 dollars.,35,1,5,-3.75,0,2
116,11,60fe0a2de9721d4c9bd82482,930,0,37,gamble_right,You received 0 dollars.,36,1,5,-4.38,0,2
19,11,60fe0a2de9721d4c9bd82482,1309,1,37,gamble_left,You won 5 dollars.,37,1,5,-5,0,1
6,11,60fe0a2de9721d4c9bd82482,1532,0,39,gamble_left,You received 0 dollars.,38,1,5,-5.63,0,2
81,11,60fe0a2de9721d4c9bd82482,985,0,39,gamble_left,You received 0 dollars.,39,1,5,-6.25,0,2
85,11,60fe0a2de9721d4c9bd82482,963,0,39,gamble_left,You received 0 dollars.,40,1,5,-6.88,0,2
98,11,60fe0a2de9721d4c9bd82482,1258,0,39,gamble_left,You received 0 dollars.,41,1,5,-7.5,0,2
65,11,60fe0a2de9721d4c9bd82482,885,0,37,gamble_right,You received 0 dollars.,42,1,5,-8.13,0,2
103,11,60fe0a2de9721d4c9bd82482,960,0,39,gamble_left,You received 0 dollars.,43,1,5,-8.75,0,2
78,11,60fe0a2de9721d4c9bd82482,935,0,39,gamble_left,You received 0 dollars.,44,1,5,-9.38,0,2
76,11,60fe0a2de9721d4c9bd82482,1159,0,37,gamble_right,You received 0 dollars.,45,1,5,-10,0,2
119,11,60fe0a2de9721d4c9bd82482,1007,0,37,gamble_right,You received 0 dollars.,46,1,6,-1.5,0,2
83,11,60fe0a2de9721d4c9bd82482,1404,0,39,gamble_left,You received 0 dollars.,47,1,6,-2.25,0,2
15,11,60fe0a2de9721d4c9bd82482,1084,1,39,gamble_right,You won 6 dollars.,48,1,6,-3,0,1
11,11,60fe0a2de9721d4c9bd82482,1408,1,39,gamble_right,You won 6 dollars.,49,1,6,-3.75,0,1
10,11,60fe0a2de9721d4c9bd82482,1460,0,39,gamble_left,You received 0 dollars.,50,1,6,-4.5,0,2
60,11,60fe0a2de9721d4c9bd82482,1060,0,37,gamble_right,You received 0 dollars.,51,1,6,-5.25,0,2
21,11,60fe0a2de9721d4c9bd82482,1108,0,37,gamble_right,You received 0 dollars.,52,1,6,-6,0,2
71,11,60fe0a2de9721d4c9bd82482,899,0,37,gamble_right,You received 0 dollars.,53,1,6,-6.75,0,2
17,11,60fe0a2de9721d4c9bd82482,1110,0,39,gamble_left,You received 0 dollars.,54,1,6,-7.5,0,2
4,11,60fe0a2de9721d4c9bd82482,1327,0,37,gamble_right,You received 0 dollars.,55,1,6,-8.25,0,2
94,11,60fe0a2de9721d4c9bd82482,860,0,39,gamble_left,You received 0 dollars.,56,1,6,-9,0,2
63,11,60fe0a2de9721d4c9bd82482,882,0,39,gamble_left,You received 0 dollars.,57,1,6,-9.75,0,2
46,11,60fe0a2de9721d4c9bd82482,1385,0,39,gamble_left,You received 0 dollars.,58,1,6,-10.5,0,2
49,11,60fe0a2de9721d4c9bd82482,910,0,39,gamble_left,You received 0 dollars.,59,1,6,-11.25,0,2
58,11,60fe0a2de9721d4c9bd82482,1112,0,37,gamble_right,You received 0 dollars.,60,1,6,-12,0,2
135,11,60fe0a2de9721d4c9bd82482,1185,1,37,gamble_left,You lost -2 dollars.,61,1,8,-2,0,2
55,11,60fe0a2de9721d4c9bd82482,1260,1,37,gamble_left,You lost -3 dollars.,62,1,8,-3,0,2
68,11,60fe0a2de9721d4c9bd82482,1061,1,37,gamble_left,You lost -4 dollars.,63,1,8,-4,0,2
140,11,60fe0a2de9721d4c9bd82482,885,0,37,gamble_right,You received 0 dollars.,64,1,8,-5,0,2
52,11,60fe0a2de9721d4c9bd82482,985,0,39,gamble_left,You received 0 dollars.,65,1,8,-6,0,2
110,11,60fe0a2de9721d4c9bd82482,980,0,37,gamble_right,You received 0 dollars.,66,1,8,-7,0,2
138,11,60fe0a2de9721d4c9bd82482,884,0,37,gamble_right,You received 0 dollars.,67,1,8,-8,0,2
114,11,60fe0a2de9721d4c9bd82482,1030,0,39,gamble_left,You received 0 dollars.,68,1,8,-9,0,2
56,11,60fe0a2de9721d4c9bd82482,934,0,37,gamble_right,You received 0 dollars.,69,1,8,-10,0,2
5,11,60fe0a2de9721d4c9bd82482,1359,0,37,gamble_right,You received 0 dollars.,70,1,8,-11,0,2
117,11,60fe0a2de9721d4c9bd82482,914,0,37,gamble_right,You received 0 dollars.,71,1,8,-12,0,2
113,11,60fe0a2de9721d4c9bd82482,856,0,39,gamble_left,You received 0 dollars.,72,1,8,-13,0,2
9,11,60fe0a2de9721d4c9bd82482,1408,1,37,gamble_left,You won 8 dollars.,73,1,8,-14,0,1
67,11,60fe0a2de9721d4c9bd82482,1010,0,39,gamble_left,You received 0 dollars.,74,1,8,-15,0,2
18,11,60fe0a2de9721d4c9bd82482,1285,0,37,gamble_right,You received 0 dollars.,75,1,8,-16,0,2
139,11,60fe0a2de9721d4c9bd82482,860,0,39,gamble_left,You received 0 dollars.,76,1,9,-2.25,0,2
107,11,60fe0a2de9721d4c9bd82482,1105,1,39,gamble_right,You won 9 dollars.,77,1,9,-3.38,0,1
100,11,60fe0a2de9721d4c9bd82482,984,0,39,gamble_left,You received 0 dollars.,78,1,9,-4.5,0,2
82,11,60fe0a2de9721d4c9bd82482,1353,0,37,gamble_right,You received 0 dollars.,79,1,9,-5.63,0,2
149,11,60fe0a2de9721d4c9bd82482,1010,0,37,gamble_right,You received 0 dollars.,80,1,9,-6.75,0,2
54,11,60fe0a2de9721d4c9bd82482,957,0,39,gamble_left,You received 0 dollars.,81,1,9,-7.88,0,2
39,11,60fe0a2de9721d4c9bd82482,955,0,37,gamble_right,You received 0 dollars.,82,1,9,-9,0,2
120,11,60fe0a2de9721d4c9bd82482,1082,0,39,gamble_left,You received 0 dollars.,83,1,9,-10.13,0,2
51,11,60fe0a2de9721d4c9bd82482,1293,0,37,gamble_right,You received 0 dollars.,84,1,9,-11.25,0,2
99,11,60fe0a2de9721d4c9bd82482,884,0,39,gamble_left,You received 0 dollars.,85,1,9,-12.38,0,2
108,11,60fe0a2de9721d4c9bd82482,1130,0,39,gamble_left,You received 0 dollars.,86,1,9,-13.5,0,2
24,11,60fe0a2de9721d4c9bd82482,1383,0,39,gamble_left,You received 0 dollars.,87,1,9,-14.63,0,2
141,11,60fe0a2de9721d4c9bd82482,879,0,37,gamble_right,You received 0 dollars.,88,1,9,-15.75,0,2
35,11,60fe0a2de9721d4c9bd82482,780,0,37,gamble_right,You received 0 dollars.,89,1,9,-16.88,0,2
50,11,60fe0a2de9721d4c9bd82482,1310,0,39,gamble_left,You received 0 dollars.,90,1,9,-18,0,2
30,11,60fe0a2de9721d4c9bd82482,1429,1,37,gamble_left,You lost -2.5 dollars.,91,1,10,-2.5,0,2
126,11,60fe0a2de9721d4c9bd82482,960,0,37,gamble_right,You received 0 dollars.,92,1,10,-3.75,0,2
80,11,60fe0a2de9721d4c9bd82482,909,0,37,gamble_right,You received 0 dollars.,93,1,10,-5,0,2
105,11,60fe0a2de9721d4c9bd82482,1279,0,37,gamble_right,You received 0 dollars.,94,1,10,-6.25,0,2
13,11,60fe0a2de9721d4c9bd82482,1310,0,39,gamble_left,You received 0 dollars.,95,1,10,-7.5,0,2
33,11,60fe0a2de9721d4c9bd82482,1280,0,37,gamble_right,You received 0 dollars.,96,1,10,-8.75,0,2
96,11,60fe0a2de9721d4c9bd82482,1232,0,39,gamble_left,You received 0 dollars.,97,1,10,-10,0,2
72,11,60fe0a2de9721d4c9bd82482,958,0,37,gamble_right,You received 0 dollars.,98,1,10,-11.25,0,2
131,11,60fe0a2de9721d4c9bd82482,1080,0,37,gamble_right,You received 0 dollars.,99,1,10,-12.5,0,2
91,11,60fe0a2de9721d4c9bd82482,1082,0,39,gamble_left,You received 0 dollars.,100,1,10,-13.75,0,2
75,11,60fe0a2de9721d4c9bd82482,935,0,39,gamble_left,You received 0 dollars.,101,1,10,-15,0,2
134,11,60fe0a2de9721d4c9bd82482,1032,0,39,gamble_left,You received 0 dollars.,102,1,10,-16.25,0,2
132,11,60fe0a2de9721d4c9bd82482,954,0,39,gamble_left,You received 0 dollars.,103,1,10,-17.5,0,2
28,11,60fe0a2de9721d4c9bd82482,882,0,39,gamble_left,You received 0 dollars.,104,1,10,-18.75,0,2
112,11,60fe0a2de9721d4c9bd82482,1556,1,37,gamble_left,You lost -20 dollars.,105,1,10,-20,0,2
59,11,60fe0a2de9721d4c9bd82482,1084,0,37,gamble_right,You received 0 dollars.,106,1,12,-3,0,2
111,11,60fe0a2de9721d4c9bd82482,854,0,37,gamble_right,You received 0 dollars.,107,1,12,-4.5,0,2
36,11,60fe0a2de9721d4c9bd82482,930,0,37,gamble_right,You received 0 dollars.,108,1,12,-6,0,2
133,11,60fe0a2de9721d4c9bd82482,1080,0,39,gamble_left,You received 0 dollars.,109,1,12,-7.5,0,2
27,11,60fe0a2de9721d4c9bd82482,1132,1,37,gamble_left,You won 12 dollars.,110,1,12,-9,0,1
79,11,60fe0a2de9721d4c9bd82482,885,0,39,gamble_left,You received 0 dollars.,111,1,12,-10.5,0,2
115,11,60fe0a2de9721d4c9bd82482,1181,0,37,gamble_right,You received 0 dollars.,112,1,12,-12,0,2
121,11,60fe0a2de9721d4c9bd82482,758,0,37,gamble_right,You received 0 dollars.,113,1,12,-13.5,0,2
70,11,60fe0a2de9721d4c9bd82482,910,0,39,gamble_left,You received 0 dollars.,114,1,12,-15,0,2
1,11,60fe0a2de9721d4c9bd82482,1776,1,39,gamble_right,You won 12 dollars.,115,1,12,-16.5,0,1
73,11,60fe0a2de9721d4c9bd82482,885,0,39,gamble_left,You received 0 dollars.,116,1,12,-18,0,2
104,11,60fe0a2de9721d4c9bd82482,1110,0,39,gamble_left,You received 0 dollars.,117,1,12,-19.5,0,2
87,11,60fe0a2de9721d4c9bd82482,1026,0,37,gamble_right,You received 0 dollars.,118,1,12,-21,0,2
34,11,60fe0a2de9721d4c9bd82482,1081,0,37,gamble_right,You received 0 dollars.,119,1,12,-22.5,0,2
45,11,60fe0a2de9721d4c9bd82482,1161,0,37,gamble_right,You received 0 dollars.,120,1,12,-24,0,2
89,11,60fe0a2de9721d4c9bd82482,1059,0,39,gamble_left,You won 2 dollars.,121,2,4,0,2,1
97,11,60fe0a2de9721d4c9bd82482,1024,0,39,gamble_left,You won 4 dollars.,122,2,8,0,4,1
44,11,60fe0a2de9721d4c9bd82482,761,0,39,gamble_left,You won 6 dollars.,123,2,12,0,6,1
61,11,60fe0a2de9721d4c9bd82482,984,0,37,gamble_right,You won 9 dollars.,124,2,18,0,9,1
136,11,60fe0a2de9721d4c9bd82482,898,0,39,gamble_left,You won 12 dollars.,125,2,24,0,12,1
38,11,60fe0a2de9721d4c9bd82482,909,0,39,gamble_left,You won 3 dollars.,126,2,5,0,3,1
69,11,60fe0a2de9721d4c9bd82482,835,0,37,gamble_right,You won 4 dollars.,127,2,7,0,4,1
92,11,60fe0a2de9721d4c9bd82482,1132,0,37,gamble_right,You won 6 dollars.,128,2,10,0,6,1
106,11,60fe0a2de9721d4c9bd82482,1003,0,39,gamble_left,You won 10 dollars.,129,2,17,0,10,1
8,11,60fe0a2de9721d4c9bd82482,1759,1,39,gamble_right,You received 0 dollars.,130,2,22,0,13,2
123,11,60fe0a2de9721d4c9bd82482,1827,1,37,gamble_left,You won 28 dollars.,131,2,28,0,13,1
41,11,60fe0a2de9721d4c9bd82482,808,0,39,gamble_left,You won 2 dollars.,132,2,5,0,2,1
137,11,60fe0a2de9721d4c9bd82482,1007,0,39,gamble_left,You won 10 dollars.,133,2,26,0,10,1
48,11,60fe0a2de9721d4c9bd82482,935,0,37,gamble_right,You won 3 dollars.,134,2,7,0,3,1
40,11,60fe0a2de9721d4c9bd82482,882,0,39,gamble_left,You won 5 dollars.,135,2,13,0,5,1
109,11,60fe0a2de9721d4c9bd82482,1256,1,39,gamble_right,You received 0 dollars.,136,2,12,0,6,2
25,11,60fe0a2de9721d4c9bd82482,NA,NA,NA,gamble_left,Trial missed.,137,2,25,0,10,3
66,11,60fe0a2de9721d4c9bd82482,711,0,39,gamble_left,You won 2 dollars.,138,2,4,0,2,1
148,11,60fe0a2de9721d4c9bd82482,957,0,37,gamble_right,You won 1 dollars.,139,2,3,0,1,1
77,11,60fe0a2de9721d4c9bd82482,785,0,37,gamble_right,You won 9 dollars.,140,2,25,0,9,1
29,11,60fe0a2de9721d4c9bd82482,1379,0,37,gamble_right,You won 6 dollars.,141,2,13,0,6,1
144,11,60fe0a2de9721d4c9bd82482,711,0,39,gamble_left,You won 10 dollars.,142,2,22,0,10,1
146,11,60fe0a2de9721d4c9bd82482,659,0,39,gamble_left,You won 5 dollars.,143,2,12,0,5,1
95,11,60fe0a2de9721d4c9bd82482,908,0,39,gamble_left,You won 1 dollars.,144,2,2,0,1,1
43,11,60fe0a2de9721d4c9bd82482,862,0,37,gamble_right,You won 3 dollars.,145,2,8,0,3,1
31,11,60fe0a2de9721d4c9bd82482,929,0,39,gamble_left,You won 8 dollars.,146,2,19,0,8,1
118,11,60fe0a2de9721d4c9bd82482,778,0,39,gamble_left,You won 12 dollars.,147,2,26,0,12,1
84,11,60fe0a2de9721d4c9bd82482,956,0,37,gamble_right,You won 12 dollars.,148,2,30,0,12,1
12,11,60fe0a2de9721d4c9bd82482,1234,0,37,gamble_right,You won 10 dollars.,149,2,23,0,10,1
32,11,60fe0a2de9721d4c9bd82482,556,0,37,gamble_right,You won 4 dollars.,150,2,12,0,4,1