trial_index,ID,subject,rt,responses,key_press,gamble_location,stimulus,Trial_ID,Trial_Type,Gain,Loss,Certain,Trial_Outcome
119,12,60fd4d09e975dfb664c6e6f5,1251.9,1,37,gamble_left,You lost -0.5 dollars.,1,1,2,-0.5,0,2
22,12,60fd4d09e975dfb664c6e6f5,1686.6,1,37,gamble_left,You won 2 dollars.,2,1,2,-0.75,0,1
34,12,60fd4d09e975dfb664c6e6f5,NA,NA,NA,gamble_left,Trial missed.,3,1,2,-1,0,3
35,12,60fd4d09e975dfb664c6e6f5,1310.6,0,39,gamble_left,You received 0 dollars.,4,1,2,-1.25,0,2
130,12,60fd4d09e975dfb664c6e6f5,1239.2,0,39,gamble_left,You received 0 dollars.,5,1,2,-1.5,0,2
58,12,60fd4d09e975dfb664c6e6f5,1650.3,1,37,gamble_left,You won 2 dollars.,6,1,2,-1.75,0,1
83,12,60fd4d09e975dfb664c6e6f5,1181.8,0,39,gamble_left,You received 0 dollars.,7,1,2,-2,0,2
90,12,60fd4d09e975dfb664c6e6f5,1044.9,0,37,gamble_right,You received 0 dollars.,8,1,2,-2.25,0,2
75,12,60fd4d09e975dfb664c6e6f5,1337.0,1,39,gamble_right,You lost -2.5 dollars.,9,1,2,-2.5,0,2
53,12,60fd4d09e975dfb664c6e6f5,1924.6,1,39,gamble_right,You won 2 dollars.,10,1,2,-2.75,0,1
38,12,60fd4d09e975dfb664c6e6f5,1661.8,1,37,gamble_left,You won 2 dollars.,11,1,2,-3,0,1
124,12,60fd4d09e975dfb664c6e6f5,945.9,1,37,gamble_left,You won 2 dollars.,12,1,2,-3.25,0,1
112,12,60fd4d09e975dfb664c6e6f5,1423.6,0,39,gamble_left,You received 0 dollars.,13,1,2,-3.5,0,2
25,12,60fd4d09e975dfb664c6e6f5,1273.6,0,39,gamble_left,You received 0 dollars.,14,1,2,-3.75,0,2
149,12,60fd4d09e975dfb664c6e6f5,1341.8,0,37,gamble_right,You received 0 dollars.,15,1,2,-4,0,2
93,12,60fd4d09e975dfb664c6e6f5,1365.0,0,37,gamble_right,You received 0 dollars.,16,1,4,-1,0,2
86,12,60fd4d09e975dfb664c6e6f5,1339.8,0,39,gamble_left,You received 0 dollars.,17,1,4,-1.5,0,2
72,12,60fd4d09e975dfb664c6e6f5,1494.9,0,37,gamble_right,You received 0 dollars.,18,1,4,-2,0,2
85,12,60fd4d09e975dfb664c6e6f5,1234.0,1,39,gamble_right,You lost -2.5 dollars.,19,1,4,-2.5,0,2
60,12,60fd4d09e975dfb664c6e6f5,810.4,1,39,gamble_right,You won 4 dollars.,20,1,4,-3,0,1
8,12,60fd4d09e975dfb664c6e6f5,1394.0,1,37,gamble_left,You won 4 dollars.,21,1,4,-3.5,0,1
131,12,60fd4d09e975dfb664c6e6f5,1153.9,0,37,gamble_right,You received 0 dollars.,22,1,4,-4,0,2
128,12,60fd4d09e975dfb664c6e6f5,1164.9,1,39,gamble_right,You won 4 dollars.,23,1,4,-4.5,0,1
118,12,60fd4d09e975dfb664c6e6f5,1145.1,0,39,gamble_left,You received 0 dollars.,24,1,4,-5,0,2
80,12,60fd4d09e975dfb664c6e6f5,1076.1,0,37,gamble_right,You received 0 dollars.,25,1,4,-5.5,0,2
122,12,60fd4d09e975dfb664c6e6f5,1025.8,0,37,gamble_right,You received 0 dollars.,26,1,4,-6,0,2
12,12,60fd4d09e975dfb664c6e6f5,1105.9,0,37,gamble_right,You received 0 dollars.,27,1,4,-6.5,0,2
17,12,60fd4d09e975dfb664c6e6f5,1844.8,1,37,gamble_left,You lost -7 dollars.,28,1,4,-7,0,2
66,12,60fd4d09e975dfb664c6e6f5,1833.1,0,39,gamble_left,You received 0 dollars.,29,1,4,-7.5,0,2
44,12,60fd4d09e975dfb664c6e6f5,1102.5,0,39,gamble_left,You received 0 dollars.,30,1,4,-8,0,2
29,12,60fd4d09e975dfb664c6e6f5,1226.9,1,39,gamble_right,You lost -1.25 dollars.,31,1,5,-1.25,0,2
143,12,60fd4d09e975dfb664c6e6f5,1502.5,1,37,gamble_left,You lost -1.88 dollars.,32,1,5,-1.88,0,2
107,12,60fd4d09e975dfb664c6e6f5,1396.7,1,39,gamble_right,You lost -2.5 dollars.,33,1,5,-2.5,0,2
123,12,60fd4d09e975dfb664c6e6f5,979.7,0,37,gamble_right,You received 0 dollars.,34,1,5,-3.13,0,2
67,12,60fd4d09e975dfb664c6e6f5,1099.6,1,39,gamble_right,You won 5 dollars.,35,1,5,-3.75,0,1
99,12,60fd4d09e975dfb664c6e6f5,1712.5,1,39,gamble_right,You lost -4.38 dollars.,36,1,5,-4.38,0,2
145,12,60fd4d09e975dfb664c6e6f5,1576.3,0,39,gamble_left,You received 0 dollars.,37,1,5,-5,0,2
103,12,60fd4d09e975dfb664c6e6f5,1206.3,0,37,gamble_right,You received 0 dollars.,38,1,5,-5.63,0,2
7,12,60fd4d09e975dfb664c6e6f5,1932.0,0,37,gamble_right,You received 0 dollars.,39,1,5,-6.25,0,2
15,12,60fd4d09e975dfb664c6e6f5,1662.7,0,39,gamble_left,You received 0 dollars.,40,1,5,-6.88,0,2
144,12,60fd4d09e975dfb664c6e6f5,1040.6,0,37,gamble_right,You received 0 dollars.,41,1,5,-7.5,0,2
98,12,60fd4d09e975dfb664c6e6f5,1466.1,0,37,gamble_right,You received 0 dollars.,42,1,5,-8.13,0,2
31,12,60fd4d09e975dfb664c6e6f5,1006.0,0,39,gamble_left,You received 0 dollars.,43,1,5,-8.75,0,2
49,12,60fd4d09e975dfb664c6e6f5,1189.0,0,37,gamble_right,You received 0 dollars.,44,1,5,-9.38,0,2
73,12,60fd4d09e975dfb664c6e6f5,1561.3,0,37,gamble_right,You received 0 dollars.,45,1,5,-10,0,2
18,12,60fd4d09e975dfb664c6e6f5,1284.8,1,39,gamble_right,You won 6 dollars.,46,1,6,-1.5,0,1
3,12,60fd4d09e975dfb664c6e6f5,1119.6,1,39,gamble_right,You lost -2.25 dollars.,47,1,6,-2.25,0,2
68,12,60fd4d09e975dfb664c6e6f5,1197.4,1,39,gamble_right,You won 6 dollars.,48,1,6,-3,0,1
106,12,60fd4d09e975dfb664c6e6f5,992.9,1,39,gamble_right,You won 6 dollars.,49,1,6,-3.75,0,1
1,12,60fd4d09e975dfb664c6e6f5,1478.7,1,37,gamble_left,You won 6 dollars.,50,1,6,-4.5,0,1
45,12,60fd4d09e975dfb664c6e6f5,1141.9,0,37,gamble_right,You received 0 dollars.,51,1,6,-5.25,0,2
82,12,60fd4d09e975dfb664c6e6f5,1996.6,1,37,gamble_left,You won 6 dollars.,52,1,6,-6,0,1
97,12,60fd4d09e975dfb664c6e6f5,985.6,0,37,gamble_right,You received 0 dollars.,53,1,6,-6.75,0,2
28,12,60fd4d09e975dfb664c6e6f5,1345.8,0,39,gamble_left,You received 0 dollars.,54,1,6,-7.5,0,2
40,12,60fd4d09e975dfb664c6e6f5,1375.1,0,37,gamble_right,You received 0 dollars.,55,1,6,-8.25,0,2
81,12,60fd4d09e975dfb664c6e6f5,1198.9,0,39,gamble_left,You received 0 dollars.,56,1,6,-9,0,2
36,12,60fd4d09e975dfb664c6e6f5,1072.2,0,37,gamble_right,You received 0 dollars.,57,1,6,-9.75,0,2
114,12,60fd4d09e975dfb664c6e6f5,1280.5,0,39,gamble_left,You received 0 dollars.,58,1,6,-10.5,0,2
6,12,60fd4d09e975dfb664c6e6f5,1402.9,0,39,gamble_left,You received 0 dollars.,59,1,6,-11.25,0,2
142,12,60fd4d09e975dfb664c6e6f5,1313.3,0,39,gamble_left,You received 0 dollars.,60,1,6,-12,0,2
150,12,60fd4d09e975dfb664c6e6f5,1302.0,1,37,gamble_left,You lost -2 dollars.,61,1,8,-2,0,2
59,12,60fd4d09e975dfb664c6e6f5,1478.4,0,37,gamble_right,You received 0 dollars.,62,1,8,-3,0,2
140,12,60fd4d09e975dfb664c6e6f5,1097.6,0,39,gamble_left,You received 0 dollars.,63,1,8,-4,0,2
39,12,60fd4d09e975dfb664c6e6f5,1885.9,1,37,gamble_left,You won 8 dollars.,64,1,8,-5,0,1
105,12,60fd4d09e975dfb664c6e6f5,1461.9,0,37,gamble_right,You received 0 dollars.,65,1,8,-6,0,2
20,12,60fd4d09e975dfb664c6e6f5,1571.8,0,39,gamble_left,You received 0 dollars.,66,1,8,-7,0,2
71,12,60fd4d09e975dfb664c6e6f5,1399.4,1,39,gamble_right,You lost -8 dollars.,67,1,8,-8,0,2
101,12,60fd4d09e975dfb664c6e6f5,1511.8,0,39,gamble_left,You received 0 dollars.,68,1,8,-9,0,2
121,12,60fd4d09e975dfb664c6e6f5,1290.0,1,39,gamble_right,You lost -10 dollars.,69,1,8,-10,0,2
110,12,60fd4d09e975dfb664c6e6f5,1119.1,0,39,gamble_left,You received 0 dollars.,70,1,8,-11,0,2
48,12,60fd4d09e975dfb664c6e6f5,1598.9,0,39,gamble_left,You received 0 dollars.,71,1,8,-12,0,2
65,12,60fd4d09e975dfb664c6e6f5,1285.4,0,37,gamble_right,You received 0 dollars.,72,1,8,-13,0,2
89,12,60fd4d09e975dfb664c6e6f5,1746.0,0,37,gamble_right,You received 0 dollars.,73,1,8,-14,0,2
125,12,60fd4d09e975dfb664c6e6f5,760.4,1,39,gamble_right,You won 8 dollars.,74,1,8,-15,0,1
126,12,60fd4d09e975dfb664c6e6f5,984.2,0,37,gamble_right,You received 0 dollars.,75,1,8,-16,0,2
104,12,60fd4d09e975dfb664c6e6f5,1502.4,1,37,gamble_left,You won 9 dollars.,76,1,9,-2.25,0,1
77,12,60fd4d09e975dfb664c6e6f5,1461.9,1,39,gamble_right,You lost -3.38 dollars.,77,1,9,-3.38,0,2
88,12,60fd4d09e975dfb664c6e6f5,1098.7,1,39,gamble_right,You lost -4.5 dollars.,78,1,9,-4.5,0,2
13,12,60fd4d09e975dfb664c6e6f5,1516.3,1,39,gamble_right,You won 9 dollars.,79,1,9,-5.63,0,1
10,12,60fd4d09e975dfb664c6e6f5,1256.2,0,37,gamble_right,You received 0 dollars.,80,1,9,-6.75,0,2
84,12,60fd4d09e975dfb664c6e6f5,1930.9,0,39,gamble_left,You received 0 dollars.,81,1,9,-7.88,0,2
69,12,60fd4d09e975dfb664c6e6f5,1348.1,0,39,gamble_left,You received 0 dollars.,82,1,9,-9,0,2
74,12,60fd4d09e975dfb664c6e6f5,1615.0,0,39,gamble_left,You received 0 dollars.,83,1,9,-10.13,0,2
54,12,60fd4d09e975dfb664c6e6f5,1011.7,0,37,gamble_right,You received 0 dollars.,84,1,9,-11.25,0,2
111,12,60fd4d09e975dfb664c6e6f5,1257.5,0,37,gamble_right,You received 0 dollars.,85,1,9,-12.38,0,2
78,12,60fd4d09e975dfb664c6e6f5,1210.8,0,37,gamble_right,You received 0 dollars.,86,1,9,-13.5,0,2
94,12,60fd4d09e975dfb664c6e6f5,1921.4,0,37,gamble_right,You received 0 dollars.,87,1,9,-14.63,0,2
55,12,60fd4d09e975dfb664c6e6f5,1101.0,0,37,gamble_right,You received 0 dollars.,88,1,9,-15.75,0,2
26,12,60fd4d09e975dfb664c6e6f5,1396.7,0,39,gamble_left,You received 0 dollars.,89,1,9,-16.88,0,2
37,12,60fd4d09e975dfb664c6e6f5,1131.7,0,37,gamble_right,You received 0 dollars.,90,1,9,-18,0,2
132,12,60fd4d09e975dfb664c6e6f5,1789.2,0,37,gamble_right,You received 0 dollars.,91,1,10,-2.5,0,2
2,12,60fd4d09e975dfb664c6e6f5,1257.6,1,37,gamble_left,You won 10 dollars.,92,1,10,-3.75,0,1
141,12,60fd4d09e975dfb664c6e6f5,1245.5,1,39,gamble_right,You lost -5 dollars.,93,1,10,-5,0,2
9,12,60fd4d09e975dfb664c6e6f5,1596.9,0,37,gamble_right,You received 0 dollars.,94,1,10,-6.25,0,2
147,12,60fd4d09e975dfb664c6e6f5,948.9,0,39,gamble_left,You received 0 dollars.,95,1,10,-7.5,0,2
23,12,60fd4d09e975dfb664c6e6f5,1443.6,0,37,gamble_right,You received 0 dollars.,96,1,10,-8.75,0,2
21,12,60fd4d09e975dfb664c6e6f5,1845.9,0,37,gamble_right,You received 0 dollars.,97,1,10,-10,0,2
137,12,60fd4d09e975dfb664c6e6f5,1284.2,0,37,gamble_right,You received 0 dollars.,98,1,10,-11.25,0,2
133,12,60fd4d09e975dfb664c6e6f5,1343.8,0,39,gamble_left,You received 0 dollars.,99,1,10,-12.5,0,2
129,12,60fd4d09e975dfb664c6e6f5,NA,NA,NA,gamble_left,Trial missed.,100,1,10,-13.75,0,3
52,12,60fd4d09e975dfb664c6e6f5,1472.0,0,39,gamble_left,You received 0 dollars.,101,1,10,-15,0,2
64,12,60fd4d09e975dfb664c6e6f5,1431.4,0,37,gamble_right,You received 0 dollars.,102,1,10,-16.25,0,2
30,12,60fd4d09e975dfb664c6e6f5,1307.8,0,37,gamble_right,You received 0 dollars.,103,1,10,-17.5,0,2
134,12,60fd4d09e975dfb664c6e6f5,1165.4,0,39,gamble_left,You received 0 dollars.,104,1,10,-18.75,0,2
51,12,60fd4d09e975dfb664c6e6f5,NA,NA,NA,gamble_right,Trial missed.,105,1,10,-20,0,3
108,12,60fd4d09e975dfb664c6e6f5,1449.1,0,39,gamble_left,You received 0 dollars.,106,1,12,-3,0,2
127,12,60fd4d09e975dfb664c6e6f5,921.0,0,37,gamble_right,You received 0 dollars.,107,1,12,-4.5,0,2
148,12,60fd4d09e975dfb664c6e6f5,1223.0,0,37,gamble_right,You received 0 dollars.,108,1,12,-6,0,2
61,12,60fd4d09e975dfb664c6e6f5,1122.4,0,37,gamble_right,You received 0 dollars.,109,1,12,-7.5,0,2
19,12,60fd4d09e975dfb664c6e6f5,1187.1,0,37,gamble_right,You received 0 dollars.,110,1,12,-9,0,2
79,12,60fd4d09e975dfb664c6e6f5,1793.4,1,39,gamble_right,You lost -10.5 dollars.,111,1,12,-10.5,0,2
135,12,60fd4d09e975dfb664c6e6f5,1248.3,0,37,gamble_right,You received 0 dollars.,112,1,12,-12,0,2
138,12,60fd4d09e975dfb664c6e6f5,1104.4,0,39,gamble_left,You received 0 dollars.,113,1,12,-13.5,0,2
27,12,60fd4d09e975dfb664c6e6f5,1463.5,0,37,gamble_right,You received 0 dollars.,114,1,12,-15,0,2
5,12,60fd4d09e975dfb664c6e6f5,1190.2,0,37,gamble_right,You received 0 dollars.,115,1,12,-16.5,0,2
95,12,60fd4d09e975dfb664c6e6f5,1246.7,0,37,gamble_right,You received 0 dollars.,116,1,12,-18,0,2
87,12,60fd4d09e975dfb664c6e6f5,NA,NA,NA,gamble_left,Trial missed.,117,1,12,-19.5,0,3
46,12,60fd4d09e975dfb664c6e6f5,1072.1,0,37,gamble_right,You received 0 dollars.,118,1,12,-21,0,2
43,12,60fd4d09e975dfb664c6e6f5,1735.1,0,39,gamble_left,You received 0 dollars.,119,1,12,-22.5,0,2
32,12,60fd4d09e975dfb664c6e6f5,1549.9,0,37,gamble_right,You received 0 dollars.,120,1,12,-24,0,2
62,12,60fd4d09e975dfb664c6e6f5,1140.9,0,39,gamble_left,You won 2 dollars.,121,2,4,0,2,1
4,12,60fd4d09e975dfb664c6e6f5,1394.3,1,39,gamble_right,You received 0 dollars.,122,2,8,0,4,2
50,12,60fd4d09e975dfb664c6e6f5,836.4,0,37,gamble_right,You won 6 dollars.,123,2,12,0,6,1
117,12,60fd4d09e975dfb664c6e6f5,1117.1,1,37,gamble_left,You won 18 dollars.,124,2,18,0,9,1
146,12,60fd4d09e975dfb664c6e6f5,824.0,0,37,gamble_right,You won 12 dollars.,125,2,24,0,12,1
92,12,60fd4d09e975dfb664c6e6f5,1089.6,0,39,gamble_left,You won 3 dollars.,126,2,5,0,3,1
14,12,60fd4d09e975dfb664c6e6f5,1240.7,1,37,gamble_left,You received 0 dollars.,127,2,7,0,4,2
16,12,60fd4d09e975dfb664c6e6f5,NA,NA,NA,gamble_right,Trial missed.,128,2,10,0,6,3
116,12,60fd4d09e975dfb664c6e6f5,1191.3,0,37,gamble_right,You won 10 dollars.,129,2,17,0,10,1
109,12,60fd4d09e975dfb664c6e6f5,1385.3,0,39,gamble_left,You won 13 dollars.,130,2,22,0,13,1
120,12,60fd4d09e975dfb664c6e6f5,1206.4,0,39,gamble_left,You won 13 dollars.,131,2,28,0,13,1
57,12,60fd4d09e975dfb664c6e6f5,1570.1,0,39,gamble_left,You won 2 dollars.,132,2,5,0,2,1
76,12,60fd4d09e975dfb664c6e6f5,1167.7,0,39,gamble_left,You won 10 dollars.,133,2,26,0,10,1
56,12,60fd4d09e975dfb664c6e6f5,969.4,0,37,gamble_right,You won 3 dollars.,134,2,7,0,3,1
70,12,60fd4d09e975dfb664c6e6f5,1588.9,0,39,gamble_left,You won 5 dollars.,135,2,13,0,5,1
113,12,60fd4d09e975dfb664c6e6f5,1028.4,0,37,gamble_right,You won 6 dollars.,136,2,12,0,6,1
24,12,60fd4d09e975dfb664c6e6f5,1750.1,1,39,gamble_right,You received 0 dollars.,137,2,25,0,10,2
42,12,60fd4d09e975dfb664c6e6f5,1792.6,0,39,gamble_left,You won 2 dollars.,138,2,4,0,2,1
33,12,60fd4d09e975dfb664c6e6f5,1512.0,1,39,gamble_right,You won 3 dollars.,139,2,3,0,1,1
102,12,60fd4d09e975dfb664c6e6f5,1059.5,0,37,gamble_right,You won 9 dollars.,140,2,25,0,9,1
115,12,60fd4d09e975dfb664c6e6f5,1237.6,0,37,gamble_right,You won 6 dollars.,141,2,13,0,6,1
47,12,60fd4d09e975dfb664c6e6f5,1197.6,1,37,gamble_left,You received 0 dollars.,142,2,22,0,10,2
41,12,60fd4d09e975dfb664c6e6f5,1271.5,1,37,gamble_left,You received 0 dollars.,143,2,12,0,5,2
11,12,60fd4d09e975dfb664c6e6f5,1298.9,1,39,gamble_right,You received 0 dollars.,144,2,2,0,1,2
139,12,60fd4d09e975dfb664c6e6f5,1120.1,0,39,gamble_left,You won 3 dollars.,145,2,8,0,3,1
136,12,60fd4d09e975dfb664c6e6f5,816.9,0,39,gamble_left,You won 8 dollars.,146,2,19,0,8,1
63,12,60fd4d09e975dfb664c6e6f5,1646.2,0,39,gamble_left,You won 12 dollars.,147,2,26,0,12,1
96,12,60fd4d09e975dfb664c6e6f5,823.4,0,39,gamble_left,You won 12 dollars.,148,2,30,0,12,1
91,12,60fd4d09e975dfb664c6e6f5,1360.3,0,39,gamble_left,You won 10 dollars.,149,2,23,0,10,1
100,12,60fd4d09e975dfb664c6e6f5,1258.5,1,37,gamble_left,You received 0 dollars.,150,2,12,0,4,2