trial_index,ID,subject,rt,responses,key_press,gamble_location,stimulus,Trial_ID,Trial_Type,Gain,Loss,Certain,Trial_Outcome
2,13,60fd16cd87cf9f16439c0614,1490.4,0,39,gamble_left,You received 0 dollars.,1,1,2,-0.5,0,2
127,13,60fd16cd87cf9f16439c0614,763.8,0,37,gamble_right,You received 0 dollars.,2,1,2,-0.75,0,2
22,13,60fd16cd87cf9f16439c0614,793.9,0,37,gamble_right,You received 0 dollars.,3,1,2,-1,0,2
8,13,60fd16cd87cf9f16439c0614,997.4,0,37,gamble_right,You received 0 dollars.,4,1,2,-1.25,0,2
20,13,60fd16cd87cf9f16439c0614,1247.8,0,39,gamble_left,You received 0 dollars.,5,1,2,-1.5,0,2
89,13,60fd16cd87cf9f16439c0614,873.7,0,37,gamble_right,You received 0 dollars.,6,1,2,-1.75,0,2
15,13,60fd16cd87cf9f16439c0614,1374.0,1,37,gamble_left,You lost -2 dollars.,7,1,2,-2,0,2
28,13,60fd16cd87cf9f16439c0614,1690.8,0,37,gamble_right,You received 0 dollars.,8,1,2,-2.25,0,2
91,13,60fd16cd87cf9f16439c0614,672.1,0,39,gamble_left,You received 0 dollars.,9,1,2,-2.5,0,2
45,13,60fd16cd87cf9f16439c0614,812.0,0,37,gamble_right,You received 0 dollars.,10,1,2,-2.75,0,2
137,13,60fd16cd87cf9f16439c0614,812.8,0,37,gamble_right,You received 0 dollars.,11,1,2,-3,0,2
6,13,60fd16cd87cf9f16439c0614,1159.2,0,37,gamble_right,You received 0 dollars.,12,1,2,-3.25,0,2
80,13,60fd16cd87cf9f16439c0614,743.6,0,39,gamble_left,You received 0 dollars.,13,1,2,-3.5,0,2
47,13,60fd16cd87cf9f16439c0614,925.6,0,39,gamble_left,You received 0 dollars.,14,1,2,-3.75,0,2
12,13,60fd16cd87cf9f16439c0614,1086.0,1,39,gamble_right,You won 2 dollars.,15,1,2,-4,0,1
51,13,60fd16cd87cf9f16439c0614,1333.3,0,37,gamble_right,You received 0 dollars.,16,1,4,-1,0,2
146,13,60fd16cd87cf9f16439c0614,753.7,0,37,gamble_right,You received 0 dollars.,17,1,4,-1.5,0,2
106,13,60fd16cd87cf9f16439c0614,790.5,0,37,gamble_right,You received 0 dollars.,18,1,4,-2,0,2
35,13,60fd16cd87cf9f16439c0614,1094.7,1,37,gamble_left,You won 4 dollars.,19,1,4,-2.5,0,1
150,13,60fd16cd87cf9f16439c0614,740.0,0,39,gamble_left,You received 0 dollars.,20,1,4,-3,0,2
131,13,60fd16cd87cf9f16439c0614,561.5,0,39,gamble_left,You received 0 dollars.,21,1,4,-3.5,0,2
58,13,60fd16cd87cf9f16439c0614,817.7,0,39,gamble_left,You received 0 dollars.,22,1,4,-4,0,2
9,13,60fd16cd87cf9f16439c0614,1079.1,0,39,gamble_left,You received 0 dollars.,23,1,4,-4.5,0,2
56,13,60fd16cd87cf9f16439c0614,868.2,0,37,gamble_right,You received 0 dollars.,24,1,4,-5,0,2
96,13,60fd16cd87cf9f16439c0614,795.5,0,37,gamble_right,You received 0 dollars.,25,1,4,-5.5,0,2
55,13,60fd16cd87cf9f16439c0614,1087.0,0,37,gamble_right,You received 0 dollars.,26,1,4,-6,0,2
53,13,60fd16cd87cf9f16439c0614,1031.0,0,39,gamble_left,You received 0 dollars.,27,1,4,-6.5,0,2
16,13,60fd16cd87cf9f16439c0614,1385.6,1,37,gamble_left,You lost -7 dollars.,28,1,4,-7,0,2
97,13,60fd16cd87cf9f16439c0614,630.4,0,37,gamble_right,You received 0 dollars.,29,1,4,-7.5,0,2
128,13,60fd16cd87cf9f16439c0614,726.6,0,37,gamble_right,You received 0 dollars.,30,1,4,-8,0,2
105,13,60fd16cd87cf9f16439c0614,714.7,0,37,gamble_right,You received 0 dollars.,31,1,5,-1.25,0,2
93,13,60fd16cd87cf9f16439c0614,654.5,0,39,gamble_left,You received 0 dollars.,32,1,5,-1.88,0,2
33,13,60fd16cd87cf9f16439c0614,791.5,0,39,gamble_left,You received 0 dollars.,33,1,5,-2.5,0,2
25,13,60fd16cd87cf9f16439c0614,1320.8,0,39,gamble_left,You received 0 dollars.,34,1,5,-3.13,0,2
141,13,60fd16cd87cf9f16439c0614,642.1,0,39,gamble_left,You received 0 dollars.,35,1,5,-3.75,0,2
54,13,60fd16cd87cf9f16439c0614,706.4,0,37,gamble_right,You received 0 dollars.,36,1,5,-4.38,0,2
114,13,60fd16cd87cf9f16439c0614,677.8,0,37,gamble_right,You received 0 dollars.,37,1,5,-5,0,2
108,13,60fd16cd87cf9f16439c0614,859.7,0,37,gamble_right,You received 0 dollars.,38,1,5,-5.63,0,2
134,13,60fd16cd87cf9f16439c0614,604.2,0,37,gamble_right,You received 0 dollars.,39,1,5,-6.25,0,2
40,13,60fd16cd87cf9f16439c0614,964.8,0,39,gamble_left,You received 0 dollars.,40,1,5,-6.88,0,2
48,13,60fd16cd87cf9f16439c0614,738.1,0,37,gamble_right,You received 0 dollars.,41,1,5,-7.5,0,2
72,13,60fd16cd87cf9f16439c0614,801.4,0,39,gamble_left,You received 0 dollars.,42,1,5,-8.13,0,2
24,13,60fd16cd87cf9f16439c0614,875.5,0,37,gamble_right,You received 0 dollars.,43,1,5,-8.75,0,2
65,13,60fd16cd87cf9f16439c0614,827.6,0,39,gamble_left,You received 0 dollars.,44,1,5,-9.38,0,2
71,13,60fd16cd87cf9f16439c0614,611.0,0,37,gamble_right,You received 0 dollars.,45,1,5,-10,0,2
118,13,60fd16cd87cf9f16439c0614,1054.6,0,37,gamble_right,You received 0 dollars.,46,1,6,-1.5,0,2
1,13,60fd16cd87cf9f16439c0614,1057.1,1,37,gamble_left,You won 6 dollars.,47,1,6,-2.25,0,1
148,13,60fd16cd87cf9f16439c0614,1171.0,0,39,gamble_left,You received 0 dollars.,48,1,6,-3,0,2
50,13,60fd16cd87cf9f16439c0614,854.5,0,39,gamble_left,You received 0 dollars.,49,1,6,-3.75,0,2
102,13,60fd16cd87cf9f16439c0614,981.9,0,37,gamble_right,You received 0 dollars.,50,1,6,-4.5,0,2
117,13,60fd16cd87cf9f16439c0614,948.9,0,39,gamble_left,You received 0 dollars.,51,1,6,-5.25,0,2
32,13,60fd16cd87cf9f16439c0614,979.5,0,37,gamble_right,You received 0 dollars.,52,1,6,-6,0,2
75,13,60fd16cd87cf9f16439c0614,745.0,0,39,gamble_left,You received 0 dollars.,53,1,6,-6.75,0,2
73,13,60fd16cd87cf9f16439c0614,1067.3,0,37,gamble_right,You received 0 dollars.,54,1,6,-7.5,0,2
21,13,60fd16cd87cf9f16439c0614,955.9,0,39,gamble_left,You received 0 dollars.,55,1,6,-8.25,0,2
122,13,60fd16cd87cf9f16439c0614,903.1,0,37,gamble_right,You received 0 dollars.,56,1,6,-9,0,2
26,13,60fd16cd87cf9f16439c0614,674.7,0,39,gamble_left,You received 0 dollars.,57,1,6,-9.75,0,2
142,13,60fd16cd87cf9f16439c0614,530.4,0,39,gamble_left,You received 0 dollars.,58,1,6,-10.5,0,2
30,13,60fd16cd87cf9f16439c0614,1141.2,0,37,gamble_right,You received 0 dollars.,59,1,6,-11.25,0,2
113,13,60fd16cd87cf9f16439c0614,753.5,0,37,gamble_right,You received 0 dollars.,60,1,6,-12,0,2
19,13,60fd16cd87cf9f16439c0614,826.4,1,37,gamble_left,You won 8 dollars.,61,1,8,-2,0,1
49,13,60fd16cd87cf9f16439c0614,785.4,0,37,gamble_right,You received 0 dollars.,62,1,8,-3,0,2
95,13,60fd16cd87cf9f16439c0614,724.4,0,37,gamble_right,You received 0 dollars.,63,1,8,-4,0,2
143,13,60fd16cd87cf9f16439c0614,663.5,0,39,gamble_left,You received 0 dollars.,64,1,8,-5,0,2
43,13,60fd16cd87cf9f16439c0614,1040.5,0,37,gamble_right,You received 0 dollars.,65,1,8,-6,0,2
60,13,60fd16cd87cf9f16439c0614,1353.4,0,37,gamble_right,You received 0 dollars.,66,1,8,-7,0,2
90,13,60fd16cd87cf9f16439c0614,1038.9,0,37,gamble_right,You received 0 dollars.,67,1,8,-8,0,2
79,13,60fd16cd87cf9f16439c0614,664.1,0,37,gamble_right,You received 0 dollars.,68,1,8,-9,0,2
37,13,60fd16cd87cf9f16439c0614,1191.2,0,37,gamble_right,You received 0 dollars.,69,1,8,-10,0,2
98,13,60fd16cd87cf9f16439c0614,625.9,0,37,gamble_right,You received 0 dollars.,70,1,8,-11,0,2
109,13,60fd16cd87cf9f16439c0614,774.7,0,37,gamble_right,You received 0 dollars.,71,1,8,-12,0,2
13,13,60fd16cd87cf9f16439c0614,1274.9,0,39,gamble_left,You received 0 dollars.,72,1,8,-13,0,2
119,13,60fd16cd87cf9f16439c0614,922.1,0,39,gamble_left,You received 0 dollars.,73,1,8,-14,0,2
92,13,60fd16cd87cf9f16439c0614,630.2,0,39,gamble_left,You received 0 dollars.,74,1,8,-15,0,2
31,13,60fd16cd87cf9f16439c0614,966.8,0,39,gamble_left,You received 0 dollars.,75,1,8,-16,0,2
61,13,60fd16cd87cf9f16439c0614,736.1,0,37,gamble_right,You received 0 dollars.,76,1,9,-2.25,0,2
132,13,60fd16cd87cf9f16439c0614,465.0,0,39,gamble_left,You received 0 dollars.,77,1,9,-3.38,0,2
5,13,60fd16cd87cf9f16439c0614,1316.8,1,37,gamble_left,You lost -4.5 dollars.,78,1,9,-4.5,0,2
66,13,60fd16cd87cf9f16439c0614,720.1,0,37,gamble_right,You received 0 dollars.,79,1,9,-5.63,0,2
14,13,60fd16cd87cf9f16439c0614,1110.0,0,39,gamble_left,You received 0 dollars.,80,1,9,-6.75,0,2
39,13,60fd16cd87cf9f16439c0614,870.9,0,39,gamble_left,You received 0 dollars.,81,1,9,-7.88,0,2
139,13,60fd16cd87cf9f16439c0614,739.4,0,39,gamble_left,You received 0 dollars.,82,1,9,-9,0,2
78,13,60fd16cd87cf9f16439c0614,833.1,0,39,gamble_left,You received 0 dollars.,83,1,9,-10.13,0,2
86,13,60fd16cd87cf9f16439c0614,761.1,0,39,gamble_left,You received 0 dollars.,84,1,9,-11.25,0,2
81,13,60fd16cd87cf9f16439c0614,672.9,0,39,gamble_left,You received 0 dollars.,85,1,9,-12.38,0,2
41,13,60fd16cd87cf9f16439c0614,982.6,0,39,gamble_left,You received 0 dollars.,86,1,9,-13.5,0,2
120,13,60fd16cd87cf9f16439c0614,732.4,0,39,gamble_left,You received 0 dollars.,87,1,9,-14.63,0,2
144,13,60fd16cd87cf9f16439c0614,939.5,0,37,gamble_right,You received 0 dollars.,88,1,9,-15.75,0,2
68,13,60fd16cd87cf9f16439c0614,703.3,0,39,gamble_left,You received 0 dollars.,89,1,9,-16.88,0,2
123,13,60fd16cd87cf9f16439c0614,699.9,0,37,gamble_right,You received 0 dollars.,90,1,9,-18,0,2
4,13,60fd16cd87cf9f16439c0614,1097.9,1,39,gamble_right,You lost -2.5 dollars.,91,1,10,-2.5,0,2
38,13,60fd16cd87cf9f16439c0614,916.5,0,37,gamble_right,You received 0 dollars.,92,1,10,-3.75,0,2
107,13,60fd16cd87cf9f16439c0614,868.8,0,37,gamble_right,You received 0 dollars.,93,1,10,-5,0,2
103,13,60fd16cd87cf9f16439c0614,994.4,0,39,gamble_left,You received 0 dollars.,94,1,10,-6.25,0,2
110,13,60fd16cd87cf9f16439c0614,939.2,0,37,gamble_right,You received 0 dollars.,95,1,10,-7.5,0,2
18,13,60fd16cd87cf9f16439c0614,NA,NA,NA,gamble_left,Trial missed.,96,1,10,-8.75,0,3
29,13,60fd16cd87cf9f16439c0614,917.4,0,37,gamble_right,You received 0 dollars.,97,1,10,-10,0,2
140,13,60fd16cd87cf9f16439c0614,1220.2,0,39,gamble_left,You received 0 dollars.,98,1,10,-11.25,0,2
64,13,60fd16cd87cf9f16439c0614,1000.4,0,37,gamble_right,You received 0 dollars.,99,1,10,-12.5,0,2
84,13,60fd16cd87cf9f16439c0614,699.7,0,39,gamble_left,You received 0 dollars.,100,1,10,-13.75,0,2
82,13,60fd16cd87cf9f16439c0614,850.6,0,39,gamble_left,You received 0 dollars.,101,1,10,-15,0,2
124,13,60fd16cd87cf9f16439c0614,743.6,0,39,gamble_left,You received 0 dollars.,102,1,10,-16.25,0,2
130,13,60fd16cd87cf9f16439c0614,637.4,0,39,gamble_left,You received 0 dollars.,103,1,10,-17.5,0,2
76,13,60fd16cd87cf9f16439c0614,535.9,0,37,gamble_right,You received 0 dollars.,104,1,10,-18.75,0,2
135,13,60fd16cd87cf9f16439c0614,1082.5,0,39,gamble_left,You received 0 dollars.,105,1,10,-20,0,2
83,13,60fd16cd87cf9f16439c0614,684.2,0,37,gamble_right,You received 0 dollars.,106,1,12,-3,0,2
149,13,60fd16cd87cf9f16439c0614,1024.3,0,39,gamble_left,You received 0 dollars.,107,1,12,-4.5,0,2
3,13,60fd16cd87cf9f16439c0614,1296.0,1,39,gamble_right,You lost -6 dollars.,108,1,12,-6,0,2
77,13,60fd16cd87cf9f16439c0614,539.9,0,37,gamble_right,You received 0 dollars.,109,1,12,-7.5,0,2
10,13,60fd16cd87cf9f16439c0614,1258.9,0,39,gamble_left,You received 0 dollars.,110,1,12,-9,0,2
70,13,60fd16cd87cf9f16439c0614,550.7,0,37,gamble_right,You received 0 dollars.,111,1,12,-10.5,0,2
129,13,60fd16cd87cf9f16439c0614,1080.6,0,39,gamble_left,You received 0 dollars.,112,1,12,-12,0,2
23,13,60fd16cd87cf9f16439c0614,1093.6,0,37,gamble_right,You received 0 dollars.,113,1,12,-13.5,0,2
57,13,60fd16cd87cf9f16439c0614,918.1,0,39,gamble_left,You received 0 dollars.,114,1,12,-15,0,2
44,13,60fd16cd87cf9f16439c0614,1041.9,0,39,gamble_left,You received 0 dollars.,115,1,12,-16.5,0,2
27,13,60fd16cd87cf9f16439c0614,1046.4,0,37,gamble_right,You received 0 dollars.,116,1,12,-18,0,2
125,13,60fd16cd87cf9f16439c0614,790.1,0,37,gamble_right,You received 0 dollars.,117,1,12,-19.5,0,2
112,13,60fd16cd87cf9f16439c0614,986.3,0,37,gamble_right,You received 0 dollars.,118,1,12,-21,0,2
63,13,60fd16cd87cf9f16439c0614,852.7,0,39,gamble_left,You received 0 dollars.,119,1,12,-22.5,0,2
17,13,60fd16cd87cf9f16439c0614,1293.2,1,37,gamble_left,You lost -24 dollars.,120,1,12,-24,0,2
42,13,60fd16cd87cf9f16439c0614,1121.7,0,39,gamble_left,You won 2 dollars.,121,2,4,0,2,1
133,13,60fd16cd87cf9f16439c0614,806.4,1,39,gamble_right,You received 0 dollars.,122,2,8,0,4,2
36,13,60fd16cd87cf9f16439c0614,1124.5,0,39,gamble_left,You won 6 dollars.,123,2,12,0,6,1
7,13,60fd16cd87cf9f16439c0614,1278.8,1,39,gamble_right,You received 0 dollars.,124,2,18,0,9,2
126,13,60fd16cd87cf9f16439c0614,817.0,1,39,gamble_right,You won 24 dollars.,125,2,24,0,12,1
101,13,60fd16cd87cf9f16439c0614,1295.1,1,37,gamble_left,You received 0 dollars.,126,2,5,0,3,2
115,13,60fd16cd87cf9f16439c0614,977.2,1,39,gamble_right,You received 0 dollars.,127,2,7,0,4,2
116,13,60fd16cd87cf9f16439c0614,870.0,1,37,gamble_left,You won 10 dollars.,128,2,10,0,6,1
85,13,60fd16cd87cf9f16439c0614,1065.4,0,39,gamble_left,You won 10 dollars.,129,2,17,0,10,1
67,13,60fd16cd87cf9f16439c0614,573.1,0,37,gamble_right,You won 13 dollars.,130,2,22,0,13,1
69,13,60fd16cd87cf9f16439c0614,668.0,0,37,gamble_right,You won 13 dollars.,131,2,28,0,13,1
11,13,60fd16cd87cf9f16439c0614,NA,NA,NA,gamble_right,Trial missed.,132,2,5,0,2,3
100,13,60fd16cd87cf9f16439c0614,975.5,1,37,gamble_left,You received 0 dollars.,133,2,26,0,10,2
121,13,60fd16cd87cf9f16439c0614,1064.8,1,39,gamble_right,You won 7 dollars.,134,2,7,0,3,1
136,13,60fd16cd87cf9f16439c0614,939.3,1,39,gamble_right,You won 13 dollars.,135,2,13,0,5,1
62,13,60fd16cd87cf9f16439c0614,906.2,0,37,gamble_right,You won 6 dollars.,136,2,12,0,6,1
59,13,60fd16cd87cf9f16439c0614,779.9,0,37,gamble_right,You won 10 dollars.,137,2,25,0,10,1
87,13,60fd16cd87cf9f16439c0614,881.8,0,39,gamble_left,You won 2 dollars.,138,2,4,0,2,1
88,13,60fd16cd87cf9f16439c0614,821.8,1,39,gamble_right,You received 0 dollars.,139,2,3,0,1,2
46,13,60fd16cd87cf9f16439c0614,1116.2,1,37,gamble_left,You won 25 dollars.,140,2,25,0,9,1
111,13,60fd16cd87cf9f16439c0614,984.3,1,37,gamble_left,You received 0 dollars.,141,2,13,0,6,2
147,13,60fd16cd87cf9f16439c0614,1148.2,1,39,gamble_right,You received 0 dollars.,142,2,22,0,10,2
145,13,60fd16cd87cf9f16439c0614,834.4,1,39,gamble_right,You received 0 dollars.,143,2,12,0,5,2
104,13,60fd16cd87cf9f16439c0614,928.8,1,37,gamble_left,You won 2 dollars.,144,2,2,0,1,1
34,13,60fd16cd87cf9f16439c0614,NA,NA,NA,gamble_left,Trial missed.,145,2,8,0,3,3
74,13,60fd16cd87cf9f16439c0614,707.5,0,37,gamble_right,You won 8 dollars.,146,2,19,0,8,1
94,13,60fd16cd87cf9f16439c0614,817.8,1,39,gamble_right,You won 26 dollars.,147,2,26,0,12,1
99,13,60fd16cd87cf9f16439c0614,918.8,1,39,gamble_right,You received 0 dollars.,148,2,30,0,12,2
52,13,60fd16cd87cf9f16439c0614,794.5,0,39,gamble_left,You won 10 dollars.,149,2,23,0,10,1
138,13,60fd16cd87cf9f16439c0614,897.4,1,39,gamble_right,You received 0 dollars.,150,2,12,0,4,2