trial_index,ID,subject,rt,responses,key_press,gamble_location,stimulus,Trial_ID,Trial_Type,Gain,Loss,Certain,Trial_Outcome
54,14,60fd11ad6d6b53f3110e0840,1872.3,0,37,gamble_right,You received 0 dollars.,1,1,2,-0.5,0,2
104,14,60fd11ad6d6b53f3110e0840,1428.7,1,37,gamble_left,You won 2 dollars.,2,1,2,-0.75,0,1
26,14,60fd11ad6d6b53f3110e0840,1292.6,1,39,gamble_right,You won 2 dollars.,3,1,2,-1,0,1
50,14,60fd11ad6d6b53f3110e0840,1536.3,1,37,gamble_left,You lost -1.25 dollars.,4,1,2,-1.25,0,2
75,14,60fd11ad6d6b53f3110e0840,NA,NA,NA,gamble_right,Trial missed.,5,1,2,-1.5,0,3
27,14,60fd11ad6d6b53f3110e0840,1165.9,1,39,gamble_right,You lost -1.75 dollars.,6,1,2,-1.75,0,2
82,14,60fd11ad6d6b53f3110e0840,1146.6,0,39,gamble_left,You received 0 dollars.,7,1,2,-2,0,2
113,14,60fd11ad6d6b53f3110e0840,1214.4,0,37,gamble_right,You received 0 dollars.,8,1,2,-2.25,0,2
44,14,60fd11ad6d6b53f3110e0840,1283.7,0,37,gamble_right,You received 0 dollars.,9,1,2,-2.5,0,2
81,14,60fd11ad6d6b53f3110e0840,1211.1,0,37,gamble_right,You received 0 dollars.,10,1,2,-2.75,0,2
78,14,60fd11ad6d6b53f3110e0840,1088.1,0,39,gamble_left,You received 0 dollars.,11,1,2,-3,0,2
131,14,60fd11ad6d6b53f3110e0840,1197.1,0,39,gamble_left,You received 0 dollars.,12,1,2,-3.25,0,2
88,14,60fd11ad6d6b53f3110e0840,1116.1,0,39,gamble_left,You received 0 dollars.,13,1,2,-3.5,0,2
46,14,60fd11ad6d6b53f3110e0840,1183.0,0,39,gamble_left,You received 0 dollars.,14,1,2,-3.75,0,2
40,14,60fd11ad6d6b53f3110e0840,1107.5,0,39,gamble_left,You received 0 dollars.,15,1,2,-4,0,2
8,14,60fd11ad6d6b53f3110e0840,1223.0,1,37,gamble_left,You won 4 dollars.,16,1,4,-1,0,1
33,14,60fd11ad6d6b53f3110e0840,1268.3,1,39,gamble_right,You won 4 dollars.,17,1,4,-1.5,0,1
58,14,60fd11ad6d6b53f3110e0840,1987.2,0,39,gamble_left,You received 0 dollars.,18,1,4,-2,0,2
123,14,60fd11ad6d6b53f3110e0840,1320.9,1,39,gamble_right,You lost -2.5 dollars.,19,1,4,-2.5,0,2
110,14,60fd11ad6d6b53f3110e0840,1177.1,1,37,gamble_left,You won 4 dollars.,20,1,4,-3,0,1
91,14,60fd11ad6d6b53f3110e0840,1079.0,0,39,gamble_left,You received 0 dollars.,21,1,4,-3.5,0,2
63,14,60fd11ad6d6b53f3110e0840,1202.8,0,39,gamble_left,You received 0 dollars.,22,1,4,-4,0,2
3,14,60fd11ad6d6b53f3110e0840,1987.1,1,37,gamble_left,You lost -4.5 dollars.,23,1,4,-4.5,0,2
86,14,60fd11ad6d6b53f3110e0840,1687.7,0,39,gamble_left,You received 0 dollars.,24,1,4,-5,0,2
22,14,60fd11ad6d6b53f3110e0840,1189.3,0,37,gamble_right,You received 0 dollars.,25,1,4,-5.5,0,2
15,14,60fd11ad6d6b53f3110e0840,NA,NA,NA,gamble_left,Trial missed.,26,1,4,-6,0,3
119,14,60fd11ad6d6b53f3110e0840,1023.2,0,37,gamble_right,You received 0 dollars.,27,1,4,-6.5,0,2
141,14,60fd11ad6d6b53f3110e0840,890.9,1,39,gamble_right,You won 4 dollars.,28,1,4,-7,0,1
55,14,60fd11ad6d6b53f3110e0840,1177.1,0,39,gamble_left,You received 0 dollars.,29,1,4,-7.5,0,2
108,14,60fd11ad6d6b53f3110e0840,1128.6,0,39,gamble_left,You received 0 dollars.,30,1,4,-8,0,2
103,14,60fd11ad6d6b53f3110e0840,1150.1,1,39,gamble_right,You won 5 dollars.,31,1,5,-1.25,0,1
21,14,60fd11ad6d6b53f3110e0840,1248.8,1,39,gamble_right,You won 5 dollars.,32,1,5,-1.88,0,1
10,14,60fd11ad6d6b53f3110e0840,1673.4,0,39,gamble_left,You received 0 dollars.,33,1,5,-2.5,0,2
92,14,60fd11ad6d6b53f3110e0840,1406.4,1,37,gamble_left,You won 5 dollars.,34,1,5,-3.13,0,1
35,14,60fd11ad6d6b53f3110e0840,1617.9,0,39,gamble_left,You received 0 dollars.,35,1,5,-3.75,0,2
122,14,60fd11ad6d6b53f3110e0840,1944.3,0,37,gamble_right,You received 0 dollars.,36,1,5,-4.38,0,2
38,14,60fd11ad6d6b53f3110e0840,1295.4,0,39,gamble_left,You received 0 dollars.,37,1,5,-5,0,2
97,14,60fd11ad6d6b53f3110e0840,1313.1,1,39,gamble_right,You won 5 dollars.,38,1,5,-5.63,0,1
106,14,60fd11ad6d6b53f3110e0840,1569.7,0,37,gamble_right,You received 0 dollars.,39,1,5,-6.25,0,2
136,14,60fd11ad6d6b53f3110e0840,1230.3,0,37,gamble_right,You received 0 dollars.,40,1,5,-6.88,0,2
138,14,60fd11ad6d6b53f3110e0840,1146.6,0,39,gamble_left,You received 0 dollars.,41,1,5,-7.5,0,2
140,14,60fd11ad6d6b53f3110e0840,1088.1,0,37,gamble_right,You received 0 dollars.,42,1,5,-8.13,0,2
83,14,60fd11ad6d6b53f3110e0840,1053.9,0,39,gamble_left,You received 0 dollars.,43,1,5,-8.75,0,2
142,14,60fd11ad6d6b53f3110e0840,1055.1,0,39,gamble_left,You received 0 dollars.,44,1,5,-9.38,0,2
90,14,60fd11ad6d6b53f3110e0840,1503.0,0,37,gamble_right,You received 0 dollars.,45,1,5,-10,0,2
133,14,60fd11ad6d6b53f3110e0840,1743.3,1,39,gamble_right,You lost -1.5 dollars.,46,1,6,-1.5,0,2
135,14,60fd11ad6d6b53f3110e0840,1282.1,1,37,gamble_left,You lost -2.25 dollars.,47,1,6,-2.25,0,2
6,14,60fd11ad6d6b53f3110e0840,925.7,1,39,gamble_right,You won 6 dollars.,48,1,6,-3,0,1
57,14,60fd11ad6d6b53f3110e0840,NA,NA,NA,gamble_left,Trial missed.,49,1,6,-3.75,0,3
9,14,60fd11ad6d6b53f3110e0840,1119.9,1,37,gamble_left,You won 6 dollars.,50,1,6,-4.5,0,1
4,14,60fd11ad6d6b53f3110e0840,1303.6,1,37,gamble_left,You lost -5.25 dollars.,51,1,6,-5.25,0,2
71,14,60fd11ad6d6b53f3110e0840,NA,NA,NA,gamble_right,Trial missed.,52,1,6,-6,0,3
130,14,60fd11ad6d6b53f3110e0840,1420.2,0,39,gamble_left,You received 0 dollars.,53,1,6,-6.75,0,2
45,14,60fd11ad6d6b53f3110e0840,1151.4,0,37,gamble_right,You received 0 dollars.,54,1,6,-7.5,0,2
98,14,60fd11ad6d6b53f3110e0840,1733.0,0,37,gamble_right,You received 0 dollars.,55,1,6,-8.25,0,2
29,14,60fd11ad6d6b53f3110e0840,1762.2,0,39,gamble_left,You received 0 dollars.,56,1,6,-9,0,2
118,14,60fd11ad6d6b53f3110e0840,923.2,0,39,gamble_left,You received 0 dollars.,57,1,6,-9.75,0,2
96,14,60fd11ad6d6b53f3110e0840,1560.2,0,37,gamble_right,You received 0 dollars.,58,1,6,-10.5,0,2
64,14,60fd11ad6d6b53f3110e0840,1547.7,0,37,gamble_right,You received 0 dollars.,59,1,6,-11.25,0,2
93,14,60fd11ad6d6b53f3110e0840,1323.5,0,37,gamble_right,You received 0 dollars.,60,1,6,-12,0,2
128,14,60fd11ad6d6b53f3110e0840,1502.8,1,37,gamble_left,You lost -2 dollars.,61,1,8,-2,0,2
53,14,60fd11ad6d6b53f3110e0840,1116.7,1,37,gamble_left,You lost -3 dollars.,62,1,8,-3,0,2
59,14,60fd11ad6d6b53f3110e0840,1289.9,1,37,gamble_left,You won 8 dollars.,63,1,8,-4,0,1
2,14,60fd11ad6d6b53f3110e0840,1778.9,0,37,gamble_right,You received 0 dollars.,64,1,8,-5,0,2
52,14,60fd11ad6d6b53f3110e0840,1334.2,0,39,gamble_left,You received 0 dollars.,65,1,8,-6,0,2
42,14,60fd11ad6d6b53f3110e0840,1375.3,0,37,gamble_right,You received 0 dollars.,66,1,8,-7,0,2
31,14,60fd11ad6d6b53f3110e0840,1098.9,0,39,gamble_left,You received 0 dollars.,67,1,8,-8,0,2
60,14,60fd11ad6d6b53f3110e0840,NA,NA,NA,gamble_left,Trial missed.,68,1,8,-9,0,3
111,14,60fd11ad6d6b53f3110e0840,983.2,0,39,gamble_left,You received 0 dollars.,69,1,8,-10,0,2
121,14,60fd11ad6d6b53f3110e0840,1364.1,0,37,gamble_right,You received 0 dollars.,70,1,8,-11,0,2
51,14,60fd11ad6d6b53f3110e0840,1067.4,1,39,gamble_right,You won 8 dollars.,71,1,8,-12,0,1
145,14,60fd11ad6d6b53f3110e0840,1583.2,0,37,gamble_right,You received 0 dollars.,72,1,8,-13,0,2
126,14,60fd11ad6d6b53f3110e0840,1180.3,0,39,gamble_left,You received 0 dollars.,73,1,8,-14,0,2
39,14,60fd11ad6d6b53f3110e0840,1144.1,0,39,gamble_left,You received 0 dollars.,74,1,8,-15,0,2
150,14,60fd11ad6d6b53f3110e0840,1335.2,0,39,gamble_left,You received 0 dollars.,75,1,8,-16,0,2
24,14,60fd11ad6d6b53f3110e0840,1312.1,1,37,gamble_left,You won 9 dollars.,76,1,9,-2.25,0,1
146,14,60fd11ad6d6b53f3110e0840,1223.4,0,37,gamble_right,You received 0 dollars.,77,1,9,-3.38,0,2
14,14,60fd11ad6d6b53f3110e0840,NA,NA,NA,gamble_left,Trial missed.,78,1,9,-4.5,0,3
69,14,60fd11ad6d6b53f3110e0840,1150.9,1,39,gamble_right,You won 9 dollars.,79,1,9,-5.63,0,1
137,14,60fd11ad6d6b53f3110e0840,1220.6,1,39,gamble_right,You lost -6.75 dollars.,80,1,9,-6.75,0,2
65,14,60fd11ad6d6b53f3110e0840,1223.2,1,37,gamble_left,You lost -7.88 dollars.,81,1,9,-7.88,0,2
148,14,60fd11ad6d6b53f3110e0840,1510.6,0,39,gamble_left,You received 0 dollars.,82,1,9,-9,0,2
25,14,60fd11ad6d6b53f3110e0840,1485.0,0,37,gamble_right,You received 0 dollars.,83,1,9,-10.13,0,2
47,14,60fd11ad6d6b53f3110e0840,1109.8,0,39,gamble_left,You received 0 dollars.,84,1,9,-11.25,0,2
70,14,60fd11ad6d6b53f3110e0840,1218.1,0,37,gamble_right,You received 0 dollars.,85,1,9,-12.38,0,2
72,14,60fd11ad6d6b53f3110e0840,1597.4,0,39,gamble_left,You received 0 dollars.,86,1,9,-13.5,0,2
124,14,60fd11ad6d6b53f3110e0840,1337.5,1,39,gamble_right,You lost -14.63 dollars.,87,1,9,-14.63,0,2
127,14,60fd11ad6d6b53f3110e0840,1500.4,0,37,gamble_right,You received 0 dollars.,88,1,9,-15.75,0,2
73,14,60fd11ad6d6b53f3110e0840,989.9,0,39,gamble_left,You received 0 dollars.,89,1,9,-16.88,0,2
76,14,60fd11ad6d6b53f3110e0840,1840.2,0,39,gamble_left,You received 0 dollars.,90,1,9,-18,0,2
107,14,60fd11ad6d6b53f3110e0840,876.6,1,37,gamble_left,You won 10 dollars.,91,1,10,-2.5,0,1
16,14,60fd11ad6d6b53f3110e0840,1096.6,1,39,gamble_right,You won 10 dollars.,92,1,10,-3.75,0,1
105,14,60fd11ad6d6b53f3110e0840,956.6,1,37,gamble_left,You lost -5 dollars.,93,1,10,-5,0,2
20,14,60fd11ad6d6b53f3110e0840,1038.8,1,39,gamble_right,You won 10 dollars.,94,1,10,-6.25,0,1
7,14,60fd11ad6d6b53f3110e0840,1130.3,1,37,gamble_left,You won 10 dollars.,95,1,10,-7.5,0,1
120,14,60fd11ad6d6b53f3110e0840,1381.2,1,39,gamble_right,You won 10 dollars.,96,1,10,-8.75,0,1
95,14,60fd11ad6d6b53f3110e0840,1745.8,0,37,gamble_right,You received 0 dollars.,97,1,10,-10,0,2
114,14,60fd11ad6d6b53f3110e0840,1749.5,0,39,gamble_left,You received 0 dollars.,98,1,10,-11.25,0,2
84,14,60fd11ad6d6b53f3110e0840,1337.2,0,37,gamble_right,You received 0 dollars.,99,1,10,-12.5,0,2
67,14,60fd11ad6d6b53f3110e0840,1435.9,1,39,gamble_right,You won 10 dollars.,100,1,10,-13.75,0,1
12,14,60fd11ad6d6b53f3110e0840,948.7,1,37,gamble_left,You won 10 dollars.,101,1,10,-15,0,1
94,14,60fd11ad6d6b53f3110e0840,1752.9,0,37,gamble_right,You received 0 dollars.,102,1,10,-16.25,0,2
139,14,60fd11ad6d6b53f3110e0840,1179.2,1,37,gamble_left,You lost -17.5 dollars.,103,1,10,-17.5,0,2
99,14,60fd11ad6d6b53f3110e0840,1466.8,1,37,gamble_left,You won 10 dollars.,104,1,10,-18.75,0,1
132,14,60fd11ad6d6b53f3110e0840,997.0,0,39,gamble_left,You received 0 dollars.,105,1,10,-20,0,2
5,14,60fd11ad6d6b53f3110e0840,1127.2,1,37,gamble_left,You lost -3 dollars.,106,1,12,-3,0,2
102,14,60fd11ad6d6b53f3110e0840,1148.1,1,37,gamble_left,You lost -4.5 dollars.,107,1,12,-4.5,0,2
61,14,60fd11ad6d6b53f3110e0840,1419.3,1,37,gamble_left,You lost -6 dollars.,108,1,12,-6,0,2
32,14,60fd11ad6d6b53f3110e0840,NA,NA,NA,gamble_right,Trial missed.,109,1,12,-7.5,0,3
11,14,60fd11ad6d6b53f3110e0840,781.2,1,37,gamble_left,You lost -9 dollars.,110,1,12,-9,0,2
129,14,60fd11ad6d6b53f3110e0840,1162.2,0,39,gamble_left,You received 0 dollars.,111,1,12,-10.5,0,2
100,14,60fd11ad6d6b53f3110e0840,1492.2,0,37,gamble_right,You received 0 dollars.,112,1,12,-12,0,2
116,14,60fd11ad6d6b53f3110e0840,1253.6,0,37,gamble_right,You received 0 dollars.,113,1,12,-13.5,0,2
66,14,60fd11ad6d6b53f3110e0840,794.4,1,39,gamble_right,You won 12 dollars.,114,1,12,-15,0,1
19,14,60fd11ad6d6b53f3110e0840,1478.9,1,39,gamble_right,You lost -16.5 dollars.,115,1,12,-16.5,0,2
37,14,60fd11ad6d6b53f3110e0840,1425.9,0,37,gamble_right,You received 0 dollars.,116,1,12,-18,0,2
87,14,60fd11ad6d6b53f3110e0840,1528.3,1,37,gamble_left,You won 12 dollars.,117,1,12,-19.5,0,1
144,14,60fd11ad6d6b53f3110e0840,1207.0,0,39,gamble_left,You received 0 dollars.,118,1,12,-21,0,2
68,14,60fd11ad6d6b53f3110e0840,1677.2,0,37,gamble_right,You received 0 dollars.,119,1,12,-22.5,0,2
109,14,60fd11ad6d6b53f3110e0840,1232.3,0,39,gamble_left,You received 0 dollars.,120,1,12,-24,0,2
13,14,60fd11ad6d6b53f3110e0840,1510.1,0,39,gamble_left,You won 2 dollars.,121,2,4,0,2,1
1,14,60fd11ad6d6b53f3110e0840,1093.3,1,37,gamble_left,You won 8 dollars.,122,2,8,0,4,1
143,14,60fd11ad6d6b53f3110e0840,831.7,1,39,gamble_right,You won 12 dollars.,123,2,12,0,6,1
43,14,60fd11ad6d6b53f3110e0840,1181.4,1,39,gamble_right,You received 0 dollars.,124,2,18,0,9,2
49,14,60fd11ad6d6b53f3110e0840,962.2,1,37,gamble_left,You received 0 dollars.,125,2,24,0,12,2
74,14,60fd11ad6d6b53f3110e0840,1124.9,1,37,gamble_left,You received 0 dollars.,126,2,5,0,3,2
62,14,60fd11ad6d6b53f3110e0840,1012.0,1,37,gamble_left,You received 0 dollars.,127,2,7,0,4,2
18,14,60fd11ad6d6b53f3110e0840,1269.1,0,39,gamble_left,You won 6 dollars.,128,2,10,0,6,1
56,14,60fd11ad6d6b53f3110e0840,993.9,1,39,gamble_right,You won 17 dollars.,129,2,17,0,10,1
23,14,60fd11ad6d6b53f3110e0840,1548.3,0,39,gamble_left,You won 13 dollars.,130,2,22,0,13,1
101,14,60fd11ad6d6b53f3110e0840,1400.6,1,37,gamble_left,You received 0 dollars.,131,2,28,0,13,2
147,14,60fd11ad6d6b53f3110e0840,1153.4,1,37,gamble_left,You won 5 dollars.,132,2,5,0,2,1
77,14,60fd11ad6d6b53f3110e0840,961.8,1,37,gamble_left,You won 26 dollars.,133,2,26,0,10,1
30,14,60fd11ad6d6b53f3110e0840,1095.6,1,39,gamble_right,You won 7 dollars.,134,2,7,0,3,1
36,14,60fd11ad6d6b53f3110e0840,1429.8,1,37,gamble_left,You won 13 dollars.,135,2,13,0,5,1
115,14,60fd11ad6d6b53f3110e0840,994.8,1,39,gamble_right,You won 12 dollars.,136,2,12,0,6,1
41,14,60fd11ad6d6b53f3110e0840,1134.1,1,39,gamble_right,You won 25 dollars.,137,2,25,0,10,1
89,14,60fd11ad6d6b53f3110e0840,1128.8,1,39,gamble_right,You received 0 dollars.,138,2,4,0,2,2
112,14,60fd11ad6d6b53f3110e0840,1201.4,1,39,gamble_right,You won 3 dollars.,139,2,3,0,1,1
48,14,60fd11ad6d6b53f3110e0840,962.7,1,39,gamble_right,You received 0 dollars.,140,2,25,0,9,2
17,14,60fd11ad6d6b53f3110e0840,1241.1,1,37,gamble_left,You received 0 dollars.,141,2,13,0,6,2
79,14,60fd11ad6d6b53f3110e0840,905.5,1,37,gamble_left,You received 0 dollars.,142,2,22,0,10,2
28,14,60fd11ad6d6b53f3110e0840,1136.8,1,37,gamble_left,You won 12 dollars.,143,2,12,0,5,1
117,14,60fd11ad6d6b53f3110e0840,1006.9,1,39,gamble_right,You won 2 dollars.,144,2,2,0,1,1
80,14,60fd11ad6d6b53f3110e0840,1045.2,1,39,gamble_right,You won 8 dollars.,145,2,8,0,3,1
85,14,60fd11ad6d6b53f3110e0840,855.5,1,37,gamble_left,You won 19 dollars.,146,2,19,0,8,1
149,14,60fd11ad6d6b53f3110e0840,1097.7,1,39,gamble_right,You received 0 dollars.,147,2,26,0,12,2
134,14,60fd11ad6d6b53f3110e0840,1322.7,1,39,gamble_right,You received 0 dollars.,148,2,30,0,12,2
34,14,60fd11ad6d6b53f3110e0840,1012.2,1,37,gamble_left,You won 23 dollars.,149,2,23,0,10,1
125,14,60fd11ad6d6b53f3110e0840,977.5,1,37,gamble_left,You won 12 dollars.,150,2,12,0,4,1