trial_index,ID,subject,rt,responses,key_press,gamble_location,stimulus,Trial_ID,Trial_Type,Gain,Loss,Certain,Trial_Outcome
28,15,60fda1e636243e757ed13ab8,956.6,1,37,gamble_left,You lost -0.5 dollars.,1,1,2,-0.5,0,2
138,15,60fda1e636243e757ed13ab8,1164.3,1,37,gamble_left,You won 2 dollars.,2,1,2,-0.75,0,1
13,15,60fda1e636243e757ed13ab8,1540.2,0,37,gamble_right,You received 0 dollars.,3,1,2,-1,0,2
112,15,60fda1e636243e757ed13ab8,1159.8,0,39,gamble_left,You received 0 dollars.,4,1,2,-1.25,0,2
59,15,60fda1e636243e757ed13ab8,1039.4,1,39,gamble_right,You lost -1.5 dollars.,5,1,2,-1.5,0,2
58,15,60fda1e636243e757ed13ab8,1094.0,1,39,gamble_right,You won 2 dollars.,6,1,2,-1.75,0,1
115,15,60fda1e636243e757ed13ab8,1397.8,0,39,gamble_left,You received 0 dollars.,7,1,2,-2,0,2
52,15,60fda1e636243e757ed13ab8,907.8,0,37,gamble_right,You received 0 dollars.,8,1,2,-2.25,0,2
69,15,60fda1e636243e757ed13ab8,1070.7,0,39,gamble_left,You received 0 dollars.,9,1,2,-2.5,0,2
74,15,60fda1e636243e757ed13ab8,917.6,1,37,gamble_left,You won 2 dollars.,10,1,2,-2.75,0,1
107,15,60fda1e636243e757ed13ab8,1228.7,0,39,gamble_left,You received 0 dollars.,11,1,2,-3,0,2
57,15,60fda1e636243e757ed13ab8,1311.5,0,39,gamble_left,You received 0 dollars.,12,1,2,-3.25,0,2
21,15,60fda1e636243e757ed13ab8,956.1,1,37,gamble_left,You won 2 dollars.,13,1,2,-3.5,0,1
27,15,60fda1e636243e757ed13ab8,866.3,0,37,gamble_right,You received 0 dollars.,14,1,2,-3.75,0,2
82,15,60fda1e636243e757ed13ab8,1157.5,0,39,gamble_left,You received 0 dollars.,15,1,2,-4,0,2
137,15,60fda1e636243e757ed13ab8,1199.1,1,39,gamble_right,You lost -1 dollars.,16,1,4,-1,0,2
60,15,60fda1e636243e757ed13ab8,957.4,1,37,gamble_left,You lost -1.5 dollars.,17,1,4,-1.5,0,2
61,15,60fda1e636243e757ed13ab8,877.7,1,37,gamble_left,You lost -2 dollars.,18,1,4,-2,0,2
129,15,60fda1e636243e757ed13ab8,1140.0,1,37,gamble_left,You lost -2.5 dollars.,19,1,4,-2.5,0,2
78,15,60fda1e636243e757ed13ab8,1002.3,1,39,gamble_right,You won 4 dollars.,20,1,4,-3,0,1
148,15,60fda1e636243e757ed13ab8,1122.2,1,37,gamble_left,You won 4 dollars.,21,1,4,-3.5,0,1
55,15,60fda1e636243e757ed13ab8,1075.5,1,37,gamble_left,You won 4 dollars.,22,1,4,-4,0,1
96,15,60fda1e636243e757ed13ab8,1830.2,0,39,gamble_left,You received 0 dollars.,23,1,4,-4.5,0,2
49,15,60fda1e636243e757ed13ab8,848.7,0,39,gamble_left,You received 0 dollars.,24,1,4,-5,0,2
44,15,60fda1e636243e757ed13ab8,957.6,0,39,gamble_left,You received 0 dollars.,25,1,4,-5.5,0,2
35,15,60fda1e636243e757ed13ab8,1001.4,0,37,gamble_right,You received 0 dollars.,26,1,4,-6,0,2
121,15,60fda1e636243e757ed13ab8,1295.8,0,39,gamble_left,You received 0 dollars.,27,1,4,-6.5,0,2
83,15,60fda1e636243e757ed13ab8,925.7,0,37,gamble_right,You received 0 dollars.,28,1,4,-7,0,2
128,15,60fda1e636243e757ed13ab8,1176.1,0,37,gamble_right,You received 0 dollars.,29,1,4,-7.5,0,2
120,15,60fda1e636243e757ed13ab8,1264.5,0,37,gamble_right,You received 0 dollars.,30,1,4,-8,0,2
23,15,60fda1e636243e757ed13ab8,946.1,1,37,gamble_left,You lost -1.25 dollars.,31,1,5,-1.25,0,2
108,15,60fda1e636243e757ed13ab8,922.2,1,37,gamble_left,You lost -1.88 dollars.,32,1,5,-1.88,0,2
2,15,60fda1e636243e757ed13ab8,1089.6,1,37,gamble_left,You lost -2.5 dollars.,33,1,5,-2.5,0,2
134,15,60fda1e636243e757ed13ab8,1310.6,0,37,gamble_right,You received 0 dollars.,34,1,5,-3.13,0,2
18,15,60fda1e636243e757ed13ab8,1033.9,1,37,gamble_left,You won 5 dollars.,35,1,5,-3.75,0,1
150,15,60fda1e636243e757ed13ab8,1160.4,1,39,gamble_right,You lost -4.38 dollars.,36,1,5,-4.38,0,2
17,15,60fda1e636243e757ed13ab8,1179.9,1,39,gamble_right,You lost -5 dollars.,37,1,5,-5,0,2
118,15,60fda1e636243e757ed13ab8,1138.7,0,39,gamble_left,You received 0 dollars.,38,1,5,-5.63,0,2
149,15,60fda1e636243e757ed13ab8,1385.8,0,37,gamble_right,You received 0 dollars.,39,1,5,-6.25,0,2
103,15,60fda1e636243e757ed13ab8,1209.8,0,37,gamble_right,You received 0 dollars.,40,1,5,-6.88,0,2
19,15,60fda1e636243e757ed13ab8,1127.7,0,37,gamble_right,You received 0 dollars.,41,1,5,-7.5,0,2
72,15,60fda1e636243e757ed13ab8,936.1,0,37,gamble_right,You received 0 dollars.,42,1,5,-8.13,0,2
56,15,60fda1e636243e757ed13ab8,985.0,0,39,gamble_left,You received 0 dollars.,43,1,5,-8.75,0,2
71,15,60fda1e636243e757ed13ab8,990.7,1,39,gamble_right,You lost -9.38 dollars.,44,1,5,-9.38,0,2
46,15,60fda1e636243e757ed13ab8,885.9,0,39,gamble_left,You received 0 dollars.,45,1,5,-10,0,2
3,15,60fda1e636243e757ed13ab8,1013.5,1,39,gamble_right,You lost -1.5 dollars.,46,1,6,-1.5,0,2
142,15,60fda1e636243e757ed13ab8,1162.5,1,39,gamble_right,You won 6 dollars.,47,1,6,-2.25,0,1
144,15,60fda1e636243e757ed13ab8,1114.9,1,39,gamble_right,You lost -3 dollars.,48,1,6,-3,0,2
77,15,60fda1e636243e757ed13ab8,936.1,1,37,gamble_left,You won 6 dollars.,49,1,6,-3.75,0,1
147,15,60fda1e636243e757ed13ab8,868.1,0,39,gamble_left,You received 0 dollars.,50,1,6,-4.5,0,2
32,15,60fda1e636243e757ed13ab8,1161.6,1,39,gamble_right,You lost -5.25 dollars.,51,1,6,-5.25,0,2
41,15,60fda1e636243e757ed13ab8,1082.0,0,37,gamble_right,You received 0 dollars.,52,1,6,-6,0,2
20,15,60fda1e636243e757ed13ab8,1262.6,0,39,gamble_left,You received 0 dollars.,53,1,6,-6.75,0,2
22,15,60fda1e636243e757ed13ab8,1360.9,0,37,gamble_right,You received 0 dollars.,54,1,6,-7.5,0,2
85,15,60fda1e636243e757ed13ab8,993.1,0,37,gamble_right,You received 0 dollars.,55,1,6,-8.25,0,2
140,15,60fda1e636243e757ed13ab8,1074.6,0,39,gamble_left,You received 0 dollars.,56,1,6,-9,0,2
98,15,60fda1e636243e757ed13ab8,962.6,0,39,gamble_left,You received 0 dollars.,57,1,6,-9.75,0,2
139,15,60fda1e636243e757ed13ab8,1074.9,0,39,gamble_left,You received 0 dollars.,58,1,6,-10.5,0,2
87,15,60fda1e636243e757ed13ab8,1299.2,0,39,gamble_left,You received 0 dollars.,59,1,6,-11.25,0,2
9,15,60fda1e636243e757ed13ab8,1330.1,0,39,gamble_left,You received 0 dollars.,60,1,6,-12,0,2
89,15,60fda1e636243e757ed13ab8,1067.9,1,39,gamble_right,You lost -2 dollars.,61,1,8,-2,0,2
43,15,60fda1e636243e757ed13ab8,1021.9,0,37,gamble_right,You received 0 dollars.,62,1,8,-3,0,2
86,15,60fda1e636243e757ed13ab8,1437.8,0,37,gamble_right,You received 0 dollars.,63,1,8,-4,0,2
79,15,60fda1e636243e757ed13ab8,906.6,1,39,gamble_right,You lost -5 dollars.,64,1,8,-5,0,2
51,15,60fda1e636243e757ed13ab8,1668.2,0,37,gamble_right,You received 0 dollars.,65,1,8,-6,0,2
29,15,60fda1e636243e757ed13ab8,1169.9,1,39,gamble_right,You won 8 dollars.,66,1,8,-7,0,1
40,15,60fda1e636243e757ed13ab8,1164.7,0,39,gamble_left,You received 0 dollars.,67,1,8,-8,0,2
73,15,60fda1e636243e757ed13ab8,1351.8,0,37,gamble_right,You received 0 dollars.,68,1,8,-9,0,2
10,15,60fda1e636243e757ed13ab8,1180.1,0,39,gamble_left,You received 0 dollars.,69,1,8,-10,0,2
5,15,60fda1e636243e757ed13ab8,1633.8,1,37,gamble_left,You won 8 dollars.,70,1,8,-11,0,1
26,15,60fda1e636243e757ed13ab8,1133.5,0,37,gamble_right,You received 0 dollars.,71,1,8,-12,0,2
143,15,60fda1e636243e757ed13ab8,1467.1,0,37,gamble_right,You received 0 dollars.,72,1,8,-13,0,2
100,15,60fda1e636243e757ed13ab8,962.2,0,37,gamble_right,You received 0 dollars.,73,1,8,-14,0,2
99,15,60fda1e636243e757ed13ab8,922.9,0,37,gamble_right,You received 0 dollars.,74,1,8,-15,0,2
42,15,60fda1e636243e757ed13ab8,1012.3,0,37,gamble_right,You received 0 dollars.,75,1,8,-16,0,2
64,15,60fda1e636243e757ed13ab8,919.5,1,39,gamble_right,You won 9 dollars.,76,1,9,-2.25,0,1
104,15,60fda1e636243e757ed13ab8,1377.8,1,39,gamble_right,You lost -3.38 dollars.,77,1,9,-3.38,0,2
47,15,60fda1e636243e757ed13ab8,908.8,0,39,gamble_left,You received 0 dollars.,78,1,9,-4.5,0,2
130,15,60fda1e636243e757ed13ab8,1290.0,1,37,gamble_left,You won 9 dollars.,79,1,9,-5.63,0,1
93,15,60fda1e636243e757ed13ab8,1090.5,1,39,gamble_right,You lost -6.75 dollars.,80,1,9,-6.75,0,2
15,15,60fda1e636243e757ed13ab8,1123.5,0,39,gamble_left,You received 0 dollars.,81,1,9,-7.88,0,2
50,15,60fda1e636243e757ed13ab8,908.6,1,39,gamble_right,You lost -9 dollars.,82,1,9,-9,0,2
6,15,60fda1e636243e757ed13ab8,1472.0,0,37,gamble_right,You received 0 dollars.,83,1,9,-10.13,0,2
65,15,60fda1e636243e757ed13ab8,903.6,0,37,gamble_right,You received 0 dollars.,84,1,9,-11.25,0,2
33,15,60fda1e636243e757ed13ab8,950.7,0,39,gamble_left,You received 0 dollars.,85,1,9,-12.38,0,2
38,15,60fda1e636243e757ed13ab8,968.8,0,39,gamble_left,You received 0 dollars.,86,1,9,-13.5,0,2
12,15,60fda1e636243e757ed13ab8,1049.3,0,39,gamble_left,You received 0 dollars.,87,1,9,-14.63,0,2
117,15,60fda1e636243e757ed13ab8,1309.9,0,39,gamble_left,You received 0 dollars.,88,1,9,-15.75,0,2
4,15,60fda1e636243e757ed13ab8,1100.2,1,37,gamble_left,You lost -16.88 dollars.,89,1,9,-16.88,0,2
102,15,60fda1e636243e757ed13ab8,1387.9,0,39,gamble_left,You received 0 dollars.,90,1,9,-18,0,2
106,15,60fda1e636243e757ed13ab8,1317.9,1,37,gamble_left,You lost -2.5 dollars.,91,1,10,-2.5,0,2
119,15,60fda1e636243e757ed13ab8,1139.4,1,37,gamble_left,You lost -3.75 dollars.,92,1,10,-3.75,0,2
67,15,60fda1e636243e757ed13ab8,978.7,1,37,gamble_left,You lost -5 dollars.,93,1,10,-5,0,2
14,15,60fda1e636243e757ed13ab8,1077.2,1,39,gamble_right,You won 10 dollars.,94,1,10,-6.25,0,1
25,15,60fda1e636243e757ed13ab8,1069.8,1,39,gamble_right,You lost -7.5 dollars.,95,1,10,-7.5,0,2
54,15,60fda1e636243e757ed13ab8,1041.6,0,39,gamble_left,You received 0 dollars.,96,1,10,-8.75,0,2
125,15,60fda1e636243e757ed13ab8,1030.1,0,39,gamble_left,You received 0 dollars.,97,1,10,-10,0,2
146,15,60fda1e636243e757ed13ab8,987.7,0,39,gamble_left,You received 0 dollars.,98,1,10,-11.25,0,2
127,15,60fda1e636243e757ed13ab8,1090.1,0,39,gamble_left,You received 0 dollars.,99,1,10,-12.5,0,2
145,15,60fda1e636243e757ed13ab8,1247.5,0,39,gamble_left,You received 0 dollars.,100,1,10,-13.75,0,2
62,15,60fda1e636243e757ed13ab8,849.2,1,37,gamble_left,You won 10 dollars.,101,1,10,-15,0,1
132,15,60fda1e636243e757ed13ab8,1029.7,0,39,gamble_left,You received 0 dollars.,102,1,10,-16.25,0,2
90,15,60fda1e636243e757ed13ab8,1272.1,0,37,gamble_right,You received 0 dollars.,103,1,10,-17.5,0,2
16,15,60fda1e636243e757ed13ab8,1319.1,0,37,gamble_right,You received 0 dollars.,104,1,10,-18.75,0,2
95,15,60fda1e636243e757ed13ab8,966.4,0,37,gamble_right,You received 0 dollars.,105,1,10,-20,0,2
76,15,60fda1e636243e757ed13ab8,1387.1,1,37,gamble_left,You lost -3 dollars.,106,1,12,-3,0,2
109,15,60fda1e636243e757ed13ab8,1234.6,1,39,gamble_right,You won 12 dollars.,107,1,12,-4.5,0,1
30,15,60fda1e636243e757ed13ab8,977.8,1,37,gamble_left,You lost -6 dollars.,108,1,12,-6,0,2
48,15,60fda1e636243e757ed13ab8,987.0,0,39,gamble_left,You received 0 dollars.,109,1,12,-7.5,0,2
131,15,60fda1e636243e757ed13ab8,1145.5,1,37,gamble_left,You won 12 dollars.,110,1,12,-9,0,1
80,15,60fda1e636243e757ed13ab8,925.5,1,39,gamble_right,You won 12 dollars.,111,1,12,-10.5,0,1
91,15,60fda1e636243e757ed13ab8,1270.2,0,37,gamble_right,You received 0 dollars.,112,1,12,-12,0,2
36,15,60fda1e636243e757ed13ab8,1098.2,0,39,gamble_left,You received 0 dollars.,113,1,12,-13.5,0,2
116,15,60fda1e636243e757ed13ab8,1203.9,0,37,gamble_right,You received 0 dollars.,114,1,12,-15,0,2
1,15,60fda1e636243e757ed13ab8,1418.0,0,37,gamble_right,You received 0 dollars.,115,1,12,-16.5,0,2
123,15,60fda1e636243e757ed13ab8,1048.0,0,37,gamble_right,You received 0 dollars.,116,1,12,-18,0,2
63,15,60fda1e636243e757ed13ab8,957.4,1,39,gamble_right,You lost -19.5 dollars.,117,1,12,-19.5,0,2
111,15,60fda1e636243e757ed13ab8,1518.9,0,37,gamble_right,You received 0 dollars.,118,1,12,-21,0,2
70,15,60fda1e636243e757ed13ab8,1125.6,0,39,gamble_left,You received 0 dollars.,119,1,12,-22.5,0,2
122,15,60fda1e636243e757ed13ab8,1247.5,0,37,gamble_right,You received 0 dollars.,120,1,12,-24,0,2
141,15,60fda1e636243e757ed13ab8,870.5,0,37,gamble_right,You won 2 dollars.,121,2,4,0,2,1
31,15,60fda1e636243e757ed13ab8,1054.6,1,39,gamble_right,You received 0 dollars.,122,2,8,0,4,2
136,15,60fda1e636243e757ed13ab8,882.2,0,37,gamble_right,You won 6 dollars.,123,2,12,0,6,1
8,15,60fda1e636243e757ed13ab8,1105.9,0,39,gamble_left,You won 9 dollars.,124,2,18,0,9,1
81,15,60fda1e636243e757ed13ab8,867.7,0,39,gamble_left,You won 12 dollars.,125,2,24,0,12,1
53,15,60fda1e636243e757ed13ab8,673.0,0,39,gamble_left,You won 3 dollars.,126,2,5,0,3,1
92,15,60fda1e636243e757ed13ab8,922.5,0,37,gamble_right,You won 4 dollars.,127,2,7,0,4,1
34,15,60fda1e636243e757ed13ab8,1239.7,0,39,gamble_left,You won 6 dollars.,128,2,10,0,6,1
97,15,60fda1e636243e757ed13ab8,928.1,0,37,gamble_right,You won 10 dollars.,129,2,17,0,10,1
68,15,60fda1e636243e757ed13ab8,848.9,1,39,gamble_right,You received 0 dollars.,130,2,22,0,13,2
84,15,60fda1e636243e757ed13ab8,963.3,0,37,gamble_right,You won 13 dollars.,131,2,28,0,13,1
133,15,60fda1e636243e757ed13ab8,965.3,0,37,gamble_right,You won 2 dollars.,132,2,5,0,2,1
7,15,60fda1e636243e757ed13ab8,1127.9,0,37,gamble_right,You won 10 dollars.,133,2,26,0,10,1
113,15,60fda1e636243e757ed13ab8,842.7,0,37,gamble_right,You won 3 dollars.,134,2,7,0,3,1
126,15,60fda1e636243e757ed13ab8,726.8,0,39,gamble_left,You won 5 dollars.,135,2,13,0,5,1
24,15,60fda1e636243e757ed13ab8,1018.5,0,37,gamble_right,You won 6 dollars.,136,2,12,0,6,1
94,15,60fda1e636243e757ed13ab8,756.5,0,39,gamble_left,You won 10 dollars.,137,2,25,0,10,1
124,15,60fda1e636243e757ed13ab8,1040.8,0,39,gamble_left,You won 2 dollars.,138,2,4,0,2,1
37,15,60fda1e636243e757ed13ab8,1120.9,0,37,gamble_right,You won 1 dollars.,139,2,3,0,1,1
88,15,60fda1e636243e757ed13ab8,988.3,0,37,gamble_right,You won 9 dollars.,140,2,25,0,9,1
39,15,60fda1e636243e757ed13ab8,1020.1,0,39,gamble_left,You won 6 dollars.,141,2,13,0,6,1
101,15,60fda1e636243e757ed13ab8,1027.8,0,37,gamble_right,You won 10 dollars.,142,2,22,0,10,1
45,15,60fda1e636243e757ed13ab8,1032.0,0,39,gamble_left,You won 5 dollars.,143,2,12,0,5,1
135,15,60fda1e636243e757ed13ab8,735.0,0,39,gamble_left,You won 1 dollars.,144,2,2,0,1,1
11,15,60fda1e636243e757ed13ab8,1020.2,0,39,gamble_left,You won 3 dollars.,145,2,8,0,3,1
75,15,60fda1e636243e757ed13ab8,854.9,1,39,gamble_right,You received 0 dollars.,146,2,19,0,8,2
105,15,60fda1e636243e757ed13ab8,844.2,0,37,gamble_right,You won 12 dollars.,147,2,26,0,12,1
66,15,60fda1e636243e757ed13ab8,938.4,0,39,gamble_left,You won 12 dollars.,148,2,30,0,12,1
114,15,60fda1e636243e757ed13ab8,668.1,0,37,gamble_right,You won 10 dollars.,149,2,23,0,10,1
110,15,60fda1e636243e757ed13ab8,867.1,0,39,gamble_left,You won 4 dollars.,150,2,12,0,4,1