trial_index,ID,subject,rt,responses,key_press,gamble_location,stimulus,Trial_ID,Trial_Type,Gain,Loss,Certain,Trial_Outcome
34,16,60ff35de07d5b504c762c17e,1615.1,1,37,gamble_left,You won 2 dollars.,1,1,2,-0.5,0,1
104,16,60ff35de07d5b504c762c17e,932.7,1,37,gamble_left,You won 2 dollars.,2,1,2,-0.75,0,1
46,16,60ff35de07d5b504c762c17e,979.9,1,39,gamble_right,You lost -1 dollars.,3,1,2,-1,0,2
112,16,60ff35de07d5b504c762c17e,1341.2,1,37,gamble_left,You lost -1.25 dollars.,4,1,2,-1.25,0,2
125,16,60ff35de07d5b504c762c17e,1301.0,1,37,gamble_left,You won 2 dollars.,5,1,2,-1.5,0,1
76,16,60ff35de07d5b504c762c17e,1122.8,1,39,gamble_right,You won 2 dollars.,6,1,2,-1.75,0,1
103,16,60ff35de07d5b504c762c17e,1143.1,1,37,gamble_left,You won 2 dollars.,7,1,2,-2,0,1
56,16,60ff35de07d5b504c762c17e,1177.6,1,37,gamble_left,You lost -2.25 dollars.,8,1,2,-2.25,0,2
58,16,60ff35de07d5b504c762c17e,863.6,0,39,gamble_left,You received 0 dollars.,9,1,2,-2.5,0,2
66,16,60ff35de07d5b504c762c17e,1013.2,0,37,gamble_right,You received 0 dollars.,10,1,2,-2.75,0,2
81,16,60ff35de07d5b504c762c17e,1162.4,0,39,gamble_left,You received 0 dollars.,11,1,2,-3,0,2
121,16,60ff35de07d5b504c762c17e,1037.8,0,37,gamble_right,You received 0 dollars.,12,1,2,-3.25,0,2
80,16,60ff35de07d5b504c762c17e,NA,NA,NA,gamble_left,Trial missed.,13,1,2,-3.5,0,3
47,16,60ff35de07d5b504c762c17e,1728.3,0,39,gamble_left,You received 0 dollars.,14,1,2,-3.75,0,2
100,16,60ff35de07d5b504c762c17e,1060.9,0,37,gamble_right,You received 0 dollars.,15,1,2,-4,0,2
19,16,60ff35de07d5b504c762c17e,907.2,1,39,gamble_right,You won 4 dollars.,16,1,4,-1,0,1
98,16,60ff35de07d5b504c762c17e,1315.8,1,37,gamble_left,You lost -1.5 dollars.,17,1,4,-1.5,0,2
106,16,60ff35de07d5b504c762c17e,1100.9,1,39,gamble_right,You won 4 dollars.,18,1,4,-2,0,1
20,16,60ff35de07d5b504c762c17e,981.3,1,37,gamble_left,You won 4 dollars.,19,1,4,-2.5,0,1
90,16,60ff35de07d5b504c762c17e,1439.6,1,37,gamble_left,You lost -3 dollars.,20,1,4,-3,0,2
144,16,60ff35de07d5b504c762c17e,1336.0,1,39,gamble_right,You won 4 dollars.,21,1,4,-3.5,0,1
72,16,60ff35de07d5b504c762c17e,944.7,0,39,gamble_left,You received 0 dollars.,22,1,4,-4,0,2
101,16,60ff35de07d5b504c762c17e,896.4,0,39,gamble_left,You received 0 dollars.,23,1,4,-4.5,0,2
147,16,60ff35de07d5b504c762c17e,1593.9,0,37,gamble_right,You received 0 dollars.,24,1,4,-5,0,2
135,16,60ff35de07d5b504c762c17e,1044.7,0,39,gamble_left,You received 0 dollars.,25,1,4,-5.5,0,2
10,16,60ff35de07d5b504c762c17e,666.4,1,39,gamble_right,You lost -6 dollars.,26,1,4,-6,0,2
36,16,60ff35de07d5b504c762c17e,1251.7,0,37,gamble_right,You received 0 dollars.,27,1,4,-6.5,0,2
123,16,60ff35de07d5b504c762c17e,1040.4,0,37,gamble_right,You received 0 dollars.,28,1,4,-7,0,2
40,16,60ff35de07d5b504c762c17e,1280.1,0,39,gamble_left,You received 0 dollars.,29,1,4,-7.5,0,2
57,16,60ff35de07d5b504c762c17e,1452.6,0,39,gamble_left,You received 0 dollars.,30,1,4,-8,0,2
17,16,60ff35de07d5b504c762c17e,1311.3,1,37,gamble_left,You lost -1.25 dollars.,31,1,5,-1.25,0,2
140,16,60ff35de07d5b504c762c17e,1007.1,1,37,gamble_left,You won 5 dollars.,32,1,5,-1.88,0,1
102,16,60ff35de07d5b504c762c17e,1084.8,1,37,gamble_left,You lost -2.5 dollars.,33,1,5,-2.5,0,2
30,16,60ff35de07d5b504c762c17e,809.3,1,39,gamble_right,You won 5 dollars.,34,1,5,-3.13,0,1
138,16,60ff35de07d5b504c762c17e,1096.2,1,39,gamble_right,You lost -3.75 dollars.,35,1,5,-3.75,0,2
95,16,60ff35de07d5b504c762c17e,980.0,0,39,gamble_left,You received 0 dollars.,36,1,5,-4.38,0,2
39,16,60ff35de07d5b504c762c17e,1215.2,1,37,gamble_left,You lost -5 dollars.,37,1,5,-5,0,2
79,16,60ff35de07d5b504c762c17e,1406.5,0,37,gamble_right,You received 0 dollars.,38,1,5,-5.63,0,2
8,16,60ff35de07d5b504c762c17e,1195.3,0,39,gamble_left,You received 0 dollars.,39,1,5,-6.25,0,2
18,16,60ff35de07d5b504c762c17e,948.9,0,39,gamble_left,You received 0 dollars.,40,1,5,-6.88,0,2
122,16,60ff35de07d5b504c762c17e,1300.2,0,37,gamble_right,You received 0 dollars.,41,1,5,-7.5,0,2
27,16,60ff35de07d5b504c762c17e,821.8,1,37,gamble_left,You lost -8.13 dollars.,42,1,5,-8.13,0,2
89,16,60ff35de07d5b504c762c17e,1068.5,0,37,gamble_right,You received 0 dollars.,43,1,5,-8.75,0,2
97,16,60ff35de07d5b504c762c17e,929.4,0,39,gamble_left,You received 0 dollars.,44,1,5,-9.38,0,2
38,16,60ff35de07d5b504c762c17e,1294.0,0,39,gamble_left,You received 0 dollars.,45,1,5,-10,0,2
68,16,60ff35de07d5b504c762c17e,980.5,0,39,gamble_left,You received 0 dollars.,46,1,6,-1.5,0,2
52,16,60ff35de07d5b504c762c17e,811.7,1,37,gamble_left,You lost -2.25 dollars.,47,1,6,-2.25,0,2
124,16,60ff35de07d5b504c762c17e,952.1,1,39,gamble_right,You won 6 dollars.,48,1,6,-3,0,1
60,16,60ff35de07d5b504c762c17e,1277.1,1,39,gamble_right,You won 6 dollars.,49,1,6,-3.75,0,1
116,16,60ff35de07d5b504c762c17e,1509.2,0,37,gamble_right,You received 0 dollars.,50,1,6,-4.5,0,2
109,16,60ff35de07d5b504c762c17e,1359.3,1,37,gamble_left,You won 6 dollars.,51,1,6,-5.25,0,1
61,16,60ff35de07d5b504c762c17e,967.0,0,39,gamble_left,You received 0 dollars.,52,1,6,-6,0,2
12,16,60ff35de07d5b504c762c17e,986.9,1,37,gamble_left,You lost -6.75 dollars.,53,1,6,-6.75,0,2
48,16,60ff35de07d5b504c762c17e,1207.8,0,37,gamble_right,You received 0 dollars.,54,1,6,-7.5,0,2
13,16,60ff35de07d5b504c762c17e,1259.6,0,39,gamble_left,You received 0 dollars.,55,1,6,-8.25,0,2
91,16,60ff35de07d5b504c762c17e,864.8,0,39,gamble_left,You received 0 dollars.,56,1,6,-9,0,2
137,16,60ff35de07d5b504c762c17e,1207.7,0,37,gamble_right,You received 0 dollars.,57,1,6,-9.75,0,2
92,16,60ff35de07d5b504c762c17e,841.2,0,39,gamble_left,You received 0 dollars.,58,1,6,-10.5,0,2
111,16,60ff35de07d5b504c762c17e,1440.2,0,39,gamble_left,You received 0 dollars.,59,1,6,-11.25,0,2
85,16,60ff35de07d5b504c762c17e,1438.3,0,37,gamble_right,You received 0 dollars.,60,1,6,-12,0,2
59,16,60ff35de07d5b504c762c17e,925.8,1,39,gamble_right,You won 8 dollars.,61,1,8,-2,0,1
42,16,60ff35de07d5b504c762c17e,1209.8,1,37,gamble_left,You lost -3 dollars.,62,1,8,-3,0,2
115,16,60ff35de07d5b504c762c17e,1476.1,0,37,gamble_right,You received 0 dollars.,63,1,8,-4,0,2
45,16,60ff35de07d5b504c762c17e,1117.6,1,37,gamble_left,You won 8 dollars.,64,1,8,-5,0,1
87,16,60ff35de07d5b504c762c17e,760.5,1,39,gamble_right,You won 8 dollars.,65,1,8,-6,0,1
32,16,60ff35de07d5b504c762c17e,770.3,1,39,gamble_right,You won 8 dollars.,66,1,8,-7,0,1
136,16,60ff35de07d5b504c762c17e,1621.6,0,39,gamble_left,You received 0 dollars.,67,1,8,-8,0,2
139,16,60ff35de07d5b504c762c17e,1184.5,0,39,gamble_left,You received 0 dollars.,68,1,8,-9,0,2
77,16,60ff35de07d5b504c762c17e,1100.1,0,39,gamble_left,You received 0 dollars.,69,1,8,-10,0,2
43,16,60ff35de07d5b504c762c17e,1162.4,0,37,gamble_right,You received 0 dollars.,70,1,8,-11,0,2
146,16,60ff35de07d5b504c762c17e,1551.1,0,37,gamble_right,You received 0 dollars.,71,1,8,-12,0,2
113,16,60ff35de07d5b504c762c17e,1179.1,0,39,gamble_left,You received 0 dollars.,72,1,8,-13,0,2
132,16,60ff35de07d5b504c762c17e,1376.7,0,39,gamble_left,You received 0 dollars.,73,1,8,-14,0,2
33,16,60ff35de07d5b504c762c17e,1157.8,0,37,gamble_right,You received 0 dollars.,74,1,8,-15,0,2
62,16,60ff35de07d5b504c762c17e,1134.1,0,37,gamble_right,You received 0 dollars.,75,1,8,-16,0,2
128,16,60ff35de07d5b504c762c17e,991.8,1,39,gamble_right,You won 9 dollars.,76,1,9,-2.25,0,1
145,16,60ff35de07d5b504c762c17e,980.0,1,37,gamble_left,You lost -3.38 dollars.,77,1,9,-3.38,0,2
127,16,60ff35de07d5b504c762c17e,821.3,1,39,gamble_right,You lost -4.5 dollars.,78,1,9,-4.5,0,2
117,16,60ff35de07d5b504c762c17e,860.8,0,39,gamble_left,You received 0 dollars.,79,1,9,-5.63,0,2
15,16,60ff35de07d5b504c762c17e,1391.9,1,39,gamble_right,You lost -6.75 dollars.,80,1,9,-6.75,0,2
51,16,60ff35de07d5b504c762c17e,1994.1,0,39,gamble_left,You received 0 dollars.,81,1,9,-7.88,0,2
94,16,60ff35de07d5b504c762c17e,926.2,1,37,gamble_left,You won 9 dollars.,82,1,9,-9,0,1
73,16,60ff35de07d5b504c762c17e,1117.3,0,39,gamble_left,You received 0 dollars.,83,1,9,-10.13,0,2
26,16,60ff35de07d5b504c762c17e,1407.0,0,39,gamble_left,You received 0 dollars.,84,1,9,-11.25,0,2
67,16,60ff35de07d5b504c762c17e,933.4,0,37,gamble_right,You received 0 dollars.,85,1,9,-12.38,0,2
3,16,60ff35de07d5b504c762c17e,715.1,1,39,gamble_right,You won 9 dollars.,86,1,9,-13.5,0,1
29,16,60ff35de07d5b504c762c17e,794.0,1,39,gamble_right,You won 9 dollars.,87,1,9,-14.63,0,1
142,16,60ff35de07d5b504c762c17e,1119.7,0,37,gamble_right,You received 0 dollars.,88,1,9,-15.75,0,2
65,16,60ff35de07d5b504c762c17e,1409.7,1,37,gamble_left,You lost -16.88 dollars.,89,1,9,-16.88,0,2
105,16,60ff35de07d5b504c762c17e,1154.8,0,37,gamble_right,You received 0 dollars.,90,1,9,-18,0,2
74,16,60ff35de07d5b504c762c17e,960.2,1,39,gamble_right,You won 10 dollars.,91,1,10,-2.5,0,1
83,16,60ff35de07d5b504c762c17e,1386.3,1,37,gamble_left,You won 10 dollars.,92,1,10,-3.75,0,1
11,16,60ff35de07d5b504c762c17e,695.5,1,37,gamble_left,You lost -5 dollars.,93,1,10,-5,0,2
134,16,60ff35de07d5b504c762c17e,1227.9,1,39,gamble_right,You lost -6.25 dollars.,94,1,10,-6.25,0,2
133,16,60ff35de07d5b504c762c17e,925.4,0,39,gamble_left,You received 0 dollars.,95,1,10,-7.5,0,2
120,16,60ff35de07d5b504c762c17e,1199.9,0,37,gamble_right,You received 0 dollars.,96,1,10,-8.75,0,2
99,16,60ff35de07d5b504c762c17e,1395.0,0,37,gamble_right,You received 0 dollars.,97,1,10,-10,0,2
16,16,60ff35de07d5b504c762c17e,1262.4,1,37,gamble_left,You won 10 dollars.,98,1,10,-11.25,0,1
35,16,60ff35de07d5b504c762c17e,1064.1,0,39,gamble_left,You received 0 dollars.,99,1,10,-12.5,0,2
119,16,60ff35de07d5b504c762c17e,897.0,1,39,gamble_right,You won 10 dollars.,100,1,10,-13.75,0,1
1,16,60ff35de07d5b504c762c17e,926.5,1,39,gamble_right,You lost -15 dollars.,101,1,10,-15,0,2
130,16,60ff35de07d5b504c762c17e,1117.6,0,39,gamble_left,You received 0 dollars.,102,1,10,-16.25,0,2
110,16,60ff35de07d5b504c762c17e,1429.1,0,37,gamble_right,You received 0 dollars.,103,1,10,-17.5,0,2
4,16,60ff35de07d5b504c762c17e,1265.1,0,37,gamble_right,You received 0 dollars.,104,1,10,-18.75,0,2
14,16,60ff35de07d5b504c762c17e,822.1,1,39,gamble_right,You won 10 dollars.,105,1,10,-20,0,1
71,16,60ff35de07d5b504c762c17e,1025.9,1,37,gamble_left,You won 12 dollars.,106,1,12,-3,0,1
118,16,60ff35de07d5b504c762c17e,995.7,1,37,gamble_left,You won 12 dollars.,107,1,12,-4.5,0,1
49,16,60ff35de07d5b504c762c17e,1766.5,1,37,gamble_left,You lost -6 dollars.,108,1,12,-6,0,2
143,16,60ff35de07d5b504c762c17e,1032.3,1,37,gamble_left,You won 12 dollars.,109,1,12,-7.5,0,1
64,16,60ff35de07d5b504c762c17e,750.7,1,39,gamble_right,You won 12 dollars.,110,1,12,-9,0,1
55,16,60ff35de07d5b504c762c17e,1835.0,1,37,gamble_left,You lost -10.5 dollars.,111,1,12,-10.5,0,2
126,16,60ff35de07d5b504c762c17e,1114.4,0,37,gamble_right,You received 0 dollars.,112,1,12,-12,0,2
7,16,60ff35de07d5b504c762c17e,1297.2,0,39,gamble_left,You received 0 dollars.,113,1,12,-13.5,0,2
131,16,60ff35de07d5b504c762c17e,1206.0,0,37,gamble_right,You received 0 dollars.,114,1,12,-15,0,2
141,16,60ff35de07d5b504c762c17e,1148.1,0,37,gamble_right,You received 0 dollars.,115,1,12,-16.5,0,2
149,16,60ff35de07d5b504c762c17e,1383.2,0,39,gamble_left,You received 0 dollars.,116,1,12,-18,0,2
70,16,60ff35de07d5b504c762c17e,1257.5,0,39,gamble_left,You received 0 dollars.,117,1,12,-19.5,0,2
54,16,60ff35de07d5b504c762c17e,816.1,1,37,gamble_left,You lost -21 dollars.,118,1,12,-21,0,2
69,16,60ff35de07d5b504c762c17e,1330.9,0,37,gamble_right,You received 0 dollars.,119,1,12,-22.5,0,2
63,16,60ff35de07d5b504c762c17e,1238.4,0,37,gamble_right,You received 0 dollars.,120,1,12,-24,0,2
23,16,60ff35de07d5b504c762c17e,1012.3,1,39,gamble_right,You received 0 dollars.,121,2,4,0,2,2
28,16,60ff35de07d5b504c762c17e,992.2,0,37,gamble_right,You won 4 dollars.,122,2,8,0,4,1
22,16,60ff35de07d5b504c762c17e,1124.1,0,39,gamble_left,You won 6 dollars.,123,2,12,0,6,1
84,16,60ff35de07d5b504c762c17e,1222.1,1,39,gamble_right,You received 0 dollars.,124,2,18,0,9,2
6,16,60ff35de07d5b504c762c17e,1183.8,1,37,gamble_left,You received 0 dollars.,125,2,24,0,12,2
24,16,60ff35de07d5b504c762c17e,947.3,0,39,gamble_left,You won 3 dollars.,126,2,5,0,3,1
93,16,60ff35de07d5b504c762c17e,1083.1,1,39,gamble_right,You won 7 dollars.,127,2,7,0,4,1
150,16,60ff35de07d5b504c762c17e,1055.5,0,39,gamble_left,You won 6 dollars.,128,2,10,0,6,1
75,16,60ff35de07d5b504c762c17e,1152.5,0,39,gamble_left,You won 10 dollars.,129,2,17,0,10,1
44,16,60ff35de07d5b504c762c17e,897.3,0,39,gamble_left,You won 13 dollars.,130,2,22,0,13,1
53,16,60ff35de07d5b504c762c17e,1141.6,0,39,gamble_left,You won 13 dollars.,131,2,28,0,13,1
129,16,60ff35de07d5b504c762c17e,792.3,1,39,gamble_right,You won 5 dollars.,132,2,5,0,2,1
25,16,60ff35de07d5b504c762c17e,901.2,0,39,gamble_left,You won 10 dollars.,133,2,26,0,10,1
9,16,60ff35de07d5b504c762c17e,916.2,1,37,gamble_left,You won 7 dollars.,134,2,7,0,3,1
31,16,60ff35de07d5b504c762c17e,1279.7,0,39,gamble_left,You won 5 dollars.,135,2,13,0,5,1
5,16,60ff35de07d5b504c762c17e,1335.3,1,37,gamble_left,You received 0 dollars.,136,2,12,0,6,2
37,16,60ff35de07d5b504c762c17e,1125.5,0,39,gamble_left,You won 10 dollars.,137,2,25,0,10,1
88,16,60ff35de07d5b504c762c17e,903.2,1,39,gamble_right,You won 4 dollars.,138,2,4,0,2,1
148,16,60ff35de07d5b504c762c17e,744.7,1,39,gamble_right,You won 3 dollars.,139,2,3,0,1,1
82,16,60ff35de07d5b504c762c17e,1299.9,1,39,gamble_right,You received 0 dollars.,140,2,25,0,9,2
114,16,60ff35de07d5b504c762c17e,1327.2,0,39,gamble_left,You won 6 dollars.,141,2,13,0,6,1
78,16,60ff35de07d5b504c762c17e,839.3,0,39,gamble_left,You won 10 dollars.,142,2,22,0,10,1
96,16,60ff35de07d5b504c762c17e,810.7,1,39,gamble_right,You won 12 dollars.,143,2,12,0,5,1
108,16,60ff35de07d5b504c762c17e,1443.8,1,37,gamble_left,You received 0 dollars.,144,2,2,0,1,2
86,16,60ff35de07d5b504c762c17e,1327.2,1,37,gamble_left,You won 8 dollars.,145,2,8,0,3,1
50,16,60ff35de07d5b504c762c17e,1030.3,1,39,gamble_right,You received 0 dollars.,146,2,19,0,8,2
41,16,60ff35de07d5b504c762c17e,1211.5,1,37,gamble_left,You won 26 dollars.,147,2,26,0,12,1
107,16,60ff35de07d5b504c762c17e,813.2,0,39,gamble_left,You won 12 dollars.,148,2,30,0,12,1
21,16,60ff35de07d5b504c762c17e,1248.5,1,39,gamble_right,You received 0 dollars.,149,2,23,0,10,2
2,16,60ff35de07d5b504c762c17e,NA,NA,NA,gamble_right,Trial missed.,150,2,12,0,4,3