trial_index,ID,subject,rt,responses,key_press,gamble_location,stimulus,Trial_ID,Trial_Type,Gain,Loss,Certain,Trial_Outcome
62,17,60fccfd7f6641e2f828fddc3,1044.3,1,37,gamble_left,You won 2 dollars.,1,1,2,-0.5,0,1
111,17,60fccfd7f6641e2f828fddc3,1813.4,1,39,gamble_right,You lost -0.75 dollars.,2,1,2,-0.75,0,2
67,17,60fccfd7f6641e2f828fddc3,1385.2,1,39,gamble_right,You lost -1 dollars.,3,1,2,-1,0,2
68,17,60fccfd7f6641e2f828fddc3,1335.0,1,37,gamble_left,You won 2 dollars.,4,1,2,-1.25,0,1
135,17,60fccfd7f6641e2f828fddc3,1301.7,1,37,gamble_left,You lost -1.5 dollars.,5,1,2,-1.5,0,2
127,17,60fccfd7f6641e2f828fddc3,982.9,1,37,gamble_left,You won 2 dollars.,6,1,2,-1.75,0,1
132,17,60fccfd7f6641e2f828fddc3,935.1,1,37,gamble_left,You won 2 dollars.,7,1,2,-2,0,1
103,17,60fccfd7f6641e2f828fddc3,1223.0,0,37,gamble_right,You received 0 dollars.,8,1,2,-2.25,0,2
144,17,60fccfd7f6641e2f828fddc3,1212.4,0,37,gamble_right,You received 0 dollars.,9,1,2,-2.5,0,2
80,17,60fccfd7f6641e2f828fddc3,1366.8,0,39,gamble_left,You received 0 dollars.,10,1,2,-2.75,0,2
29,17,60fccfd7f6641e2f828fddc3,1139.1,1,37,gamble_left,You lost -3 dollars.,11,1,2,-3,0,2
81,17,60fccfd7f6641e2f828fddc3,1262.3,0,39,gamble_left,You received 0 dollars.,12,1,2,-3.25,0,2
13,17,60fccfd7f6641e2f828fddc3,1224.1,0,37,gamble_right,You received 0 dollars.,13,1,2,-3.5,0,2
137,17,60fccfd7f6641e2f828fddc3,1276.3,0,39,gamble_left,You received 0 dollars.,14,1,2,-3.75,0,2
142,17,60fccfd7f6641e2f828fddc3,1270.4,0,37,gamble_right,You received 0 dollars.,15,1,2,-4,0,2
95,17,60fccfd7f6641e2f828fddc3,1010.3,1,39,gamble_right,You lost -1 dollars.,16,1,4,-1,0,2
114,17,60fccfd7f6641e2f828fddc3,1307.4,1,39,gamble_right,You lost -1.5 dollars.,17,1,4,-1.5,0,2
43,17,60fccfd7f6641e2f828fddc3,1478.0,0,37,gamble_right,You received 0 dollars.,18,1,4,-2,0,2
93,17,60fccfd7f6641e2f828fddc3,1056.6,1,39,gamble_right,You lost -2.5 dollars.,19,1,4,-2.5,0,2
60,17,60fccfd7f6641e2f828fddc3,1160.2,0,39,gamble_left,You received 0 dollars.,20,1,4,-3,0,2
122,17,60fccfd7f6641e2f828fddc3,1301.0,0,37,gamble_right,You received 0 dollars.,21,1,4,-3.5,0,2
63,17,60fccfd7f6641e2f828fddc3,1661.9,0,37,gamble_right,You received 0 dollars.,22,1,4,-4,0,2
75,17,60fccfd7f6641e2f828fddc3,1131.2,0,39,gamble_left,You received 0 dollars.,23,1,4,-4.5,0,2
78,17,60fccfd7f6641e2f828fddc3,1309.1,0,39,gamble_left,You received 0 dollars.,24,1,4,-5,0,2
2,17,60fccfd7f6641e2f828fddc3,1093.5,1,37,gamble_left,You won 4 dollars.,25,1,4,-5.5,0,1
90,17,60fccfd7f6641e2f828fddc3,1235.4,0,39,gamble_left,You received 0 dollars.,26,1,4,-6,0,2
38,17,60fccfd7f6641e2f828fddc3,1167.2,0,39,gamble_left,You received 0 dollars.,27,1,4,-6.5,0,2
94,17,60fccfd7f6641e2f828fddc3,1198.1,0,39,gamble_left,You received 0 dollars.,28,1,4,-7,0,2
44,17,60fccfd7f6641e2f828fddc3,1191.6,0,37,gamble_right,You received 0 dollars.,29,1,4,-7.5,0,2
128,17,60fccfd7f6641e2f828fddc3,1125.1,0,39,gamble_left,You received 0 dollars.,30,1,4,-8,0,2
76,17,60fccfd7f6641e2f828fddc3,1092.8,1,39,gamble_right,You lost -1.25 dollars.,31,1,5,-1.25,0,2
83,17,60fccfd7f6641e2f828fddc3,1160.1,1,37,gamble_left,You won 5 dollars.,32,1,5,-1.88,0,1
149,17,60fccfd7f6641e2f828fddc3,1027.6,1,39,gamble_right,You won 5 dollars.,33,1,5,-2.5,0,1
87,17,60fccfd7f6641e2f828fddc3,1516.9,0,39,gamble_left,You received 0 dollars.,34,1,5,-3.13,0,2
9,17,60fccfd7f6641e2f828fddc3,1300.5,1,37,gamble_left,You won 5 dollars.,35,1,5,-3.75,0,1
30,17,60fccfd7f6641e2f828fddc3,817.4,0,39,gamble_left,You received 0 dollars.,36,1,5,-4.38,0,2
121,17,60fccfd7f6641e2f828fddc3,1216.4,0,39,gamble_left,You received 0 dollars.,37,1,5,-5,0,2
4,17,60fccfd7f6641e2f828fddc3,1354.7,0,37,gamble_right,You received 0 dollars.,38,1,5,-5.63,0,2
140,17,60fccfd7f6641e2f828fddc3,1011.1,0,39,gamble_left,You received 0 dollars.,39,1,5,-6.25,0,2
23,17,60fccfd7f6641e2f828fddc3,946.7,0,37,gamble_right,You received 0 dollars.,40,1,5,-6.88,0,2
136,17,60fccfd7f6641e2f828fddc3,1061.0,0,39,gamble_left,You received 0 dollars.,41,1,5,-7.5,0,2
98,17,60fccfd7f6641e2f828fddc3,1183.4,0,37,gamble_right,You received 0 dollars.,42,1,5,-8.13,0,2
123,17,60fccfd7f6641e2f828fddc3,1114.3,0,39,gamble_left,You received 0 dollars.,43,1,5,-8.75,0,2
27,17,60fccfd7f6641e2f828fddc3,1072.8,0,37,gamble_right,You received 0 dollars.,44,1,5,-9.38,0,2
92,17,60fccfd7f6641e2f828fddc3,1190.8,0,37,gamble_right,You received 0 dollars.,45,1,5,-10,0,2
45,17,60fccfd7f6641e2f828fddc3,1613.4,1,39,gamble_right,You won 6 dollars.,46,1,6,-1.5,0,1
31,17,60fccfd7f6641e2f828fddc3,913.1,0,39,gamble_left,You received 0 dollars.,47,1,6,-2.25,0,2
145,17,60fccfd7f6641e2f828fddc3,1583.0,1,37,gamble_left,You won 6 dollars.,48,1,6,-3,0,1
97,17,60fccfd7f6641e2f828fddc3,1411.6,1,37,gamble_left,You won 6 dollars.,49,1,6,-3.75,0,1
35,17,60fccfd7f6641e2f828fddc3,1205.3,0,39,gamble_left,You received 0 dollars.,50,1,6,-4.5,0,2
72,17,60fccfd7f6641e2f828fddc3,1094.9,0,37,gamble_right,You received 0 dollars.,51,1,6,-5.25,0,2
143,17,60fccfd7f6641e2f828fddc3,1222.7,0,39,gamble_left,You received 0 dollars.,52,1,6,-6,0,2
18,17,60fccfd7f6641e2f828fddc3,1204.9,0,39,gamble_left,You received 0 dollars.,53,1,6,-6.75,0,2
113,17,60fccfd7f6641e2f828fddc3,1075.2,0,39,gamble_left,You received 0 dollars.,54,1,6,-7.5,0,2
91,17,60fccfd7f6641e2f828fddc3,1399.9,0,39,gamble_left,You received 0 dollars.,55,1,6,-8.25,0,2
10,17,60fccfd7f6641e2f828fddc3,1068.8,0,39,gamble_left,You received 0 dollars.,56,1,6,-9,0,2
104,17,60fccfd7f6641e2f828fddc3,1127.8,0,39,gamble_left,You received 0 dollars.,57,1,6,-9.75,0,2
37,17,60fccfd7f6641e2f828fddc3,1156.6,0,37,gamble_right,You received 0 dollars.,58,1,6,-10.5,0,2
3,17,60fccfd7f6641e2f828fddc3,1314.2,1,37,gamble_left,You won 6 dollars.,59,1,6,-11.25,0,1
131,17,60fccfd7f6641e2f828fddc3,1113.0,0,39,gamble_left,You received 0 dollars.,60,1,6,-12,0,2
85,17,60fccfd7f6641e2f828fddc3,1013.4,1,37,gamble_left,You lost -2 dollars.,61,1,8,-2,0,2
24,17,60fccfd7f6641e2f828fddc3,1328.3,1,39,gamble_right,You lost -3 dollars.,62,1,8,-3,0,2
107,17,60fccfd7f6641e2f828fddc3,1358.7,0,37,gamble_right,You received 0 dollars.,63,1,8,-4,0,2
7,17,60fccfd7f6641e2f828fddc3,1101.1,0,37,gamble_right,You received 0 dollars.,64,1,8,-5,0,2
150,17,60fccfd7f6641e2f828fddc3,1164.4,0,39,gamble_left,You received 0 dollars.,65,1,8,-6,0,2
69,17,60fccfd7f6641e2f828fddc3,1162.7,0,37,gamble_right,You received 0 dollars.,66,1,8,-7,0,2
8,17,60fccfd7f6641e2f828fddc3,1177.5,0,39,gamble_left,You received 0 dollars.,67,1,8,-8,0,2
6,17,60fccfd7f6641e2f828fddc3,1197.2,0,37,gamble_right,You received 0 dollars.,68,1,8,-9,0,2
77,17,60fccfd7f6641e2f828fddc3,1179.0,0,37,gamble_right,You received 0 dollars.,69,1,8,-10,0,2
105,17,60fccfd7f6641e2f828fddc3,941.1,0,39,gamble_left,You received 0 dollars.,70,1,8,-11,0,2
102,17,60fccfd7f6641e2f828fddc3,1252.2,0,39,gamble_left,You received 0 dollars.,71,1,8,-12,0,2
88,17,60fccfd7f6641e2f828fddc3,1220.3,0,37,gamble_right,You received 0 dollars.,72,1,8,-13,0,2
84,17,60fccfd7f6641e2f828fddc3,1222.5,0,39,gamble_left,You received 0 dollars.,73,1,8,-14,0,2
119,17,60fccfd7f6641e2f828fddc3,1046.5,0,39,gamble_left,You received 0 dollars.,74,1,8,-15,0,2
148,17,60fccfd7f6641e2f828fddc3,1167.0,0,37,gamble_right,You received 0 dollars.,75,1,8,-16,0,2
109,17,60fccfd7f6641e2f828fddc3,1172.0,1,39,gamble_right,You lost -2.25 dollars.,76,1,9,-2.25,0,2
115,17,60fccfd7f6641e2f828fddc3,1643.9,0,37,gamble_right,You received 0 dollars.,77,1,9,-3.38,0,2
32,17,60fccfd7f6641e2f828fddc3,1021.3,0,37,gamble_right,You received 0 dollars.,78,1,9,-4.5,0,2
110,17,60fccfd7f6641e2f828fddc3,1414.2,0,39,gamble_left,You received 0 dollars.,79,1,9,-5.63,0,2
89,17,60fccfd7f6641e2f828fddc3,1155.9,0,37,gamble_right,You received 0 dollars.,80,1,9,-6.75,0,2
126,17,60fccfd7f6641e2f828fddc3,1076.5,0,39,gamble_left,You received 0 dollars.,81,1,9,-7.88,0,2
124,17,60fccfd7f6641e2f828fddc3,NA,NA,NA,gamble_right,Trial missed.,82,1,9,-9,0,3
141,17,60fccfd7f6641e2f828fddc3,964.2,0,37,gamble_right,You received 0 dollars.,83,1,9,-10.13,0,2
118,17,60fccfd7f6641e2f828fddc3,964.7,0,39,gamble_left,You received 0 dollars.,84,1,9,-11.25,0,2
21,17,60fccfd7f6641e2f828fddc3,910.2,0,39,gamble_left,You received 0 dollars.,85,1,9,-12.38,0,2
146,17,60fccfd7f6641e2f828fddc3,1023.4,0,37,gamble_right,You received 0 dollars.,86,1,9,-13.5,0,2
108,17,60fccfd7f6641e2f828fddc3,NA,NA,NA,gamble_right,Trial missed.,87,1,9,-14.63,0,3
20,17,60fccfd7f6641e2f828fddc3,1070.1,0,39,gamble_left,You received 0 dollars.,88,1,9,-15.75,0,2
70,17,60fccfd7f6641e2f828fddc3,1016.9,0,37,gamble_right,You received 0 dollars.,89,1,9,-16.88,0,2
17,17,60fccfd7f6641e2f828fddc3,1034.8,0,39,gamble_left,You received 0 dollars.,90,1,9,-18,0,2
139,17,60fccfd7f6641e2f828fddc3,1341.7,0,37,gamble_right,You received 0 dollars.,91,1,10,-2.5,0,2
36,17,60fccfd7f6641e2f828fddc3,1147.4,1,39,gamble_right,You lost -3.75 dollars.,92,1,10,-3.75,0,2
5,17,60fccfd7f6641e2f828fddc3,1172.1,1,37,gamble_left,You won 10 dollars.,93,1,10,-5,0,1
52,17,60fccfd7f6641e2f828fddc3,1026.0,0,39,gamble_left,You received 0 dollars.,94,1,10,-6.25,0,2
133,17,60fccfd7f6641e2f828fddc3,1545.5,0,39,gamble_left,You received 0 dollars.,95,1,10,-7.5,0,2
19,17,60fccfd7f6641e2f828fddc3,1078.7,0,37,gamble_right,You received 0 dollars.,96,1,10,-8.75,0,2
28,17,60fccfd7f6641e2f828fddc3,1027.6,0,37,gamble_right,You received 0 dollars.,97,1,10,-10,0,2
125,17,60fccfd7f6641e2f828fddc3,1356.5,0,39,gamble_left,You received 0 dollars.,98,1,10,-11.25,0,2
129,17,60fccfd7f6641e2f828fddc3,1001.7,0,39,gamble_left,You received 0 dollars.,99,1,10,-12.5,0,2
51,17,60fccfd7f6641e2f828fddc3,1034.8,0,37,gamble_right,You received 0 dollars.,100,1,10,-13.75,0,2
130,17,60fccfd7f6641e2f828fddc3,1230.5,0,37,gamble_right,You received 0 dollars.,101,1,10,-15,0,2
11,17,60fccfd7f6641e2f828fddc3,1261.6,0,37,gamble_right,You received 0 dollars.,102,1,10,-16.25,0,2
96,17,60fccfd7f6641e2f828fddc3,967.3,0,37,gamble_right,You received 0 dollars.,103,1,10,-17.5,0,2
53,17,60fccfd7f6641e2f828fddc3,983.6,0,37,gamble_right,You received 0 dollars.,104,1,10,-18.75,0,2
33,17,60fccfd7f6641e2f828fddc3,1066.1,0,39,gamble_left,You received 0 dollars.,105,1,10,-20,0,2
79,17,60fccfd7f6641e2f828fddc3,1032.4,1,39,gamble_right,You won 12 dollars.,106,1,12,-3,0,1
82,17,60fccfd7f6641e2f828fddc3,999.1,1,37,gamble_left,You won 12 dollars.,107,1,12,-4.5,0,1
86,17,60fccfd7f6641e2f828fddc3,1448.1,0,37,gamble_right,You received 0 dollars.,108,1,12,-6,0,2
14,17,60fccfd7f6641e2f828fddc3,1085.1,0,37,gamble_right,You received 0 dollars.,109,1,12,-7.5,0,2
25,17,60fccfd7f6641e2f828fddc3,992.3,0,37,gamble_right,You received 0 dollars.,110,1,12,-9,0,2
61,17,60fccfd7f6641e2f828fddc3,953.9,0,39,gamble_left,You received 0 dollars.,111,1,12,-10.5,0,2
15,17,60fccfd7f6641e2f828fddc3,960.4,0,37,gamble_right,You received 0 dollars.,112,1,12,-12,0,2
99,17,60fccfd7f6641e2f828fddc3,1030.2,0,37,gamble_right,You received 0 dollars.,113,1,12,-13.5,0,2
66,17,60fccfd7f6641e2f828fddc3,1104.2,0,37,gamble_right,You received 0 dollars.,114,1,12,-15,0,2
16,17,60fccfd7f6641e2f828fddc3,1022.5,0,39,gamble_left,You received 0 dollars.,115,1,12,-16.5,0,2
1,17,60fccfd7f6641e2f828fddc3,1018.9,1,39,gamble_right,You lost -18 dollars.,116,1,12,-18,0,2
106,17,60fccfd7f6641e2f828fddc3,879.3,0,37,gamble_right,You received 0 dollars.,117,1,12,-19.5,0,2
39,17,60fccfd7f6641e2f828fddc3,930.9,0,39,gamble_left,You received 0 dollars.,118,1,12,-21,0,2
22,17,60fccfd7f6641e2f828fddc3,1078.3,0,37,gamble_right,You received 0 dollars.,119,1,12,-22.5,0,2
46,17,60fccfd7f6641e2f828fddc3,1050.5,0,37,gamble_right,You received 0 dollars.,120,1,12,-24,0,2
42,17,60fccfd7f6641e2f828fddc3,968.4,1,39,gamble_right,You received 0 dollars.,121,2,4,0,2,2
40,17,60fccfd7f6641e2f828fddc3,856.1,0,37,gamble_right,You won 4 dollars.,122,2,8,0,4,1
74,17,60fccfd7f6641e2f828fddc3,1118.2,1,39,gamble_right,You received 0 dollars.,123,2,12,0,6,2
34,17,60fccfd7f6641e2f828fddc3,1308.9,1,39,gamble_right,You received 0 dollars.,124,2,18,0,9,2
65,17,60fccfd7f6641e2f828fddc3,1042.0,0,37,gamble_right,You won 12 dollars.,125,2,24,0,12,1
138,17,60fccfd7f6641e2f828fddc3,1532.3,1,39,gamble_right,You received 0 dollars.,126,2,5,0,3,2
41,17,60fccfd7f6641e2f828fddc3,855.9,1,39,gamble_right,You received 0 dollars.,127,2,7,0,4,2
58,17,60fccfd7f6641e2f828fddc3,1184.6,1,39,gamble_right,You won 10 dollars.,128,2,10,0,6,1
120,17,60fccfd7f6641e2f828fddc3,1297.0,0,37,gamble_right,You won 10 dollars.,129,2,17,0,10,1
26,17,60fccfd7f6641e2f828fddc3,1308.7,0,39,gamble_left,You won 13 dollars.,130,2,22,0,13,1
147,17,60fccfd7f6641e2f828fddc3,1254.5,0,37,gamble_right,You won 13 dollars.,131,2,28,0,13,1
49,17,60fccfd7f6641e2f828fddc3,1271.4,0,37,gamble_right,You won 2 dollars.,132,2,5,0,2,1
101,17,60fccfd7f6641e2f828fddc3,1169.5,1,39,gamble_right,You won 26 dollars.,133,2,26,0,10,1
100,17,60fccfd7f6641e2f828fddc3,1451.0,1,39,gamble_right,You won 7 dollars.,134,2,7,0,3,1
47,17,60fccfd7f6641e2f828fddc3,1282.7,1,37,gamble_left,You won 13 dollars.,135,2,13,0,5,1
55,17,60fccfd7f6641e2f828fddc3,1420.2,1,37,gamble_left,You won 12 dollars.,136,2,12,0,6,1
116,17,60fccfd7f6641e2f828fddc3,1510.6,1,39,gamble_right,You won 25 dollars.,137,2,25,0,10,1
73,17,60fccfd7f6641e2f828fddc3,880.8,1,39,gamble_right,You received 0 dollars.,138,2,4,0,2,2
56,17,60fccfd7f6641e2f828fddc3,1106.7,1,37,gamble_left,You received 0 dollars.,139,2,3,0,1,2
50,17,60fccfd7f6641e2f828fddc3,1406.8,0,37,gamble_right,You won 9 dollars.,140,2,25,0,9,1
134,17,60fccfd7f6641e2f828fddc3,994.1,1,37,gamble_left,You won 13 dollars.,141,2,13,0,6,1
48,17,60fccfd7f6641e2f828fddc3,1481.1,0,39,gamble_left,You won 10 dollars.,142,2,22,0,10,1
59,17,60fccfd7f6641e2f828fddc3,1078.1,1,37,gamble_left,You received 0 dollars.,143,2,12,0,5,2
12,17,60fccfd7f6641e2f828fddc3,1157.0,1,37,gamble_left,You won 2 dollars.,144,2,2,0,1,1
57,17,60fccfd7f6641e2f828fddc3,1284.8,1,39,gamble_right,You received 0 dollars.,145,2,8,0,3,2
112,17,60fccfd7f6641e2f828fddc3,1306.5,1,39,gamble_right,You received 0 dollars.,146,2,19,0,8,2
54,17,60fccfd7f6641e2f828fddc3,1264.9,1,37,gamble_left,You won 26 dollars.,147,2,26,0,12,1
64,17,60fccfd7f6641e2f828fddc3,1152.2,1,39,gamble_right,You won 30 dollars.,148,2,30,0,12,1
117,17,60fccfd7f6641e2f828fddc3,1345.9,1,37,gamble_left,You received 0 dollars.,149,2,23,0,10,2
71,17,60fccfd7f6641e2f828fddc3,1028.4,1,39,gamble_right,You won 12 dollars.,150,2,12,0,4,1