trial_index,ID,subject,rt,responses,key_press,gamble_location,stimulus,Trial_ID,Trial_Type,Gain,Loss,Certain,Trial_Outcome
144,18,60fd1f594f9a6e82ec42831a,841.6,0,37,gamble_right,You received 0 dollars.,1,1,2,-0.5,0,2
130,18,60fd1f594f9a6e82ec42831a,1121.1,0,39,gamble_left,You received 0 dollars.,2,1,2,-0.75,0,2
23,18,60fd1f594f9a6e82ec42831a,977.2,0,37,gamble_right,You received 0 dollars.,3,1,2,-1,0,2
11,18,60fd1f594f9a6e82ec42831a,1436.7,0,39,gamble_left,You received 0 dollars.,4,1,2,-1.25,0,2
89,18,60fd1f594f9a6e82ec42831a,680.0,0,39,gamble_left,You received 0 dollars.,5,1,2,-1.5,0,2
50,18,60fd1f594f9a6e82ec42831a,765.1,0,39,gamble_left,You received 0 dollars.,6,1,2,-1.75,0,2
42,18,60fd1f594f9a6e82ec42831a,890.5,0,39,gamble_left,You received 0 dollars.,7,1,2,-2,0,2
148,18,60fd1f594f9a6e82ec42831a,817.6,0,39,gamble_left,You received 0 dollars.,8,1,2,-2.25,0,2
14,18,60fd1f594f9a6e82ec42831a,1032.1,0,39,gamble_left,You received 0 dollars.,9,1,2,-2.5,0,2
70,18,60fd1f594f9a6e82ec42831a,709.7,0,39,gamble_left,You received 0 dollars.,10,1,2,-2.75,0,2
44,18,60fd1f594f9a6e82ec42831a,980.6,0,37,gamble_right,You received 0 dollars.,11,1,2,-3,0,2
118,18,60fd1f594f9a6e82ec42831a,770.2,0,37,gamble_right,You received 0 dollars.,12,1,2,-3.25,0,2
124,18,60fd1f594f9a6e82ec42831a,738.3,0,39,gamble_left,You received 0 dollars.,13,1,2,-3.5,0,2
63,18,60fd1f594f9a6e82ec42831a,1089.1,0,39,gamble_left,You received 0 dollars.,14,1,2,-3.75,0,2
54,18,60fd1f594f9a6e82ec42831a,802.5,0,37,gamble_right,You received 0 dollars.,15,1,2,-4,0,2
58,18,60fd1f594f9a6e82ec42831a,816.4,0,37,gamble_right,You received 0 dollars.,16,1,4,-1,0,2
43,18,60fd1f594f9a6e82ec42831a,810.4,0,39,gamble_left,You received 0 dollars.,17,1,4,-1.5,0,2
72,18,60fd1f594f9a6e82ec42831a,984.0,0,39,gamble_left,You received 0 dollars.,18,1,4,-2,0,2
95,18,60fd1f594f9a6e82ec42831a,812.3,0,39,gamble_left,You received 0 dollars.,19,1,4,-2.5,0,2
101,18,60fd1f594f9a6e82ec42831a,1354.3,0,39,gamble_left,You received 0 dollars.,20,1,4,-3,0,2
122,18,60fd1f594f9a6e82ec42831a,642.6,0,37,gamble_right,You received 0 dollars.,21,1,4,-3.5,0,2
87,18,60fd1f594f9a6e82ec42831a,1007.1,0,37,gamble_right,You received 0 dollars.,22,1,4,-4,0,2
146,18,60fd1f594f9a6e82ec42831a,864.8,0,37,gamble_right,You received 0 dollars.,23,1,4,-4.5,0,2
1,18,60fd1f594f9a6e82ec42831a,1070.7,0,39,gamble_left,You received 0 dollars.,24,1,4,-5,0,2
140,18,60fd1f594f9a6e82ec42831a,900.6,0,39,gamble_left,You received 0 dollars.,25,1,4,-5.5,0,2
18,18,60fd1f594f9a6e82ec42831a,1166.2,0,37,gamble_right,You received 0 dollars.,26,1,4,-6,0,2
37,18,60fd1f594f9a6e82ec42831a,881.2,0,37,gamble_right,You received 0 dollars.,27,1,4,-6.5,0,2
65,18,60fd1f594f9a6e82ec42831a,915.1,0,39,gamble_left,You received 0 dollars.,28,1,4,-7,0,2
33,18,60fd1f594f9a6e82ec42831a,727.0,0,39,gamble_left,You received 0 dollars.,29,1,4,-7.5,0,2
6,18,60fd1f594f9a6e82ec42831a,1003.6,0,37,gamble_right,You received 0 dollars.,30,1,4,-8,0,2
141,18,60fd1f594f9a6e82ec42831a,848.2,0,37,gamble_right,You received 0 dollars.,31,1,5,-1.25,0,2
86,18,60fd1f594f9a6e82ec42831a,763.6,0,37,gamble_right,You received 0 dollars.,32,1,5,-1.88,0,2
51,18,60fd1f594f9a6e82ec42831a,1345.2,0,37,gamble_right,You received 0 dollars.,33,1,5,-2.5,0,2
96,18,60fd1f594f9a6e82ec42831a,828.4,0,37,gamble_right,You received 0 dollars.,34,1,5,-3.13,0,2
69,18,60fd1f594f9a6e82ec42831a,865.3,0,39,gamble_left,You received 0 dollars.,35,1,5,-3.75,0,2
127,18,60fd1f594f9a6e82ec42831a,765.4,0,37,gamble_right,You received 0 dollars.,36,1,5,-4.38,0,2
82,18,60fd1f594f9a6e82ec42831a,884.3,0,37,gamble_right,You received 0 dollars.,37,1,5,-5,0,2
64,18,60fd1f594f9a6e82ec42831a,765.6,0,37,gamble_right,You received 0 dollars.,38,1,5,-5.63,0,2
29,18,60fd1f594f9a6e82ec42831a,602.9,0,39,gamble_left,You received 0 dollars.,39,1,5,-6.25,0,2
94,18,60fd1f594f9a6e82ec42831a,1041.9,0,39,gamble_left,You received 0 dollars.,40,1,5,-6.88,0,2
110,18,60fd1f594f9a6e82ec42831a,821.6,0,37,gamble_right,You received 0 dollars.,41,1,5,-7.5,0,2
138,18,60fd1f594f9a6e82ec42831a,1040.6,0,37,gamble_right,You received 0 dollars.,42,1,5,-8.13,0,2
114,18,60fd1f594f9a6e82ec42831a,649.0,0,37,gamble_right,You received 0 dollars.,43,1,5,-8.75,0,2
121,18,60fd1f594f9a6e82ec42831a,751.3,0,39,gamble_left,You received 0 dollars.,44,1,5,-9.38,0,2
31,18,60fd1f594f9a6e82ec42831a,954.8,0,37,gamble_right,You received 0 dollars.,45,1,5,-10,0,2
47,18,60fd1f594f9a6e82ec42831a,675.9,0,39,gamble_left,You received 0 dollars.,46,1,6,-1.5,0,2
150,18,60fd1f594f9a6e82ec42831a,989.4,0,39,gamble_left,You received 0 dollars.,47,1,6,-2.25,0,2
80,18,60fd1f594f9a6e82ec42831a,658.5,0,37,gamble_right,You received 0 dollars.,48,1,6,-3,0,2
12,18,60fd1f594f9a6e82ec42831a,818.2,0,39,gamble_left,You received 0 dollars.,49,1,6,-3.75,0,2
38,18,60fd1f594f9a6e82ec42831a,653.0,0,39,gamble_left,You received 0 dollars.,50,1,6,-4.5,0,2
126,18,60fd1f594f9a6e82ec42831a,1100.6,0,37,gamble_right,You received 0 dollars.,51,1,6,-5.25,0,2
79,18,60fd1f594f9a6e82ec42831a,737.8,0,39,gamble_left,You received 0 dollars.,52,1,6,-6,0,2
7,18,60fd1f594f9a6e82ec42831a,1067.0,0,37,gamble_right,You received 0 dollars.,53,1,6,-6.75,0,2
136,18,60fd1f594f9a6e82ec42831a,928.8,0,39,gamble_left,You received 0 dollars.,54,1,6,-7.5,0,2
3,18,60fd1f594f9a6e82ec42831a,1060.4,0,37,gamble_right,You received 0 dollars.,55,1,6,-8.25,0,2
133,18,60fd1f594f9a6e82ec42831a,923.2,0,37,gamble_right,You received 0 dollars.,56,1,6,-9,0,2
83,18,60fd1f594f9a6e82ec42831a,1023.7,0,39,gamble_left,You received 0 dollars.,57,1,6,-9.75,0,2
56,18,60fd1f594f9a6e82ec42831a,856.1,0,39,gamble_left,You received 0 dollars.,58,1,6,-10.5,0,2
91,18,60fd1f594f9a6e82ec42831a,963.3,0,37,gamble_right,You received 0 dollars.,59,1,6,-11.25,0,2
115,18,60fd1f594f9a6e82ec42831a,598.4,0,37,gamble_right,You received 0 dollars.,60,1,6,-12,0,2
111,18,60fd1f594f9a6e82ec42831a,1031.1,0,39,gamble_left,You received 0 dollars.,61,1,8,-2,0,2
109,18,60fd1f594f9a6e82ec42831a,694.9,0,37,gamble_right,You received 0 dollars.,62,1,8,-3,0,2
59,18,60fd1f594f9a6e82ec42831a,842.7,0,37,gamble_right,You received 0 dollars.,63,1,8,-4,0,2
135,18,60fd1f594f9a6e82ec42831a,845.7,0,37,gamble_right,You received 0 dollars.,64,1,8,-5,0,2
16,18,60fd1f594f9a6e82ec42831a,1060.4,0,39,gamble_left,You received 0 dollars.,65,1,8,-6,0,2
4,18,60fd1f594f9a6e82ec42831a,863.5,0,39,gamble_left,You received 0 dollars.,66,1,8,-7,0,2
74,18,60fd1f594f9a6e82ec42831a,978.2,0,37,gamble_right,You received 0 dollars.,67,1,8,-8,0,2
81,18,60fd1f594f9a6e82ec42831a,706.3,0,39,gamble_left,You received 0 dollars.,68,1,8,-9,0,2
55,18,60fd1f594f9a6e82ec42831a,591.9,0,37,gamble_right,You received 0 dollars.,69,1,8,-10,0,2
137,18,60fd1f594f9a6e82ec42831a,896.0,0,37,gamble_right,You received 0 dollars.,70,1,8,-11,0,2
108,18,60fd1f594f9a6e82ec42831a,543.1,0,37,gamble_right,You received 0 dollars.,71,1,8,-12,0,2
97,18,60fd1f594f9a6e82ec42831a,898.0,0,37,gamble_right,You received 0 dollars.,72,1,8,-13,0,2
5,18,60fd1f594f9a6e82ec42831a,1567.1,0,37,gamble_right,You received 0 dollars.,73,1,8,-14,0,2
48,18,60fd1f594f9a6e82ec42831a,950.0,0,37,gamble_right,You received 0 dollars.,74,1,8,-15,0,2
49,18,60fd1f594f9a6e82ec42831a,833.5,0,37,gamble_right,You received 0 dollars.,75,1,8,-16,0,2
45,18,60fd1f594f9a6e82ec42831a,898.5,0,39,gamble_left,You received 0 dollars.,76,1,9,-2.25,0,2
35,18,60fd1f594f9a6e82ec42831a,1003.2,0,37,gamble_right,You received 0 dollars.,77,1,9,-3.38,0,2
66,18,60fd1f594f9a6e82ec42831a,898.2,0,39,gamble_left,You received 0 dollars.,78,1,9,-4.5,0,2
85,18,60fd1f594f9a6e82ec42831a,730.6,0,39,gamble_left,You received 0 dollars.,79,1,9,-5.63,0,2
2,18,60fd1f594f9a6e82ec42831a,1212.4,0,39,gamble_left,You received 0 dollars.,80,1,9,-6.75,0,2
39,18,60fd1f594f9a6e82ec42831a,926.5,0,37,gamble_right,You received 0 dollars.,81,1,9,-7.88,0,2
107,18,60fd1f594f9a6e82ec42831a,1105.7,0,39,gamble_left,You received 0 dollars.,82,1,9,-9,0,2
142,18,60fd1f594f9a6e82ec42831a,1151.8,0,39,gamble_left,You received 0 dollars.,83,1,9,-10.13,0,2
92,18,60fd1f594f9a6e82ec42831a,850.3,0,39,gamble_left,You received 0 dollars.,84,1,9,-11.25,0,2
13,18,60fd1f594f9a6e82ec42831a,728.4,0,39,gamble_left,You received 0 dollars.,85,1,9,-12.38,0,2
15,18,60fd1f594f9a6e82ec42831a,720.8,0,39,gamble_left,You received 0 dollars.,86,1,9,-13.5,0,2
53,18,60fd1f594f9a6e82ec42831a,780.9,0,39,gamble_left,You received 0 dollars.,87,1,9,-14.63,0,2
41,18,60fd1f594f9a6e82ec42831a,958.6,0,37,gamble_right,You received 0 dollars.,88,1,9,-15.75,0,2
10,18,60fd1f594f9a6e82ec42831a,1177.0,0,39,gamble_left,You received 0 dollars.,89,1,9,-16.88,0,2
102,18,60fd1f594f9a6e82ec42831a,753.5,0,39,gamble_left,You received 0 dollars.,90,1,9,-18,0,2
129,18,60fd1f594f9a6e82ec42831a,787.9,0,39,gamble_left,You received 0 dollars.,91,1,10,-2.5,0,2
60,18,60fd1f594f9a6e82ec42831a,817.8,0,39,gamble_left,You received 0 dollars.,92,1,10,-3.75,0,2
120,18,60fd1f594f9a6e82ec42831a,569.7,0,37,gamble_right,You received 0 dollars.,93,1,10,-5,0,2
113,18,60fd1f594f9a6e82ec42831a,684.3,0,37,gamble_right,You received 0 dollars.,94,1,10,-6.25,0,2
84,18,60fd1f594f9a6e82ec42831a,942.9,0,39,gamble_left,You received 0 dollars.,95,1,10,-7.5,0,2
9,18,60fd1f594f9a6e82ec42831a,947.3,0,39,gamble_left,You received 0 dollars.,96,1,10,-8.75,0,2
36,18,60fd1f594f9a6e82ec42831a,835.3,0,39,gamble_left,You received 0 dollars.,97,1,10,-10,0,2
76,18,60fd1f594f9a6e82ec42831a,800.2,0,39,gamble_left,You received 0 dollars.,98,1,10,-11.25,0,2
67,18,60fd1f594f9a6e82ec42831a,1107.9,0,39,gamble_left,You received 0 dollars.,99,1,10,-12.5,0,2
34,18,60fd1f594f9a6e82ec42831a,787.7,0,39,gamble_left,You received 0 dollars.,100,1,10,-13.75,0,2
73,18,60fd1f594f9a6e82ec42831a,502.2,0,39,gamble_left,You received 0 dollars.,101,1,10,-15,0,2
24,18,60fd1f594f9a6e82ec42831a,779.2,0,39,gamble_left,You received 0 dollars.,102,1,10,-16.25,0,2
147,18,60fd1f594f9a6e82ec42831a,811.3,0,39,gamble_left,You received 0 dollars.,103,1,10,-17.5,0,2
57,18,60fd1f594f9a6e82ec42831a,1020.9,0,39,gamble_left,You received 0 dollars.,104,1,10,-18.75,0,2
75,18,60fd1f594f9a6e82ec42831a,787.1,0,37,gamble_right,You received 0 dollars.,105,1,10,-20,0,2
123,18,60fd1f594f9a6e82ec42831a,904.7,0,39,gamble_left,You received 0 dollars.,106,1,12,-3,0,2
61,18,60fd1f594f9a6e82ec42831a,755.4,0,37,gamble_right,You received 0 dollars.,107,1,12,-4.5,0,2
88,18,60fd1f594f9a6e82ec42831a,889.9,0,37,gamble_right,You received 0 dollars.,108,1,12,-6,0,2
8,18,60fd1f594f9a6e82ec42831a,926.5,0,39,gamble_left,You received 0 dollars.,109,1,12,-7.5,0,2
125,18,60fd1f594f9a6e82ec42831a,876.0,0,39,gamble_left,You received 0 dollars.,110,1,12,-9,0,2
132,18,60fd1f594f9a6e82ec42831a,858.8,0,37,gamble_right,You received 0 dollars.,111,1,12,-10.5,0,2
20,18,60fd1f594f9a6e82ec42831a,1038.8,0,39,gamble_left,You received 0 dollars.,112,1,12,-12,0,2
149,18,60fd1f594f9a6e82ec42831a,915.3,0,39,gamble_left,You received 0 dollars.,113,1,12,-13.5,0,2
78,18,60fd1f594f9a6e82ec42831a,866.4,0,37,gamble_right,You received 0 dollars.,114,1,12,-15,0,2
119,18,60fd1f594f9a6e82ec42831a,765.5,0,39,gamble_left,You received 0 dollars.,115,1,12,-16.5,0,2
103,18,60fd1f594f9a6e82ec42831a,1054.1,0,39,gamble_left,You received 0 dollars.,116,1,12,-18,0,2
21,18,60fd1f594f9a6e82ec42831a,851.8,0,39,gamble_left,You received 0 dollars.,117,1,12,-19.5,0,2
104,18,60fd1f594f9a6e82ec42831a,935.1,0,37,gamble_right,You received 0 dollars.,118,1,12,-21,0,2
145,18,60fd1f594f9a6e82ec42831a,1377.7,0,39,gamble_left,You received 0 dollars.,119,1,12,-22.5,0,2
128,18,60fd1f594f9a6e82ec42831a,1338.4,0,37,gamble_right,You received 0 dollars.,120,1,12,-24,0,2
25,18,60fd1f594f9a6e82ec42831a,987.5,1,39,gamble_right,You received 0 dollars.,121,2,4,0,2,2
46,18,60fd1f594f9a6e82ec42831a,952.1,0,37,gamble_right,You won 4 dollars.,122,2,8,0,4,1
117,18,60fd1f594f9a6e82ec42831a,908.7,0,39,gamble_left,You won 6 dollars.,123,2,12,0,6,1
143,18,60fd1f594f9a6e82ec42831a,1227.1,0,37,gamble_right,You won 9 dollars.,124,2,18,0,9,1
90,18,60fd1f594f9a6e82ec42831a,1338.9,0,37,gamble_right,You won 12 dollars.,125,2,24,0,12,1
30,18,60fd1f594f9a6e82ec42831a,822.2,1,39,gamble_right,You won 5 dollars.,126,2,5,0,3,1
106,18,60fd1f594f9a6e82ec42831a,1027.9,0,37,gamble_right,You won 4 dollars.,127,2,7,0,4,1
100,18,60fd1f594f9a6e82ec42831a,1009.8,0,37,gamble_right,You won 6 dollars.,128,2,10,0,6,1
112,18,60fd1f594f9a6e82ec42831a,1089.8,0,37,gamble_right,You won 10 dollars.,129,2,17,0,10,1
93,18,60fd1f594f9a6e82ec42831a,1164.6,0,39,gamble_left,You won 13 dollars.,130,2,22,0,13,1
52,18,60fd1f594f9a6e82ec42831a,1072.8,0,39,gamble_left,You won 13 dollars.,131,2,28,0,13,1
19,18,60fd1f594f9a6e82ec42831a,1166.2,0,37,gamble_right,You won 2 dollars.,132,2,5,0,2,1
40,18,60fd1f594f9a6e82ec42831a,1003.6,0,37,gamble_right,You won 10 dollars.,133,2,26,0,10,1
22,18,60fd1f594f9a6e82ec42831a,935.0,1,37,gamble_left,You won 7 dollars.,134,2,7,0,3,1
17,18,60fd1f594f9a6e82ec42831a,1339.0,0,37,gamble_right,You won 5 dollars.,135,2,13,0,5,1
26,18,60fd1f594f9a6e82ec42831a,869.7,0,37,gamble_right,You won 6 dollars.,136,2,12,0,6,1
32,18,60fd1f594f9a6e82ec42831a,1177.9,1,39,gamble_right,You received 0 dollars.,137,2,25,0,10,2
77,18,60fd1f594f9a6e82ec42831a,894.3,0,37,gamble_right,You won 2 dollars.,138,2,4,0,2,1
71,18,60fd1f594f9a6e82ec42831a,1187.9,0,37,gamble_right,You won 1 dollars.,139,2,3,0,1,1
28,18,60fd1f594f9a6e82ec42831a,918.4,0,37,gamble_right,You won 9 dollars.,140,2,25,0,9,1
99,18,60fd1f594f9a6e82ec42831a,1038.7,0,39,gamble_left,You won 6 dollars.,141,2,13,0,6,1
131,18,60fd1f594f9a6e82ec42831a,896.7,0,37,gamble_right,You won 10 dollars.,142,2,22,0,10,1
68,18,60fd1f594f9a6e82ec42831a,1223.8,0,39,gamble_left,You won 5 dollars.,143,2,12,0,5,1
116,18,60fd1f594f9a6e82ec42831a,898.9,0,39,gamble_left,You won 1 dollars.,144,2,2,0,1,1
98,18,60fd1f594f9a6e82ec42831a,1001.6,0,39,gamble_left,You won 3 dollars.,145,2,8,0,3,1
27,18,60fd1f594f9a6e82ec42831a,1067.0,0,37,gamble_right,You won 8 dollars.,146,2,19,0,8,1
105,18,60fd1f594f9a6e82ec42831a,1089.3,0,39,gamble_left,You won 12 dollars.,147,2,26,0,12,1
62,18,60fd1f594f9a6e82ec42831a,1103.1,0,39,gamble_left,You won 12 dollars.,148,2,30,0,12,1
134,18,60fd1f594f9a6e82ec42831a,1333.1,0,39,gamble_left,You won 10 dollars.,149,2,23,0,10,1
139,18,60fd1f594f9a6e82ec42831a,920.5,0,37,gamble_right,You won 4 dollars.,150,2,12,0,4,1