trial_index,ID,subject,rt,responses,key_press,gamble_location,stimulus,Trial_ID,Trial_Type,Gain,Loss,Certain,Trial_Outcome
65,19,60fd898edd52281143035799,1354.6,1,37,gamble_left,You won 2 dollars.,1,1,2,-0.5,0,1
89,19,60fd898edd52281143035799,1484.9,0,37,gamble_right,You received 0 dollars.,2,1,2,-0.75,0,2
52,19,60fd898edd52281143035799,700.2,0,39,gamble_left,You received 0 dollars.,3,1,2,-1,0,2
37,19,60fd898edd52281143035799,1178.5,1,37,gamble_left,You lost -1.25 dollars.,4,1,2,-1.25,0,2
142,19,60fd898edd52281143035799,1382.1,1,39,gamble_right,You lost -1.5 dollars.,5,1,2,-1.5,0,2
11,19,60fd898edd52281143035799,492.1,1,37,gamble_left,You won 2 dollars.,6,1,2,-1.75,0,1
14,19,60fd898edd52281143035799,619.4,0,39,gamble_left,You received 0 dollars.,7,1,2,-2,0,2
101,19,60fd898edd52281143035799,799.5,0,39,gamble_left,You received 0 dollars.,8,1,2,-2.25,0,2
8,19,60fd898edd52281143035799,467.9,1,37,gamble_left,You lost -2.5 dollars.,9,1,2,-2.5,0,2
32,19,60fd898edd52281143035799,1434.0,0,37,gamble_right,You received 0 dollars.,10,1,2,-2.75,0,2
91,19,60fd898edd52281143035799,538.5,0,39,gamble_left,You received 0 dollars.,11,1,2,-3,0,2
9,19,60fd898edd52281143035799,432.2,0,37,gamble_right,You received 0 dollars.,12,1,2,-3.25,0,2
77,19,60fd898edd52281143035799,1513.8,0,39,gamble_left,You received 0 dollars.,13,1,2,-3.5,0,2
100,19,60fd898edd52281143035799,1198.9,0,37,gamble_right,You received 0 dollars.,14,1,2,-3.75,0,2
76,19,60fd898edd52281143035799,848.2,0,39,gamble_left,You received 0 dollars.,15,1,2,-4,0,2
120,19,60fd898edd52281143035799,805.1,0,39,gamble_left,You received 0 dollars.,16,1,4,-1,0,2
64,19,60fd898edd52281143035799,1275.3,0,37,gamble_right,You received 0 dollars.,17,1,4,-1.5,0,2
28,19,60fd898edd52281143035799,1539.6,0,37,gamble_right,You received 0 dollars.,18,1,4,-2,0,2
133,19,60fd898edd52281143035799,1072.9,0,39,gamble_left,You received 0 dollars.,19,1,4,-2.5,0,2
88,19,60fd898edd52281143035799,1164.9,1,39,gamble_right,You lost -3 dollars.,20,1,4,-3,0,2
25,19,60fd898edd52281143035799,1458.8,0,39,gamble_left,You received 0 dollars.,21,1,4,-3.5,0,2
6,19,60fd898edd52281143035799,129.0,0,39,gamble_left,You received 0 dollars.,22,1,4,-4,0,2
90,19,60fd898edd52281143035799,901.4,0,37,gamble_right,You received 0 dollars.,23,1,4,-4.5,0,2
70,19,60fd898edd52281143035799,1131.1,0,37,gamble_right,You received 0 dollars.,24,1,4,-5,0,2
119,19,60fd898edd52281143035799,728.0,0,37,gamble_right,You received 0 dollars.,25,1,4,-5.5,0,2
93,19,60fd898edd52281143035799,1475.9,0,37,gamble_right,You received 0 dollars.,26,1,4,-6,0,2
107,19,60fd898edd52281143035799,1103.1,0,39,gamble_left,You received 0 dollars.,27,1,4,-6.5,0,2
116,19,60fd898edd52281143035799,687.0,0,39,gamble_left,You received 0 dollars.,28,1,4,-7,0,2
144,19,60fd898edd52281143035799,618.5,0,39,gamble_left,You received 0 dollars.,29,1,4,-7.5,0,2
7,19,60fd898edd52281143035799,405.7,1,39,gamble_right,You lost -8 dollars.,30,1,4,-8,0,2
17,19,60fd898edd52281143035799,554.3,0,39,gamble_left,You received 0 dollars.,31,1,5,-1.25,0,2
72,19,60fd898edd52281143035799,955.4,0,39,gamble_left,You received 0 dollars.,32,1,5,-1.88,0,2
24,19,60fd898edd52281143035799,1152.8,1,37,gamble_left,You won 5 dollars.,33,1,5,-2.5,0,1
1,19,60fd898edd52281143035799,800.2,1,39,gamble_right,You lost -3.13 dollars.,34,1,5,-3.13,0,2
128,19,60fd898edd52281143035799,1616.4,1,39,gamble_right,You won 5 dollars.,35,1,5,-3.75,0,1
117,19,60fd898edd52281143035799,759.4,0,39,gamble_left,You received 0 dollars.,36,1,5,-4.38,0,2
129,19,60fd898edd52281143035799,816.4,0,39,gamble_left,You received 0 dollars.,37,1,5,-5,0,2
5,19,60fd898edd52281143035799,238.1,1,37,gamble_left,You lost -5.63 dollars.,38,1,5,-5.63,0,2
69,19,60fd898edd52281143035799,1110.0,0,37,gamble_right,You received 0 dollars.,39,1,5,-6.25,0,2
21,19,60fd898edd52281143035799,788.5,0,39,gamble_left,You received 0 dollars.,40,1,5,-6.88,0,2
84,19,60fd898edd52281143035799,985.5,0,39,gamble_left,You received 0 dollars.,41,1,5,-7.5,0,2
83,19,60fd898edd52281143035799,1395.9,0,37,gamble_right,You received 0 dollars.,42,1,5,-8.13,0,2
150,19,60fd898edd52281143035799,1361.4,0,37,gamble_right,You received 0 dollars.,43,1,5,-8.75,0,2
126,19,60fd898edd52281143035799,1108.2,0,37,gamble_right,You received 0 dollars.,44,1,5,-9.38,0,2
42,19,60fd898edd52281143035799,925.2,0,37,gamble_right,You received 0 dollars.,45,1,5,-10,0,2
109,19,60fd898edd52281143035799,855.2,0,39,gamble_left,You received 0 dollars.,46,1,6,-1.5,0,2
47,19,60fd898edd52281143035799,1355.9,1,37,gamble_left,You won 6 dollars.,47,1,6,-2.25,0,1
67,19,60fd898edd52281143035799,1585.5,0,39,gamble_left,You received 0 dollars.,48,1,6,-3,0,2
135,19,60fd898edd52281143035799,686.4,0,39,gamble_left,You received 0 dollars.,49,1,6,-3.75,0,2
48,19,60fd898edd52281143035799,1305.9,0,39,gamble_left,You received 0 dollars.,50,1,6,-4.5,0,2
137,19,60fd898edd52281143035799,877.8,0,39,gamble_left,You received 0 dollars.,51,1,6,-5.25,0,2
80,19,60fd898edd52281143035799,1228.0,0,39,gamble_left,You received 0 dollars.,52,1,6,-6,0,2
118,19,60fd898edd52281143035799,534.0,0,39,gamble_left,You received 0 dollars.,53,1,6,-6.75,0,2
125,19,60fd898edd52281143035799,1228.9,0,39,gamble_left,You received 0 dollars.,54,1,6,-7.5,0,2
51,19,60fd898edd52281143035799,1112.2,0,37,gamble_right,You received 0 dollars.,55,1,6,-8.25,0,2
112,19,60fd898edd52281143035799,854.0,0,39,gamble_left,You received 0 dollars.,56,1,6,-9,0,2
63,19,60fd898edd52281143035799,1096.2,0,39,gamble_left,You received 0 dollars.,57,1,6,-9.75,0,2
3,19,60fd898edd52281143035799,318.9,0,39,gamble_left,You received 0 dollars.,58,1,6,-10.5,0,2
68,19,60fd898edd52281143035799,1370.8,0,37,gamble_right,You received 0 dollars.,59,1,6,-11.25,0,2
92,19,60fd898edd52281143035799,1405.1,0,37,gamble_right,You received 0 dollars.,60,1,6,-12,0,2
45,19,60fd898edd52281143035799,1092.4,0,37,gamble_right,You received 0 dollars.,61,1,8,-2,0,2
104,19,60fd898edd52281143035799,1067.1,0,39,gamble_left,You received 0 dollars.,62,1,8,-3,0,2
122,19,60fd898edd52281143035799,777.7,0,37,gamble_right,You received 0 dollars.,63,1,8,-4,0,2
4,19,60fd898edd52281143035799,419.6,1,39,gamble_right,You lost -5 dollars.,64,1,8,-5,0,2
59,19,60fd898edd52281143035799,953.4,0,37,gamble_right,You received 0 dollars.,65,1,8,-6,0,2
111,19,60fd898edd52281143035799,896.1,0,39,gamble_left,You received 0 dollars.,66,1,8,-7,0,2
146,19,60fd898edd52281143035799,1067.2,0,39,gamble_left,You received 0 dollars.,67,1,8,-8,0,2
82,19,60fd898edd52281143035799,1364.1,0,37,gamble_right,You received 0 dollars.,68,1,8,-9,0,2
22,19,60fd898edd52281143035799,1271.8,0,37,gamble_right,You received 0 dollars.,69,1,8,-10,0,2
33,19,60fd898edd52281143035799,1041.8,0,37,gamble_right,You received 0 dollars.,70,1,8,-11,0,2
58,19,60fd898edd52281143035799,892.0,0,39,gamble_left,You received 0 dollars.,71,1,8,-12,0,2
40,19,60fd898edd52281143035799,974.5,0,39,gamble_left,You received 0 dollars.,72,1,8,-13,0,2
85,19,60fd898edd52281143035799,1040.0,0,39,gamble_left,You received 0 dollars.,73,1,8,-14,0,2
95,19,60fd898edd52281143035799,1342.6,0,39,gamble_left,You received 0 dollars.,74,1,8,-15,0,2
56,19,60fd898edd52281143035799,1006.8,0,39,gamble_left,You received 0 dollars.,75,1,8,-16,0,2
15,19,60fd898edd52281143035799,853.5,1,37,gamble_left,You won 9 dollars.,76,1,9,-2.25,0,1
60,19,60fd898edd52281143035799,1133.5,0,37,gamble_right,You received 0 dollars.,77,1,9,-3.38,0,2
2,19,60fd898edd52281143035799,455.0,1,37,gamble_left,You lost -4.5 dollars.,78,1,9,-4.5,0,2
98,19,60fd898edd52281143035799,969.0,0,37,gamble_right,You received 0 dollars.,79,1,9,-5.63,0,2
55,19,60fd898edd52281143035799,1557.0,1,39,gamble_right,You lost -6.75 dollars.,80,1,9,-6.75,0,2
31,19,60fd898edd52281143035799,1199.9,0,37,gamble_right,You received 0 dollars.,81,1,9,-7.88,0,2
18,19,60fd898edd52281143035799,711.6,1,37,gamble_left,You won 9 dollars.,82,1,9,-9,0,1
81,19,60fd898edd52281143035799,1441.3,0,37,gamble_right,You received 0 dollars.,83,1,9,-10.13,0,2
115,19,60fd898edd52281143035799,940.8,0,37,gamble_right,You received 0 dollars.,84,1,9,-11.25,0,2
96,19,60fd898edd52281143035799,658.1,0,39,gamble_left,You received 0 dollars.,85,1,9,-12.38,0,2
44,19,60fd898edd52281143035799,1166.9,0,37,gamble_right,You received 0 dollars.,86,1,9,-13.5,0,2
36,19,60fd898edd52281143035799,1307.4,0,39,gamble_left,You received 0 dollars.,87,1,9,-14.63,0,2
132,19,60fd898edd52281143035799,943.8,0,39,gamble_left,You received 0 dollars.,88,1,9,-15.75,0,2
46,19,60fd898edd52281143035799,1116.3,0,39,gamble_left,You received 0 dollars.,89,1,9,-16.88,0,2
87,19,60fd898edd52281143035799,670.5,0,39,gamble_left,You received 0 dollars.,90,1,9,-18,0,2
134,19,60fd898edd52281143035799,1106.3,0,37,gamble_right,You received 0 dollars.,91,1,10,-2.5,0,2
39,19,60fd898edd52281143035799,1148.5,0,37,gamble_right,You received 0 dollars.,92,1,10,-3.75,0,2
53,19,60fd898edd52281143035799,955.8,0,37,gamble_right,You received 0 dollars.,93,1,10,-5,0,2
94,19,60fd898edd52281143035799,974.3,0,37,gamble_right,You received 0 dollars.,94,1,10,-6.25,0,2
105,19,60fd898edd52281143035799,1030.0,0,39,gamble_left,You received 0 dollars.,95,1,10,-7.5,0,2
97,19,60fd898edd52281143035799,765.2,0,39,gamble_left,You received 0 dollars.,96,1,10,-8.75,0,2
130,19,60fd898edd52281143035799,1196.2,0,39,gamble_left,You received 0 dollars.,97,1,10,-10,0,2
43,19,60fd898edd52281143035799,861.9,0,39,gamble_left,You received 0 dollars.,98,1,10,-11.25,0,2
34,19,60fd898edd52281143035799,1105.6,0,37,gamble_right,You received 0 dollars.,99,1,10,-12.5,0,2
102,19,60fd898edd52281143035799,1050.8,0,39,gamble_left,You received 0 dollars.,100,1,10,-13.75,0,2
99,19,60fd898edd52281143035799,761.6,0,39,gamble_left,You received 0 dollars.,101,1,10,-15,0,2
35,19,60fd898edd52281143035799,1003.6,0,37,gamble_right,You received 0 dollars.,102,1,10,-16.25,0,2
54,19,60fd898edd52281143035799,910.5,0,37,gamble_right,You received 0 dollars.,103,1,10,-17.5,0,2
57,19,60fd898edd52281143035799,747.5,0,37,gamble_right,You received 0 dollars.,104,1,10,-18.75,0,2
50,19,60fd898edd52281143035799,1239.8,0,37,gamble_right,You received 0 dollars.,105,1,10,-20,0,2
19,19,60fd898edd52281143035799,752.2,0,37,gamble_right,You received 0 dollars.,106,1,12,-3,0,2
13,19,60fd898edd52281143035799,513.6,0,37,gamble_right,You received 0 dollars.,107,1,12,-4.5,0,2
20,19,60fd898edd52281143035799,860.8,1,39,gamble_right,You won 12 dollars.,108,1,12,-6,0,1
140,19,60fd898edd52281143035799,1390.5,0,37,gamble_right,You received 0 dollars.,109,1,12,-7.5,0,2
30,19,60fd898edd52281143035799,1546.5,0,37,gamble_right,You received 0 dollars.,110,1,12,-9,0,2
75,19,60fd898edd52281143035799,1399.1,0,39,gamble_left,You received 0 dollars.,111,1,12,-10.5,0,2
141,19,60fd898edd52281143035799,1100.8,0,37,gamble_right,You received 0 dollars.,112,1,12,-12,0,2
16,19,60fd898edd52281143035799,803.1,1,37,gamble_left,You lost -13.5 dollars.,113,1,12,-13.5,0,2
124,19,60fd898edd52281143035799,866.8,0,39,gamble_left,You received 0 dollars.,114,1,12,-15,0,2
29,19,60fd898edd52281143035799,773.9,0,39,gamble_left,You received 0 dollars.,115,1,12,-16.5,0,2
106,19,60fd898edd52281143035799,939.2,0,37,gamble_right,You received 0 dollars.,116,1,12,-18,0,2
127,19,60fd898edd52281143035799,1256.0,0,37,gamble_right,You received 0 dollars.,117,1,12,-19.5,0,2
149,19,60fd898edd52281143035799,865.9,0,37,gamble_right,You received 0 dollars.,118,1,12,-21,0,2
145,19,60fd898edd52281143035799,890.3,0,39,gamble_left,You received 0 dollars.,119,1,12,-22.5,0,2
110,19,60fd898edd52281143035799,619.4,0,39,gamble_left,You received 0 dollars.,120,1,12,-24,0,2
79,19,60fd898edd52281143035799,521.4,0,39,gamble_left,You won 2 dollars.,121,2,4,0,2,1
73,19,60fd898edd52281143035799,729.7,0,37,gamble_right,You won 4 dollars.,122,2,8,0,4,1
23,19,60fd898edd52281143035799,639.3,0,39,gamble_left,You won 6 dollars.,123,2,12,0,6,1
12,19,60fd898edd52281143035799,541.1,0,37,gamble_right,You won 9 dollars.,124,2,18,0,9,1
143,19,60fd898edd52281143035799,764.0,0,37,gamble_right,You won 12 dollars.,125,2,24,0,12,1
66,19,60fd898edd52281143035799,682.3,0,39,gamble_left,You won 3 dollars.,126,2,5,0,3,1
123,19,60fd898edd52281143035799,665.1,0,39,gamble_left,You won 4 dollars.,127,2,7,0,4,1
26,19,60fd898edd52281143035799,588.9,0,39,gamble_left,You won 6 dollars.,128,2,10,0,6,1
139,19,60fd898edd52281143035799,1051.2,0,39,gamble_left,You won 10 dollars.,129,2,17,0,10,1
71,19,60fd898edd52281143035799,529.6,0,39,gamble_left,You won 13 dollars.,130,2,22,0,13,1
113,19,60fd898edd52281143035799,629.0,0,39,gamble_left,You won 13 dollars.,131,2,28,0,13,1
138,19,60fd898edd52281143035799,759.3,0,37,gamble_right,You won 2 dollars.,132,2,5,0,2,1
108,19,60fd898edd52281143035799,803.9,0,37,gamble_right,You won 10 dollars.,133,2,26,0,10,1
78,19,60fd898edd52281143035799,1112.6,0,39,gamble_left,You won 3 dollars.,134,2,7,0,3,1
27,19,60fd898edd52281143035799,625.9,0,37,gamble_right,You won 5 dollars.,135,2,13,0,5,1
148,19,60fd898edd52281143035799,979.5,0,37,gamble_right,You won 6 dollars.,136,2,12,0,6,1
49,19,60fd898edd52281143035799,700.6,0,39,gamble_left,You won 10 dollars.,137,2,25,0,10,1
61,19,60fd898edd52281143035799,748.8,0,37,gamble_right,You won 2 dollars.,138,2,4,0,2,1
41,19,60fd898edd52281143035799,700.7,0,37,gamble_right,You won 1 dollars.,139,2,3,0,1,1
121,19,60fd898edd52281143035799,692.3,0,39,gamble_left,You won 9 dollars.,140,2,25,0,9,1
86,19,60fd898edd52281143035799,1099.6,0,37,gamble_right,You won 6 dollars.,141,2,13,0,6,1
38,19,60fd898edd52281143035799,1290.8,0,39,gamble_left,You won 10 dollars.,142,2,22,0,10,1
147,19,60fd898edd52281143035799,610.1,0,39,gamble_left,You won 5 dollars.,143,2,12,0,5,1
136,19,60fd898edd52281143035799,778.6,0,39,gamble_left,You won 1 dollars.,144,2,2,0,1,1
62,19,60fd898edd52281143035799,1191.4,0,39,gamble_left,You won 3 dollars.,145,2,8,0,3,1
131,19,60fd898edd52281143035799,998.6,0,37,gamble_right,You won 8 dollars.,146,2,19,0,8,1
103,19,60fd898edd52281143035799,968.0,0,37,gamble_right,You won 12 dollars.,147,2,26,0,12,1
10,19,60fd898edd52281143035799,462.5,0,39,gamble_left,You won 12 dollars.,148,2,30,0,12,1
74,19,60fd898edd52281143035799,694.4,0,39,gamble_left,You won 10 dollars.,149,2,23,0,10,1
114,19,60fd898edd52281143035799,900.4,0,37,gamble_right,You won 4 dollars.,150,2,12,0,4,1