trial_index,ID,subject,rt,responses,key_press,gamble_location,stimulus,Trial_ID,Trial_Type,Gain,Loss,Certain,Trial_Outcome
127,20,60e53e1140a2f1a34e5860a5,921.8,0,37,gamble_right,You received 0 dollars.,1,1,2,-0.5,0,2
27,20,60e53e1140a2f1a34e5860a5,1475.7,1,39,gamble_right,You won 2 dollars.,2,1,2,-0.75,0,1
105,20,60e53e1140a2f1a34e5860a5,1441.0,0,39,gamble_left,You received 0 dollars.,3,1,2,-1,0,2
114,20,60e53e1140a2f1a34e5860a5,1432.3,0,39,gamble_left,You received 0 dollars.,4,1,2,-1.25,0,2
143,20,60e53e1140a2f1a34e5860a5,1189.9,0,39,gamble_left,You received 0 dollars.,5,1,2,-1.5,0,2
147,20,60e53e1140a2f1a34e5860a5,907.9,0,37,gamble_right,You received 0 dollars.,6,1,2,-1.75,0,2
43,20,60e53e1140a2f1a34e5860a5,1213.4,0,39,gamble_left,You received 0 dollars.,7,1,2,-2,0,2
146,20,60e53e1140a2f1a34e5860a5,929.0,0,37,gamble_right,You received 0 dollars.,8,1,2,-2.25,0,2
137,20,60e53e1140a2f1a34e5860a5,1116.7,0,39,gamble_left,You received 0 dollars.,9,1,2,-2.5,0,2
52,20,60e53e1140a2f1a34e5860a5,1209.3,0,39,gamble_left,You received 0 dollars.,10,1,2,-2.75,0,2
5,20,60e53e1140a2f1a34e5860a5,1695.2,0,39,gamble_left,You received 0 dollars.,11,1,2,-3,0,2
54,20,60e53e1140a2f1a34e5860a5,1248.2,0,39,gamble_left,You received 0 dollars.,12,1,2,-3.25,0,2
125,20,60e53e1140a2f1a34e5860a5,1235.0,0,39,gamble_left,You received 0 dollars.,13,1,2,-3.5,0,2
104,20,60e53e1140a2f1a34e5860a5,1337.6,0,37,gamble_right,You received 0 dollars.,14,1,2,-3.75,0,2
16,20,60e53e1140a2f1a34e5860a5,1312.8,0,37,gamble_right,You received 0 dollars.,15,1,2,-4,0,2
94,20,60e53e1140a2f1a34e5860a5,1303.7,1,39,gamble_right,You won 4 dollars.,16,1,4,-1,0,1
109,20,60e53e1140a2f1a34e5860a5,893.2,0,37,gamble_right,You received 0 dollars.,17,1,4,-1.5,0,2
3,20,60e53e1140a2f1a34e5860a5,1398.0,1,39,gamble_right,You lost -2 dollars.,18,1,4,-2,0,2
132,20,60e53e1140a2f1a34e5860a5,1180.6,0,39,gamble_left,You received 0 dollars.,19,1,4,-2.5,0,2
73,20,60e53e1140a2f1a34e5860a5,856.4,0,37,gamble_right,You received 0 dollars.,20,1,4,-3,0,2
37,20,60e53e1140a2f1a34e5860a5,1238.2,0,37,gamble_right,You received 0 dollars.,21,1,4,-3.5,0,2
24,20,60e53e1140a2f1a34e5860a5,1162.9,0,37,gamble_right,You received 0 dollars.,22,1,4,-4,0,2
59,20,60e53e1140a2f1a34e5860a5,894.3,0,37,gamble_right,You received 0 dollars.,23,1,4,-4.5,0,2
21,20,60e53e1140a2f1a34e5860a5,1083.6,0,37,gamble_right,You received 0 dollars.,24,1,4,-5,0,2
92,20,60e53e1140a2f1a34e5860a5,1088.0,0,37,gamble_right,You received 0 dollars.,25,1,4,-5.5,0,2
107,20,60e53e1140a2f1a34e5860a5,1102.0,0,39,gamble_left,You received 0 dollars.,26,1,4,-6,0,2
23,20,60e53e1140a2f1a34e5860a5,1108.5,0,39,gamble_left,You received 0 dollars.,27,1,4,-6.5,0,2
49,20,60e53e1140a2f1a34e5860a5,1058.8,0,39,gamble_left,You received 0 dollars.,28,1,4,-7,0,2
139,20,60e53e1140a2f1a34e5860a5,1188.7,0,37,gamble_right,You received 0 dollars.,29,1,4,-7.5,0,2
2,20,60e53e1140a2f1a34e5860a5,1499.2,0,39,gamble_left,You received 0 dollars.,30,1,4,-8,0,2
72,20,60e53e1140a2f1a34e5860a5,884.5,0,39,gamble_left,You received 0 dollars.,31,1,5,-1.25,0,2
91,20,60e53e1140a2f1a34e5860a5,926.7,0,39,gamble_left,You received 0 dollars.,32,1,5,-1.88,0,2
17,20,60e53e1140a2f1a34e5860a5,1021.4,0,39,gamble_left,You received 0 dollars.,33,1,5,-2.5,0,2
102,20,60e53e1140a2f1a34e5860a5,1447.3,0,39,gamble_left,You received 0 dollars.,34,1,5,-3.13,0,2
9,20,60e53e1140a2f1a34e5860a5,1220.7,0,39,gamble_left,You received 0 dollars.,35,1,5,-3.75,0,2
18,20,60e53e1140a2f1a34e5860a5,1355.7,0,37,gamble_right,You received 0 dollars.,36,1,5,-4.38,0,2
55,20,60e53e1140a2f1a34e5860a5,729.5,0,37,gamble_right,You received 0 dollars.,37,1,5,-5,0,2
22,20,60e53e1140a2f1a34e5860a5,1219.9,0,39,gamble_left,You received 0 dollars.,38,1,5,-5.63,0,2
142,20,60e53e1140a2f1a34e5860a5,948.7,0,37,gamble_right,You received 0 dollars.,39,1,5,-6.25,0,2
28,20,60e53e1140a2f1a34e5860a5,1216.4,0,39,gamble_left,You received 0 dollars.,40,1,5,-6.88,0,2
93,20,60e53e1140a2f1a34e5860a5,871.2,0,39,gamble_left,You received 0 dollars.,41,1,5,-7.5,0,2
135,20,60e53e1140a2f1a34e5860a5,1096.1,0,37,gamble_right,You received 0 dollars.,42,1,5,-8.13,0,2
130,20,60e53e1140a2f1a34e5860a5,925.0,0,37,gamble_right,You received 0 dollars.,43,1,5,-8.75,0,2
87,20,60e53e1140a2f1a34e5860a5,745.2,0,39,gamble_left,You received 0 dollars.,44,1,5,-9.38,0,2
32,20,60e53e1140a2f1a34e5860a5,1461.0,0,39,gamble_left,You received 0 dollars.,45,1,5,-10,0,2
29,20,60e53e1140a2f1a34e5860a5,1210.1,1,37,gamble_left,You won 6 dollars.,46,1,6,-1.5,0,1
53,20,60e53e1140a2f1a34e5860a5,1372.4,0,39,gamble_left,You received 0 dollars.,47,1,6,-2.25,0,2
51,20,60e53e1140a2f1a34e5860a5,1532.2,0,37,gamble_right,You received 0 dollars.,48,1,6,-3,0,2
99,20,60e53e1140a2f1a34e5860a5,889.0,0,37,gamble_right,You received 0 dollars.,49,1,6,-3.75,0,2
88,20,60e53e1140a2f1a34e5860a5,874.2,0,37,gamble_right,You received 0 dollars.,50,1,6,-4.5,0,2
77,20,60e53e1140a2f1a34e5860a5,1007.6,0,39,gamble_left,You received 0 dollars.,51,1,6,-5.25,0,2
6,20,60e53e1140a2f1a34e5860a5,1366.4,0,37,gamble_right,You received 0 dollars.,52,1,6,-6,0,2
61,20,60e53e1140a2f1a34e5860a5,796.7,0,37,gamble_right,You received 0 dollars.,53,1,6,-6.75,0,2
96,20,60e53e1140a2f1a34e5860a5,894.9,0,37,gamble_right,You received 0 dollars.,54,1,6,-7.5,0,2
41,20,60e53e1140a2f1a34e5860a5,1494.1,0,39,gamble_left,You received 0 dollars.,55,1,6,-8.25,0,2
19,20,60e53e1140a2f1a34e5860a5,1127.8,0,37,gamble_right,You received 0 dollars.,56,1,6,-9,0,2
145,20,60e53e1140a2f1a34e5860a5,917.3,0,37,gamble_right,You received 0 dollars.,57,1,6,-9.75,0,2
15,20,60e53e1140a2f1a34e5860a5,1373.9,0,37,gamble_right,You received 0 dollars.,58,1,6,-10.5,0,2
103,20,60e53e1140a2f1a34e5860a5,1063.7,0,37,gamble_right,You received 0 dollars.,59,1,6,-11.25,0,2
122,20,60e53e1140a2f1a34e5860a5,902.2,0,39,gamble_left,You received 0 dollars.,60,1,6,-12,0,2
78,20,60e53e1140a2f1a34e5860a5,615.0,0,37,gamble_right,You received 0 dollars.,61,1,8,-2,0,2
35,20,60e53e1140a2f1a34e5860a5,1745.6,1,39,gamble_right,You lost -3 dollars.,62,1,8,-3,0,2
97,20,60e53e1140a2f1a34e5860a5,1025.7,0,37,gamble_right,You received 0 dollars.,63,1,8,-4,0,2
38,20,60e53e1140a2f1a34e5860a5,1449.2,0,39,gamble_left,You received 0 dollars.,64,1,8,-5,0,2
57,20,60e53e1140a2f1a34e5860a5,1008.7,0,39,gamble_left,You received 0 dollars.,65,1,8,-6,0,2
25,20,60e53e1140a2f1a34e5860a5,928.6,0,39,gamble_left,You received 0 dollars.,66,1,8,-7,0,2
64,20,60e53e1140a2f1a34e5860a5,945.0,0,37,gamble_right,You received 0 dollars.,67,1,8,-8,0,2
82,20,60e53e1140a2f1a34e5860a5,615.5,0,37,gamble_right,You received 0 dollars.,68,1,8,-9,0,2
100,20,60e53e1140a2f1a34e5860a5,919.0,0,39,gamble_left,You received 0 dollars.,69,1,8,-10,0,2
8,20,60e53e1140a2f1a34e5860a5,1353.0,0,39,gamble_left,You received 0 dollars.,70,1,8,-11,0,2
140,20,60e53e1140a2f1a34e5860a5,1043.8,0,37,gamble_right,You received 0 dollars.,71,1,8,-12,0,2
124,20,60e53e1140a2f1a34e5860a5,888.7,0,37,gamble_right,You received 0 dollars.,72,1,8,-13,0,2
20,20,60e53e1140a2f1a34e5860a5,1152.0,0,39,gamble_left,You received 0 dollars.,73,1,8,-14,0,2
131,20,60e53e1140a2f1a34e5860a5,1234.1,0,39,gamble_left,You received 0 dollars.,74,1,8,-15,0,2
117,20,60e53e1140a2f1a34e5860a5,938.6,0,37,gamble_right,You received 0 dollars.,75,1,8,-16,0,2
47,20,60e53e1140a2f1a34e5860a5,1374.8,1,39,gamble_right,You lost -2.25 dollars.,76,1,9,-2.25,0,2
34,20,60e53e1140a2f1a34e5860a5,1365.1,1,37,gamble_left,You lost -3.38 dollars.,77,1,9,-3.38,0,2
134,20,60e53e1140a2f1a34e5860a5,1003.8,0,39,gamble_left,You received 0 dollars.,78,1,9,-4.5,0,2
98,20,60e53e1140a2f1a34e5860a5,1059.2,0,37,gamble_right,You received 0 dollars.,79,1,9,-5.63,0,2
150,20,60e53e1140a2f1a34e5860a5,924.8,0,37,gamble_right,You received 0 dollars.,80,1,9,-6.75,0,2
36,20,60e53e1140a2f1a34e5860a5,1521.9,0,39,gamble_left,You received 0 dollars.,81,1,9,-7.88,0,2
70,20,60e53e1140a2f1a34e5860a5,874.8,0,39,gamble_left,You received 0 dollars.,82,1,9,-9,0,2
30,20,60e53e1140a2f1a34e5860a5,1283.1,0,37,gamble_right,You received 0 dollars.,83,1,9,-10.13,0,2
66,20,60e53e1140a2f1a34e5860a5,922.0,0,39,gamble_left,You received 0 dollars.,84,1,9,-11.25,0,2
74,20,60e53e1140a2f1a34e5860a5,798.0,0,37,gamble_right,You received 0 dollars.,85,1,9,-12.38,0,2
113,20,60e53e1140a2f1a34e5860a5,1224.6,0,39,gamble_left,You received 0 dollars.,86,1,9,-13.5,0,2
81,20,60e53e1140a2f1a34e5860a5,723.8,0,37,gamble_right,You received 0 dollars.,87,1,9,-14.63,0,2
141,20,60e53e1140a2f1a34e5860a5,870.9,0,39,gamble_left,You received 0 dollars.,88,1,9,-15.75,0,2
39,20,60e53e1140a2f1a34e5860a5,1562.8,0,37,gamble_right,You received 0 dollars.,89,1,9,-16.88,0,2
86,20,60e53e1140a2f1a34e5860a5,719.9,0,37,gamble_right,You received 0 dollars.,90,1,9,-18,0,2
144,20,60e53e1140a2f1a34e5860a5,1145.5,1,37,gamble_left,You won 10 dollars.,91,1,10,-2.5,0,1
50,20,60e53e1140a2f1a34e5860a5,935.8,0,37,gamble_right,You received 0 dollars.,92,1,10,-3.75,0,2
80,20,60e53e1140a2f1a34e5860a5,720.5,0,37,gamble_right,You received 0 dollars.,93,1,10,-5,0,2
71,20,60e53e1140a2f1a34e5860a5,757.6,0,37,gamble_right,You received 0 dollars.,94,1,10,-6.25,0,2
101,20,60e53e1140a2f1a34e5860a5,1311.5,0,39,gamble_left,You received 0 dollars.,95,1,10,-7.5,0,2
116,20,60e53e1140a2f1a34e5860a5,896.1,0,39,gamble_left,You received 0 dollars.,96,1,10,-8.75,0,2
75,20,60e53e1140a2f1a34e5860a5,1415.6,0,39,gamble_left,You received 0 dollars.,97,1,10,-10,0,2
68,20,60e53e1140a2f1a34e5860a5,974.2,0,37,gamble_right,You received 0 dollars.,98,1,10,-11.25,0,2
83,20,60e53e1140a2f1a34e5860a5,757.8,0,39,gamble_left,You received 0 dollars.,99,1,10,-12.5,0,2
115,20,60e53e1140a2f1a34e5860a5,936.7,0,39,gamble_left,You received 0 dollars.,100,1,10,-13.75,0,2
11,20,60e53e1140a2f1a34e5860a5,1114.5,0,37,gamble_right,You received 0 dollars.,101,1,10,-15,0,2
56,20,60e53e1140a2f1a34e5860a5,1126.6,0,39,gamble_left,You received 0 dollars.,102,1,10,-16.25,0,2
128,20,60e53e1140a2f1a34e5860a5,1389.4,0,37,gamble_right,You received 0 dollars.,103,1,10,-17.5,0,2
126,20,60e53e1140a2f1a34e5860a5,1182.1,0,37,gamble_right,You received 0 dollars.,104,1,10,-18.75,0,2
10,20,60e53e1140a2f1a34e5860a5,1207.7,0,37,gamble_right,You received 0 dollars.,105,1,10,-20,0,2
120,20,60e53e1140a2f1a34e5860a5,1197.4,0,39,gamble_left,You received 0 dollars.,106,1,12,-3,0,2
45,20,60e53e1140a2f1a34e5860a5,1535.0,1,37,gamble_left,You lost -4.5 dollars.,107,1,12,-4.5,0,2
95,20,60e53e1140a2f1a34e5860a5,971.9,0,39,gamble_left,You received 0 dollars.,108,1,12,-6,0,2
89,20,60e53e1140a2f1a34e5860a5,1190.4,0,39,gamble_left,You received 0 dollars.,109,1,12,-7.5,0,2
46,20,60e53e1140a2f1a34e5860a5,1679.7,0,37,gamble_right,You received 0 dollars.,110,1,12,-9,0,2
48,20,60e53e1140a2f1a34e5860a5,1070.6,0,39,gamble_left,You received 0 dollars.,111,1,12,-10.5,0,2
108,20,60e53e1140a2f1a34e5860a5,1749.4,0,37,gamble_right,You received 0 dollars.,112,1,12,-12,0,2
42,20,60e53e1140a2f1a34e5860a5,1060.4,0,39,gamble_left,You received 0 dollars.,113,1,12,-13.5,0,2
65,20,60e53e1140a2f1a34e5860a5,750.9,0,37,gamble_right,You received 0 dollars.,114,1,12,-15,0,2
63,20,60e53e1140a2f1a34e5860a5,1049.6,0,39,gamble_left,You received 0 dollars.,115,1,12,-16.5,0,2
79,20,60e53e1140a2f1a34e5860a5,991.6,0,39,gamble_left,You received 0 dollars.,116,1,12,-18,0,2
13,20,60e53e1140a2f1a34e5860a5,1598.5,0,37,gamble_right,You received 0 dollars.,117,1,12,-19.5,0,2
136,20,60e53e1140a2f1a34e5860a5,913.1,0,39,gamble_left,You received 0 dollars.,118,1,12,-21,0,2
69,20,60e53e1140a2f1a34e5860a5,936.1,0,39,gamble_left,You received 0 dollars.,119,1,12,-22.5,0,2
7,20,60e53e1140a2f1a34e5860a5,1398.4,0,39,gamble_left,You received 0 dollars.,120,1,12,-24,0,2
148,20,60e53e1140a2f1a34e5860a5,923.7,0,39,gamble_left,You won 2 dollars.,121,2,4,0,2,1
44,20,60e53e1140a2f1a34e5860a5,896.5,0,37,gamble_right,You won 4 dollars.,122,2,8,0,4,1
4,20,60e53e1140a2f1a34e5860a5,1639.7,1,37,gamble_left,You received 0 dollars.,123,2,12,0,6,2
129,20,60e53e1140a2f1a34e5860a5,925.6,0,39,gamble_left,You won 9 dollars.,124,2,18,0,9,1
85,20,60e53e1140a2f1a34e5860a5,925.5,0,39,gamble_left,You won 12 dollars.,125,2,24,0,12,1
60,20,60e53e1140a2f1a34e5860a5,1187.4,0,39,gamble_left,You won 3 dollars.,126,2,5,0,3,1
112,20,60e53e1140a2f1a34e5860a5,1410.7,0,37,gamble_right,You won 4 dollars.,127,2,7,0,4,1
33,20,60e53e1140a2f1a34e5860a5,1022.1,0,39,gamble_left,You won 6 dollars.,128,2,10,0,6,1
119,20,60e53e1140a2f1a34e5860a5,1242.4,0,39,gamble_left,You won 10 dollars.,129,2,17,0,10,1
110,20,60e53e1140a2f1a34e5860a5,1262.2,0,39,gamble_left,You won 13 dollars.,130,2,22,0,13,1
90,20,60e53e1140a2f1a34e5860a5,1285.2,0,39,gamble_left,You won 13 dollars.,131,2,28,0,13,1
40,20,60e53e1140a2f1a34e5860a5,1108.3,0,37,gamble_right,You won 2 dollars.,132,2,5,0,2,1
149,20,60e53e1140a2f1a34e5860a5,1038.2,0,37,gamble_right,You won 10 dollars.,133,2,26,0,10,1
58,20,60e53e1140a2f1a34e5860a5,782.3,0,37,gamble_right,You won 3 dollars.,134,2,7,0,3,1
14,20,60e53e1140a2f1a34e5860a5,1210.5,0,39,gamble_left,You won 5 dollars.,135,2,13,0,5,1
118,20,60e53e1140a2f1a34e5860a5,1207.5,0,39,gamble_left,You won 6 dollars.,136,2,12,0,6,1
26,20,60e53e1140a2f1a34e5860a5,742.5,0,37,gamble_right,You won 10 dollars.,137,2,25,0,10,1
133,20,60e53e1140a2f1a34e5860a5,1379.5,0,37,gamble_right,You won 2 dollars.,138,2,4,0,2,1
1,20,60e53e1140a2f1a34e5860a5,1505.5,0,39,gamble_left,You won 1 dollars.,139,2,3,0,1,1
138,20,60e53e1140a2f1a34e5860a5,797.8,0,37,gamble_right,You won 9 dollars.,140,2,25,0,9,1
111,20,60e53e1140a2f1a34e5860a5,886.1,0,37,gamble_right,You won 6 dollars.,141,2,13,0,6,1
106,20,60e53e1140a2f1a34e5860a5,1188.4,0,39,gamble_left,You won 10 dollars.,142,2,22,0,10,1
12,20,60e53e1140a2f1a34e5860a5,1111.3,0,39,gamble_left,You won 5 dollars.,143,2,12,0,5,1
76,20,60e53e1140a2f1a34e5860a5,709.2,0,37,gamble_right,You won 1 dollars.,144,2,2,0,1,1
67,20,60e53e1140a2f1a34e5860a5,848.0,0,37,gamble_right,You won 3 dollars.,145,2,8,0,3,1
62,20,60e53e1140a2f1a34e5860a5,1053.9,0,39,gamble_left,You won 8 dollars.,146,2,19,0,8,1
84,20,60e53e1140a2f1a34e5860a5,716.2,0,37,gamble_right,You won 12 dollars.,147,2,26,0,12,1
31,20,60e53e1140a2f1a34e5860a5,1142.5,0,37,gamble_right,You won 12 dollars.,148,2,30,0,12,1
123,20,60e53e1140a2f1a34e5860a5,857.3,0,39,gamble_left,You won 10 dollars.,149,2,23,0,10,1
121,20,60e53e1140a2f1a34e5860a5,953.1,0,39,gamble_left,You won 4 dollars.,150,2,12,0,4,1