trial_index,ID,subject,rt,responses,key_press,gamble_location,stimulus,Trial_ID,Trial_Type,Gain,Loss,Certain,Trial_Outcome
106,21,60fd462512ad2ae6071668f3,946.3,1,37,gamble_left,You won 2 dollars.,1,1,2,-0.5,0,1
47,21,60fd462512ad2ae6071668f3,740.2,1,39,gamble_right,You won 2 dollars.,2,1,2,-0.75,0,1
83,21,60fd462512ad2ae6071668f3,852.9,0,37,gamble_right,You received 0 dollars.,3,1,2,-1,0,2
25,21,60fd462512ad2ae6071668f3,1101.0,1,37,gamble_left,You lost -1.25 dollars.,4,1,2,-1.25,0,2
87,21,60fd462512ad2ae6071668f3,764.1,1,39,gamble_right,You lost -1.5 dollars.,5,1,2,-1.5,0,2
105,21,60fd462512ad2ae6071668f3,1180.1,1,37,gamble_left,You lost -1.75 dollars.,6,1,2,-1.75,0,2
13,21,60fd462512ad2ae6071668f3,1008.5,1,39,gamble_right,You lost -2 dollars.,7,1,2,-2,0,2
101,21,60fd462512ad2ae6071668f3,747.3,1,39,gamble_right,You lost -2.25 dollars.,8,1,2,-2.25,0,2
129,21,60fd462512ad2ae6071668f3,981.5,1,37,gamble_left,You lost -2.5 dollars.,9,1,2,-2.5,0,2
147,21,60fd462512ad2ae6071668f3,957.8,1,39,gamble_right,You won 2 dollars.,10,1,2,-2.75,0,1
131,21,60fd462512ad2ae6071668f3,927.9,1,39,gamble_right,You won 2 dollars.,11,1,2,-3,0,1
98,21,60fd462512ad2ae6071668f3,1776.9,1,39,gamble_right,You won 2 dollars.,12,1,2,-3.25,0,1
109,21,60fd462512ad2ae6071668f3,711.6,1,39,gamble_right,You won 2 dollars.,13,1,2,-3.5,0,1
8,21,60fd462512ad2ae6071668f3,1504.5,1,37,gamble_left,You lost -3.75 dollars.,14,1,2,-3.75,0,2
127,21,60fd462512ad2ae6071668f3,1135.0,1,39,gamble_right,You won 2 dollars.,15,1,2,-4,0,1
11,21,60fd462512ad2ae6071668f3,1314.3,1,39,gamble_right,You won 4 dollars.,16,1,4,-1,0,1
104,21,60fd462512ad2ae6071668f3,968.8,1,39,gamble_right,You lost -1.5 dollars.,17,1,4,-1.5,0,2
31,21,60fd462512ad2ae6071668f3,1041.2,1,37,gamble_left,You won 4 dollars.,18,1,4,-2,0,1
149,21,60fd462512ad2ae6071668f3,1204.2,1,37,gamble_left,You lost -2.5 dollars.,19,1,4,-2.5,0,2
12,21,60fd462512ad2ae6071668f3,1683.8,1,39,gamble_right,You won 4 dollars.,20,1,4,-3,0,1
126,21,60fd462512ad2ae6071668f3,925.2,1,37,gamble_left,You lost -3.5 dollars.,21,1,4,-3.5,0,2
58,21,60fd462512ad2ae6071668f3,769.3,1,39,gamble_right,You won 4 dollars.,22,1,4,-4,0,1
17,21,60fd462512ad2ae6071668f3,1242.1,1,37,gamble_left,You won 4 dollars.,23,1,4,-4.5,0,1
44,21,60fd462512ad2ae6071668f3,758.2,1,39,gamble_right,You won 4 dollars.,24,1,4,-5,0,1
70,21,60fd462512ad2ae6071668f3,889.7,1,37,gamble_left,You lost -5.5 dollars.,25,1,4,-5.5,0,2
26,21,60fd462512ad2ae6071668f3,1077.3,1,37,gamble_left,You won 4 dollars.,26,1,4,-6,0,1
16,21,60fd462512ad2ae6071668f3,1506.3,1,37,gamble_left,You won 4 dollars.,27,1,4,-6.5,0,1
115,21,60fd462512ad2ae6071668f3,1217.9,1,37,gamble_left,You won 4 dollars.,28,1,4,-7,0,1
79,21,60fd462512ad2ae6071668f3,934.6,1,39,gamble_right,You won 4 dollars.,29,1,4,-7.5,0,1
63,21,60fd462512ad2ae6071668f3,855.8,1,37,gamble_left,You won 4 dollars.,30,1,4,-8,0,1
4,21,60fd462512ad2ae6071668f3,1176.3,1,37,gamble_left,You won 5 dollars.,31,1,5,-1.25,0,1
121,21,60fd462512ad2ae6071668f3,973.5,1,37,gamble_left,You lost -1.88 dollars.,32,1,5,-1.88,0,2
99,21,60fd462512ad2ae6071668f3,600.3,1,39,gamble_right,You won 5 dollars.,33,1,5,-2.5,0,1
125,21,60fd462512ad2ae6071668f3,1231.4,1,39,gamble_right,You won 5 dollars.,34,1,5,-3.13,0,1
34,21,60fd462512ad2ae6071668f3,1296.9,1,39,gamble_right,You won 5 dollars.,35,1,5,-3.75,0,1
60,21,60fd462512ad2ae6071668f3,1265.3,1,37,gamble_left,You won 5 dollars.,36,1,5,-4.38,0,1
116,21,60fd462512ad2ae6071668f3,1166.8,1,39,gamble_right,You won 5 dollars.,37,1,5,-5,0,1
110,21,60fd462512ad2ae6071668f3,1019.8,1,37,gamble_left,You won 5 dollars.,38,1,5,-5.63,0,1
113,21,60fd462512ad2ae6071668f3,973.9,1,39,gamble_right,You lost -6.25 dollars.,39,1,5,-6.25,0,2
74,21,60fd462512ad2ae6071668f3,819.2,1,37,gamble_left,You won 5 dollars.,40,1,5,-6.88,0,1
150,21,60fd462512ad2ae6071668f3,1081.4,1,37,gamble_left,You lost -7.5 dollars.,41,1,5,-7.5,0,2
5,21,60fd462512ad2ae6071668f3,1363.0,0,37,gamble_right,You received 0 dollars.,42,1,5,-8.13,0,2
32,21,60fd462512ad2ae6071668f3,949.4,1,39,gamble_right,You lost -8.75 dollars.,43,1,5,-8.75,0,2
20,21,60fd462512ad2ae6071668f3,975.5,1,39,gamble_right,You lost -9.38 dollars.,44,1,5,-9.38,0,2
30,21,60fd462512ad2ae6071668f3,1451.7,1,39,gamble_right,You won 5 dollars.,45,1,5,-10,0,1
139,21,60fd462512ad2ae6071668f3,1122.2,1,39,gamble_right,You won 6 dollars.,46,1,6,-1.5,0,1
142,21,60fd462512ad2ae6071668f3,1289.9,1,39,gamble_right,You lost -2.25 dollars.,47,1,6,-2.25,0,2
108,21,60fd462512ad2ae6071668f3,973.1,1,39,gamble_right,You lost -3 dollars.,48,1,6,-3,0,2
51,21,60fd462512ad2ae6071668f3,982.0,1,37,gamble_left,You lost -3.75 dollars.,49,1,6,-3.75,0,2
67,21,60fd462512ad2ae6071668f3,630.3,1,39,gamble_right,You won 6 dollars.,50,1,6,-4.5,0,1
80,21,60fd462512ad2ae6071668f3,1024.5,1,39,gamble_right,You lost -5.25 dollars.,51,1,6,-5.25,0,2
123,21,60fd462512ad2ae6071668f3,1007.4,1,39,gamble_right,You lost -6 dollars.,52,1,6,-6,0,2
84,21,60fd462512ad2ae6071668f3,657.4,1,37,gamble_left,You won 6 dollars.,53,1,6,-6.75,0,1
107,21,60fd462512ad2ae6071668f3,1085.2,1,37,gamble_left,You lost -7.5 dollars.,54,1,6,-7.5,0,2
78,21,60fd462512ad2ae6071668f3,988.9,1,37,gamble_left,You won 6 dollars.,55,1,6,-8.25,0,1
130,21,60fd462512ad2ae6071668f3,1393.7,1,39,gamble_right,You lost -9 dollars.,56,1,6,-9,0,2
52,21,60fd462512ad2ae6071668f3,623.0,1,39,gamble_right,You lost -9.75 dollars.,57,1,6,-9.75,0,2
3,21,60fd462512ad2ae6071668f3,1275.7,1,39,gamble_right,You lost -10.5 dollars.,58,1,6,-10.5,0,2
69,21,60fd462512ad2ae6071668f3,754.5,1,39,gamble_right,You won 6 dollars.,59,1,6,-11.25,0,1
1,21,60fd462512ad2ae6071668f3,1556.9,1,39,gamble_right,You won 6 dollars.,60,1,6,-12,0,1
143,21,60fd462512ad2ae6071668f3,826.3,1,39,gamble_right,You lost -2 dollars.,61,1,8,-2,0,2
112,21,60fd462512ad2ae6071668f3,948.7,1,37,gamble_left,You won 8 dollars.,62,1,8,-3,0,1
65,21,60fd462512ad2ae6071668f3,976.4,1,37,gamble_left,You lost -4 dollars.,63,1,8,-4,0,2
45,21,60fd462512ad2ae6071668f3,863.3,1,37,gamble_left,You won 8 dollars.,64,1,8,-5,0,1
18,21,60fd462512ad2ae6071668f3,853.0,1,39,gamble_right,You lost -6 dollars.,65,1,8,-6,0,2
22,21,60fd462512ad2ae6071668f3,980.5,1,37,gamble_left,You won 8 dollars.,66,1,8,-7,0,1
93,21,60fd462512ad2ae6071668f3,751.1,1,39,gamble_right,You won 8 dollars.,67,1,8,-8,0,1
72,21,60fd462512ad2ae6071668f3,731.0,1,39,gamble_right,You lost -9 dollars.,68,1,8,-9,0,2
29,21,60fd462512ad2ae6071668f3,1006.0,1,37,gamble_left,You lost -10 dollars.,69,1,8,-10,0,2
120,21,60fd462512ad2ae6071668f3,1552.2,1,39,gamble_right,You won 8 dollars.,70,1,8,-11,0,1
132,21,60fd462512ad2ae6071668f3,1326.2,0,37,gamble_right,You received 0 dollars.,71,1,8,-12,0,2
36,21,60fd462512ad2ae6071668f3,886.9,1,39,gamble_right,You lost -13 dollars.,72,1,8,-13,0,2
23,21,60fd462512ad2ae6071668f3,835.6,1,37,gamble_left,You won 8 dollars.,73,1,8,-14,0,1
49,21,60fd462512ad2ae6071668f3,704.4,1,37,gamble_left,You lost -15 dollars.,74,1,8,-15,0,2
81,21,60fd462512ad2ae6071668f3,873.7,1,37,gamble_left,You won 8 dollars.,75,1,8,-16,0,1
138,21,60fd462512ad2ae6071668f3,1017.5,1,39,gamble_right,You won 9 dollars.,76,1,9,-2.25,0,1
144,21,60fd462512ad2ae6071668f3,1229.2,1,39,gamble_right,You won 9 dollars.,77,1,9,-3.38,0,1
73,21,60fd462512ad2ae6071668f3,857.2,1,37,gamble_left,You won 9 dollars.,78,1,9,-4.5,0,1
135,21,60fd462512ad2ae6071668f3,1191.2,1,39,gamble_right,You won 9 dollars.,79,1,9,-5.63,0,1
41,21,60fd462512ad2ae6071668f3,1040.5,1,39,gamble_right,You lost -6.75 dollars.,80,1,9,-6.75,0,2
88,21,60fd462512ad2ae6071668f3,648.3,1,37,gamble_left,You lost -7.88 dollars.,81,1,9,-7.88,0,2
33,21,60fd462512ad2ae6071668f3,1554.8,1,39,gamble_right,You won 9 dollars.,82,1,9,-9,0,1
134,21,60fd462512ad2ae6071668f3,1102.2,0,39,gamble_left,You received 0 dollars.,83,1,9,-10.13,0,2
141,21,60fd462512ad2ae6071668f3,1074.1,1,39,gamble_right,You lost -11.25 dollars.,84,1,9,-11.25,0,2
94,21,60fd462512ad2ae6071668f3,641.8,1,39,gamble_right,You won 9 dollars.,85,1,9,-12.38,0,1
95,21,60fd462512ad2ae6071668f3,674.4,1,39,gamble_right,You lost -13.5 dollars.,86,1,9,-13.5,0,2
64,21,60fd462512ad2ae6071668f3,721.6,1,39,gamble_right,You won 9 dollars.,87,1,9,-14.63,0,1
71,21,60fd462512ad2ae6071668f3,713.6,1,39,gamble_right,You lost -15.75 dollars.,88,1,9,-15.75,0,2
97,21,60fd462512ad2ae6071668f3,1352.4,1,39,gamble_right,You lost -16.88 dollars.,89,1,9,-16.88,0,2
117,21,60fd462512ad2ae6071668f3,989.4,1,39,gamble_right,You lost -18 dollars.,90,1,9,-18,0,2
82,21,60fd462512ad2ae6071668f3,690.4,1,39,gamble_right,You won 10 dollars.,91,1,10,-2.5,0,1
53,21,60fd462512ad2ae6071668f3,740.6,1,37,gamble_left,You lost -3.75 dollars.,92,1,10,-3.75,0,2
40,21,60fd462512ad2ae6071668f3,977.5,1,37,gamble_left,You won 10 dollars.,93,1,10,-5,0,1
6,21,60fd462512ad2ae6071668f3,1702.7,1,39,gamble_right,You lost -6.25 dollars.,94,1,10,-6.25,0,2
54,21,60fd462512ad2ae6071668f3,824.5,1,39,gamble_right,You won 10 dollars.,95,1,10,-7.5,0,1
75,21,60fd462512ad2ae6071668f3,684.8,1,39,gamble_right,You won 10 dollars.,96,1,10,-8.75,0,1
137,21,60fd462512ad2ae6071668f3,1557.0,1,37,gamble_left,You won 10 dollars.,97,1,10,-10,0,1
19,21,60fd462512ad2ae6071668f3,1203.2,1,37,gamble_left,You won 10 dollars.,98,1,10,-11.25,0,1
86,21,60fd462512ad2ae6071668f3,902.7,1,37,gamble_left,You won 10 dollars.,99,1,10,-12.5,0,1
55,21,60fd462512ad2ae6071668f3,985.5,1,37,gamble_left,You won 10 dollars.,100,1,10,-13.75,0,1
133,21,60fd462512ad2ae6071668f3,938.5,0,39,gamble_left,You received 0 dollars.,101,1,10,-15,0,2
118,21,60fd462512ad2ae6071668f3,800.3,0,39,gamble_left,You received 0 dollars.,102,1,10,-16.25,0,2
91,21,60fd462512ad2ae6071668f3,829.0,1,39,gamble_right,You won 10 dollars.,103,1,10,-17.5,0,1
77,21,60fd462512ad2ae6071668f3,1072.1,1,37,gamble_left,You lost -18.75 dollars.,104,1,10,-18.75,0,2
100,21,60fd462512ad2ae6071668f3,868.2,1,39,gamble_right,You won 10 dollars.,105,1,10,-20,0,1
28,21,60fd462512ad2ae6071668f3,1207.6,0,37,gamble_right,You received 0 dollars.,106,1,12,-3,0,2
15,21,60fd462512ad2ae6071668f3,945.5,1,37,gamble_left,You lost -4.5 dollars.,107,1,12,-4.5,0,2
146,21,60fd462512ad2ae6071668f3,945.2,1,39,gamble_right,You won 12 dollars.,108,1,12,-6,0,1
2,21,60fd462512ad2ae6071668f3,935.4,1,37,gamble_left,You won 12 dollars.,109,1,12,-7.5,0,1
43,21,60fd462512ad2ae6071668f3,935.6,1,37,gamble_left,You lost -9 dollars.,110,1,12,-9,0,2
10,21,60fd462512ad2ae6071668f3,947.7,1,39,gamble_right,You won 12 dollars.,111,1,12,-10.5,0,1
96,21,60fd462512ad2ae6071668f3,1087.7,1,37,gamble_left,You lost -12 dollars.,112,1,12,-12,0,2
102,21,60fd462512ad2ae6071668f3,812.6,1,37,gamble_left,You won 12 dollars.,113,1,12,-13.5,0,1
56,21,60fd462512ad2ae6071668f3,1157.8,1,37,gamble_left,You lost -15 dollars.,114,1,12,-15,0,2
61,21,60fd462512ad2ae6071668f3,1437.6,1,39,gamble_right,You lost -16.5 dollars.,115,1,12,-16.5,0,2
124,21,60fd462512ad2ae6071668f3,1025.5,0,39,gamble_left,You received 0 dollars.,116,1,12,-18,0,2
148,21,60fd462512ad2ae6071668f3,1126.0,0,39,gamble_left,You received 0 dollars.,117,1,12,-19.5,0,2
27,21,60fd462512ad2ae6071668f3,943.5,1,39,gamble_right,You won 12 dollars.,118,1,12,-21,0,1
103,21,60fd462512ad2ae6071668f3,810.8,1,39,gamble_right,You lost -22.5 dollars.,119,1,12,-22.5,0,2
39,21,60fd462512ad2ae6071668f3,1116.5,1,39,gamble_right,You won 12 dollars.,120,1,12,-24,0,1
122,21,60fd462512ad2ae6071668f3,1554.8,0,37,gamble_right,You won 2 dollars.,121,2,4,0,2,1
90,21,60fd462512ad2ae6071668f3,824.8,0,39,gamble_left,You won 4 dollars.,122,2,8,0,4,1
114,21,60fd462512ad2ae6071668f3,1585.3,1,39,gamble_right,You won 12 dollars.,123,2,12,0,6,1
68,21,60fd462512ad2ae6071668f3,709.5,0,37,gamble_right,You won 9 dollars.,124,2,18,0,9,1
119,21,60fd462512ad2ae6071668f3,1754.1,1,39,gamble_right,You won 24 dollars.,125,2,24,0,12,1
35,21,60fd462512ad2ae6071668f3,1171.2,0,37,gamble_right,You won 3 dollars.,126,2,5,0,3,1
14,21,60fd462512ad2ae6071668f3,817.2,0,39,gamble_left,You won 4 dollars.,127,2,7,0,4,1
128,21,60fd462512ad2ae6071668f3,1608.7,0,37,gamble_right,You won 6 dollars.,128,2,10,0,6,1
145,21,60fd462512ad2ae6071668f3,1132.2,0,37,gamble_right,You won 10 dollars.,129,2,17,0,10,1
7,21,60fd462512ad2ae6071668f3,1152.5,0,37,gamble_right,You won 13 dollars.,130,2,22,0,13,1
57,21,60fd462512ad2ae6071668f3,883.3,0,37,gamble_right,You won 13 dollars.,131,2,28,0,13,1
111,21,60fd462512ad2ae6071668f3,1174.6,1,39,gamble_right,You won 5 dollars.,132,2,5,0,2,1
136,21,60fd462512ad2ae6071668f3,1680.3,0,37,gamble_right,You won 10 dollars.,133,2,26,0,10,1
76,21,60fd462512ad2ae6071668f3,1195.5,0,39,gamble_left,You won 3 dollars.,134,2,7,0,3,1
42,21,60fd462512ad2ae6071668f3,872.9,0,39,gamble_left,You won 5 dollars.,135,2,13,0,5,1
59,21,60fd462512ad2ae6071668f3,1183.3,0,39,gamble_left,You won 6 dollars.,136,2,12,0,6,1
38,21,60fd462512ad2ae6071668f3,622.7,0,37,gamble_right,You won 10 dollars.,137,2,25,0,10,1
89,21,60fd462512ad2ae6071668f3,663.4,0,37,gamble_right,You won 2 dollars.,138,2,4,0,2,1
50,21,60fd462512ad2ae6071668f3,891.7,0,39,gamble_left,You won 1 dollars.,139,2,3,0,1,1
85,21,60fd462512ad2ae6071668f3,724.0,0,39,gamble_left,You won 9 dollars.,140,2,25,0,9,1
21,21,60fd462512ad2ae6071668f3,1026.5,1,39,gamble_right,You received 0 dollars.,141,2,13,0,6,2
37,21,60fd462512ad2ae6071668f3,706.9,0,37,gamble_right,You won 10 dollars.,142,2,22,0,10,1
48,21,60fd462512ad2ae6071668f3,521.2,0,37,gamble_right,You won 5 dollars.,143,2,12,0,5,1
66,21,60fd462512ad2ae6071668f3,803.8,0,37,gamble_right,You won 1 dollars.,144,2,2,0,1,1
92,21,60fd462512ad2ae6071668f3,849.5,0,39,gamble_left,You won 3 dollars.,145,2,8,0,3,1
140,21,60fd462512ad2ae6071668f3,1323.1,0,39,gamble_left,You won 8 dollars.,146,2,19,0,8,1
24,21,60fd462512ad2ae6071668f3,911.6,0,39,gamble_left,You won 12 dollars.,147,2,26,0,12,1
62,21,60fd462512ad2ae6071668f3,1104.8,0,37,gamble_right,You won 12 dollars.,148,2,30,0,12,1
9,21,60fd462512ad2ae6071668f3,1049.8,0,37,gamble_right,You won 10 dollars.,149,2,23,0,10,1
46,21,60fd462512ad2ae6071668f3,612.6,0,37,gamble_right,You won 4 dollars.,150,2,12,0,4,1