trial_index,ID,subject,rt,responses,key_press,gamble_location,stimulus,Trial_ID,Trial_Type,Gain,Loss,Certain,Trial_Outcome
36,22,60fdf8efb9f70ebf410b8efc,1099.5,1,37,gamble_left,You lost -0.5 dollars.,1,1,2,-0.5,0,2
57,22,60fdf8efb9f70ebf410b8efc,1327.0,1,39,gamble_right,You won 2 dollars.,2,1,2,-0.75,0,1
35,22,60fdf8efb9f70ebf410b8efc,1142.9,1,39,gamble_right,You won 2 dollars.,3,1,2,-1,0,1
15,22,60fdf8efb9f70ebf410b8efc,891.8,1,39,gamble_right,You won 2 dollars.,4,1,2,-1.25,0,1
145,22,60fdf8efb9f70ebf410b8efc,1510.4,1,37,gamble_left,You won 2 dollars.,5,1,2,-1.5,0,1
11,22,60fdf8efb9f70ebf410b8efc,1119.0,1,37,gamble_left,You won 2 dollars.,6,1,2,-1.75,0,1
64,22,60fdf8efb9f70ebf410b8efc,1421.7,1,39,gamble_right,You won 2 dollars.,7,1,2,-2,0,1
39,22,60fdf8efb9f70ebf410b8efc,1205.4,0,39,gamble_left,You received 0 dollars.,8,1,2,-2.25,0,2
130,22,60fdf8efb9f70ebf410b8efc,1444.8,0,39,gamble_left,You received 0 dollars.,9,1,2,-2.5,0,2
32,22,60fdf8efb9f70ebf410b8efc,1035.0,1,37,gamble_left,You won 2 dollars.,10,1,2,-2.75,0,1
9,22,60fdf8efb9f70ebf410b8efc,608.4,1,39,gamble_right,You lost -3 dollars.,11,1,2,-3,0,2
147,22,60fdf8efb9f70ebf410b8efc,1494.8,0,37,gamble_right,You received 0 dollars.,12,1,2,-3.25,0,2
92,22,60fdf8efb9f70ebf410b8efc,1091.3,1,37,gamble_left,You won 2 dollars.,13,1,2,-3.5,0,1
4,22,60fdf8efb9f70ebf410b8efc,552.2,0,37,gamble_right,You received 0 dollars.,14,1,2,-3.75,0,2
123,22,60fdf8efb9f70ebf410b8efc,1473.7,0,37,gamble_right,You received 0 dollars.,15,1,2,-4,0,2
59,22,60fdf8efb9f70ebf410b8efc,1263.6,1,39,gamble_right,You lost -1 dollars.,16,1,4,-1,0,2
47,22,60fdf8efb9f70ebf410b8efc,1149.5,1,37,gamble_left,You won 4 dollars.,17,1,4,-1.5,0,1
102,22,60fdf8efb9f70ebf410b8efc,1056.5,1,37,gamble_left,You won 4 dollars.,18,1,4,-2,0,1
115,22,60fdf8efb9f70ebf410b8efc,890.3,1,39,gamble_right,You won 4 dollars.,19,1,4,-2.5,0,1
78,22,60fdf8efb9f70ebf410b8efc,913.2,1,39,gamble_right,You lost -3 dollars.,20,1,4,-3,0,2
49,22,60fdf8efb9f70ebf410b8efc,1127.7,0,37,gamble_right,You received 0 dollars.,21,1,4,-3.5,0,2
65,22,60fdf8efb9f70ebf410b8efc,1170.6,0,39,gamble_left,You received 0 dollars.,22,1,4,-4,0,2
38,22,60fdf8efb9f70ebf410b8efc,995.1,1,39,gamble_right,You lost -4.5 dollars.,23,1,4,-4.5,0,2
10,22,60fdf8efb9f70ebf410b8efc,826.9,1,37,gamble_left,You won 4 dollars.,24,1,4,-5,0,1
109,22,60fdf8efb9f70ebf410b8efc,1271.1,0,37,gamble_right,You received 0 dollars.,25,1,4,-5.5,0,2
13,22,60fdf8efb9f70ebf410b8efc,823.0,1,39,gamble_right,You lost -6 dollars.,26,1,4,-6,0,2
100,22,60fdf8efb9f70ebf410b8efc,1187.6,0,39,gamble_left,You received 0 dollars.,27,1,4,-6.5,0,2
71,22,60fdf8efb9f70ebf410b8efc,1422.3,1,39,gamble_right,You lost -7 dollars.,28,1,4,-7,0,2
75,22,60fdf8efb9f70ebf410b8efc,1352.0,0,39,gamble_left,You received 0 dollars.,29,1,4,-7.5,0,2
41,22,60fdf8efb9f70ebf410b8efc,1096.8,1,39,gamble_right,You lost -8 dollars.,30,1,4,-8,0,2
50,22,60fdf8efb9f70ebf410b8efc,1229.3,1,37,gamble_left,You won 5 dollars.,31,1,5,-1.25,0,1
105,22,60fdf8efb9f70ebf410b8efc,1320.6,1,37,gamble_left,You won 5 dollars.,32,1,5,-1.88,0,1
60,22,60fdf8efb9f70ebf410b8efc,1064.1,1,39,gamble_right,You won 5 dollars.,33,1,5,-2.5,0,1
120,22,60fdf8efb9f70ebf410b8efc,1142.8,1,39,gamble_right,You won 5 dollars.,34,1,5,-3.13,0,1
84,22,60fdf8efb9f70ebf410b8efc,1010.0,1,39,gamble_right,You won 5 dollars.,35,1,5,-3.75,0,1
37,22,60fdf8efb9f70ebf410b8efc,1421.3,0,37,gamble_right,You received 0 dollars.,36,1,5,-4.38,0,2
137,22,60fdf8efb9f70ebf410b8efc,1112.4,0,37,gamble_right,You received 0 dollars.,37,1,5,-5,0,2
90,22,60fdf8efb9f70ebf410b8efc,1085.0,0,39,gamble_left,You received 0 dollars.,38,1,5,-5.63,0,2
63,22,60fdf8efb9f70ebf410b8efc,1074.0,1,37,gamble_left,You lost -6.25 dollars.,39,1,5,-6.25,0,2
101,22,60fdf8efb9f70ebf410b8efc,1534.1,0,37,gamble_right,You received 0 dollars.,40,1,5,-6.88,0,2
18,22,60fdf8efb9f70ebf410b8efc,975.5,1,39,gamble_right,You won 5 dollars.,41,1,5,-7.5,0,1
17,22,60fdf8efb9f70ebf410b8efc,1702.2,0,37,gamble_right,You received 0 dollars.,42,1,5,-8.13,0,2
40,22,60fdf8efb9f70ebf410b8efc,1287.7,1,37,gamble_left,You won 5 dollars.,43,1,5,-8.75,0,1
1,22,60fdf8efb9f70ebf410b8efc,972.2,1,37,gamble_left,You lost -9.38 dollars.,44,1,5,-9.38,0,2
86,22,60fdf8efb9f70ebf410b8efc,1747.6,0,37,gamble_right,You received 0 dollars.,45,1,5,-10,0,2
56,22,60fdf8efb9f70ebf410b8efc,1148.0,1,37,gamble_left,You lost -1.5 dollars.,46,1,6,-1.5,0,2
76,22,60fdf8efb9f70ebf410b8efc,1271.5,0,39,gamble_left,You received 0 dollars.,47,1,6,-2.25,0,2
98,22,60fdf8efb9f70ebf410b8efc,1113.8,1,37,gamble_left,You lost -3 dollars.,48,1,6,-3,0,2
22,22,60fdf8efb9f70ebf410b8efc,812.2,1,37,gamble_left,You lost -3.75 dollars.,49,1,6,-3.75,0,2
139,22,60fdf8efb9f70ebf410b8efc,1109.2,0,37,gamble_right,You received 0 dollars.,50,1,6,-4.5,0,2
110,22,60fdf8efb9f70ebf410b8efc,1051.1,0,37,gamble_right,You received 0 dollars.,51,1,6,-5.25,0,2
14,22,60fdf8efb9f70ebf410b8efc,824.6,1,39,gamble_right,You lost -6 dollars.,52,1,6,-6,0,2
138,22,60fdf8efb9f70ebf410b8efc,937.6,0,39,gamble_left,You received 0 dollars.,53,1,6,-6.75,0,2
24,22,60fdf8efb9f70ebf410b8efc,1065.7,1,39,gamble_right,You lost -7.5 dollars.,54,1,6,-7.5,0,2
128,22,60fdf8efb9f70ebf410b8efc,1371.6,0,37,gamble_right,You received 0 dollars.,55,1,6,-8.25,0,2
143,22,60fdf8efb9f70ebf410b8efc,1160.2,0,39,gamble_left,You received 0 dollars.,56,1,6,-9,0,2
83,22,60fdf8efb9f70ebf410b8efc,1226.9,0,39,gamble_left,You received 0 dollars.,57,1,6,-9.75,0,2
21,22,60fdf8efb9f70ebf410b8efc,1180.7,1,37,gamble_left,You lost -10.5 dollars.,58,1,6,-10.5,0,2
20,22,60fdf8efb9f70ebf410b8efc,1241.7,0,39,gamble_left,You received 0 dollars.,59,1,6,-11.25,0,2
67,22,60fdf8efb9f70ebf410b8efc,1133.6,1,37,gamble_left,You lost -12 dollars.,60,1,6,-12,0,2
114,22,60fdf8efb9f70ebf410b8efc,972.3,1,39,gamble_right,You won 8 dollars.,61,1,8,-2,0,1
27,22,60fdf8efb9f70ebf410b8efc,748.0,1,37,gamble_left,You won 8 dollars.,62,1,8,-3,0,1
3,22,60fdf8efb9f70ebf410b8efc,1081.6,1,39,gamble_right,You lost -4 dollars.,63,1,8,-4,0,2
111,22,60fdf8efb9f70ebf410b8efc,1042.9,1,39,gamble_right,You lost -5 dollars.,64,1,8,-5,0,2
93,22,60fdf8efb9f70ebf410b8efc,988.9,1,37,gamble_left,You lost -6 dollars.,65,1,8,-6,0,2
89,22,60fdf8efb9f70ebf410b8efc,1047.6,1,37,gamble_left,You lost -7 dollars.,66,1,8,-7,0,2
77,22,60fdf8efb9f70ebf410b8efc,1482.6,0,39,gamble_left,You received 0 dollars.,67,1,8,-8,0,2
108,22,60fdf8efb9f70ebf410b8efc,1492.2,0,37,gamble_right,You received 0 dollars.,68,1,8,-9,0,2
43,22,60fdf8efb9f70ebf410b8efc,961.3,1,39,gamble_right,You lost -10 dollars.,69,1,8,-10,0,2
55,22,60fdf8efb9f70ebf410b8efc,1712.7,1,39,gamble_right,You lost -11 dollars.,70,1,8,-11,0,2
142,22,60fdf8efb9f70ebf410b8efc,1561.0,0,37,gamble_right,You received 0 dollars.,71,1,8,-12,0,2
97,22,60fdf8efb9f70ebf410b8efc,1420.8,0,37,gamble_right,You received 0 dollars.,72,1,8,-13,0,2
72,22,60fdf8efb9f70ebf410b8efc,1337.2,1,37,gamble_left,You lost -14 dollars.,73,1,8,-14,0,2
129,22,60fdf8efb9f70ebf410b8efc,1001.5,0,37,gamble_right,You received 0 dollars.,74,1,8,-15,0,2
125,22,60fdf8efb9f70ebf410b8efc,947.4,0,37,gamble_right,You received 0 dollars.,75,1,8,-16,0,2
113,22,60fdf8efb9f70ebf410b8efc,891.6,1,39,gamble_right,You won 9 dollars.,76,1,9,-2.25,0,1
146,22,60fdf8efb9f70ebf410b8efc,1453.2,1,39,gamble_right,You won 9 dollars.,77,1,9,-3.38,0,1
106,22,60fdf8efb9f70ebf410b8efc,1206.1,1,37,gamble_left,You won 9 dollars.,78,1,9,-4.5,0,1
136,22,60fdf8efb9f70ebf410b8efc,964.7,0,39,gamble_left,You received 0 dollars.,79,1,9,-5.63,0,2
69,22,60fdf8efb9f70ebf410b8efc,1294.2,1,39,gamble_right,You won 9 dollars.,80,1,9,-6.75,0,1
19,22,60fdf8efb9f70ebf410b8efc,852.8,0,37,gamble_right,You received 0 dollars.,81,1,9,-7.88,0,2
58,22,60fdf8efb9f70ebf410b8efc,1355.2,0,39,gamble_left,You received 0 dollars.,82,1,9,-9,0,2
116,22,60fdf8efb9f70ebf410b8efc,1188.8,0,39,gamble_left,You received 0 dollars.,83,1,9,-10.13,0,2
66,22,60fdf8efb9f70ebf410b8efc,1412.8,1,39,gamble_right,You lost -11.25 dollars.,84,1,9,-11.25,0,2
99,22,60fdf8efb9f70ebf410b8efc,1047.7,0,39,gamble_left,You received 0 dollars.,85,1,9,-12.38,0,2
119,22,60fdf8efb9f70ebf410b8efc,1052.0,0,39,gamble_left,You received 0 dollars.,86,1,9,-13.5,0,2
29,22,60fdf8efb9f70ebf410b8efc,1419.3,0,39,gamble_left,You received 0 dollars.,87,1,9,-14.63,0,2
91,22,60fdf8efb9f70ebf410b8efc,1103.1,0,37,gamble_right,You received 0 dollars.,88,1,9,-15.75,0,2
12,22,60fdf8efb9f70ebf410b8efc,1122.4,0,39,gamble_left,You received 0 dollars.,89,1,9,-16.88,0,2
48,22,60fdf8efb9f70ebf410b8efc,1213.5,0,37,gamble_right,You received 0 dollars.,90,1,9,-18,0,2
16,22,60fdf8efb9f70ebf410b8efc,1061.9,1,37,gamble_left,You won 10 dollars.,91,1,10,-2.5,0,1
141,22,60fdf8efb9f70ebf410b8efc,1160.0,1,37,gamble_left,You won 10 dollars.,92,1,10,-3.75,0,1
54,22,60fdf8efb9f70ebf410b8efc,1483.5,0,39,gamble_left,You received 0 dollars.,93,1,10,-5,0,2
148,22,60fdf8efb9f70ebf410b8efc,1328.0,0,37,gamble_right,You received 0 dollars.,94,1,10,-6.25,0,2
46,22,60fdf8efb9f70ebf410b8efc,934.5,1,37,gamble_left,You won 10 dollars.,95,1,10,-7.5,0,1
85,22,60fdf8efb9f70ebf410b8efc,1351.3,0,37,gamble_right,You received 0 dollars.,96,1,10,-8.75,0,2
81,22,60fdf8efb9f70ebf410b8efc,1222.0,0,39,gamble_left,You received 0 dollars.,97,1,10,-10,0,2
7,22,60fdf8efb9f70ebf410b8efc,946.5,1,39,gamble_right,You lost -11.25 dollars.,98,1,10,-11.25,0,2
5,22,60fdf8efb9f70ebf410b8efc,775.6,1,37,gamble_left,You won 10 dollars.,99,1,10,-12.5,0,1
31,22,60fdf8efb9f70ebf410b8efc,1138.9,0,37,gamble_right,You received 0 dollars.,100,1,10,-13.75,0,2
42,22,60fdf8efb9f70ebf410b8efc,1132.5,0,39,gamble_left,You received 0 dollars.,101,1,10,-15,0,2
25,22,60fdf8efb9f70ebf410b8efc,900.6,1,39,gamble_right,You won 10 dollars.,102,1,10,-16.25,0,1
118,22,60fdf8efb9f70ebf410b8efc,1105.6,0,39,gamble_left,You received 0 dollars.,103,1,10,-17.5,0,2
82,22,60fdf8efb9f70ebf410b8efc,1539.5,1,39,gamble_right,You lost -18.75 dollars.,104,1,10,-18.75,0,2
124,22,60fdf8efb9f70ebf410b8efc,1002.2,0,37,gamble_right,You received 0 dollars.,105,1,10,-20,0,2
96,22,60fdf8efb9f70ebf410b8efc,1493.7,0,37,gamble_right,You received 0 dollars.,106,1,12,-3,0,2
68,22,60fdf8efb9f70ebf410b8efc,1328.2,0,39,gamble_left,You received 0 dollars.,107,1,12,-4.5,0,2
80,22,60fdf8efb9f70ebf410b8efc,1371.1,0,39,gamble_left,You received 0 dollars.,108,1,12,-6,0,2
62,22,60fdf8efb9f70ebf410b8efc,1110.3,0,37,gamble_right,You received 0 dollars.,109,1,12,-7.5,0,2
26,22,60fdf8efb9f70ebf410b8efc,745.3,0,37,gamble_right,You received 0 dollars.,110,1,12,-9,0,2
140,22,60fdf8efb9f70ebf410b8efc,1169.3,0,37,gamble_right,You received 0 dollars.,111,1,12,-10.5,0,2
149,22,60fdf8efb9f70ebf410b8efc,1548.2,0,39,gamble_left,You received 0 dollars.,112,1,12,-12,0,2
150,22,60fdf8efb9f70ebf410b8efc,1625.6,0,37,gamble_right,You received 0 dollars.,113,1,12,-13.5,0,2
88,22,60fdf8efb9f70ebf410b8efc,952.0,1,37,gamble_left,You won 12 dollars.,114,1,12,-15,0,1
2,22,60fdf8efb9f70ebf410b8efc,1172.2,1,39,gamble_right,You won 12 dollars.,115,1,12,-16.5,0,1
117,22,60fdf8efb9f70ebf410b8efc,1079.3,0,39,gamble_left,You received 0 dollars.,116,1,12,-18,0,2
87,22,60fdf8efb9f70ebf410b8efc,1173.8,0,39,gamble_left,You received 0 dollars.,117,1,12,-19.5,0,2
52,22,60fdf8efb9f70ebf410b8efc,1339.4,0,39,gamble_left,You received 0 dollars.,118,1,12,-21,0,2
74,22,60fdf8efb9f70ebf410b8efc,1459.7,0,37,gamble_right,You received 0 dollars.,119,1,12,-22.5,0,2
112,22,60fdf8efb9f70ebf410b8efc,1693.2,0,37,gamble_right,You received 0 dollars.,120,1,12,-24,0,2
79,22,60fdf8efb9f70ebf410b8efc,968.8,1,37,gamble_left,You received 0 dollars.,121,2,4,0,2,2
6,22,60fdf8efb9f70ebf410b8efc,778.5,0,39,gamble_left,You won 4 dollars.,122,2,8,0,4,1
131,22,60fdf8efb9f70ebf410b8efc,1135.5,1,39,gamble_right,You received 0 dollars.,123,2,12,0,6,2
30,22,60fdf8efb9f70ebf410b8efc,783.5,0,37,gamble_right,You won 9 dollars.,124,2,18,0,9,1
104,22,60fdf8efb9f70ebf410b8efc,1039.6,1,37,gamble_left,You received 0 dollars.,125,2,24,0,12,2
107,22,60fdf8efb9f70ebf410b8efc,1084.8,1,39,gamble_right,You won 5 dollars.,126,2,5,0,3,1
122,22,60fdf8efb9f70ebf410b8efc,1384.4,1,37,gamble_left,You received 0 dollars.,127,2,7,0,4,2
73,22,60fdf8efb9f70ebf410b8efc,862.0,0,37,gamble_right,You won 6 dollars.,128,2,10,0,6,1
61,22,60fdf8efb9f70ebf410b8efc,980.8,0,37,gamble_right,You won 10 dollars.,129,2,17,0,10,1
94,22,60fdf8efb9f70ebf410b8efc,1186.7,0,39,gamble_left,You won 13 dollars.,130,2,22,0,13,1
103,22,60fdf8efb9f70ebf410b8efc,922.9,0,39,gamble_left,You won 13 dollars.,131,2,28,0,13,1
134,22,60fdf8efb9f70ebf410b8efc,1247.4,0,37,gamble_right,You won 2 dollars.,132,2,5,0,2,1
33,22,60fdf8efb9f70ebf410b8efc,943.2,0,39,gamble_left,You won 10 dollars.,133,2,26,0,10,1
45,22,60fdf8efb9f70ebf410b8efc,1022.4,0,37,gamble_right,You won 3 dollars.,134,2,7,0,3,1
8,22,60fdf8efb9f70ebf410b8efc,738.2,0,39,gamble_left,You won 5 dollars.,135,2,13,0,5,1
44,22,60fdf8efb9f70ebf410b8efc,1317.1,1,37,gamble_left,You received 0 dollars.,136,2,12,0,6,2
121,22,60fdf8efb9f70ebf410b8efc,1367.7,1,37,gamble_left,You won 25 dollars.,137,2,25,0,10,1
51,22,60fdf8efb9f70ebf410b8efc,857.7,0,37,gamble_right,You won 2 dollars.,138,2,4,0,2,1
70,22,60fdf8efb9f70ebf410b8efc,927.5,0,39,gamble_left,You won 1 dollars.,139,2,3,0,1,1
28,22,60fdf8efb9f70ebf410b8efc,736.9,0,37,gamble_right,You won 9 dollars.,140,2,25,0,9,1
23,22,60fdf8efb9f70ebf410b8efc,826.2,0,39,gamble_left,You won 6 dollars.,141,2,13,0,6,1
95,22,60fdf8efb9f70ebf410b8efc,722.9,0,39,gamble_left,You won 10 dollars.,142,2,22,0,10,1
135,22,60fdf8efb9f70ebf410b8efc,688.3,0,37,gamble_right,You won 5 dollars.,143,2,12,0,5,1
132,22,60fdf8efb9f70ebf410b8efc,817.6,0,39,gamble_left,You won 1 dollars.,144,2,2,0,1,1
133,22,60fdf8efb9f70ebf410b8efc,628.9,0,39,gamble_left,You won 3 dollars.,145,2,8,0,3,1
126,22,60fdf8efb9f70ebf410b8efc,703.4,0,39,gamble_left,You won 8 dollars.,146,2,19,0,8,1
144,22,60fdf8efb9f70ebf410b8efc,925.5,0,37,gamble_right,You won 12 dollars.,147,2,26,0,12,1
53,22,60fdf8efb9f70ebf410b8efc,1112.0,0,39,gamble_left,You won 12 dollars.,148,2,30,0,12,1
34,22,60fdf8efb9f70ebf410b8efc,896.0,0,37,gamble_right,You won 10 dollars.,149,2,23,0,10,1
127,22,60fdf8efb9f70ebf410b8efc,875.0,0,37,gamble_right,You won 4 dollars.,150,2,12,0,4,1