trial_index,ID,subject,rt,responses,key_press,gamble_location,stimulus,Trial_ID,Trial_Type,Gain,Loss,Certain,Trial_Outcome
112,23,60fe2e1450d7de8804652dfd,1026.6,1,37,gamble_left,You won 2 dollars.,1,1,2,-0.5,0,1
92,23,60fe2e1450d7de8804652dfd,1199.1,1,39,gamble_right,You won 2 dollars.,2,1,2,-0.75,0,1
119,23,60fe2e1450d7de8804652dfd,1117.0,1,37,gamble_left,You lost -1 dollars.,3,1,2,-1,0,2
22,23,60fe2e1450d7de8804652dfd,976.8,0,37,gamble_right,You received 0 dollars.,4,1,2,-1.25,0,2
109,23,60fe2e1450d7de8804652dfd,1256.3,1,37,gamble_left,You won 2 dollars.,5,1,2,-1.5,0,1
150,23,60fe2e1450d7de8804652dfd,1413.6,0,39,gamble_left,You received 0 dollars.,6,1,2,-1.75,0,2
2,23,60fe2e1450d7de8804652dfd,1232.9,0,39,gamble_left,You received 0 dollars.,7,1,2,-2,0,2
107,23,60fe2e1450d7de8804652dfd,1170.6,0,39,gamble_left,You received 0 dollars.,8,1,2,-2.25,0,2
29,23,60fe2e1450d7de8804652dfd,1010.1,1,37,gamble_left,You won 2 dollars.,9,1,2,-2.5,0,1
33,23,60fe2e1450d7de8804652dfd,1070.9,0,37,gamble_right,You received 0 dollars.,10,1,2,-2.75,0,2
114,23,60fe2e1450d7de8804652dfd,1087.8,0,37,gamble_right,You received 0 dollars.,11,1,2,-3,0,2
61,23,60fe2e1450d7de8804652dfd,1292.4,0,39,gamble_left,You received 0 dollars.,12,1,2,-3.25,0,2
34,23,60fe2e1450d7de8804652dfd,1107.8,0,37,gamble_right,You received 0 dollars.,13,1,2,-3.5,0,2
14,23,60fe2e1450d7de8804652dfd,1195.4,0,37,gamble_right,You received 0 dollars.,14,1,2,-3.75,0,2
19,23,60fe2e1450d7de8804652dfd,1303.4,0,37,gamble_right,You received 0 dollars.,15,1,2,-4,0,2
65,23,60fe2e1450d7de8804652dfd,900.1,1,39,gamble_right,You lost -1 dollars.,16,1,4,-1,0,2
149,23,60fe2e1450d7de8804652dfd,1020.2,0,37,gamble_right,You received 0 dollars.,17,1,4,-1.5,0,2
148,23,60fe2e1450d7de8804652dfd,944.5,0,39,gamble_left,You received 0 dollars.,18,1,4,-2,0,2
145,23,60fe2e1450d7de8804652dfd,1021.5,0,37,gamble_right,You received 0 dollars.,19,1,4,-2.5,0,2
52,23,60fe2e1450d7de8804652dfd,1068.0,1,37,gamble_left,You won 4 dollars.,20,1,4,-3,0,1
83,23,60fe2e1450d7de8804652dfd,967.3,0,37,gamble_right,You received 0 dollars.,21,1,4,-3.5,0,2
27,23,60fe2e1450d7de8804652dfd,1028.3,0,39,gamble_left,You received 0 dollars.,22,1,4,-4,0,2
120,23,60fe2e1450d7de8804652dfd,845.3,0,37,gamble_right,You received 0 dollars.,23,1,4,-4.5,0,2
121,23,60fe2e1450d7de8804652dfd,853.2,0,37,gamble_right,You received 0 dollars.,24,1,4,-5,0,2
135,23,60fe2e1450d7de8804652dfd,699.6,0,39,gamble_left,You received 0 dollars.,25,1,4,-5.5,0,2
56,23,60fe2e1450d7de8804652dfd,858.3,0,39,gamble_left,You received 0 dollars.,26,1,4,-6,0,2
103,23,60fe2e1450d7de8804652dfd,876.1,0,39,gamble_left,You received 0 dollars.,27,1,4,-6.5,0,2
73,23,60fe2e1450d7de8804652dfd,790.6,0,39,gamble_left,You received 0 dollars.,28,1,4,-7,0,2
76,23,60fe2e1450d7de8804652dfd,772.2,0,37,gamble_right,You received 0 dollars.,29,1,4,-7.5,0,2
105,23,60fe2e1450d7de8804652dfd,1016.0,0,39,gamble_left,You received 0 dollars.,30,1,4,-8,0,2
102,23,60fe2e1450d7de8804652dfd,852.8,0,37,gamble_right,You received 0 dollars.,31,1,5,-1.25,0,2
46,23,60fe2e1450d7de8804652dfd,1018.2,1,37,gamble_left,You won 5 dollars.,32,1,5,-1.88,0,1
69,23,60fe2e1450d7de8804652dfd,922.6,0,39,gamble_left,You received 0 dollars.,33,1,5,-2.5,0,2
118,23,60fe2e1450d7de8804652dfd,843.7,0,37,gamble_right,You received 0 dollars.,34,1,5,-3.13,0,2
8,23,60fe2e1450d7de8804652dfd,1011.0,1,39,gamble_right,You lost -3.75 dollars.,35,1,5,-3.75,0,2
35,23,60fe2e1450d7de8804652dfd,905.1,0,37,gamble_right,You received 0 dollars.,36,1,5,-4.38,0,2
5,23,60fe2e1450d7de8804652dfd,1004.3,1,37,gamble_left,You lost -5 dollars.,37,1,5,-5,0,2
113,23,60fe2e1450d7de8804652dfd,1005.5,0,37,gamble_right,You received 0 dollars.,38,1,5,-5.63,0,2
81,23,60fe2e1450d7de8804652dfd,1179.5,0,39,gamble_left,You received 0 dollars.,39,1,5,-6.25,0,2
31,23,60fe2e1450d7de8804652dfd,912.9,0,39,gamble_left,You received 0 dollars.,40,1,5,-6.88,0,2
13,23,60fe2e1450d7de8804652dfd,1100.2,0,39,gamble_left,You received 0 dollars.,41,1,5,-7.5,0,2
122,23,60fe2e1450d7de8804652dfd,740.5,0,37,gamble_right,You received 0 dollars.,42,1,5,-8.13,0,2
100,23,60fe2e1450d7de8804652dfd,917.7,0,39,gamble_left,You received 0 dollars.,43,1,5,-8.75,0,2
38,23,60fe2e1450d7de8804652dfd,883.1,0,37,gamble_right,You received 0 dollars.,44,1,5,-9.38,0,2
25,23,60fe2e1450d7de8804652dfd,1105.7,0,37,gamble_right,You received 0 dollars.,45,1,5,-10,0,2
12,23,60fe2e1450d7de8804652dfd,925.7,1,37,gamble_left,You won 6 dollars.,46,1,6,-1.5,0,1
37,23,60fe2e1450d7de8804652dfd,1081.8,0,37,gamble_right,You received 0 dollars.,47,1,6,-2.25,0,2
71,23,60fe2e1450d7de8804652dfd,880.5,0,37,gamble_right,You received 0 dollars.,48,1,6,-3,0,2
41,23,60fe2e1450d7de8804652dfd,1080.2,1,37,gamble_left,You won 6 dollars.,49,1,6,-3.75,0,1
68,23,60fe2e1450d7de8804652dfd,769.4,0,39,gamble_left,You received 0 dollars.,50,1,6,-4.5,0,2
140,23,60fe2e1450d7de8804652dfd,1089.6,0,39,gamble_left,You received 0 dollars.,51,1,6,-5.25,0,2
128,23,60fe2e1450d7de8804652dfd,990.8,0,39,gamble_left,You received 0 dollars.,52,1,6,-6,0,2
94,23,60fe2e1450d7de8804652dfd,941.5,0,37,gamble_right,You received 0 dollars.,53,1,6,-6.75,0,2
101,23,60fe2e1450d7de8804652dfd,1027.6,0,37,gamble_right,You received 0 dollars.,54,1,6,-7.5,0,2
124,23,60fe2e1450d7de8804652dfd,833.4,0,39,gamble_left,You received 0 dollars.,55,1,6,-8.25,0,2
51,23,60fe2e1450d7de8804652dfd,1146.9,0,39,gamble_left,You received 0 dollars.,56,1,6,-9,0,2
96,23,60fe2e1450d7de8804652dfd,1001.2,0,39,gamble_left,You received 0 dollars.,57,1,6,-9.75,0,2
6,23,60fe2e1450d7de8804652dfd,1062.9,1,39,gamble_right,You won 6 dollars.,58,1,6,-10.5,0,1
142,23,60fe2e1450d7de8804652dfd,996.2,0,37,gamble_right,You received 0 dollars.,59,1,6,-11.25,0,2
137,23,60fe2e1450d7de8804652dfd,857.9,0,39,gamble_left,You received 0 dollars.,60,1,6,-12,0,2
67,23,60fe2e1450d7de8804652dfd,1280.8,1,37,gamble_left,You won 8 dollars.,61,1,8,-2,0,1
4,23,60fe2e1450d7de8804652dfd,1155.5,1,39,gamble_right,You lost -3 dollars.,62,1,8,-3,0,2
90,23,60fe2e1450d7de8804652dfd,1095.7,0,37,gamble_right,You received 0 dollars.,63,1,8,-4,0,2
117,23,60fe2e1450d7de8804652dfd,939.2,0,37,gamble_right,You received 0 dollars.,64,1,8,-5,0,2
106,23,60fe2e1450d7de8804652dfd,1055.7,0,37,gamble_right,You received 0 dollars.,65,1,8,-6,0,2
3,23,60fe2e1450d7de8804652dfd,867.4,1,37,gamble_left,You lost -7 dollars.,66,1,8,-7,0,2
7,23,60fe2e1450d7de8804652dfd,1279.5,0,37,gamble_right,You received 0 dollars.,67,1,8,-8,0,2
77,23,60fe2e1450d7de8804652dfd,813.4,0,39,gamble_left,You received 0 dollars.,68,1,8,-9,0,2
111,23,60fe2e1450d7de8804652dfd,1056.1,0,39,gamble_left,You received 0 dollars.,69,1,8,-10,0,2
32,23,60fe2e1450d7de8804652dfd,796.1,0,39,gamble_left,You received 0 dollars.,70,1,8,-11,0,2
130,23,60fe2e1450d7de8804652dfd,949.9,0,37,gamble_right,You received 0 dollars.,71,1,8,-12,0,2
125,23,60fe2e1450d7de8804652dfd,736.6,0,39,gamble_left,You received 0 dollars.,72,1,8,-13,0,2
75,23,60fe2e1450d7de8804652dfd,1010.8,0,37,gamble_right,You received 0 dollars.,73,1,8,-14,0,2
131,23,60fe2e1450d7de8804652dfd,935.3,0,37,gamble_right,You received 0 dollars.,74,1,8,-15,0,2
70,23,60fe2e1450d7de8804652dfd,922.6,0,39,gamble_left,You received 0 dollars.,75,1,8,-16,0,2
30,23,60fe2e1450d7de8804652dfd,1146.3,1,37,gamble_left,You won 9 dollars.,76,1,9,-2.25,0,1
108,23,60fe2e1450d7de8804652dfd,1430.6,1,37,gamble_left,You lost -3.38 dollars.,77,1,9,-3.38,0,2
136,23,60fe2e1450d7de8804652dfd,1543.0,0,39,gamble_left,You received 0 dollars.,78,1,9,-4.5,0,2
116,23,60fe2e1450d7de8804652dfd,880.1,0,37,gamble_right,You received 0 dollars.,79,1,9,-5.63,0,2
57,23,60fe2e1450d7de8804652dfd,1257.6,1,37,gamble_left,You lost -6.75 dollars.,80,1,9,-6.75,0,2
91,23,60fe2e1450d7de8804652dfd,854.5,0,39,gamble_left,You received 0 dollars.,81,1,9,-7.88,0,2
26,23,60fe2e1450d7de8804652dfd,957.8,0,37,gamble_right,You received 0 dollars.,82,1,9,-9,0,2
45,23,60fe2e1450d7de8804652dfd,1385.4,0,37,gamble_right,You received 0 dollars.,83,1,9,-10.13,0,2
123,23,60fe2e1450d7de8804652dfd,796.2,0,37,gamble_right,You received 0 dollars.,84,1,9,-11.25,0,2
43,23,60fe2e1450d7de8804652dfd,1066.2,0,37,gamble_right,You received 0 dollars.,85,1,9,-12.38,0,2
134,23,60fe2e1450d7de8804652dfd,869.1,0,39,gamble_left,You received 0 dollars.,86,1,9,-13.5,0,2
115,23,60fe2e1450d7de8804652dfd,851.2,0,39,gamble_left,You received 0 dollars.,87,1,9,-14.63,0,2
127,23,60fe2e1450d7de8804652dfd,1142.8,0,39,gamble_left,You received 0 dollars.,88,1,9,-15.75,0,2
16,23,60fe2e1450d7de8804652dfd,1038.5,0,37,gamble_right,You received 0 dollars.,89,1,9,-16.88,0,2
28,23,60fe2e1450d7de8804652dfd,1177.1,0,39,gamble_left,You received 0 dollars.,90,1,9,-18,0,2
99,23,60fe2e1450d7de8804652dfd,1074.9,0,37,gamble_right,You received 0 dollars.,91,1,10,-2.5,0,2
126,23,60fe2e1450d7de8804652dfd,904.1,0,37,gamble_right,You received 0 dollars.,92,1,10,-3.75,0,2
60,23,60fe2e1450d7de8804652dfd,1284.9,0,39,gamble_left,You received 0 dollars.,93,1,10,-5,0,2
89,23,60fe2e1450d7de8804652dfd,938.7,0,37,gamble_right,You received 0 dollars.,94,1,10,-6.25,0,2
98,23,60fe2e1450d7de8804652dfd,1047.9,0,37,gamble_right,You received 0 dollars.,95,1,10,-7.5,0,2
66,23,60fe2e1450d7de8804652dfd,995.9,0,37,gamble_right,You received 0 dollars.,96,1,10,-8.75,0,2
59,23,60fe2e1450d7de8804652dfd,1123.0,0,39,gamble_left,You received 0 dollars.,97,1,10,-10,0,2
11,23,60fe2e1450d7de8804652dfd,1105.4,0,37,gamble_right,You received 0 dollars.,98,1,10,-11.25,0,2
88,23,60fe2e1450d7de8804652dfd,871.1,0,37,gamble_right,You received 0 dollars.,99,1,10,-12.5,0,2
144,23,60fe2e1450d7de8804652dfd,822.2,0,37,gamble_right,You received 0 dollars.,100,1,10,-13.75,0,2
48,23,60fe2e1450d7de8804652dfd,1003.8,0,39,gamble_left,You received 0 dollars.,101,1,10,-15,0,2
86,23,60fe2e1450d7de8804652dfd,733.3,0,39,gamble_left,You received 0 dollars.,102,1,10,-16.25,0,2
74,23,60fe2e1450d7de8804652dfd,1069.9,0,39,gamble_left,You received 0 dollars.,103,1,10,-17.5,0,2
82,23,60fe2e1450d7de8804652dfd,925.7,0,39,gamble_left,You received 0 dollars.,104,1,10,-18.75,0,2
95,23,60fe2e1450d7de8804652dfd,1279.1,0,37,gamble_right,You received 0 dollars.,105,1,10,-20,0,2
23,23,60fe2e1450d7de8804652dfd,1258.8,1,39,gamble_right,You lost -3 dollars.,106,1,12,-3,0,2
84,23,60fe2e1450d7de8804652dfd,815.5,0,39,gamble_left,You received 0 dollars.,107,1,12,-4.5,0,2
21,23,60fe2e1450d7de8804652dfd,900.4,0,37,gamble_right,You received 0 dollars.,108,1,12,-6,0,2
15,23,60fe2e1450d7de8804652dfd,1136.0,0,37,gamble_right,You received 0 dollars.,109,1,12,-7.5,0,2
80,23,60fe2e1450d7de8804652dfd,1095.8,0,37,gamble_right,You received 0 dollars.,110,1,12,-9,0,2
104,23,60fe2e1450d7de8804652dfd,936.2,0,37,gamble_right,You received 0 dollars.,111,1,12,-10.5,0,2
78,23,60fe2e1450d7de8804652dfd,1088.4,0,37,gamble_right,You received 0 dollars.,112,1,12,-12,0,2
133,23,60fe2e1450d7de8804652dfd,921.2,0,39,gamble_left,You received 0 dollars.,113,1,12,-13.5,0,2
24,23,60fe2e1450d7de8804652dfd,1140.9,0,37,gamble_right,You received 0 dollars.,114,1,12,-15,0,2
36,23,60fe2e1450d7de8804652dfd,866.4,0,37,gamble_right,You received 0 dollars.,115,1,12,-16.5,0,2
72,23,60fe2e1450d7de8804652dfd,946.7,0,39,gamble_left,You received 0 dollars.,116,1,12,-18,0,2
53,23,60fe2e1450d7de8804652dfd,892.3,0,39,gamble_left,You received 0 dollars.,117,1,12,-19.5,0,2
44,23,60fe2e1450d7de8804652dfd,1025.3,0,39,gamble_left,You received 0 dollars.,118,1,12,-21,0,2
10,23,60fe2e1450d7de8804652dfd,1236.6,0,39,gamble_left,You received 0 dollars.,119,1,12,-22.5,0,2
64,23,60fe2e1450d7de8804652dfd,1029.3,0,37,gamble_right,You received 0 dollars.,120,1,12,-24,0,2
40,23,60fe2e1450d7de8804652dfd,954.7,1,39,gamble_right,You won 4 dollars.,121,2,4,0,2,1
93,23,60fe2e1450d7de8804652dfd,978.8,1,39,gamble_right,You received 0 dollars.,122,2,8,0,4,2
146,23,60fe2e1450d7de8804652dfd,974.8,1,37,gamble_left,You received 0 dollars.,123,2,12,0,6,2
17,23,60fe2e1450d7de8804652dfd,1749.8,1,37,gamble_left,You won 18 dollars.,124,2,18,0,9,1
141,23,60fe2e1450d7de8804652dfd,1347.4,1,39,gamble_right,You received 0 dollars.,125,2,24,0,12,2
18,23,60fe2e1450d7de8804652dfd,1120.0,1,37,gamble_left,You received 0 dollars.,126,2,5,0,3,2
9,23,60fe2e1450d7de8804652dfd,784.0,0,37,gamble_right,You won 4 dollars.,127,2,7,0,4,1
62,23,60fe2e1450d7de8804652dfd,1808.8,1,37,gamble_left,You received 0 dollars.,128,2,10,0,6,2
143,23,60fe2e1450d7de8804652dfd,1375.5,1,39,gamble_right,You received 0 dollars.,129,2,17,0,10,2
87,23,60fe2e1450d7de8804652dfd,1054.7,1,39,gamble_right,You won 22 dollars.,130,2,22,0,13,1
49,23,60fe2e1450d7de8804652dfd,1170.6,1,37,gamble_left,You received 0 dollars.,131,2,28,0,13,2
110,23,60fe2e1450d7de8804652dfd,1615.1,1,39,gamble_right,You received 0 dollars.,132,2,5,0,2,2
50,23,60fe2e1450d7de8804652dfd,1073.2,1,39,gamble_right,You won 26 dollars.,133,2,26,0,10,1
85,23,60fe2e1450d7de8804652dfd,816.3,1,37,gamble_left,You received 0 dollars.,134,2,7,0,3,2
139,23,60fe2e1450d7de8804652dfd,1132.9,1,37,gamble_left,You won 13 dollars.,135,2,13,0,5,1
39,23,60fe2e1450d7de8804652dfd,1180.7,1,37,gamble_left,You received 0 dollars.,136,2,12,0,6,2
138,23,60fe2e1450d7de8804652dfd,1456.5,1,37,gamble_left,You received 0 dollars.,137,2,25,0,10,2
63,23,60fe2e1450d7de8804652dfd,950.8,1,39,gamble_right,You won 4 dollars.,138,2,4,0,2,1
54,23,60fe2e1450d7de8804652dfd,915.3,1,37,gamble_left,You won 3 dollars.,139,2,3,0,1,1
47,23,60fe2e1450d7de8804652dfd,1281.3,1,39,gamble_right,You won 25 dollars.,140,2,25,0,9,1
20,23,60fe2e1450d7de8804652dfd,1282.0,1,39,gamble_right,You won 13 dollars.,141,2,13,0,6,1
129,23,60fe2e1450d7de8804652dfd,1054.6,1,37,gamble_left,You won 22 dollars.,142,2,22,0,10,1
1,23,60fe2e1450d7de8804652dfd,1530.0,1,39,gamble_right,You received 0 dollars.,143,2,12,0,5,2
58,23,60fe2e1450d7de8804652dfd,1114.9,0,37,gamble_right,You won 1 dollars.,144,2,2,0,1,1
97,23,60fe2e1450d7de8804652dfd,875.1,1,39,gamble_right,You won 8 dollars.,145,2,8,0,3,1
55,23,60fe2e1450d7de8804652dfd,874.7,1,37,gamble_left,You received 0 dollars.,146,2,19,0,8,2
79,23,60fe2e1450d7de8804652dfd,897.6,1,37,gamble_left,You won 26 dollars.,147,2,26,0,12,1
147,23,60fe2e1450d7de8804652dfd,1168.9,1,39,gamble_right,You received 0 dollars.,148,2,30,0,12,2
132,23,60fe2e1450d7de8804652dfd,1550.2,0,37,gamble_right,You won 10 dollars.,149,2,23,0,10,1
42,23,60fe2e1450d7de8804652dfd,1014.5,1,37,gamble_left,You received 0 dollars.,150,2,12,0,4,2