trial_index,ID,subject,rt,responses,key_press,gamble_location,stimulus,Trial_ID,Trial_Type,Gain,Loss,Certain,Trial_Outcome
88,24,6091ba4479f2962cd4f3f15e,1068.1,1,39,gamble_right,You lost -0.5 dollars.,1,1,2,-0.5,0,2
142,24,6091ba4479f2962cd4f3f15e,783.6,1,37,gamble_left,You won 2 dollars.,2,1,2,-0.75,0,1
120,24,6091ba4479f2962cd4f3f15e,1222.1,1,37,gamble_left,You won 2 dollars.,3,1,2,-1,0,1
28,24,6091ba4479f2962cd4f3f15e,1064.8,1,39,gamble_right,You won 2 dollars.,4,1,2,-1.25,0,1
29,24,6091ba4479f2962cd4f3f15e,1459.0,1,37,gamble_left,You lost -1.5 dollars.,5,1,2,-1.5,0,2
130,24,6091ba4479f2962cd4f3f15e,963.9,1,37,gamble_left,You won 2 dollars.,6,1,2,-1.75,0,1
50,24,6091ba4479f2962cd4f3f15e,1152.9,1,37,gamble_left,You won 2 dollars.,7,1,2,-2,0,1
61,24,6091ba4479f2962cd4f3f15e,1224.3,1,37,gamble_left,You lost -2.25 dollars.,8,1,2,-2.25,0,2
4,24,6091ba4479f2962cd4f3f15e,1325.0,1,39,gamble_right,You lost -2.5 dollars.,9,1,2,-2.5,0,2
47,24,6091ba4479f2962cd4f3f15e,1295.9,1,39,gamble_right,You lost -2.75 dollars.,10,1,2,-2.75,0,2
33,24,6091ba4479f2962cd4f3f15e,1049.0,0,37,gamble_right,You received 0 dollars.,11,1,2,-3,0,2
20,24,6091ba4479f2962cd4f3f15e,878.1,0,37,gamble_right,You received 0 dollars.,12,1,2,-3.25,0,2
147,24,6091ba4479f2962cd4f3f15e,933.1,1,37,gamble_left,You won 2 dollars.,13,1,2,-3.5,0,1
91,24,6091ba4479f2962cd4f3f15e,909.3,1,37,gamble_left,You lost -3.75 dollars.,14,1,2,-3.75,0,2
2,24,6091ba4479f2962cd4f3f15e,904.8,1,37,gamble_left,You won 2 dollars.,15,1,2,-4,0,1
19,24,6091ba4479f2962cd4f3f15e,1129.3,1,37,gamble_left,You lost -1 dollars.,16,1,4,-1,0,2
37,24,6091ba4479f2962cd4f3f15e,1369.7,0,37,gamble_right,You received 0 dollars.,17,1,4,-1.5,0,2
66,24,6091ba4479f2962cd4f3f15e,1133.5,1,39,gamble_right,You won 4 dollars.,18,1,4,-2,0,1
79,24,6091ba4479f2962cd4f3f15e,1010.3,1,39,gamble_right,You won 4 dollars.,19,1,4,-2.5,0,1
83,24,6091ba4479f2962cd4f3f15e,818.3,1,37,gamble_left,You won 4 dollars.,20,1,4,-3,0,1
103,24,6091ba4479f2962cd4f3f15e,1138.7,0,37,gamble_right,You received 0 dollars.,21,1,4,-3.5,0,2
117,24,6091ba4479f2962cd4f3f15e,1098.3,0,39,gamble_left,You received 0 dollars.,22,1,4,-4,0,2
30,24,6091ba4479f2962cd4f3f15e,958.9,0,37,gamble_right,You received 0 dollars.,23,1,4,-4.5,0,2
95,24,6091ba4479f2962cd4f3f15e,1111.9,0,37,gamble_right,You received 0 dollars.,24,1,4,-5,0,2
10,24,6091ba4479f2962cd4f3f15e,1070.5,1,39,gamble_right,You lost -5.5 dollars.,25,1,4,-5.5,0,2
107,24,6091ba4479f2962cd4f3f15e,1014.4,0,37,gamble_right,You received 0 dollars.,26,1,4,-6,0,2
80,24,6091ba4479f2962cd4f3f15e,1286.5,0,37,gamble_right,You received 0 dollars.,27,1,4,-6.5,0,2
86,24,6091ba4479f2962cd4f3f15e,994.4,1,39,gamble_right,You lost -7 dollars.,28,1,4,-7,0,2
78,24,6091ba4479f2962cd4f3f15e,1186.2,0,37,gamble_right,You received 0 dollars.,29,1,4,-7.5,0,2
106,24,6091ba4479f2962cd4f3f15e,1011.9,0,37,gamble_right,You received 0 dollars.,30,1,4,-8,0,2
108,24,6091ba4479f2962cd4f3f15e,900.8,0,37,gamble_right,You received 0 dollars.,31,1,5,-1.25,0,2
84,24,6091ba4479f2962cd4f3f15e,1032.5,0,39,gamble_left,You received 0 dollars.,32,1,5,-1.88,0,2
104,24,6091ba4479f2962cd4f3f15e,990.7,1,37,gamble_left,You won 5 dollars.,33,1,5,-2.5,0,1
141,24,6091ba4479f2962cd4f3f15e,819.9,0,39,gamble_left,You received 0 dollars.,34,1,5,-3.13,0,2
5,24,6091ba4479f2962cd4f3f15e,1882.6,1,37,gamble_left,You lost -3.75 dollars.,35,1,5,-3.75,0,2
22,24,6091ba4479f2962cd4f3f15e,892.6,0,37,gamble_right,You received 0 dollars.,36,1,5,-4.38,0,2
32,24,6091ba4479f2962cd4f3f15e,922.5,0,37,gamble_right,You received 0 dollars.,37,1,5,-5,0,2
46,24,6091ba4479f2962cd4f3f15e,1064.8,0,37,gamble_right,You received 0 dollars.,38,1,5,-5.63,0,2
121,24,6091ba4479f2962cd4f3f15e,1003.4,0,39,gamble_left,You received 0 dollars.,39,1,5,-6.25,0,2
98,24,6091ba4479f2962cd4f3f15e,1090.6,0,37,gamble_right,You received 0 dollars.,40,1,5,-6.88,0,2
100,24,6091ba4479f2962cd4f3f15e,893.2,0,39,gamble_left,You received 0 dollars.,41,1,5,-7.5,0,2
124,24,6091ba4479f2962cd4f3f15e,737.8,0,39,gamble_left,You received 0 dollars.,42,1,5,-8.13,0,2
67,24,6091ba4479f2962cd4f3f15e,1072.0,0,37,gamble_right,You received 0 dollars.,43,1,5,-8.75,0,2
119,24,6091ba4479f2962cd4f3f15e,1084.6,0,39,gamble_left,You received 0 dollars.,44,1,5,-9.38,0,2
125,24,6091ba4479f2962cd4f3f15e,918.8,0,37,gamble_right,You received 0 dollars.,45,1,5,-10,0,2
122,24,6091ba4479f2962cd4f3f15e,1138.1,1,37,gamble_left,You won 6 dollars.,46,1,6,-1.5,0,1
72,24,6091ba4479f2962cd4f3f15e,927.8,0,37,gamble_right,You received 0 dollars.,47,1,6,-2.25,0,2
105,24,6091ba4479f2962cd4f3f15e,958.1,1,37,gamble_left,You won 6 dollars.,48,1,6,-3,0,1
123,24,6091ba4479f2962cd4f3f15e,NA,NA,NA,gamble_left,Trial missed.,49,1,6,-3.75,0,3
21,24,6091ba4479f2962cd4f3f15e,970.7,0,37,gamble_right,You received 0 dollars.,50,1,6,-4.5,0,2
15,24,6091ba4479f2962cd4f3f15e,1164.7,0,37,gamble_right,You received 0 dollars.,51,1,6,-5.25,0,2
138,24,6091ba4479f2962cd4f3f15e,1100.6,0,39,gamble_left,You received 0 dollars.,52,1,6,-6,0,2
59,24,6091ba4479f2962cd4f3f15e,1063.7,0,37,gamble_right,You received 0 dollars.,53,1,6,-6.75,0,2
94,24,6091ba4479f2962cd4f3f15e,1079.1,0,37,gamble_right,You received 0 dollars.,54,1,6,-7.5,0,2
110,24,6091ba4479f2962cd4f3f15e,1059.2,0,39,gamble_left,You received 0 dollars.,55,1,6,-8.25,0,2
11,24,6091ba4479f2962cd4f3f15e,1171.0,0,37,gamble_right,You received 0 dollars.,56,1,6,-9,0,2
13,24,6091ba4479f2962cd4f3f15e,1243.8,0,37,gamble_right,You received 0 dollars.,57,1,6,-9.75,0,2
149,24,6091ba4479f2962cd4f3f15e,857.0,0,37,gamble_right,You received 0 dollars.,58,1,6,-10.5,0,2
82,24,6091ba4479f2962cd4f3f15e,885.6,0,39,gamble_left,You received 0 dollars.,59,1,6,-11.25,0,2
60,24,6091ba4479f2962cd4f3f15e,950.4,0,37,gamble_right,You received 0 dollars.,60,1,6,-12,0,2
62,24,6091ba4479f2962cd4f3f15e,1541.0,1,37,gamble_left,You won 8 dollars.,61,1,8,-2,0,1
48,24,6091ba4479f2962cd4f3f15e,1409.0,1,37,gamble_left,You won 8 dollars.,62,1,8,-3,0,1
40,24,6091ba4479f2962cd4f3f15e,1245.8,1,37,gamble_left,You won 8 dollars.,63,1,8,-4,0,1
87,24,6091ba4479f2962cd4f3f15e,998.8,0,37,gamble_right,You received 0 dollars.,64,1,8,-5,0,2
144,24,6091ba4479f2962cd4f3f15e,1020.7,0,37,gamble_right,You received 0 dollars.,65,1,8,-6,0,2
51,24,6091ba4479f2962cd4f3f15e,1143.3,0,37,gamble_right,You received 0 dollars.,66,1,8,-7,0,2
1,24,6091ba4479f2962cd4f3f15e,1059.8,0,39,gamble_left,You received 0 dollars.,67,1,8,-8,0,2
69,24,6091ba4479f2962cd4f3f15e,1221.7,0,39,gamble_left,You received 0 dollars.,68,1,8,-9,0,2
31,24,6091ba4479f2962cd4f3f15e,1054.8,0,37,gamble_right,You received 0 dollars.,69,1,8,-10,0,2
42,24,6091ba4479f2962cd4f3f15e,1043.3,0,39,gamble_left,You received 0 dollars.,70,1,8,-11,0,2
112,24,6091ba4479f2962cd4f3f15e,888.6,0,37,gamble_right,You received 0 dollars.,71,1,8,-12,0,2
54,24,6091ba4479f2962cd4f3f15e,1000.8,0,39,gamble_left,You received 0 dollars.,72,1,8,-13,0,2
136,24,6091ba4479f2962cd4f3f15e,1238.8,0,37,gamble_right,You received 0 dollars.,73,1,8,-14,0,2
131,24,6091ba4479f2962cd4f3f15e,1065.7,0,37,gamble_right,You received 0 dollars.,74,1,8,-15,0,2
150,24,6091ba4479f2962cd4f3f15e,757.4,0,39,gamble_left,You received 0 dollars.,75,1,8,-16,0,2
92,24,6091ba4479f2962cd4f3f15e,1145.3,1,37,gamble_left,You lost -2.25 dollars.,76,1,9,-2.25,0,2
75,24,6091ba4479f2962cd4f3f15e,1226.8,1,37,gamble_left,You won 9 dollars.,77,1,9,-3.38,0,1
7,24,6091ba4479f2962cd4f3f15e,952.3,0,39,gamble_left,You received 0 dollars.,78,1,9,-4.5,0,2
116,24,6091ba4479f2962cd4f3f15e,1195.5,0,37,gamble_right,You received 0 dollars.,79,1,9,-5.63,0,2
143,24,6091ba4479f2962cd4f3f15e,967.9,0,37,gamble_right,You received 0 dollars.,80,1,9,-6.75,0,2
90,24,6091ba4479f2962cd4f3f15e,679.8,0,39,gamble_left,You received 0 dollars.,81,1,9,-7.88,0,2
146,24,6091ba4479f2962cd4f3f15e,1009.1,0,37,gamble_right,You received 0 dollars.,82,1,9,-9,0,2
129,24,6091ba4479f2962cd4f3f15e,1068.6,0,39,gamble_left,You received 0 dollars.,83,1,9,-10.13,0,2
77,24,6091ba4479f2962cd4f3f15e,1148.1,0,37,gamble_right,You received 0 dollars.,84,1,9,-11.25,0,2
102,24,6091ba4479f2962cd4f3f15e,759.4,0,39,gamble_left,You received 0 dollars.,85,1,9,-12.38,0,2
74,24,6091ba4479f2962cd4f3f15e,909.0,0,39,gamble_left,You received 0 dollars.,86,1,9,-13.5,0,2
41,24,6091ba4479f2962cd4f3f15e,867.6,0,39,gamble_left,You received 0 dollars.,87,1,9,-14.63,0,2
93,24,6091ba4479f2962cd4f3f15e,763.6,0,39,gamble_left,You received 0 dollars.,88,1,9,-15.75,0,2
89,24,6091ba4479f2962cd4f3f15e,916.5,0,39,gamble_left,You received 0 dollars.,89,1,9,-16.88,0,2
64,24,6091ba4479f2962cd4f3f15e,974.6,0,37,gamble_right,You received 0 dollars.,90,1,9,-18,0,2
26,24,6091ba4479f2962cd4f3f15e,934.6,0,37,gamble_right,You received 0 dollars.,91,1,10,-2.5,0,2
39,24,6091ba4479f2962cd4f3f15e,1331.0,0,39,gamble_left,You received 0 dollars.,92,1,10,-3.75,0,2
27,24,6091ba4479f2962cd4f3f15e,976.0,0,37,gamble_right,You received 0 dollars.,93,1,10,-5,0,2
14,24,6091ba4479f2962cd4f3f15e,948.0,0,37,gamble_right,You received 0 dollars.,94,1,10,-6.25,0,2
35,24,6091ba4479f2962cd4f3f15e,1001.8,0,39,gamble_left,You received 0 dollars.,95,1,10,-7.5,0,2
96,24,6091ba4479f2962cd4f3f15e,1049.8,0,39,gamble_left,You received 0 dollars.,96,1,10,-8.75,0,2
55,24,6091ba4479f2962cd4f3f15e,1108.0,0,37,gamble_right,You received 0 dollars.,97,1,10,-10,0,2
145,24,6091ba4479f2962cd4f3f15e,735.0,0,39,gamble_left,You received 0 dollars.,98,1,10,-11.25,0,2
6,24,6091ba4479f2962cd4f3f15e,955.9,0,39,gamble_left,You received 0 dollars.,99,1,10,-12.5,0,2
58,24,6091ba4479f2962cd4f3f15e,935.6,0,39,gamble_left,You received 0 dollars.,100,1,10,-13.75,0,2
111,24,6091ba4479f2962cd4f3f15e,1109.8,0,37,gamble_right,You received 0 dollars.,101,1,10,-15,0,2
57,24,6091ba4479f2962cd4f3f15e,822.3,0,37,gamble_right,You received 0 dollars.,102,1,10,-16.25,0,2
85,24,6091ba4479f2962cd4f3f15e,720.4,0,39,gamble_left,You received 0 dollars.,103,1,10,-17.5,0,2
16,24,6091ba4479f2962cd4f3f15e,1069.4,0,37,gamble_right,You received 0 dollars.,104,1,10,-18.75,0,2
8,24,6091ba4479f2962cd4f3f15e,1284.4,0,39,gamble_left,You received 0 dollars.,105,1,10,-20,0,2
3,24,6091ba4479f2962cd4f3f15e,1261.8,1,39,gamble_right,You lost -3 dollars.,106,1,12,-3,0,2
139,24,6091ba4479f2962cd4f3f15e,970.7,0,39,gamble_left,You received 0 dollars.,107,1,12,-4.5,0,2
44,24,6091ba4479f2962cd4f3f15e,1139.3,0,37,gamble_right,You received 0 dollars.,108,1,12,-6,0,2
9,24,6091ba4479f2962cd4f3f15e,1466.5,1,37,gamble_left,You lost -7.5 dollars.,109,1,12,-7.5,0,2
101,24,6091ba4479f2962cd4f3f15e,1070.6,0,37,gamble_right,You received 0 dollars.,110,1,12,-9,0,2
113,24,6091ba4479f2962cd4f3f15e,1140.6,0,37,gamble_right,You received 0 dollars.,111,1,12,-10.5,0,2
70,24,6091ba4479f2962cd4f3f15e,785.9,0,39,gamble_left,You received 0 dollars.,112,1,12,-12,0,2
23,24,6091ba4479f2962cd4f3f15e,1033.3,0,39,gamble_left,You received 0 dollars.,113,1,12,-13.5,0,2
99,24,6091ba4479f2962cd4f3f15e,1086.2,0,39,gamble_left,You received 0 dollars.,114,1,12,-15,0,2
81,24,6091ba4479f2962cd4f3f15e,924.8,0,39,gamble_left,You received 0 dollars.,115,1,12,-16.5,0,2
132,24,6091ba4479f2962cd4f3f15e,830.2,0,39,gamble_left,You received 0 dollars.,116,1,12,-18,0,2
97,24,6091ba4479f2962cd4f3f15e,892.7,0,37,gamble_right,You received 0 dollars.,117,1,12,-19.5,0,2
24,24,6091ba4479f2962cd4f3f15e,867.0,0,39,gamble_left,You received 0 dollars.,118,1,12,-21,0,2
49,24,6091ba4479f2962cd4f3f15e,931.4,0,37,gamble_right,You received 0 dollars.,119,1,12,-22.5,0,2
76,24,6091ba4479f2962cd4f3f15e,977.3,0,39,gamble_left,You received 0 dollars.,120,1,12,-24,0,2
17,24,6091ba4479f2962cd4f3f15e,803.9,1,37,gamble_left,You received 0 dollars.,121,2,4,0,2,2
52,24,6091ba4479f2962cd4f3f15e,1609.7,0,37,gamble_right,You won 4 dollars.,122,2,8,0,4,1
135,24,6091ba4479f2962cd4f3f15e,NA,NA,NA,gamble_right,Trial missed.,123,2,12,0,6,3
134,24,6091ba4479f2962cd4f3f15e,920.2,1,39,gamble_right,You won 18 dollars.,124,2,18,0,9,1
34,24,6091ba4479f2962cd4f3f15e,894.6,1,37,gamble_left,You received 0 dollars.,125,2,24,0,12,2
43,24,6091ba4479f2962cd4f3f15e,1210.5,0,37,gamble_right,You won 3 dollars.,126,2,5,0,3,1
71,24,6091ba4479f2962cd4f3f15e,1269.9,1,39,gamble_right,You won 7 dollars.,127,2,7,0,4,1
25,24,6091ba4479f2962cd4f3f15e,796.7,1,39,gamble_right,You received 0 dollars.,128,2,10,0,6,2
68,24,6091ba4479f2962cd4f3f15e,1559.6,0,37,gamble_right,You won 10 dollars.,129,2,17,0,10,1
65,24,6091ba4479f2962cd4f3f15e,1480.4,0,37,gamble_right,You won 13 dollars.,130,2,22,0,13,1
45,24,6091ba4479f2962cd4f3f15e,982.7,0,39,gamble_left,You won 13 dollars.,131,2,28,0,13,1
18,24,6091ba4479f2962cd4f3f15e,991.3,1,39,gamble_right,You received 0 dollars.,132,2,5,0,2,2
36,24,6091ba4479f2962cd4f3f15e,906.4,0,37,gamble_right,You won 10 dollars.,133,2,26,0,10,1
73,24,6091ba4479f2962cd4f3f15e,1098.9,1,37,gamble_left,You received 0 dollars.,134,2,7,0,3,2
128,24,6091ba4479f2962cd4f3f15e,1068.3,1,37,gamble_left,You received 0 dollars.,135,2,13,0,5,2
148,24,6091ba4479f2962cd4f3f15e,1016.7,1,37,gamble_left,You received 0 dollars.,136,2,12,0,6,2
12,24,6091ba4479f2962cd4f3f15e,1244.3,1,37,gamble_left,You won 25 dollars.,137,2,25,0,10,1
140,24,6091ba4479f2962cd4f3f15e,1025.0,1,37,gamble_left,You received 0 dollars.,138,2,4,0,2,2
38,24,6091ba4479f2962cd4f3f15e,1279.9,1,37,gamble_left,You won 3 dollars.,139,2,3,0,1,1
114,24,6091ba4479f2962cd4f3f15e,1944.0,1,37,gamble_left,You received 0 dollars.,140,2,25,0,9,2
53,24,6091ba4479f2962cd4f3f15e,1312.1,0,39,gamble_left,You won 6 dollars.,141,2,13,0,6,1
63,24,6091ba4479f2962cd4f3f15e,1708.6,0,37,gamble_right,You won 10 dollars.,142,2,22,0,10,1
109,24,6091ba4479f2962cd4f3f15e,1574.8,1,37,gamble_left,You won 12 dollars.,143,2,12,0,5,1
56,24,6091ba4479f2962cd4f3f15e,1264.2,1,37,gamble_left,You received 0 dollars.,144,2,2,0,1,2
115,24,6091ba4479f2962cd4f3f15e,1430.2,1,39,gamble_right,You won 8 dollars.,145,2,8,0,3,1
118,24,6091ba4479f2962cd4f3f15e,1547.3,1,37,gamble_left,You received 0 dollars.,146,2,19,0,8,2
126,24,6091ba4479f2962cd4f3f15e,1201.6,0,39,gamble_left,You won 12 dollars.,147,2,26,0,12,1
127,24,6091ba4479f2962cd4f3f15e,1380.4,1,37,gamble_left,You won 30 dollars.,148,2,30,0,12,1
133,24,6091ba4479f2962cd4f3f15e,1823.3,1,39,gamble_right,You won 23 dollars.,149,2,23,0,10,1
137,24,6091ba4479f2962cd4f3f15e,1149.1,1,37,gamble_left,You received 0 dollars.,150,2,12,0,4,2