trial_index,ID,subject,rt,responses,key_press,gamble_location,stimulus,Trial_ID,Trial_Type,Gain,Loss,Certain,Trial_Outcome
95,25,60fcf299e9022586a644fc79,NA,NA,NA,gamble_left,Trial missed.,1,1,2,-0.5,0,3
45,25,60fcf299e9022586a644fc79,788.2,0,39,gamble_left,You received 0 dollars.,2,1,2,-0.75,0,2
140,25,60fcf299e9022586a644fc79,1047.5,0,39,gamble_left,You received 0 dollars.,3,1,2,-1,0,2
143,25,60fcf299e9022586a644fc79,689.3,0,37,gamble_right,You received 0 dollars.,4,1,2,-1.25,0,2
42,25,60fcf299e9022586a644fc79,1159.9,0,39,gamble_left,You received 0 dollars.,5,1,2,-1.5,0,2
146,25,60fcf299e9022586a644fc79,982.9,0,37,gamble_right,You received 0 dollars.,6,1,2,-1.75,0,2
102,25,60fcf299e9022586a644fc79,801.6,0,39,gamble_left,You received 0 dollars.,7,1,2,-2,0,2
34,25,60fcf299e9022586a644fc79,1165.8,0,37,gamble_right,You received 0 dollars.,8,1,2,-2.25,0,2
3,25,60fcf299e9022586a644fc79,1020.6,1,39,gamble_right,You lost -2.5 dollars.,9,1,2,-2.5,0,2
142,25,60fcf299e9022586a644fc79,701.1,0,39,gamble_left,You received 0 dollars.,10,1,2,-2.75,0,2
26,25,60fcf299e9022586a644fc79,1243.3,1,39,gamble_right,You lost -3 dollars.,11,1,2,-3,0,2
131,25,60fcf299e9022586a644fc79,736.5,0,39,gamble_left,You received 0 dollars.,12,1,2,-3.25,0,2
5,25,60fcf299e9022586a644fc79,1133.4,1,39,gamble_right,You won 2 dollars.,13,1,2,-3.5,0,1
48,25,60fcf299e9022586a644fc79,706.5,0,39,gamble_left,You received 0 dollars.,14,1,2,-3.75,0,2
125,25,60fcf299e9022586a644fc79,960.4,0,37,gamble_right,You received 0 dollars.,15,1,2,-4,0,2
43,25,60fcf299e9022586a644fc79,1138.1,0,39,gamble_left,You received 0 dollars.,16,1,4,-1,0,2
52,25,60fcf299e9022586a644fc79,965.1,0,39,gamble_left,You received 0 dollars.,17,1,4,-1.5,0,2
136,25,60fcf299e9022586a644fc79,969.7,0,39,gamble_left,You received 0 dollars.,18,1,4,-2,0,2
25,25,60fcf299e9022586a644fc79,1210.1,0,37,gamble_right,You received 0 dollars.,19,1,4,-2.5,0,2
60,25,60fcf299e9022586a644fc79,967.1,0,39,gamble_left,You received 0 dollars.,20,1,4,-3,0,2
97,25,60fcf299e9022586a644fc79,692.6,0,37,gamble_right,You received 0 dollars.,21,1,4,-3.5,0,2
54,25,60fcf299e9022586a644fc79,924.2,0,39,gamble_left,You received 0 dollars.,22,1,4,-4,0,2
144,25,60fcf299e9022586a644fc79,762.5,0,37,gamble_right,You received 0 dollars.,23,1,4,-4.5,0,2
93,25,60fcf299e9022586a644fc79,1087.0,0,37,gamble_right,You received 0 dollars.,24,1,4,-5,0,2
32,25,60fcf299e9022586a644fc79,753.5,0,37,gamble_right,You received 0 dollars.,25,1,4,-5.5,0,2
85,25,60fcf299e9022586a644fc79,941.4,0,39,gamble_left,You received 0 dollars.,26,1,4,-6,0,2
9,25,60fcf299e9022586a644fc79,903.4,1,39,gamble_right,You won 4 dollars.,27,1,4,-6.5,0,1
94,25,60fcf299e9022586a644fc79,962.0,0,37,gamble_right,You received 0 dollars.,28,1,4,-7,0,2
74,25,60fcf299e9022586a644fc79,1015.7,0,37,gamble_right,You received 0 dollars.,29,1,4,-7.5,0,2
51,25,60fcf299e9022586a644fc79,1578.4,0,39,gamble_left,You received 0 dollars.,30,1,4,-8,0,2
110,25,60fcf299e9022586a644fc79,890.6,0,39,gamble_left,You received 0 dollars.,31,1,5,-1.25,0,2
138,25,60fcf299e9022586a644fc79,763.1,0,39,gamble_left,You received 0 dollars.,32,1,5,-1.88,0,2
148,25,60fcf299e9022586a644fc79,934.2,0,37,gamble_right,You received 0 dollars.,33,1,5,-2.5,0,2
2,25,60fcf299e9022586a644fc79,1125.4,1,37,gamble_left,You won 5 dollars.,34,1,5,-3.13,0,1
109,25,60fcf299e9022586a644fc79,787.0,0,39,gamble_left,You received 0 dollars.,35,1,5,-3.75,0,2
63,25,60fcf299e9022586a644fc79,1004.9,0,37,gamble_right,You received 0 dollars.,36,1,5,-4.38,0,2
149,25,60fcf299e9022586a644fc79,1002.7,0,39,gamble_left,You received 0 dollars.,37,1,5,-5,0,2
79,25,60fcf299e9022586a644fc79,1009.7,0,39,gamble_left,You received 0 dollars.,38,1,5,-5.63,0,2
50,25,60fcf299e9022586a644fc79,861.7,0,37,gamble_right,You received 0 dollars.,39,1,5,-6.25,0,2
119,25,60fcf299e9022586a644fc79,985.3,0,39,gamble_left,You received 0 dollars.,40,1,5,-6.88,0,2
86,25,60fcf299e9022586a644fc79,741.2,0,37,gamble_right,You received 0 dollars.,41,1,5,-7.5,0,2
139,25,60fcf299e9022586a644fc79,708.3,0,39,gamble_left,You received 0 dollars.,42,1,5,-8.13,0,2
31,25,60fcf299e9022586a644fc79,1002.8,0,39,gamble_left,You received 0 dollars.,43,1,5,-8.75,0,2
87,25,60fcf299e9022586a644fc79,768.0,0,37,gamble_right,You received 0 dollars.,44,1,5,-9.38,0,2
27,25,60fcf299e9022586a644fc79,1143.0,0,39,gamble_left,You received 0 dollars.,45,1,5,-10,0,2
59,25,60fcf299e9022586a644fc79,765.1,0,39,gamble_left,You received 0 dollars.,46,1,6,-1.5,0,2
56,25,60fcf299e9022586a644fc79,833.3,0,39,gamble_left,You received 0 dollars.,47,1,6,-2.25,0,2
65,25,60fcf299e9022586a644fc79,1010.0,0,39,gamble_left,You received 0 dollars.,48,1,6,-3,0,2
47,25,60fcf299e9022586a644fc79,783.4,0,39,gamble_left,You received 0 dollars.,49,1,6,-3.75,0,2
64,25,60fcf299e9022586a644fc79,920.4,0,37,gamble_right,You received 0 dollars.,50,1,6,-4.5,0,2
49,25,60fcf299e9022586a644fc79,651.5,0,39,gamble_left,You received 0 dollars.,51,1,6,-5.25,0,2
77,25,60fcf299e9022586a644fc79,933.7,0,37,gamble_right,You received 0 dollars.,52,1,6,-6,0,2
107,25,60fcf299e9022586a644fc79,865.8,0,39,gamble_left,You received 0 dollars.,53,1,6,-6.75,0,2
106,25,60fcf299e9022586a644fc79,902.7,0,39,gamble_left,You received 0 dollars.,54,1,6,-7.5,0,2
104,25,60fcf299e9022586a644fc79,1038.5,0,39,gamble_left,You received 0 dollars.,55,1,6,-8.25,0,2
35,25,60fcf299e9022586a644fc79,1008.3,0,37,gamble_right,You received 0 dollars.,56,1,6,-9,0,2
46,25,60fcf299e9022586a644fc79,773.4,0,37,gamble_right,You received 0 dollars.,57,1,6,-9.75,0,2
57,25,60fcf299e9022586a644fc79,789.1,0,39,gamble_left,You received 0 dollars.,58,1,6,-10.5,0,2
145,25,60fcf299e9022586a644fc79,1028.3,0,39,gamble_left,You received 0 dollars.,59,1,6,-11.25,0,2
7,25,60fcf299e9022586a644fc79,1018.9,0,39,gamble_left,You received 0 dollars.,60,1,6,-12,0,2
15,25,60fcf299e9022586a644fc79,1358.7,0,37,gamble_right,You received 0 dollars.,61,1,8,-2,0,2
111,25,60fcf299e9022586a644fc79,965.3,0,37,gamble_right,You received 0 dollars.,62,1,8,-3,0,2
14,25,60fcf299e9022586a644fc79,979.6,0,39,gamble_left,You received 0 dollars.,63,1,8,-4,0,2
69,25,60fcf299e9022586a644fc79,1020.8,0,39,gamble_left,You received 0 dollars.,64,1,8,-5,0,2
133,25,60fcf299e9022586a644fc79,1281.6,0,39,gamble_left,You received 0 dollars.,65,1,8,-6,0,2
120,25,60fcf299e9022586a644fc79,774.4,0,37,gamble_right,You received 0 dollars.,66,1,8,-7,0,2
22,25,60fcf299e9022586a644fc79,1165.9,0,37,gamble_right,You received 0 dollars.,67,1,8,-8,0,2
40,25,60fcf299e9022586a644fc79,1269.7,0,39,gamble_left,You received 0 dollars.,68,1,8,-9,0,2
1,25,60fcf299e9022586a644fc79,1143.8,1,39,gamble_right,You won 8 dollars.,69,1,8,-10,0,1
18,25,60fcf299e9022586a644fc79,1459.1,0,37,gamble_right,You received 0 dollars.,70,1,8,-11,0,2
16,25,60fcf299e9022586a644fc79,1162.5,0,39,gamble_left,You received 0 dollars.,71,1,8,-12,0,2
105,25,60fcf299e9022586a644fc79,1037.1,0,39,gamble_left,You received 0 dollars.,72,1,8,-13,0,2
89,25,60fcf299e9022586a644fc79,964.3,0,37,gamble_right,You received 0 dollars.,73,1,8,-14,0,2
81,25,60fcf299e9022586a644fc79,851.2,0,37,gamble_right,You received 0 dollars.,74,1,8,-15,0,2
90,25,60fcf299e9022586a644fc79,1030.1,0,37,gamble_right,You received 0 dollars.,75,1,8,-16,0,2
84,25,60fcf299e9022586a644fc79,809.7,0,37,gamble_right,You received 0 dollars.,76,1,9,-2.25,0,2
72,25,60fcf299e9022586a644fc79,906.3,0,39,gamble_left,You received 0 dollars.,77,1,9,-3.38,0,2
70,25,60fcf299e9022586a644fc79,1212.2,0,39,gamble_left,You received 0 dollars.,78,1,9,-4.5,0,2
114,25,60fcf299e9022586a644fc79,900.9,0,37,gamble_right,You received 0 dollars.,79,1,9,-5.63,0,2
30,25,60fcf299e9022586a644fc79,790.9,0,37,gamble_right,You received 0 dollars.,80,1,9,-6.75,0,2
71,25,60fcf299e9022586a644fc79,814.5,0,37,gamble_right,You received 0 dollars.,81,1,9,-7.88,0,2
29,25,60fcf299e9022586a644fc79,996.5,0,37,gamble_right,You received 0 dollars.,82,1,9,-9,0,2
66,25,60fcf299e9022586a644fc79,1015.9,0,37,gamble_right,You received 0 dollars.,83,1,9,-10.13,0,2
53,25,60fcf299e9022586a644fc79,989.1,0,37,gamble_right,You received 0 dollars.,84,1,9,-11.25,0,2
58,25,60fcf299e9022586a644fc79,1169.8,0,37,gamble_right,You received 0 dollars.,85,1,9,-12.38,0,2
75,25,60fcf299e9022586a644fc79,764.4,0,39,gamble_left,You received 0 dollars.,86,1,9,-13.5,0,2
80,25,60fcf299e9022586a644fc79,842.1,0,37,gamble_right,You received 0 dollars.,87,1,9,-14.63,0,2
100,25,60fcf299e9022586a644fc79,965.7,0,39,gamble_left,You received 0 dollars.,88,1,9,-15.75,0,2
67,25,60fcf299e9022586a644fc79,1036.4,0,37,gamble_right,You received 0 dollars.,89,1,9,-16.88,0,2
98,25,60fcf299e9022586a644fc79,945.5,0,39,gamble_left,You received 0 dollars.,90,1,9,-18,0,2
88,25,60fcf299e9022586a644fc79,1047.0,0,39,gamble_left,You received 0 dollars.,91,1,10,-2.5,0,2
135,25,60fcf299e9022586a644fc79,1058.4,0,39,gamble_left,You received 0 dollars.,92,1,10,-3.75,0,2
96,25,60fcf299e9022586a644fc79,921.4,0,37,gamble_right,You received 0 dollars.,93,1,10,-5,0,2
44,25,60fcf299e9022586a644fc79,1020.3,0,37,gamble_right,You received 0 dollars.,94,1,10,-6.25,0,2
115,25,60fcf299e9022586a644fc79,869.0,0,37,gamble_right,You received 0 dollars.,95,1,10,-7.5,0,2
101,25,60fcf299e9022586a644fc79,946.4,0,39,gamble_left,You received 0 dollars.,96,1,10,-8.75,0,2
127,25,60fcf299e9022586a644fc79,1312.4,0,39,gamble_left,You received 0 dollars.,97,1,10,-10,0,2
122,25,60fcf299e9022586a644fc79,818.4,0,37,gamble_right,You received 0 dollars.,98,1,10,-11.25,0,2
17,25,60fcf299e9022586a644fc79,1240.8,0,37,gamble_right,You received 0 dollars.,99,1,10,-12.5,0,2
129,25,60fcf299e9022586a644fc79,863.5,0,39,gamble_left,You received 0 dollars.,100,1,10,-13.75,0,2
4,25,60fcf299e9022586a644fc79,1150.9,1,37,gamble_left,You lost -15 dollars.,101,1,10,-15,0,2
36,25,60fcf299e9022586a644fc79,1005.8,0,39,gamble_left,You received 0 dollars.,102,1,10,-16.25,0,2
55,25,60fcf299e9022586a644fc79,1045.7,0,39,gamble_left,You received 0 dollars.,103,1,10,-17.5,0,2
121,25,60fcf299e9022586a644fc79,822.4,0,37,gamble_right,You received 0 dollars.,104,1,10,-18.75,0,2
23,25,60fcf299e9022586a644fc79,1114.4,0,37,gamble_right,You received 0 dollars.,105,1,10,-20,0,2
141,25,60fcf299e9022586a644fc79,833.8,0,37,gamble_right,You received 0 dollars.,106,1,12,-3,0,2
150,25,60fcf299e9022586a644fc79,970.2,0,39,gamble_left,You received 0 dollars.,107,1,12,-4.5,0,2
103,25,60fcf299e9022586a644fc79,762.3,0,39,gamble_left,You received 0 dollars.,108,1,12,-6,0,2
19,25,60fcf299e9022586a644fc79,1154.8,0,37,gamble_right,You received 0 dollars.,109,1,12,-7.5,0,2
8,25,60fcf299e9022586a644fc79,621.2,1,37,gamble_left,You won 12 dollars.,110,1,12,-9,0,1
13,25,60fcf299e9022586a644fc79,995.3,0,39,gamble_left,You received 0 dollars.,111,1,12,-10.5,0,2
21,25,60fcf299e9022586a644fc79,1350.1,0,37,gamble_right,You received 0 dollars.,112,1,12,-12,0,2
83,25,60fcf299e9022586a644fc79,1120.1,0,37,gamble_right,You received 0 dollars.,113,1,12,-13.5,0,2
24,25,60fcf299e9022586a644fc79,724.2,0,37,gamble_right,You received 0 dollars.,114,1,12,-15,0,2
6,25,60fcf299e9022586a644fc79,756.7,1,39,gamble_right,You lost -16.5 dollars.,115,1,12,-16.5,0,2
28,25,60fcf299e9022586a644fc79,1396.3,0,37,gamble_right,You received 0 dollars.,116,1,12,-18,0,2
76,25,60fcf299e9022586a644fc79,1225.1,0,39,gamble_left,You received 0 dollars.,117,1,12,-19.5,0,2
37,25,60fcf299e9022586a644fc79,713.8,0,39,gamble_left,You received 0 dollars.,118,1,12,-21,0,2
123,25,60fcf299e9022586a644fc79,826.4,0,39,gamble_left,You received 0 dollars.,119,1,12,-22.5,0,2
124,25,60fcf299e9022586a644fc79,1211.3,0,37,gamble_right,You received 0 dollars.,120,1,12,-24,0,2
147,25,60fcf299e9022586a644fc79,1161.3,0,39,gamble_left,You won 2 dollars.,121,2,4,0,2,1
62,25,60fcf299e9022586a644fc79,1054.6,0,37,gamble_right,You won 4 dollars.,122,2,8,0,4,1
117,25,60fcf299e9022586a644fc79,1281.5,0,39,gamble_left,You won 6 dollars.,123,2,12,0,6,1
39,25,60fcf299e9022586a644fc79,899.9,1,37,gamble_left,You won 18 dollars.,124,2,18,0,9,1
134,25,60fcf299e9022586a644fc79,879.3,1,37,gamble_left,You received 0 dollars.,125,2,24,0,12,2
73,25,60fcf299e9022586a644fc79,1123.0,1,37,gamble_left,You received 0 dollars.,126,2,5,0,3,2
118,25,60fcf299e9022586a644fc79,772.1,0,37,gamble_right,You won 4 dollars.,127,2,7,0,4,1
41,25,60fcf299e9022586a644fc79,1426.4,0,39,gamble_left,You won 6 dollars.,128,2,10,0,6,1
108,25,60fcf299e9022586a644fc79,947.5,0,37,gamble_right,You won 10 dollars.,129,2,17,0,10,1
78,25,60fcf299e9022586a644fc79,1582.4,0,39,gamble_left,You won 13 dollars.,130,2,22,0,13,1
61,25,60fcf299e9022586a644fc79,1344.3,1,37,gamble_left,You won 28 dollars.,131,2,28,0,13,1
33,25,60fcf299e9022586a644fc79,1418.2,0,39,gamble_left,You won 2 dollars.,132,2,5,0,2,1
126,25,60fcf299e9022586a644fc79,671.0,0,37,gamble_right,You won 10 dollars.,133,2,26,0,10,1
99,25,60fcf299e9022586a644fc79,575.1,0,37,gamble_right,You won 3 dollars.,134,2,7,0,3,1
132,25,60fcf299e9022586a644fc79,1459.5,1,37,gamble_left,You won 13 dollars.,135,2,13,0,5,1
10,25,60fcf299e9022586a644fc79,1385.6,0,39,gamble_left,You won 6 dollars.,136,2,12,0,6,1
128,25,60fcf299e9022586a644fc79,672.2,0,37,gamble_right,You won 10 dollars.,137,2,25,0,10,1
20,25,60fcf299e9022586a644fc79,1289.9,1,39,gamble_right,You received 0 dollars.,138,2,4,0,2,2
12,25,60fcf299e9022586a644fc79,1136.1,0,37,gamble_right,You won 1 dollars.,139,2,3,0,1,1
11,25,60fcf299e9022586a644fc79,963.1,0,39,gamble_left,You won 9 dollars.,140,2,25,0,9,1
130,25,60fcf299e9022586a644fc79,720.1,0,37,gamble_right,You won 6 dollars.,141,2,13,0,6,1
92,25,60fcf299e9022586a644fc79,879.0,0,37,gamble_right,You won 10 dollars.,142,2,22,0,10,1
91,25,60fcf299e9022586a644fc79,1307.0,0,39,gamble_left,You won 5 dollars.,143,2,12,0,5,1
113,25,60fcf299e9022586a644fc79,1454.2,0,39,gamble_left,You won 1 dollars.,144,2,2,0,1,1
82,25,60fcf299e9022586a644fc79,1355.7,0,39,gamble_left,You won 3 dollars.,145,2,8,0,3,1
137,25,60fcf299e9022586a644fc79,790.4,0,37,gamble_right,You won 8 dollars.,146,2,19,0,8,1
38,25,60fcf299e9022586a644fc79,783.6,0,37,gamble_right,You won 12 dollars.,147,2,26,0,12,1
116,25,60fcf299e9022586a644fc79,662.6,0,37,gamble_right,You won 12 dollars.,148,2,30,0,12,1
112,25,60fcf299e9022586a644fc79,1232.6,0,39,gamble_left,You won 10 dollars.,149,2,23,0,10,1
68,25,60fcf299e9022586a644fc79,1392.4,1,39,gamble_right,You received 0 dollars.,150,2,12,0,4,2