trial_index,ID,subject,rt,responses,key_press,gamble_location,stimulus,Trial_ID,Trial_Type,Gain,Loss,Certain,Trial_Outcome
91,26,60fda5f75865bb3efd3dd951,366.8,1,39,gamble_right,You lost -0.5 dollars.,1,1,2,-0.5,0,2
36,26,60fda5f75865bb3efd3dd951,979.1,1,39,gamble_right,You lost -0.75 dollars.,2,1,2,-0.75,0,2
92,26,60fda5f75865bb3efd3dd951,422.8,1,39,gamble_right,You won 2 dollars.,3,1,2,-1,0,1
116,26,60fda5f75865bb3efd3dd951,972.7,1,37,gamble_left,You won 2 dollars.,4,1,2,-1.25,0,1
106,26,60fda5f75865bb3efd3dd951,869.9,1,37,gamble_left,You lost -1.5 dollars.,5,1,2,-1.5,0,2
76,26,60fda5f75865bb3efd3dd951,614.3,1,37,gamble_left,You lost -1.75 dollars.,6,1,2,-1.75,0,2
113,26,60fda5f75865bb3efd3dd951,807.9,1,39,gamble_right,You lost -2 dollars.,7,1,2,-2,0,2
94,26,60fda5f75865bb3efd3dd951,1106.4,1,37,gamble_left,You lost -2.25 dollars.,8,1,2,-2.25,0,2
47,26,60fda5f75865bb3efd3dd951,603.9,1,39,gamble_right,You lost -2.5 dollars.,9,1,2,-2.5,0,2
7,26,60fda5f75865bb3efd3dd951,1230.1,0,37,gamble_right,You received 0 dollars.,10,1,2,-2.75,0,2
48,26,60fda5f75865bb3efd3dd951,684.3,1,39,gamble_right,You won 2 dollars.,11,1,2,-3,0,1
88,26,60fda5f75865bb3efd3dd951,480.2,1,37,gamble_left,You won 2 dollars.,12,1,2,-3.25,0,1
133,26,60fda5f75865bb3efd3dd951,784.2,1,37,gamble_left,You won 2 dollars.,13,1,2,-3.5,0,1
43,26,60fda5f75865bb3efd3dd951,1056.8,1,39,gamble_right,You lost -3.75 dollars.,14,1,2,-3.75,0,2
107,26,60fda5f75865bb3efd3dd951,876.8,1,39,gamble_right,You lost -4 dollars.,15,1,2,-4,0,2
74,26,60fda5f75865bb3efd3dd951,1253.1,1,37,gamble_left,You won 4 dollars.,16,1,4,-1,0,1
29,26,60fda5f75865bb3efd3dd951,1290.8,1,37,gamble_left,You won 4 dollars.,17,1,4,-1.5,0,1
14,26,60fda5f75865bb3efd3dd951,875.0,1,39,gamble_right,You lost -2 dollars.,18,1,4,-2,0,2
138,26,60fda5f75865bb3efd3dd951,644.8,1,39,gamble_right,You won 4 dollars.,19,1,4,-2.5,0,1
147,26,60fda5f75865bb3efd3dd951,935.3,1,39,gamble_right,You lost -3 dollars.,20,1,4,-3,0,2
31,26,60fda5f75865bb3efd3dd951,1097.4,1,37,gamble_left,You lost -3.5 dollars.,21,1,4,-3.5,0,2
111,26,60fda5f75865bb3efd3dd951,545.5,1,37,gamble_left,You lost -4 dollars.,22,1,4,-4,0,2
39,26,60fda5f75865bb3efd3dd951,787.9,1,37,gamble_left,You lost -4.5 dollars.,23,1,4,-4.5,0,2
114,26,60fda5f75865bb3efd3dd951,615.8,1,37,gamble_left,You won 4 dollars.,24,1,4,-5,0,1
53,26,60fda5f75865bb3efd3dd951,630.8,1,37,gamble_left,You lost -5.5 dollars.,25,1,4,-5.5,0,2
8,26,60fda5f75865bb3efd3dd951,871.9,1,37,gamble_left,You lost -6 dollars.,26,1,4,-6,0,2
69,26,60fda5f75865bb3efd3dd951,879.6,1,39,gamble_right,You lost -6.5 dollars.,27,1,4,-6.5,0,2
71,26,60fda5f75865bb3efd3dd951,692.6,0,39,gamble_left,You received 0 dollars.,28,1,4,-7,0,2
22,26,60fda5f75865bb3efd3dd951,800.0,1,39,gamble_right,You lost -7.5 dollars.,29,1,4,-7.5,0,2
4,26,60fda5f75865bb3efd3dd951,1149.9,1,37,gamble_left,You lost -8 dollars.,30,1,4,-8,0,2
42,26,60fda5f75865bb3efd3dd951,663.9,1,37,gamble_left,You won 5 dollars.,31,1,5,-1.25,0,1
72,26,60fda5f75865bb3efd3dd951,725.1,1,39,gamble_right,You won 5 dollars.,32,1,5,-1.88,0,1
123,26,60fda5f75865bb3efd3dd951,769.1,1,39,gamble_right,You won 5 dollars.,33,1,5,-2.5,0,1
142,26,60fda5f75865bb3efd3dd951,560.0,1,37,gamble_left,You won 5 dollars.,34,1,5,-3.13,0,1
101,26,60fda5f75865bb3efd3dd951,715.5,1,37,gamble_left,You lost -3.75 dollars.,35,1,5,-3.75,0,2
33,26,60fda5f75865bb3efd3dd951,891.3,1,39,gamble_right,You won 5 dollars.,36,1,5,-4.38,0,1
68,26,60fda5f75865bb3efd3dd951,676.6,1,37,gamble_left,You won 5 dollars.,37,1,5,-5,0,1
62,26,60fda5f75865bb3efd3dd951,866.3,1,37,gamble_left,You lost -5.63 dollars.,38,1,5,-5.63,0,2
21,26,60fda5f75865bb3efd3dd951,773.7,1,37,gamble_left,You lost -6.25 dollars.,39,1,5,-6.25,0,2
119,26,60fda5f75865bb3efd3dd951,512.8,1,37,gamble_left,You lost -6.88 dollars.,40,1,5,-6.88,0,2
5,26,60fda5f75865bb3efd3dd951,1238.7,0,39,gamble_left,You received 0 dollars.,41,1,5,-7.5,0,2
96,26,60fda5f75865bb3efd3dd951,1262.9,1,37,gamble_left,You lost -8.13 dollars.,42,1,5,-8.13,0,2
134,26,60fda5f75865bb3efd3dd951,915.0,1,39,gamble_right,You lost -8.75 dollars.,43,1,5,-8.75,0,2
10,26,60fda5f75865bb3efd3dd951,953.1,0,39,gamble_left,You received 0 dollars.,44,1,5,-9.38,0,2
135,26,60fda5f75865bb3efd3dd951,608.9,1,37,gamble_left,You won 5 dollars.,45,1,5,-10,0,1
13,26,60fda5f75865bb3efd3dd951,1125.5,1,39,gamble_right,You won 6 dollars.,46,1,6,-1.5,0,1
132,26,60fda5f75865bb3efd3dd951,649.5,1,39,gamble_right,You lost -2.25 dollars.,47,1,6,-2.25,0,2
75,26,60fda5f75865bb3efd3dd951,669.5,1,37,gamble_left,You lost -3 dollars.,48,1,6,-3,0,2
86,26,60fda5f75865bb3efd3dd951,635.7,1,39,gamble_right,You won 6 dollars.,49,1,6,-3.75,0,1
117,26,60fda5f75865bb3efd3dd951,985.1,1,39,gamble_right,You lost -4.5 dollars.,50,1,6,-4.5,0,2
124,26,60fda5f75865bb3efd3dd951,425.4,1,39,gamble_right,You lost -5.25 dollars.,51,1,6,-5.25,0,2
34,26,60fda5f75865bb3efd3dd951,806.8,1,37,gamble_left,You won 6 dollars.,52,1,6,-6,0,1
1,26,60fda5f75865bb3efd3dd951,1746.4,1,39,gamble_right,You won 6 dollars.,53,1,6,-6.75,0,1
79,26,60fda5f75865bb3efd3dd951,741.8,1,39,gamble_right,You lost -7.5 dollars.,54,1,6,-7.5,0,2
65,26,60fda5f75865bb3efd3dd951,811.0,1,39,gamble_right,You lost -8.25 dollars.,55,1,6,-8.25,0,2
50,26,60fda5f75865bb3efd3dd951,658.6,1,39,gamble_right,You won 6 dollars.,56,1,6,-9,0,1
61,26,60fda5f75865bb3efd3dd951,574.7,1,37,gamble_left,You won 6 dollars.,57,1,6,-9.75,0,1
3,26,60fda5f75865bb3efd3dd951,1658.0,0,37,gamble_right,You received 0 dollars.,58,1,6,-10.5,0,2
51,26,60fda5f75865bb3efd3dd951,830.7,1,37,gamble_left,You lost -11.25 dollars.,59,1,6,-11.25,0,2
52,26,60fda5f75865bb3efd3dd951,792.3,1,39,gamble_right,You lost -12 dollars.,60,1,6,-12,0,2
18,26,60fda5f75865bb3efd3dd951,1185.4,0,37,gamble_right,You received 0 dollars.,61,1,8,-2,0,2
63,26,60fda5f75865bb3efd3dd951,1052.3,1,37,gamble_left,You lost -3 dollars.,62,1,8,-3,0,2
70,26,60fda5f75865bb3efd3dd951,1136.2,1,37,gamble_left,You won 8 dollars.,63,1,8,-4,0,1
141,26,60fda5f75865bb3efd3dd951,604.0,1,37,gamble_left,You won 8 dollars.,64,1,8,-5,0,1
112,26,60fda5f75865bb3efd3dd951,708.3,1,37,gamble_left,You won 8 dollars.,65,1,8,-6,0,1
122,26,60fda5f75865bb3efd3dd951,620.6,1,37,gamble_left,You won 8 dollars.,66,1,8,-7,0,1
15,26,60fda5f75865bb3efd3dd951,798.0,1,39,gamble_right,You lost -8 dollars.,67,1,8,-8,0,2
150,26,60fda5f75865bb3efd3dd951,668.6,1,39,gamble_right,You lost -9 dollars.,68,1,8,-9,0,2
32,26,60fda5f75865bb3efd3dd951,1283.8,1,37,gamble_left,You won 8 dollars.,69,1,8,-10,0,1
130,26,60fda5f75865bb3efd3dd951,763.2,1,37,gamble_left,You won 8 dollars.,70,1,8,-11,0,1
115,26,60fda5f75865bb3efd3dd951,919.5,1,39,gamble_right,You won 8 dollars.,71,1,8,-12,0,1
144,26,60fda5f75865bb3efd3dd951,726.4,1,39,gamble_right,You won 8 dollars.,72,1,8,-13,0,1
30,26,60fda5f75865bb3efd3dd951,664.3,1,39,gamble_right,You won 8 dollars.,73,1,8,-14,0,1
131,26,60fda5f75865bb3efd3dd951,782.2,1,37,gamble_left,You won 8 dollars.,74,1,8,-15,0,1
67,26,60fda5f75865bb3efd3dd951,1209.1,1,37,gamble_left,You won 8 dollars.,75,1,8,-16,0,1
49,26,60fda5f75865bb3efd3dd951,611.7,1,39,gamble_right,You won 9 dollars.,76,1,9,-2.25,0,1
99,26,60fda5f75865bb3efd3dd951,1157.0,1,37,gamble_left,You lost -3.38 dollars.,77,1,9,-3.38,0,2
84,26,60fda5f75865bb3efd3dd951,709.3,1,37,gamble_left,You won 9 dollars.,78,1,9,-4.5,0,1
103,26,60fda5f75865bb3efd3dd951,849.1,1,39,gamble_right,You lost -5.63 dollars.,79,1,9,-5.63,0,2
54,26,60fda5f75865bb3efd3dd951,331.6,0,39,gamble_left,You received 0 dollars.,80,1,9,-6.75,0,2
6,26,60fda5f75865bb3efd3dd951,1126.1,1,39,gamble_right,You won 9 dollars.,81,1,9,-7.88,0,1
77,26,60fda5f75865bb3efd3dd951,1138.1,1,39,gamble_right,You won 9 dollars.,82,1,9,-9,0,1
100,26,60fda5f75865bb3efd3dd951,666.5,1,39,gamble_right,You won 9 dollars.,83,1,9,-10.13,0,1
136,26,60fda5f75865bb3efd3dd951,791.3,1,39,gamble_right,You won 9 dollars.,84,1,9,-11.25,0,1
38,26,60fda5f75865bb3efd3dd951,1037.9,1,37,gamble_left,You won 9 dollars.,85,1,9,-12.38,0,1
60,26,60fda5f75865bb3efd3dd951,996.0,0,39,gamble_left,You received 0 dollars.,86,1,9,-13.5,0,2
128,26,60fda5f75865bb3efd3dd951,481.0,1,37,gamble_left,You won 9 dollars.,87,1,9,-14.63,0,1
20,26,60fda5f75865bb3efd3dd951,1298.0,0,39,gamble_left,You received 0 dollars.,88,1,9,-15.75,0,2
87,26,60fda5f75865bb3efd3dd951,482.6,1,39,gamble_right,You won 9 dollars.,89,1,9,-16.88,0,1
109,26,60fda5f75865bb3efd3dd951,695.5,1,37,gamble_left,You won 9 dollars.,90,1,9,-18,0,1
83,26,60fda5f75865bb3efd3dd951,834.3,1,37,gamble_left,You won 10 dollars.,91,1,10,-2.5,0,1
146,26,60fda5f75865bb3efd3dd951,907.9,1,37,gamble_left,You lost -3.75 dollars.,92,1,10,-3.75,0,2
12,26,60fda5f75865bb3efd3dd951,1517.6,0,37,gamble_right,You received 0 dollars.,93,1,10,-5,0,2
90,26,60fda5f75865bb3efd3dd951,461.0,1,39,gamble_right,You won 10 dollars.,94,1,10,-6.25,0,1
57,26,60fda5f75865bb3efd3dd951,512.1,1,37,gamble_left,You won 10 dollars.,95,1,10,-7.5,0,1
55,26,60fda5f75865bb3efd3dd951,1170.7,1,39,gamble_right,You won 10 dollars.,96,1,10,-8.75,0,1
45,26,60fda5f75865bb3efd3dd951,836.8,1,39,gamble_right,You won 10 dollars.,97,1,10,-10,0,1
104,26,60fda5f75865bb3efd3dd951,760.1,1,39,gamble_right,You won 10 dollars.,98,1,10,-11.25,0,1
121,26,60fda5f75865bb3efd3dd951,1287.9,1,37,gamble_left,You won 10 dollars.,99,1,10,-12.5,0,1
126,26,60fda5f75865bb3efd3dd951,929.4,1,39,gamble_right,You won 10 dollars.,100,1,10,-13.75,0,1
16,26,60fda5f75865bb3efd3dd951,1145.1,0,37,gamble_right,You received 0 dollars.,101,1,10,-15,0,2
46,26,60fda5f75865bb3efd3dd951,832.2,1,37,gamble_left,You won 10 dollars.,102,1,10,-16.25,0,1
73,26,60fda5f75865bb3efd3dd951,664.2,1,37,gamble_left,You won 10 dollars.,103,1,10,-17.5,0,1
120,26,60fda5f75865bb3efd3dd951,1093.5,1,39,gamble_right,You lost -18.75 dollars.,104,1,10,-18.75,0,2
17,26,60fda5f75865bb3efd3dd951,1173.5,0,39,gamble_left,You received 0 dollars.,105,1,10,-20,0,2
98,26,60fda5f75865bb3efd3dd951,1291.3,1,39,gamble_right,You lost -3 dollars.,106,1,12,-3,0,2
140,26,60fda5f75865bb3efd3dd951,511.1,1,39,gamble_right,You lost -4.5 dollars.,107,1,12,-4.5,0,2
93,26,60fda5f75865bb3efd3dd951,650.9,1,39,gamble_right,You lost -6 dollars.,108,1,12,-6,0,2
108,26,60fda5f75865bb3efd3dd951,939.3,1,39,gamble_right,You won 12 dollars.,109,1,12,-7.5,0,1
9,26,60fda5f75865bb3efd3dd951,620.6,1,37,gamble_left,You lost -9 dollars.,110,1,12,-9,0,2
137,26,60fda5f75865bb3efd3dd951,991.8,1,39,gamble_right,You won 12 dollars.,111,1,12,-10.5,0,1
40,26,60fda5f75865bb3efd3dd951,461.3,1,39,gamble_right,You won 12 dollars.,112,1,12,-12,0,1
80,26,60fda5f75865bb3efd3dd951,722.9,1,37,gamble_left,You won 12 dollars.,113,1,12,-13.5,0,1
25,26,60fda5f75865bb3efd3dd951,1159.2,0,37,gamble_right,You received 0 dollars.,114,1,12,-15,0,2
89,26,60fda5f75865bb3efd3dd951,380.0,1,39,gamble_right,You won 12 dollars.,115,1,12,-16.5,0,1
27,26,60fda5f75865bb3efd3dd951,1093.7,0,37,gamble_right,You received 0 dollars.,116,1,12,-18,0,2
125,26,60fda5f75865bb3efd3dd951,583.5,1,39,gamble_right,You lost -19.5 dollars.,117,1,12,-19.5,0,2
64,26,60fda5f75865bb3efd3dd951,471.5,0,39,gamble_left,You received 0 dollars.,118,1,12,-21,0,2
85,26,60fda5f75865bb3efd3dd951,574.7,1,37,gamble_left,You won 12 dollars.,119,1,12,-22.5,0,1
78,26,60fda5f75865bb3efd3dd951,832.6,1,37,gamble_left,You won 12 dollars.,120,1,12,-24,0,1
28,26,60fda5f75865bb3efd3dd951,759.0,1,39,gamble_right,You received 0 dollars.,121,2,4,0,2,2
23,26,60fda5f75865bb3efd3dd951,709.5,1,39,gamble_right,You received 0 dollars.,122,2,8,0,4,2
145,26,60fda5f75865bb3efd3dd951,636.9,1,39,gamble_right,You received 0 dollars.,123,2,12,0,6,2
148,26,60fda5f75865bb3efd3dd951,909.5,1,37,gamble_left,You received 0 dollars.,124,2,18,0,9,2
37,26,60fda5f75865bb3efd3dd951,807.5,1,39,gamble_right,You won 24 dollars.,125,2,24,0,12,1
143,26,60fda5f75865bb3efd3dd951,571.6,1,39,gamble_right,You won 5 dollars.,126,2,5,0,3,1
127,26,60fda5f75865bb3efd3dd951,776.2,1,39,gamble_right,You won 7 dollars.,127,2,7,0,4,1
59,26,60fda5f75865bb3efd3dd951,1604.4,1,37,gamble_left,You received 0 dollars.,128,2,10,0,6,2
58,26,60fda5f75865bb3efd3dd951,724.9,0,37,gamble_right,You won 10 dollars.,129,2,17,0,10,1
95,26,60fda5f75865bb3efd3dd951,720.9,0,39,gamble_left,You won 13 dollars.,130,2,22,0,13,1
82,26,60fda5f75865bb3efd3dd951,1091.1,1,37,gamble_left,You won 28 dollars.,131,2,28,0,13,1
110,26,60fda5f75865bb3efd3dd951,484.2,1,37,gamble_left,You won 5 dollars.,132,2,5,0,2,1
105,26,60fda5f75865bb3efd3dd951,1199.9,1,37,gamble_left,You received 0 dollars.,133,2,26,0,10,2
149,26,60fda5f75865bb3efd3dd951,1037.7,1,39,gamble_right,You won 7 dollars.,134,2,7,0,3,1
2,26,60fda5f75865bb3efd3dd951,792.9,0,37,gamble_right,You won 5 dollars.,135,2,13,0,5,1
102,26,60fda5f75865bb3efd3dd951,534.8,1,37,gamble_left,You received 0 dollars.,136,2,12,0,6,2
24,26,60fda5f75865bb3efd3dd951,1057.2,1,39,gamble_right,You received 0 dollars.,137,2,25,0,10,2
81,26,60fda5f75865bb3efd3dd951,1310.5,0,37,gamble_right,You won 2 dollars.,138,2,4,0,2,1
11,26,60fda5f75865bb3efd3dd951,1306.1,1,39,gamble_right,You received 0 dollars.,139,2,3,0,1,2
139,26,60fda5f75865bb3efd3dd951,1139.1,1,39,gamble_right,You won 25 dollars.,140,2,25,0,9,1
118,26,60fda5f75865bb3efd3dd951,611.2,1,37,gamble_left,You won 13 dollars.,141,2,13,0,6,1
66,26,60fda5f75865bb3efd3dd951,1111.8,1,39,gamble_right,You received 0 dollars.,142,2,22,0,10,2
56,26,60fda5f75865bb3efd3dd951,984.6,1,39,gamble_right,You won 12 dollars.,143,2,12,0,5,1
26,26,60fda5f75865bb3efd3dd951,788.3,1,39,gamble_right,You received 0 dollars.,144,2,2,0,1,2
35,26,60fda5f75865bb3efd3dd951,645.9,1,39,gamble_right,You won 8 dollars.,145,2,8,0,3,1
41,26,60fda5f75865bb3efd3dd951,648.2,1,37,gamble_left,You won 19 dollars.,146,2,19,0,8,1
19,26,60fda5f75865bb3efd3dd951,699.9,1,39,gamble_right,You received 0 dollars.,147,2,26,0,12,2
44,26,60fda5f75865bb3efd3dd951,842.1,1,37,gamble_left,You won 30 dollars.,148,2,30,0,12,1
97,26,60fda5f75865bb3efd3dd951,647.3,0,39,gamble_left,You won 10 dollars.,149,2,23,0,10,1
129,26,60fda5f75865bb3efd3dd951,573.6,1,39,gamble_right,You won 12 dollars.,150,2,12,0,4,1