trial_index,ID,subject,rt,responses,key_press,gamble_location,stimulus,Trial_ID,Trial_Type,Gain,Loss,Certain,Trial_Outcome
24,27,60fd0df9cea4c7f2db43e639,759.3,0,37,gamble_right,You received 0 dollars.,1,1,2,-0.5,0,2
150,27,60fd0df9cea4c7f2db43e639,770.4,0,37,gamble_right,You received 0 dollars.,2,1,2,-0.75,0,2
40,27,60fd0df9cea4c7f2db43e639,870.6,0,39,gamble_left,You received 0 dollars.,3,1,2,-1,0,2
27,27,60fd0df9cea4c7f2db43e639,869.4,0,37,gamble_right,You received 0 dollars.,4,1,2,-1.25,0,2
144,27,60fd0df9cea4c7f2db43e639,642.4,0,37,gamble_right,You received 0 dollars.,5,1,2,-1.5,0,2
76,27,60fd0df9cea4c7f2db43e639,651.3,0,37,gamble_right,You received 0 dollars.,6,1,2,-1.75,0,2
56,27,60fd0df9cea4c7f2db43e639,636.1,0,39,gamble_left,You received 0 dollars.,7,1,2,-2,0,2
145,27,60fd0df9cea4c7f2db43e639,710.5,0,39,gamble_left,You received 0 dollars.,8,1,2,-2.25,0,2
75,27,60fd0df9cea4c7f2db43e639,669.2,0,37,gamble_right,You received 0 dollars.,9,1,2,-2.5,0,2
88,27,60fd0df9cea4c7f2db43e639,594.9,0,39,gamble_left,You received 0 dollars.,10,1,2,-2.75,0,2
54,27,60fd0df9cea4c7f2db43e639,835.6,0,37,gamble_right,You received 0 dollars.,11,1,2,-3,0,2
141,27,60fd0df9cea4c7f2db43e639,920.3,0,37,gamble_right,You received 0 dollars.,12,1,2,-3.25,0,2
117,27,60fd0df9cea4c7f2db43e639,802.3,0,37,gamble_right,You received 0 dollars.,13,1,2,-3.5,0,2
100,27,60fd0df9cea4c7f2db43e639,695.9,0,39,gamble_left,You received 0 dollars.,14,1,2,-3.75,0,2
31,27,60fd0df9cea4c7f2db43e639,922.7,1,37,gamble_left,You won 2 dollars.,15,1,2,-4,0,1
111,27,60fd0df9cea4c7f2db43e639,713.2,0,37,gamble_right,You received 0 dollars.,16,1,4,-1,0,2
92,27,60fd0df9cea4c7f2db43e639,556.5,0,39,gamble_left,You received 0 dollars.,17,1,4,-1.5,0,2
140,27,60fd0df9cea4c7f2db43e639,833.8,0,39,gamble_left,You received 0 dollars.,18,1,4,-2,0,2
42,27,60fd0df9cea4c7f2db43e639,974.2,0,37,gamble_right,You received 0 dollars.,19,1,4,-2.5,0,2
12,27,60fd0df9cea4c7f2db43e639,1098.6,0,37,gamble_right,You received 0 dollars.,20,1,4,-3,0,2
46,27,60fd0df9cea4c7f2db43e639,812.9,0,37,gamble_right,You received 0 dollars.,21,1,4,-3.5,0,2
136,27,60fd0df9cea4c7f2db43e639,569.8,0,39,gamble_left,You received 0 dollars.,22,1,4,-4,0,2
10,27,60fd0df9cea4c7f2db43e639,1122.5,0,37,gamble_right,You received 0 dollars.,23,1,4,-4.5,0,2
68,27,60fd0df9cea4c7f2db43e639,611.1,0,39,gamble_left,You received 0 dollars.,24,1,4,-5,0,2
34,27,60fd0df9cea4c7f2db43e639,952.3,0,37,gamble_right,You received 0 dollars.,25,1,4,-5.5,0,2
121,27,60fd0df9cea4c7f2db43e639,730.6,0,39,gamble_left,You received 0 dollars.,26,1,4,-6,0,2
52,27,60fd0df9cea4c7f2db43e639,756.1,0,37,gamble_right,You received 0 dollars.,27,1,4,-6.5,0,2
69,27,60fd0df9cea4c7f2db43e639,654.3,0,39,gamble_left,You received 0 dollars.,28,1,4,-7,0,2
7,27,60fd0df9cea4c7f2db43e639,942.4,0,39,gamble_left,You received 0 dollars.,29,1,4,-7.5,0,2
83,27,60fd0df9cea4c7f2db43e639,607.3,0,39,gamble_left,You received 0 dollars.,30,1,4,-8,0,2
133,27,60fd0df9cea4c7f2db43e639,791.7,0,37,gamble_right,You received 0 dollars.,31,1,5,-1.25,0,2
33,27,60fd0df9cea4c7f2db43e639,753.2,0,39,gamble_left,You received 0 dollars.,32,1,5,-1.88,0,2
2,27,60fd0df9cea4c7f2db43e639,1075.3,1,37,gamble_left,You lost -2.5 dollars.,33,1,5,-2.5,0,2
66,27,60fd0df9cea4c7f2db43e639,626.1,0,37,gamble_right,You received 0 dollars.,34,1,5,-3.13,0,2
49,27,60fd0df9cea4c7f2db43e639,764.1,0,39,gamble_left,You received 0 dollars.,35,1,5,-3.75,0,2
107,27,60fd0df9cea4c7f2db43e639,692.5,0,39,gamble_left,You received 0 dollars.,36,1,5,-4.38,0,2
101,27,60fd0df9cea4c7f2db43e639,776.9,0,37,gamble_right,You received 0 dollars.,37,1,5,-5,0,2
15,27,60fd0df9cea4c7f2db43e639,983.7,1,37,gamble_left,You lost -5.63 dollars.,38,1,5,-5.63,0,2
148,27,60fd0df9cea4c7f2db43e639,684.8,0,37,gamble_right,You received 0 dollars.,39,1,5,-6.25,0,2
103,27,60fd0df9cea4c7f2db43e639,625.7,0,37,gamble_right,You received 0 dollars.,40,1,5,-6.88,0,2
45,27,60fd0df9cea4c7f2db43e639,998.9,0,37,gamble_right,You received 0 dollars.,41,1,5,-7.5,0,2
116,27,60fd0df9cea4c7f2db43e639,637.5,0,39,gamble_left,You received 0 dollars.,42,1,5,-8.13,0,2
44,27,60fd0df9cea4c7f2db43e639,919.9,0,37,gamble_right,You received 0 dollars.,43,1,5,-8.75,0,2
135,27,60fd0df9cea4c7f2db43e639,792.5,0,37,gamble_right,You received 0 dollars.,44,1,5,-9.38,0,2
132,27,60fd0df9cea4c7f2db43e639,922.0,0,37,gamble_right,You received 0 dollars.,45,1,5,-10,0,2
20,27,60fd0df9cea4c7f2db43e639,1007.6,0,37,gamble_right,You received 0 dollars.,46,1,6,-1.5,0,2
22,27,60fd0df9cea4c7f2db43e639,770.2,0,39,gamble_left,You received 0 dollars.,47,1,6,-2.25,0,2
1,27,60fd0df9cea4c7f2db43e639,1643.4,1,39,gamble_right,You won 6 dollars.,48,1,6,-3,0,1
29,27,60fd0df9cea4c7f2db43e639,821.7,0,39,gamble_left,You received 0 dollars.,49,1,6,-3.75,0,2
99,27,60fd0df9cea4c7f2db43e639,617.4,0,39,gamble_left,You received 0 dollars.,50,1,6,-4.5,0,2
64,27,60fd0df9cea4c7f2db43e639,695.3,0,39,gamble_left,You received 0 dollars.,51,1,6,-5.25,0,2
55,27,60fd0df9cea4c7f2db43e639,638.4,0,39,gamble_left,You received 0 dollars.,52,1,6,-6,0,2
104,27,60fd0df9cea4c7f2db43e639,627.3,0,39,gamble_left,You received 0 dollars.,53,1,6,-6.75,0,2
81,27,60fd0df9cea4c7f2db43e639,629.7,0,39,gamble_left,You received 0 dollars.,54,1,6,-7.5,0,2
43,27,60fd0df9cea4c7f2db43e639,948.3,0,37,gamble_right,You received 0 dollars.,55,1,6,-8.25,0,2
62,27,60fd0df9cea4c7f2db43e639,848.6,0,37,gamble_right,You received 0 dollars.,56,1,6,-9,0,2
102,27,60fd0df9cea4c7f2db43e639,603.5,0,39,gamble_left,You received 0 dollars.,57,1,6,-9.75,0,2
9,27,60fd0df9cea4c7f2db43e639,1008.9,0,39,gamble_left,You received 0 dollars.,58,1,6,-10.5,0,2
118,27,60fd0df9cea4c7f2db43e639,604.8,0,39,gamble_left,You received 0 dollars.,59,1,6,-11.25,0,2
47,27,60fd0df9cea4c7f2db43e639,901.7,0,37,gamble_right,You received 0 dollars.,60,1,6,-12,0,2
58,27,60fd0df9cea4c7f2db43e639,896.3,0,37,gamble_right,You received 0 dollars.,61,1,8,-2,0,2
36,27,60fd0df9cea4c7f2db43e639,957.0,1,37,gamble_left,You lost -3 dollars.,62,1,8,-3,0,2
98,27,60fd0df9cea4c7f2db43e639,603.5,0,39,gamble_left,You received 0 dollars.,63,1,8,-4,0,2
3,27,60fd0df9cea4c7f2db43e639,1156.4,0,39,gamble_left,You received 0 dollars.,64,1,8,-5,0,2
6,27,60fd0df9cea4c7f2db43e639,1238.7,0,39,gamble_left,You received 0 dollars.,65,1,8,-6,0,2
77,27,60fd0df9cea4c7f2db43e639,634.0,0,37,gamble_right,You received 0 dollars.,66,1,8,-7,0,2
106,27,60fd0df9cea4c7f2db43e639,721.6,0,37,gamble_right,You received 0 dollars.,67,1,8,-8,0,2
84,27,60fd0df9cea4c7f2db43e639,647.9,0,37,gamble_right,You received 0 dollars.,68,1,8,-9,0,2
78,27,60fd0df9cea4c7f2db43e639,690.2,0,37,gamble_right,You received 0 dollars.,69,1,8,-10,0,2
126,27,60fd0df9cea4c7f2db43e639,745.4,0,39,gamble_left,You received 0 dollars.,70,1,8,-11,0,2
146,27,60fd0df9cea4c7f2db43e639,559.4,0,39,gamble_left,You received 0 dollars.,71,1,8,-12,0,2
79,27,60fd0df9cea4c7f2db43e639,715.1,0,37,gamble_right,You received 0 dollars.,72,1,8,-13,0,2
74,27,60fd0df9cea4c7f2db43e639,617.7,0,39,gamble_left,You received 0 dollars.,73,1,8,-14,0,2
89,27,60fd0df9cea4c7f2db43e639,699.6,0,37,gamble_right,You received 0 dollars.,74,1,8,-15,0,2
80,27,60fd0df9cea4c7f2db43e639,660.2,0,39,gamble_left,You received 0 dollars.,75,1,8,-16,0,2
26,27,60fd0df9cea4c7f2db43e639,810.1,1,39,gamble_right,You lost -2.25 dollars.,76,1,9,-2.25,0,2
110,27,60fd0df9cea4c7f2db43e639,568.4,0,39,gamble_left,You received 0 dollars.,77,1,9,-3.38,0,2
13,27,60fd0df9cea4c7f2db43e639,1639.8,1,39,gamble_right,You lost -4.5 dollars.,78,1,9,-4.5,0,2
16,27,60fd0df9cea4c7f2db43e639,1113.3,1,37,gamble_left,You won 9 dollars.,79,1,9,-5.63,0,1
4,27,60fd0df9cea4c7f2db43e639,1096.9,0,39,gamble_left,You received 0 dollars.,80,1,9,-6.75,0,2
30,27,60fd0df9cea4c7f2db43e639,666.1,0,39,gamble_left,You received 0 dollars.,81,1,9,-7.88,0,2
53,27,60fd0df9cea4c7f2db43e639,617.3,0,39,gamble_left,You received 0 dollars.,82,1,9,-9,0,2
114,27,60fd0df9cea4c7f2db43e639,656.9,0,37,gamble_right,You received 0 dollars.,83,1,9,-10.13,0,2
127,27,60fd0df9cea4c7f2db43e639,670.1,0,37,gamble_right,You received 0 dollars.,84,1,9,-11.25,0,2
120,27,60fd0df9cea4c7f2db43e639,800.0,0,39,gamble_left,You received 0 dollars.,85,1,9,-12.38,0,2
11,27,60fd0df9cea4c7f2db43e639,965.1,0,39,gamble_left,You received 0 dollars.,86,1,9,-13.5,0,2
14,27,60fd0df9cea4c7f2db43e639,1193.2,1,39,gamble_right,You won 9 dollars.,87,1,9,-14.63,0,1
28,27,60fd0df9cea4c7f2db43e639,942.9,0,37,gamble_right,You received 0 dollars.,88,1,9,-15.75,0,2
109,27,60fd0df9cea4c7f2db43e639,758.5,0,37,gamble_right,You received 0 dollars.,89,1,9,-16.88,0,2
95,27,60fd0df9cea4c7f2db43e639,707.9,0,39,gamble_left,You received 0 dollars.,90,1,9,-18,0,2
65,27,60fd0df9cea4c7f2db43e639,619.2,0,39,gamble_left,You received 0 dollars.,91,1,10,-2.5,0,2
130,27,60fd0df9cea4c7f2db43e639,587.6,0,39,gamble_left,You received 0 dollars.,92,1,10,-3.75,0,2
128,27,60fd0df9cea4c7f2db43e639,616.9,0,39,gamble_left,You received 0 dollars.,93,1,10,-5,0,2
112,27,60fd0df9cea4c7f2db43e639,726.3,0,37,gamble_right,You received 0 dollars.,94,1,10,-6.25,0,2
82,27,60fd0df9cea4c7f2db43e639,503.5,0,39,gamble_left,You received 0 dollars.,95,1,10,-7.5,0,2
125,27,60fd0df9cea4c7f2db43e639,673.1,0,39,gamble_left,You received 0 dollars.,96,1,10,-8.75,0,2
129,27,60fd0df9cea4c7f2db43e639,754.9,0,37,gamble_right,You received 0 dollars.,97,1,10,-10,0,2
63,27,60fd0df9cea4c7f2db43e639,678.4,0,37,gamble_right,You received 0 dollars.,98,1,10,-11.25,0,2
119,27,60fd0df9cea4c7f2db43e639,673.0,0,39,gamble_left,You received 0 dollars.,99,1,10,-12.5,0,2
93,27,60fd0df9cea4c7f2db43e639,531.8,0,39,gamble_left,You received 0 dollars.,100,1,10,-13.75,0,2
50,27,60fd0df9cea4c7f2db43e639,853.2,0,37,gamble_right,You received 0 dollars.,101,1,10,-15,0,2
8,27,60fd0df9cea4c7f2db43e639,1236.8,0,37,gamble_right,You received 0 dollars.,102,1,10,-16.25,0,2
147,27,60fd0df9cea4c7f2db43e639,672.2,0,37,gamble_right,You received 0 dollars.,103,1,10,-17.5,0,2
17,27,60fd0df9cea4c7f2db43e639,850.5,0,37,gamble_right,You received 0 dollars.,104,1,10,-18.75,0,2
90,27,60fd0df9cea4c7f2db43e639,583.0,0,39,gamble_left,You received 0 dollars.,105,1,10,-20,0,2
32,27,60fd0df9cea4c7f2db43e639,948.9,1,37,gamble_left,You lost -3 dollars.,106,1,12,-3,0,2
41,27,60fd0df9cea4c7f2db43e639,750.3,0,39,gamble_left,You received 0 dollars.,107,1,12,-4.5,0,2
139,27,60fd0df9cea4c7f2db43e639,773.6,0,39,gamble_left,You received 0 dollars.,108,1,12,-6,0,2
113,27,60fd0df9cea4c7f2db43e639,573.7,0,39,gamble_left,You received 0 dollars.,109,1,12,-7.5,0,2
85,27,60fd0df9cea4c7f2db43e639,654.9,0,37,gamble_right,You received 0 dollars.,110,1,12,-9,0,2
143,27,60fd0df9cea4c7f2db43e639,746.5,0,39,gamble_left,You received 0 dollars.,111,1,12,-10.5,0,2
37,27,60fd0df9cea4c7f2db43e639,935.9,0,37,gamble_right,You received 0 dollars.,112,1,12,-12,0,2
96,27,60fd0df9cea4c7f2db43e639,570.1,0,39,gamble_left,You received 0 dollars.,113,1,12,-13.5,0,2
38,27,60fd0df9cea4c7f2db43e639,984.2,0,37,gamble_right,You received 0 dollars.,114,1,12,-15,0,2
57,27,60fd0df9cea4c7f2db43e639,706.3,0,37,gamble_right,You received 0 dollars.,115,1,12,-16.5,0,2
86,27,60fd0df9cea4c7f2db43e639,764.2,0,37,gamble_right,You received 0 dollars.,116,1,12,-18,0,2
51,27,60fd0df9cea4c7f2db43e639,1089.3,0,39,gamble_left,You received 0 dollars.,117,1,12,-19.5,0,2
131,27,60fd0df9cea4c7f2db43e639,744.2,0,39,gamble_left,You received 0 dollars.,118,1,12,-21,0,2
72,27,60fd0df9cea4c7f2db43e639,637.6,0,39,gamble_left,You received 0 dollars.,119,1,12,-22.5,0,2
142,27,60fd0df9cea4c7f2db43e639,530.7,0,39,gamble_left,You received 0 dollars.,120,1,12,-24,0,2
5,27,60fd0df9cea4c7f2db43e639,1020.0,1,37,gamble_left,You won 4 dollars.,121,2,4,0,2,1
59,27,60fd0df9cea4c7f2db43e639,760.3,0,37,gamble_right,You won 4 dollars.,122,2,8,0,4,1
39,27,60fd0df9cea4c7f2db43e639,893.0,1,37,gamble_left,You won 12 dollars.,123,2,12,0,6,1
87,27,60fd0df9cea4c7f2db43e639,703.6,1,37,gamble_left,You received 0 dollars.,124,2,18,0,9,2
23,27,60fd0df9cea4c7f2db43e639,737.9,1,37,gamble_left,You won 24 dollars.,125,2,24,0,12,1
70,27,60fd0df9cea4c7f2db43e639,645.8,0,37,gamble_right,You won 3 dollars.,126,2,5,0,3,1
18,27,60fd0df9cea4c7f2db43e639,727.3,1,37,gamble_left,You won 7 dollars.,127,2,7,0,4,1
19,27,60fd0df9cea4c7f2db43e639,829.0,0,37,gamble_right,You won 6 dollars.,128,2,10,0,6,1
138,27,60fd0df9cea4c7f2db43e639,948.6,1,37,gamble_left,You won 17 dollars.,129,2,17,0,10,1
94,27,60fd0df9cea4c7f2db43e639,588.2,1,37,gamble_left,You won 22 dollars.,130,2,22,0,13,1
21,27,60fd0df9cea4c7f2db43e639,783.5,1,39,gamble_right,You received 0 dollars.,131,2,28,0,13,2
115,27,60fd0df9cea4c7f2db43e639,672.2,1,37,gamble_left,You won 5 dollars.,132,2,5,0,2,1
60,27,60fd0df9cea4c7f2db43e639,824.1,0,37,gamble_right,You won 10 dollars.,133,2,26,0,10,1
48,27,60fd0df9cea4c7f2db43e639,785.7,1,37,gamble_left,You received 0 dollars.,134,2,7,0,3,2
25,27,60fd0df9cea4c7f2db43e639,790.3,0,37,gamble_right,You won 5 dollars.,135,2,13,0,5,1
149,27,60fd0df9cea4c7f2db43e639,689.6,1,37,gamble_left,You won 12 dollars.,136,2,12,0,6,1
67,27,60fd0df9cea4c7f2db43e639,671.6,0,37,gamble_right,You won 10 dollars.,137,2,25,0,10,1
91,27,60fd0df9cea4c7f2db43e639,723.9,1,37,gamble_left,You received 0 dollars.,138,2,4,0,2,2
137,27,60fd0df9cea4c7f2db43e639,929.3,0,39,gamble_left,You won 1 dollars.,139,2,3,0,1,1
134,27,60fd0df9cea4c7f2db43e639,726.7,0,37,gamble_right,You won 9 dollars.,140,2,25,0,9,1
35,27,60fd0df9cea4c7f2db43e639,594.0,0,39,gamble_left,You won 6 dollars.,141,2,13,0,6,1
97,27,60fd0df9cea4c7f2db43e639,819.5,0,39,gamble_left,You won 10 dollars.,142,2,22,0,10,1
123,27,60fd0df9cea4c7f2db43e639,749.5,1,37,gamble_left,You received 0 dollars.,143,2,12,0,5,2
71,27,60fd0df9cea4c7f2db43e639,714.4,1,37,gamble_left,You won 2 dollars.,144,2,2,0,1,1
124,27,60fd0df9cea4c7f2db43e639,784.8,0,39,gamble_left,You won 3 dollars.,145,2,8,0,3,1
108,27,60fd0df9cea4c7f2db43e639,580.4,0,37,gamble_right,You won 8 dollars.,146,2,19,0,8,1
105,27,60fd0df9cea4c7f2db43e639,614.1,0,39,gamble_left,You won 12 dollars.,147,2,26,0,12,1
122,27,60fd0df9cea4c7f2db43e639,729.4,1,37,gamble_left,You won 30 dollars.,148,2,30,0,12,1
61,27,60fd0df9cea4c7f2db43e639,703.0,0,37,gamble_right,You won 10 dollars.,149,2,23,0,10,1
73,27,60fd0df9cea4c7f2db43e639,645.2,0,37,gamble_right,You won 4 dollars.,150,2,12,0,4,1