trial_index,ID,subject,rt,responses,key_press,gamble_location,stimulus,Trial_ID,Trial_Type,Gain,Loss,Certain,Trial_Outcome
6,28,60f9cfd807ab930c001820ce,1332.1,0,39,gamble_left,You received 0 dollars.,1,1,2,-0.5,0,2
126,28,60f9cfd807ab930c001820ce,636.4,0,39,gamble_left,You received 0 dollars.,2,1,2,-0.75,0,2
15,28,60f9cfd807ab930c001820ce,752.4,0,39,gamble_left,You received 0 dollars.,3,1,2,-1,0,2
114,28,60f9cfd807ab930c001820ce,739.1,0,37,gamble_right,You received 0 dollars.,4,1,2,-1.25,0,2
43,28,60f9cfd807ab930c001820ce,940.2,0,39,gamble_left,You received 0 dollars.,5,1,2,-1.5,0,2
20,28,60f9cfd807ab930c001820ce,653.1,0,37,gamble_right,You received 0 dollars.,6,1,2,-1.75,0,2
88,28,60f9cfd807ab930c001820ce,551.3,0,39,gamble_left,You received 0 dollars.,7,1,2,-2,0,2
73,28,60f9cfd807ab930c001820ce,657.4,0,37,gamble_right,You received 0 dollars.,8,1,2,-2.25,0,2
129,28,60f9cfd807ab930c001820ce,693.5,0,37,gamble_right,You received 0 dollars.,9,1,2,-2.5,0,2
94,28,60f9cfd807ab930c001820ce,587.4,0,37,gamble_right,You received 0 dollars.,10,1,2,-2.75,0,2
131,28,60f9cfd807ab930c001820ce,626.5,0,39,gamble_left,You received 0 dollars.,11,1,2,-3,0,2
37,28,60f9cfd807ab930c001820ce,877.0,0,39,gamble_left,You received 0 dollars.,12,1,2,-3.25,0,2
101,28,60f9cfd807ab930c001820ce,887.3,0,39,gamble_left,You received 0 dollars.,13,1,2,-3.5,0,2
12,28,60f9cfd807ab930c001820ce,794.9,0,37,gamble_right,You received 0 dollars.,14,1,2,-3.75,0,2
47,28,60f9cfd807ab930c001820ce,642.8,0,39,gamble_left,You received 0 dollars.,15,1,2,-4,0,2
19,28,60f9cfd807ab930c001820ce,798.3,0,39,gamble_left,You received 0 dollars.,16,1,4,-1,0,2
141,28,60f9cfd807ab930c001820ce,720.4,1,37,gamble_left,You lost -1.5 dollars.,17,1,4,-1.5,0,2
143,28,60f9cfd807ab930c001820ce,664.7,0,37,gamble_right,You received 0 dollars.,18,1,4,-2,0,2
120,28,60f9cfd807ab930c001820ce,655.0,0,39,gamble_left,You received 0 dollars.,19,1,4,-2.5,0,2
64,28,60f9cfd807ab930c001820ce,756.8,0,37,gamble_right,You received 0 dollars.,20,1,4,-3,0,2
59,28,60f9cfd807ab930c001820ce,689.3,0,37,gamble_right,You received 0 dollars.,21,1,4,-3.5,0,2
1,28,60f9cfd807ab930c001820ce,1327.4,1,39,gamble_right,You lost -4 dollars.,22,1,4,-4,0,2
4,28,60f9cfd807ab930c001820ce,1429.0,0,37,gamble_right,You received 0 dollars.,23,1,4,-4.5,0,2
148,28,60f9cfd807ab930c001820ce,514.6,0,37,gamble_right,You received 0 dollars.,24,1,4,-5,0,2
104,28,60f9cfd807ab930c001820ce,1203.2,1,37,gamble_left,You lost -5.5 dollars.,25,1,4,-5.5,0,2
124,28,60f9cfd807ab930c001820ce,642.8,0,39,gamble_left,You received 0 dollars.,26,1,4,-6,0,2
46,28,60f9cfd807ab930c001820ce,718.5,0,37,gamble_right,You received 0 dollars.,27,1,4,-6.5,0,2
62,28,60f9cfd807ab930c001820ce,864.3,0,39,gamble_left,You received 0 dollars.,28,1,4,-7,0,2
121,28,60f9cfd807ab930c001820ce,811.8,0,37,gamble_right,You received 0 dollars.,29,1,4,-7.5,0,2
66,28,60f9cfd807ab930c001820ce,702.2,0,39,gamble_left,You received 0 dollars.,30,1,4,-8,0,2
78,28,60f9cfd807ab930c001820ce,505.5,0,37,gamble_right,You received 0 dollars.,31,1,5,-1.25,0,2
147,28,60f9cfd807ab930c001820ce,752.2,0,37,gamble_right,You received 0 dollars.,32,1,5,-1.88,0,2
8,28,60f9cfd807ab930c001820ce,1112.7,0,39,gamble_left,You received 0 dollars.,33,1,5,-2.5,0,2
138,28,60f9cfd807ab930c001820ce,759.4,0,37,gamble_right,You received 0 dollars.,34,1,5,-3.13,0,2
82,28,60f9cfd807ab930c001820ce,584.7,0,39,gamble_left,You received 0 dollars.,35,1,5,-3.75,0,2
83,28,60f9cfd807ab930c001820ce,697.3,0,39,gamble_left,You received 0 dollars.,36,1,5,-4.38,0,2
122,28,60f9cfd807ab930c001820ce,736.3,0,39,gamble_left,You received 0 dollars.,37,1,5,-5,0,2
146,28,60f9cfd807ab930c001820ce,500.4,0,37,gamble_right,You received 0 dollars.,38,1,5,-5.63,0,2
75,28,60f9cfd807ab930c001820ce,768.7,0,37,gamble_right,You received 0 dollars.,39,1,5,-6.25,0,2
89,28,60f9cfd807ab930c001820ce,615.8,0,39,gamble_left,You received 0 dollars.,40,1,5,-6.88,0,2
13,28,60f9cfd807ab930c001820ce,818.7,0,39,gamble_left,You received 0 dollars.,41,1,5,-7.5,0,2
90,28,60f9cfd807ab930c001820ce,759.4,0,37,gamble_right,You received 0 dollars.,42,1,5,-8.13,0,2
80,28,60f9cfd807ab930c001820ce,769.9,0,39,gamble_left,You received 0 dollars.,43,1,5,-8.75,0,2
10,28,60f9cfd807ab930c001820ce,825.5,0,37,gamble_right,You received 0 dollars.,44,1,5,-9.38,0,2
42,28,60f9cfd807ab930c001820ce,785.1,0,37,gamble_right,You received 0 dollars.,45,1,5,-10,0,2
109,28,60f9cfd807ab930c001820ce,532.5,1,39,gamble_right,You won 6 dollars.,46,1,6,-1.5,0,1
55,28,60f9cfd807ab930c001820ce,879.7,0,37,gamble_right,You received 0 dollars.,47,1,6,-2.25,0,2
29,28,60f9cfd807ab930c001820ce,1087.3,1,37,gamble_left,You won 6 dollars.,48,1,6,-3,0,1
71,28,60f9cfd807ab930c001820ce,600.2,0,39,gamble_left,You received 0 dollars.,49,1,6,-3.75,0,2
85,28,60f9cfd807ab930c001820ce,588.4,0,39,gamble_left,You received 0 dollars.,50,1,6,-4.5,0,2
22,28,60f9cfd807ab930c001820ce,718.3,0,39,gamble_left,You received 0 dollars.,51,1,6,-5.25,0,2
128,28,60f9cfd807ab930c001820ce,649.5,0,39,gamble_left,You received 0 dollars.,52,1,6,-6,0,2
63,28,60f9cfd807ab930c001820ce,651.6,0,37,gamble_right,You received 0 dollars.,53,1,6,-6.75,0,2
149,28,60f9cfd807ab930c001820ce,542.5,0,39,gamble_left,You received 0 dollars.,54,1,6,-7.5,0,2
117,28,60f9cfd807ab930c001820ce,700.9,0,37,gamble_right,You received 0 dollars.,55,1,6,-8.25,0,2
84,28,60f9cfd807ab930c001820ce,809.0,0,39,gamble_left,You received 0 dollars.,56,1,6,-9,0,2
99,28,60f9cfd807ab930c001820ce,605.3,0,37,gamble_right,You received 0 dollars.,57,1,6,-9.75,0,2
31,28,60f9cfd807ab930c001820ce,989.9,0,37,gamble_right,You received 0 dollars.,58,1,6,-10.5,0,2
103,28,60f9cfd807ab930c001820ce,932.6,1,39,gamble_right,You won 6 dollars.,59,1,6,-11.25,0,1
70,28,60f9cfd807ab930c001820ce,729.8,0,37,gamble_right,You received 0 dollars.,60,1,6,-12,0,2
23,28,60f9cfd807ab930c001820ce,1028.5,0,37,gamble_right,You received 0 dollars.,61,1,8,-2,0,2
144,28,60f9cfd807ab930c001820ce,583.0,0,37,gamble_right,You received 0 dollars.,62,1,8,-3,0,2
79,28,60f9cfd807ab930c001820ce,623.9,0,39,gamble_left,You received 0 dollars.,63,1,8,-4,0,2
130,28,60f9cfd807ab930c001820ce,711.1,0,39,gamble_left,You received 0 dollars.,64,1,8,-5,0,2
150,28,60f9cfd807ab930c001820ce,749.6,0,37,gamble_right,You received 0 dollars.,65,1,8,-6,0,2
95,28,60f9cfd807ab930c001820ce,570.2,0,37,gamble_right,You received 0 dollars.,66,1,8,-7,0,2
53,28,60f9cfd807ab930c001820ce,949.8,0,37,gamble_right,You received 0 dollars.,67,1,8,-8,0,2
44,28,60f9cfd807ab930c001820ce,788.9,0,37,gamble_right,You received 0 dollars.,68,1,8,-9,0,2
39,28,60f9cfd807ab930c001820ce,718.9,0,39,gamble_left,You received 0 dollars.,69,1,8,-10,0,2
96,28,60f9cfd807ab930c001820ce,717.3,0,39,gamble_left,You received 0 dollars.,70,1,8,-11,0,2
77,28,60f9cfd807ab930c001820ce,773.2,0,37,gamble_right,You received 0 dollars.,71,1,8,-12,0,2
72,28,60f9cfd807ab930c001820ce,589.2,0,37,gamble_right,You received 0 dollars.,72,1,8,-13,0,2
16,28,60f9cfd807ab930c001820ce,713.4,0,39,gamble_left,You received 0 dollars.,73,1,8,-14,0,2
52,28,60f9cfd807ab930c001820ce,675.3,0,39,gamble_left,You received 0 dollars.,74,1,8,-15,0,2
118,28,60f9cfd807ab930c001820ce,527.0,0,37,gamble_right,You received 0 dollars.,75,1,8,-16,0,2
34,28,60f9cfd807ab930c001820ce,758.2,0,37,gamble_right,You received 0 dollars.,76,1,9,-2.25,0,2
30,28,60f9cfd807ab930c001820ce,779.3,0,39,gamble_left,You received 0 dollars.,77,1,9,-3.38,0,2
14,28,60f9cfd807ab930c001820ce,785.7,0,37,gamble_right,You received 0 dollars.,78,1,9,-4.5,0,2
41,28,60f9cfd807ab930c001820ce,827.5,0,37,gamble_right,You received 0 dollars.,79,1,9,-5.63,0,2
58,28,60f9cfd807ab930c001820ce,680.3,0,37,gamble_right,You received 0 dollars.,80,1,9,-6.75,0,2
61,28,60f9cfd807ab930c001820ce,686.0,0,37,gamble_right,You received 0 dollars.,81,1,9,-7.88,0,2
21,28,60f9cfd807ab930c001820ce,875.9,0,37,gamble_right,You received 0 dollars.,82,1,9,-9,0,2
139,28,60f9cfd807ab930c001820ce,610.9,0,37,gamble_right,You received 0 dollars.,83,1,9,-10.13,0,2
65,28,60f9cfd807ab930c001820ce,576.8,0,37,gamble_right,You received 0 dollars.,84,1,9,-11.25,0,2
119,28,60f9cfd807ab930c001820ce,729.8,0,39,gamble_left,You received 0 dollars.,85,1,9,-12.38,0,2
140,28,60f9cfd807ab930c001820ce,714.2,1,39,gamble_right,You lost -13.5 dollars.,86,1,9,-13.5,0,2
40,28,60f9cfd807ab930c001820ce,777.8,0,39,gamble_left,You received 0 dollars.,87,1,9,-14.63,0,2
60,28,60f9cfd807ab930c001820ce,539.5,0,37,gamble_right,You received 0 dollars.,88,1,9,-15.75,0,2
132,28,60f9cfd807ab930c001820ce,793.5,0,37,gamble_right,You received 0 dollars.,89,1,9,-16.88,0,2
18,28,60f9cfd807ab930c001820ce,745.7,0,37,gamble_right,You received 0 dollars.,90,1,9,-18,0,2
57,28,60f9cfd807ab930c001820ce,969.9,1,39,gamble_right,You lost -2.5 dollars.,91,1,10,-2.5,0,2
98,28,60f9cfd807ab930c001820ce,651.3,0,37,gamble_right,You received 0 dollars.,92,1,10,-3.75,0,2
136,28,60f9cfd807ab930c001820ce,654.1,0,39,gamble_left,You received 0 dollars.,93,1,10,-5,0,2
35,28,60f9cfd807ab930c001820ce,899.1,1,37,gamble_left,You lost -6.25 dollars.,94,1,10,-6.25,0,2
38,28,60f9cfd807ab930c001820ce,1009.8,0,39,gamble_left,You received 0 dollars.,95,1,10,-7.5,0,2
97,28,60f9cfd807ab930c001820ce,534.8,0,37,gamble_right,You received 0 dollars.,96,1,10,-8.75,0,2
86,28,60f9cfd807ab930c001820ce,523.2,0,39,gamble_left,You received 0 dollars.,97,1,10,-10,0,2
145,28,60f9cfd807ab930c001820ce,563.9,0,37,gamble_right,You received 0 dollars.,98,1,10,-11.25,0,2
81,28,60f9cfd807ab930c001820ce,527.5,0,37,gamble_right,You received 0 dollars.,99,1,10,-12.5,0,2
142,28,60f9cfd807ab930c001820ce,655.9,0,39,gamble_left,You received 0 dollars.,100,1,10,-13.75,0,2
87,28,60f9cfd807ab930c001820ce,565.1,0,39,gamble_left,You received 0 dollars.,101,1,10,-15,0,2
27,28,60f9cfd807ab930c001820ce,763.6,0,39,gamble_left,You received 0 dollars.,102,1,10,-16.25,0,2
105,28,60f9cfd807ab930c001820ce,797.1,0,37,gamble_right,You received 0 dollars.,103,1,10,-17.5,0,2
134,28,60f9cfd807ab930c001820ce,691.1,0,37,gamble_right,You received 0 dollars.,104,1,10,-18.75,0,2
111,28,60f9cfd807ab930c001820ce,732.5,1,37,gamble_left,You lost -20 dollars.,105,1,10,-20,0,2
68,28,60f9cfd807ab930c001820ce,938.4,0,37,gamble_right,You received 0 dollars.,106,1,12,-3,0,2
107,28,60f9cfd807ab930c001820ce,588.0,0,37,gamble_right,You received 0 dollars.,107,1,12,-4.5,0,2
91,28,60f9cfd807ab930c001820ce,610.2,0,37,gamble_right,You received 0 dollars.,108,1,12,-6,0,2
24,28,60f9cfd807ab930c001820ce,674.9,0,39,gamble_left,You received 0 dollars.,109,1,12,-7.5,0,2
115,28,60f9cfd807ab930c001820ce,844.6,0,37,gamble_right,You received 0 dollars.,110,1,12,-9,0,2
92,28,60f9cfd807ab930c001820ce,738.4,0,37,gamble_right,You received 0 dollars.,111,1,12,-10.5,0,2
125,28,60f9cfd807ab930c001820ce,1114.9,0,39,gamble_left,You received 0 dollars.,112,1,12,-12,0,2
102,28,60f9cfd807ab930c001820ce,608.1,0,37,gamble_right,You received 0 dollars.,113,1,12,-13.5,0,2
25,28,60f9cfd807ab930c001820ce,708.9,0,39,gamble_left,You received 0 dollars.,114,1,12,-15,0,2
54,28,60f9cfd807ab930c001820ce,892.9,0,39,gamble_left,You received 0 dollars.,115,1,12,-16.5,0,2
110,28,60f9cfd807ab930c001820ce,450.5,0,37,gamble_right,You received 0 dollars.,116,1,12,-18,0,2
100,28,60f9cfd807ab930c001820ce,578.0,0,37,gamble_right,You received 0 dollars.,117,1,12,-19.5,0,2
9,28,60f9cfd807ab930c001820ce,969.2,0,39,gamble_left,You received 0 dollars.,118,1,12,-21,0,2
69,28,60f9cfd807ab930c001820ce,969.0,1,39,gamble_right,You won 12 dollars.,119,1,12,-22.5,0,1
133,28,60f9cfd807ab930c001820ce,732.9,0,37,gamble_right,You received 0 dollars.,120,1,12,-24,0,2
36,28,60f9cfd807ab930c001820ce,846.7,1,39,gamble_right,You received 0 dollars.,121,2,4,0,2,2
7,28,60f9cfd807ab930c001820ce,1232.4,1,39,gamble_right,You received 0 dollars.,122,2,8,0,4,2
26,28,60f9cfd807ab930c001820ce,723.2,1,37,gamble_left,You won 12 dollars.,123,2,12,0,6,1
48,28,60f9cfd807ab930c001820ce,724.9,1,37,gamble_left,You received 0 dollars.,124,2,18,0,9,2
50,28,60f9cfd807ab930c001820ce,740.3,0,37,gamble_right,You won 12 dollars.,125,2,24,0,12,1
135,28,60f9cfd807ab930c001820ce,781.3,0,37,gamble_right,You won 3 dollars.,126,2,5,0,3,1
32,28,60f9cfd807ab930c001820ce,855.6,0,37,gamble_right,You won 4 dollars.,127,2,7,0,4,1
51,28,60f9cfd807ab930c001820ce,859.1,1,39,gamble_right,You won 10 dollars.,128,2,10,0,6,1
74,28,60f9cfd807ab930c001820ce,867.7,0,37,gamble_right,You won 10 dollars.,129,2,17,0,10,1
76,28,60f9cfd807ab930c001820ce,681.6,0,37,gamble_right,You won 13 dollars.,130,2,22,0,13,1
3,28,60f9cfd807ab930c001820ce,1110.7,1,37,gamble_left,You won 28 dollars.,131,2,28,0,13,1
116,28,60f9cfd807ab930c001820ce,746.5,1,37,gamble_left,You received 0 dollars.,132,2,5,0,2,2
123,28,60f9cfd807ab930c001820ce,791.7,0,39,gamble_left,You won 10 dollars.,133,2,26,0,10,1
127,28,60f9cfd807ab930c001820ce,712.9,0,39,gamble_left,You won 3 dollars.,134,2,7,0,3,1
106,28,60f9cfd807ab930c001820ce,678.2,0,37,gamble_right,You won 5 dollars.,135,2,13,0,5,1
45,28,60f9cfd807ab930c001820ce,676.4,0,37,gamble_right,You won 6 dollars.,136,2,12,0,6,1
93,28,60f9cfd807ab930c001820ce,804.1,0,39,gamble_left,You won 10 dollars.,137,2,25,0,10,1
113,28,60f9cfd807ab930c001820ce,982.3,1,37,gamble_left,You received 0 dollars.,138,2,4,0,2,2
49,28,60f9cfd807ab930c001820ce,944.4,0,39,gamble_left,You won 1 dollars.,139,2,3,0,1,1
108,28,60f9cfd807ab930c001820ce,522.4,0,37,gamble_right,You won 9 dollars.,140,2,25,0,9,1
5,28,60f9cfd807ab930c001820ce,1219.5,1,37,gamble_left,You won 13 dollars.,141,2,13,0,6,1
33,28,60f9cfd807ab930c001820ce,1202.2,1,39,gamble_right,You received 0 dollars.,142,2,22,0,10,2
2,28,60f9cfd807ab930c001820ce,1162.9,1,37,gamble_left,You won 12 dollars.,143,2,12,0,5,1
112,28,60f9cfd807ab930c001820ce,608.8,0,39,gamble_left,You won 1 dollars.,144,2,2,0,1,1
137,28,60f9cfd807ab930c001820ce,742.1,0,39,gamble_left,You won 3 dollars.,145,2,8,0,3,1
56,28,60f9cfd807ab930c001820ce,757.4,0,37,gamble_right,You won 8 dollars.,146,2,19,0,8,1
67,28,60f9cfd807ab930c001820ce,839.2,0,39,gamble_left,You won 12 dollars.,147,2,26,0,12,1
17,28,60f9cfd807ab930c001820ce,738.5,0,37,gamble_right,You won 12 dollars.,148,2,30,0,12,1
11,28,60f9cfd807ab930c001820ce,756.5,0,39,gamble_left,You won 10 dollars.,149,2,23,0,10,1
28,28,60f9cfd807ab930c001820ce,875.5,1,37,gamble_left,You received 0 dollars.,150,2,12,0,4,2