trial_index,ID,subject,rt,responses,key_press,gamble_location,stimulus,Trial_ID,Trial_Type,Gain,Loss,Certain,Trial_Outcome
89,29,60ee0205933c5e01fb46bdeb,1260.7,1,39,gamble_right,You won 2 dollars.,1,1,2,-0.5,0,1
69,29,60ee0205933c5e01fb46bdeb,1459.2,1,39,gamble_right,You lost -0.75 dollars.,2,1,2,-0.75,0,2
107,29,60ee0205933c5e01fb46bdeb,1183.8,0,37,gamble_right,You received 0 dollars.,3,1,2,-1,0,2
42,29,60ee0205933c5e01fb46bdeb,1093.0,1,39,gamble_right,You won 2 dollars.,4,1,2,-1.25,0,1
18,29,60ee0205933c5e01fb46bdeb,1305.0,1,37,gamble_left,You lost -1.5 dollars.,5,1,2,-1.5,0,2
123,29,60ee0205933c5e01fb46bdeb,1299.1,0,39,gamble_left,You received 0 dollars.,6,1,2,-1.75,0,2
86,29,60ee0205933c5e01fb46bdeb,1059.2,0,37,gamble_right,You received 0 dollars.,7,1,2,-2,0,2
129,29,60ee0205933c5e01fb46bdeb,1260.0,0,39,gamble_left,You received 0 dollars.,8,1,2,-2.25,0,2
74,29,60ee0205933c5e01fb46bdeb,990.4,0,39,gamble_left,You received 0 dollars.,9,1,2,-2.5,0,2
124,29,60ee0205933c5e01fb46bdeb,1184.1,0,37,gamble_right,You received 0 dollars.,10,1,2,-2.75,0,2
51,29,60ee0205933c5e01fb46bdeb,1517.5,0,37,gamble_right,You received 0 dollars.,11,1,2,-3,0,2
111,29,60ee0205933c5e01fb46bdeb,1148.6,0,39,gamble_left,You received 0 dollars.,12,1,2,-3.25,0,2
23,29,60ee0205933c5e01fb46bdeb,1476.5,0,37,gamble_right,You received 0 dollars.,13,1,2,-3.5,0,2
71,29,60ee0205933c5e01fb46bdeb,1239.8,0,37,gamble_right,You received 0 dollars.,14,1,2,-3.75,0,2
109,29,60ee0205933c5e01fb46bdeb,1298.1,0,39,gamble_left,You received 0 dollars.,15,1,2,-4,0,2
91,29,60ee0205933c5e01fb46bdeb,1278.0,1,39,gamble_right,You lost -1 dollars.,16,1,4,-1,0,2
114,29,60ee0205933c5e01fb46bdeb,1329.1,1,39,gamble_right,You lost -1.5 dollars.,17,1,4,-1.5,0,2
7,29,60ee0205933c5e01fb46bdeb,816.9,0,37,gamble_right,You received 0 dollars.,18,1,4,-2,0,2
2,29,60ee0205933c5e01fb46bdeb,1178.2,0,37,gamble_right,You received 0 dollars.,19,1,4,-2.5,0,2
130,29,60ee0205933c5e01fb46bdeb,1201.1,0,37,gamble_right,You received 0 dollars.,20,1,4,-3,0,2
104,29,60ee0205933c5e01fb46bdeb,1290.0,0,37,gamble_right,You received 0 dollars.,21,1,4,-3.5,0,2
3,29,60ee0205933c5e01fb46bdeb,1123.6,1,39,gamble_right,You lost -4 dollars.,22,1,4,-4,0,2
21,29,60ee0205933c5e01fb46bdeb,1075.0,0,39,gamble_left,You received 0 dollars.,23,1,4,-4.5,0,2
75,29,60ee0205933c5e01fb46bdeb,1266.7,0,37,gamble_right,You received 0 dollars.,24,1,4,-5,0,2
38,29,60ee0205933c5e01fb46bdeb,819.5,0,37,gamble_right,You received 0 dollars.,25,1,4,-5.5,0,2
56,29,60ee0205933c5e01fb46bdeb,1291.3,0,39,gamble_left,You received 0 dollars.,26,1,4,-6,0,2
150,29,60ee0205933c5e01fb46bdeb,1147.1,0,37,gamble_right,You received 0 dollars.,27,1,4,-6.5,0,2
13,29,60ee0205933c5e01fb46bdeb,1009.9,0,39,gamble_left,You received 0 dollars.,28,1,4,-7,0,2
46,29,60ee0205933c5e01fb46bdeb,1115.0,0,39,gamble_left,You received 0 dollars.,29,1,4,-7.5,0,2
68,29,60ee0205933c5e01fb46bdeb,1056.9,0,39,gamble_left,You received 0 dollars.,30,1,4,-8,0,2
81,29,60ee0205933c5e01fb46bdeb,1140.9,1,37,gamble_left,You lost -1.25 dollars.,31,1,5,-1.25,0,2
6,29,60ee0205933c5e01fb46bdeb,1241.6,1,37,gamble_left,You won 5 dollars.,32,1,5,-1.88,0,1
39,29,60ee0205933c5e01fb46bdeb,1490.0,0,39,gamble_left,You received 0 dollars.,33,1,5,-2.5,0,2
119,29,60ee0205933c5e01fb46bdeb,1249.7,1,39,gamble_right,You lost -3.13 dollars.,34,1,5,-3.13,0,2
126,29,60ee0205933c5e01fb46bdeb,1331.9,1,39,gamble_right,You lost -3.75 dollars.,35,1,5,-3.75,0,2
95,29,60ee0205933c5e01fb46bdeb,1146.8,0,37,gamble_right,You received 0 dollars.,36,1,5,-4.38,0,2
141,29,60ee0205933c5e01fb46bdeb,1198.6,0,39,gamble_left,You received 0 dollars.,37,1,5,-5,0,2
122,29,60ee0205933c5e01fb46bdeb,1120.8,0,37,gamble_right,You received 0 dollars.,38,1,5,-5.63,0,2
143,29,60ee0205933c5e01fb46bdeb,1071.1,0,37,gamble_right,You received 0 dollars.,39,1,5,-6.25,0,2
31,29,60ee0205933c5e01fb46bdeb,976.1,0,37,gamble_right,You received 0 dollars.,40,1,5,-6.88,0,2
16,29,60ee0205933c5e01fb46bdeb,951.1,0,37,gamble_right,You received 0 dollars.,41,1,5,-7.5,0,2
17,29,60ee0205933c5e01fb46bdeb,1041.0,0,37,gamble_right,You received 0 dollars.,42,1,5,-8.13,0,2
105,29,60ee0205933c5e01fb46bdeb,1091.1,0,39,gamble_left,You received 0 dollars.,43,1,5,-8.75,0,2
134,29,60ee0205933c5e01fb46bdeb,1204.2,0,39,gamble_left,You received 0 dollars.,44,1,5,-9.38,0,2
59,29,60ee0205933c5e01fb46bdeb,1058.3,0,39,gamble_left,You received 0 dollars.,45,1,5,-10,0,2
11,29,60ee0205933c5e01fb46bdeb,1686.8,1,39,gamble_right,You lost -1.5 dollars.,46,1,6,-1.5,0,2
60,29,60ee0205933c5e01fb46bdeb,1152.8,1,37,gamble_left,You lost -2.25 dollars.,47,1,6,-2.25,0,2
47,29,60ee0205933c5e01fb46bdeb,1148.7,1,39,gamble_right,You won 6 dollars.,48,1,6,-3,0,1
136,29,60ee0205933c5e01fb46bdeb,1284.5,1,39,gamble_right,You lost -3.75 dollars.,49,1,6,-3.75,0,2
121,29,60ee0205933c5e01fb46bdeb,1776.4,0,37,gamble_right,You received 0 dollars.,50,1,6,-4.5,0,2
78,29,60ee0205933c5e01fb46bdeb,1128.8,0,39,gamble_left,You received 0 dollars.,51,1,6,-5.25,0,2
8,29,60ee0205933c5e01fb46bdeb,1120.5,0,39,gamble_left,You received 0 dollars.,52,1,6,-6,0,2
144,29,60ee0205933c5e01fb46bdeb,1198.6,0,37,gamble_right,You received 0 dollars.,53,1,6,-6.75,0,2
125,29,60ee0205933c5e01fb46bdeb,1117.8,0,39,gamble_left,You received 0 dollars.,54,1,6,-7.5,0,2
84,29,60ee0205933c5e01fb46bdeb,1123.8,0,39,gamble_left,You received 0 dollars.,55,1,6,-8.25,0,2
131,29,60ee0205933c5e01fb46bdeb,1082.4,0,39,gamble_left,You received 0 dollars.,56,1,6,-9,0,2
101,29,60ee0205933c5e01fb46bdeb,1110.4,0,37,gamble_right,You received 0 dollars.,57,1,6,-9.75,0,2
50,29,60ee0205933c5e01fb46bdeb,1195.1,0,39,gamble_left,You received 0 dollars.,58,1,6,-10.5,0,2
110,29,60ee0205933c5e01fb46bdeb,1077.1,0,37,gamble_right,You received 0 dollars.,59,1,6,-11.25,0,2
25,29,60ee0205933c5e01fb46bdeb,1158.4,0,39,gamble_left,You received 0 dollars.,60,1,6,-12,0,2
53,29,60ee0205933c5e01fb46bdeb,1047.3,0,37,gamble_right,You received 0 dollars.,61,1,8,-2,0,2
137,29,60ee0205933c5e01fb46bdeb,1183.8,0,39,gamble_left,You received 0 dollars.,62,1,8,-3,0,2
48,29,60ee0205933c5e01fb46bdeb,1065.3,0,39,gamble_left,You received 0 dollars.,63,1,8,-4,0,2
112,29,60ee0205933c5e01fb46bdeb,1150.2,0,37,gamble_right,You received 0 dollars.,64,1,8,-5,0,2
5,29,60ee0205933c5e01fb46bdeb,1386.7,1,39,gamble_right,You won 8 dollars.,65,1,8,-6,0,1
117,29,60ee0205933c5e01fb46bdeb,1212.9,0,37,gamble_right,You received 0 dollars.,66,1,8,-7,0,2
142,29,60ee0205933c5e01fb46bdeb,1184.8,1,37,gamble_left,You won 8 dollars.,67,1,8,-8,0,1
22,29,60ee0205933c5e01fb46bdeb,997.4,0,39,gamble_left,You received 0 dollars.,68,1,8,-9,0,2
102,29,60ee0205933c5e01fb46bdeb,1122.7,0,37,gamble_right,You received 0 dollars.,69,1,8,-10,0,2
135,29,60ee0205933c5e01fb46bdeb,1089.1,0,39,gamble_left,You received 0 dollars.,70,1,8,-11,0,2
65,29,60ee0205933c5e01fb46bdeb,1047.4,0,37,gamble_right,You received 0 dollars.,71,1,8,-12,0,2
146,29,60ee0205933c5e01fb46bdeb,1086.4,0,39,gamble_left,You received 0 dollars.,72,1,8,-13,0,2
128,29,60ee0205933c5e01fb46bdeb,1146.8,0,39,gamble_left,You received 0 dollars.,73,1,8,-14,0,2
88,29,60ee0205933c5e01fb46bdeb,1113.0,0,39,gamble_left,You received 0 dollars.,74,1,8,-15,0,2
55,29,60ee0205933c5e01fb46bdeb,1249.1,0,37,gamble_right,You received 0 dollars.,75,1,8,-16,0,2
77,29,60ee0205933c5e01fb46bdeb,1467.0,1,37,gamble_left,You won 9 dollars.,76,1,9,-2.25,0,1
9,29,60ee0205933c5e01fb46bdeb,918.6,1,37,gamble_left,You won 9 dollars.,77,1,9,-3.38,0,1
49,29,60ee0205933c5e01fb46bdeb,1347.3,0,39,gamble_left,You received 0 dollars.,78,1,9,-4.5,0,2
66,29,60ee0205933c5e01fb46bdeb,1265.3,0,39,gamble_left,You received 0 dollars.,79,1,9,-5.63,0,2
37,29,60ee0205933c5e01fb46bdeb,989.9,0,39,gamble_left,You received 0 dollars.,80,1,9,-6.75,0,2
64,29,60ee0205933c5e01fb46bdeb,1205.1,0,39,gamble_left,You received 0 dollars.,81,1,9,-7.88,0,2
118,29,60ee0205933c5e01fb46bdeb,1251.0,0,37,gamble_right,You received 0 dollars.,82,1,9,-9,0,2
83,29,60ee0205933c5e01fb46bdeb,1286.1,0,37,gamble_right,You received 0 dollars.,83,1,9,-10.13,0,2
57,29,60ee0205933c5e01fb46bdeb,1027.4,0,39,gamble_left,You received 0 dollars.,84,1,9,-11.25,0,2
92,29,60ee0205933c5e01fb46bdeb,978.5,0,39,gamble_left,You received 0 dollars.,85,1,9,-12.38,0,2
99,29,60ee0205933c5e01fb46bdeb,876.9,0,39,gamble_left,You received 0 dollars.,86,1,9,-13.5,0,2
63,29,60ee0205933c5e01fb46bdeb,916.1,0,39,gamble_left,You received 0 dollars.,87,1,9,-14.63,0,2
76,29,60ee0205933c5e01fb46bdeb,852.1,0,37,gamble_right,You received 0 dollars.,88,1,9,-15.75,0,2
72,29,60ee0205933c5e01fb46bdeb,976.5,0,39,gamble_left,You received 0 dollars.,89,1,9,-16.88,0,2
30,29,60ee0205933c5e01fb46bdeb,1039.3,0,39,gamble_left,You received 0 dollars.,90,1,9,-18,0,2
80,29,60ee0205933c5e01fb46bdeb,1203.0,1,37,gamble_left,You won 10 dollars.,91,1,10,-2.5,0,1
103,29,60ee0205933c5e01fb46bdeb,992.7,0,37,gamble_right,You received 0 dollars.,92,1,10,-3.75,0,2
15,29,60ee0205933c5e01fb46bdeb,992.1,0,37,gamble_right,You received 0 dollars.,93,1,10,-5,0,2
94,29,60ee0205933c5e01fb46bdeb,1126.2,0,39,gamble_left,You received 0 dollars.,94,1,10,-6.25,0,2
35,29,60ee0205933c5e01fb46bdeb,1002.8,0,39,gamble_left,You received 0 dollars.,95,1,10,-7.5,0,2
133,29,60ee0205933c5e01fb46bdeb,1528.3,0,39,gamble_left,You received 0 dollars.,96,1,10,-8.75,0,2
108,29,60ee0205933c5e01fb46bdeb,1475.3,0,39,gamble_left,You received 0 dollars.,97,1,10,-10,0,2
61,29,60ee0205933c5e01fb46bdeb,890.7,0,39,gamble_left,You received 0 dollars.,98,1,10,-11.25,0,2
149,29,60ee0205933c5e01fb46bdeb,966.5,0,39,gamble_left,You received 0 dollars.,99,1,10,-12.5,0,2
73,29,60ee0205933c5e01fb46bdeb,1308.7,0,37,gamble_right,You received 0 dollars.,100,1,10,-13.75,0,2
26,29,60ee0205933c5e01fb46bdeb,1071.4,0,39,gamble_left,You received 0 dollars.,101,1,10,-15,0,2
58,29,60ee0205933c5e01fb46bdeb,948.8,0,37,gamble_right,You received 0 dollars.,102,1,10,-16.25,0,2
85,29,60ee0205933c5e01fb46bdeb,1101.5,0,37,gamble_right,You received 0 dollars.,103,1,10,-17.5,0,2
28,29,60ee0205933c5e01fb46bdeb,971.5,0,39,gamble_left,You received 0 dollars.,104,1,10,-18.75,0,2
34,29,60ee0205933c5e01fb46bdeb,1284.4,0,39,gamble_left,You received 0 dollars.,105,1,10,-20,0,2
44,29,60ee0205933c5e01fb46bdeb,1077.4,0,39,gamble_left,You received 0 dollars.,106,1,12,-3,0,2
116,29,60ee0205933c5e01fb46bdeb,1291.7,1,37,gamble_left,You lost -4.5 dollars.,107,1,12,-4.5,0,2
96,29,60ee0205933c5e01fb46bdeb,1272.0,1,37,gamble_left,You won 12 dollars.,108,1,12,-6,0,1
132,29,60ee0205933c5e01fb46bdeb,1252.7,0,37,gamble_right,You received 0 dollars.,109,1,12,-7.5,0,2
147,29,60ee0205933c5e01fb46bdeb,NA,NA,NA,gamble_left,Trial missed.,110,1,12,-9,0,3
87,29,60ee0205933c5e01fb46bdeb,1089.9,0,39,gamble_left,You received 0 dollars.,111,1,12,-10.5,0,2
12,29,60ee0205933c5e01fb46bdeb,1364.2,0,37,gamble_right,You received 0 dollars.,112,1,12,-12,0,2
41,29,60ee0205933c5e01fb46bdeb,1052.3,0,37,gamble_right,You received 0 dollars.,113,1,12,-13.5,0,2
67,29,60ee0205933c5e01fb46bdeb,1122.9,0,39,gamble_left,You received 0 dollars.,114,1,12,-15,0,2
19,29,60ee0205933c5e01fb46bdeb,1122.2,0,39,gamble_left,You received 0 dollars.,115,1,12,-16.5,0,2
100,29,60ee0205933c5e01fb46bdeb,962.4,0,39,gamble_left,You received 0 dollars.,116,1,12,-18,0,2
138,29,60ee0205933c5e01fb46bdeb,1151.6,0,37,gamble_right,You received 0 dollars.,117,1,12,-19.5,0,2
127,29,60ee0205933c5e01fb46bdeb,1187.8,0,37,gamble_right,You received 0 dollars.,118,1,12,-21,0,2
120,29,60ee0205933c5e01fb46bdeb,1003.9,0,39,gamble_left,You received 0 dollars.,119,1,12,-22.5,0,2
93,29,60ee0205933c5e01fb46bdeb,1124.6,0,37,gamble_right,You received 0 dollars.,120,1,12,-24,0,2
33,29,60ee0205933c5e01fb46bdeb,1029.9,1,37,gamble_left,You received 0 dollars.,121,2,4,0,2,2
113,29,60ee0205933c5e01fb46bdeb,966.5,0,37,gamble_right,You won 4 dollars.,122,2,8,0,4,1
115,29,60ee0205933c5e01fb46bdeb,935.4,0,37,gamble_right,You won 6 dollars.,123,2,12,0,6,1
148,29,60ee0205933c5e01fb46bdeb,1148.7,1,37,gamble_left,You received 0 dollars.,124,2,18,0,9,2
27,29,60ee0205933c5e01fb46bdeb,1063.0,1,39,gamble_right,You received 0 dollars.,125,2,24,0,12,2
36,29,60ee0205933c5e01fb46bdeb,1222.8,1,39,gamble_right,You received 0 dollars.,126,2,5,0,3,2
97,29,60ee0205933c5e01fb46bdeb,1447.2,1,37,gamble_left,You received 0 dollars.,127,2,7,0,4,2
32,29,60ee0205933c5e01fb46bdeb,1149.5,0,39,gamble_left,You won 6 dollars.,128,2,10,0,6,1
54,29,60ee0205933c5e01fb46bdeb,1282.4,0,39,gamble_left,You won 10 dollars.,129,2,17,0,10,1
70,29,60ee0205933c5e01fb46bdeb,1374.0,0,37,gamble_right,You won 13 dollars.,130,2,22,0,13,1
29,29,60ee0205933c5e01fb46bdeb,785.6,0,39,gamble_left,You won 13 dollars.,131,2,28,0,13,1
14,29,60ee0205933c5e01fb46bdeb,1113.1,1,37,gamble_left,You received 0 dollars.,132,2,5,0,2,2
52,29,60ee0205933c5e01fb46bdeb,868.4,0,37,gamble_right,You won 10 dollars.,133,2,26,0,10,1
43,29,60ee0205933c5e01fb46bdeb,1206.8,1,37,gamble_left,You won 7 dollars.,134,2,7,0,3,1
45,29,60ee0205933c5e01fb46bdeb,1107.2,0,39,gamble_left,You won 5 dollars.,135,2,13,0,5,1
82,29,60ee0205933c5e01fb46bdeb,1487.3,0,39,gamble_left,You won 6 dollars.,136,2,12,0,6,1
1,29,60ee0205933c5e01fb46bdeb,980.9,0,39,gamble_left,You won 10 dollars.,137,2,25,0,10,1
140,29,60ee0205933c5e01fb46bdeb,1396.5,1,37,gamble_left,You received 0 dollars.,138,2,4,0,2,2
79,29,60ee0205933c5e01fb46bdeb,1421.9,1,39,gamble_right,You won 3 dollars.,139,2,3,0,1,1
4,29,60ee0205933c5e01fb46bdeb,755.1,0,39,gamble_left,You won 9 dollars.,140,2,25,0,9,1
10,29,60ee0205933c5e01fb46bdeb,1154.1,1,39,gamble_right,You received 0 dollars.,141,2,13,0,6,2
62,29,60ee0205933c5e01fb46bdeb,966.0,0,37,gamble_right,You won 10 dollars.,142,2,22,0,10,1
90,29,60ee0205933c5e01fb46bdeb,1143.9,0,37,gamble_right,You won 5 dollars.,143,2,12,0,5,1
106,29,60ee0205933c5e01fb46bdeb,1822.0,1,39,gamble_right,You received 0 dollars.,144,2,2,0,1,2
24,29,60ee0205933c5e01fb46bdeb,984.1,1,39,gamble_right,You received 0 dollars.,145,2,8,0,3,2
139,29,60ee0205933c5e01fb46bdeb,1185.3,0,37,gamble_right,You won 8 dollars.,146,2,19,0,8,1
20,29,60ee0205933c5e01fb46bdeb,998.6,0,39,gamble_left,You won 12 dollars.,147,2,26,0,12,1
98,29,60ee0205933c5e01fb46bdeb,1520.8,1,39,gamble_right,You won 30 dollars.,148,2,30,0,12,1
40,29,60ee0205933c5e01fb46bdeb,1591.9,0,37,gamble_right,You won 10 dollars.,149,2,23,0,10,1
145,29,60ee0205933c5e01fb46bdeb,1471.6,1,37,gamble_left,You won 12 dollars.,150,2,12,0,4,1