trial_index,ID,subject,rt,responses,key_press,gamble_location,stimulus,Trial_ID,Trial_Type,Gain,Loss,Certain,Trial_Outcome
46,30,60b0f68c2d6061d4fce96316,770,1,39,gamble_right,You lost -0.5 dollars.,1,1,2,-0.5,0,2
124,30,60b0f68c2d6061d4fce96316,467,1,37,gamble_left,You won 2 dollars.,2,1,2,-0.75,0,1
10,30,60b0f68c2d6061d4fce96316,923.8,1,39,gamble_right,You lost -1 dollars.,3,1,2,-1,0,2
16,30,60b0f68c2d6061d4fce96316,1049.7,1,39,gamble_right,You won 2 dollars.,4,1,2,-1.25,0,1
14,30,60b0f68c2d6061d4fce96316,999.1,1,39,gamble_right,You won 2 dollars.,5,1,2,-1.5,0,1
140,30,60b0f68c2d6061d4fce96316,521.6,1,37,gamble_left,You won 2 dollars.,6,1,2,-1.75,0,1
79,30,60b0f68c2d6061d4fce96316,566.8,1,39,gamble_right,You won 2 dollars.,7,1,2,-2,0,1
43,30,60b0f68c2d6061d4fce96316,1145.1,1,39,gamble_right,You lost -2.25 dollars.,8,1,2,-2.25,0,2
29,30,60b0f68c2d6061d4fce96316,1079.8,1,39,gamble_right,You won 2 dollars.,9,1,2,-2.5,0,1
56,30,60b0f68c2d6061d4fce96316,796.6,1,39,gamble_right,You won 2 dollars.,10,1,2,-2.75,0,1
19,30,60b0f68c2d6061d4fce96316,1137.6,0,37,gamble_right,You received 0 dollars.,11,1,2,-3,0,2
83,30,60b0f68c2d6061d4fce96316,734.7,1,37,gamble_left,You won 2 dollars.,12,1,2,-3.25,0,1
31,30,60b0f68c2d6061d4fce96316,1015.5,1,39,gamble_right,You won 2 dollars.,13,1,2,-3.5,0,1
47,30,60b0f68c2d6061d4fce96316,850.2,1,39,gamble_right,You lost -3.75 dollars.,14,1,2,-3.75,0,2
105,30,60b0f68c2d6061d4fce96316,530,1,37,gamble_left,You lost -4 dollars.,15,1,2,-4,0,2
27,30,60b0f68c2d6061d4fce96316,959,1,37,gamble_left,You won 4 dollars.,16,1,4,-1,0,1
28,30,60b0f68c2d6061d4fce96316,1093.7,1,39,gamble_right,You lost -1.5 dollars.,17,1,4,-1.5,0,2
44,30,60b0f68c2d6061d4fce96316,1079.5,1,39,gamble_right,You lost -2 dollars.,18,1,4,-2,0,2
133,30,60b0f68c2d6061d4fce96316,459.8,1,39,gamble_right,You lost -2.5 dollars.,19,1,4,-2.5,0,2
137,30,60b0f68c2d6061d4fce96316,543.8,1,39,gamble_right,You won 4 dollars.,20,1,4,-3,0,1
2,30,60b0f68c2d6061d4fce96316,960,1,39,gamble_right,You lost -3.5 dollars.,21,1,4,-3.5,0,2
36,30,60b0f68c2d6061d4fce96316,886.4,1,39,gamble_right,You won 4 dollars.,22,1,4,-4,0,1
74,30,60b0f68c2d6061d4fce96316,831,1,37,gamble_left,You won 4 dollars.,23,1,4,-4.5,0,1
65,30,60b0f68c2d6061d4fce96316,990.6,1,37,gamble_left,You won 4 dollars.,24,1,4,-5,0,1
94,30,60b0f68c2d6061d4fce96316,692.3,1,39,gamble_right,You won 4 dollars.,25,1,4,-5.5,0,1
110,30,60b0f68c2d6061d4fce96316,575.8,1,39,gamble_right,You lost -6 dollars.,26,1,4,-6,0,2
4,30,60b0f68c2d6061d4fce96316,868.8,1,37,gamble_left,You lost -6.5 dollars.,27,1,4,-6.5,0,2
150,30,60b0f68c2d6061d4fce96316,541,1,37,gamble_left,You lost -7 dollars.,28,1,4,-7,0,2
50,30,60b0f68c2d6061d4fce96316,1187.6,0,37,gamble_right,You received 0 dollars.,29,1,4,-7.5,0,2
87,30,60b0f68c2d6061d4fce96316,612.6,1,39,gamble_right,You lost -8 dollars.,30,1,4,-8,0,2
144,30,60b0f68c2d6061d4fce96316,706.4,1,37,gamble_left,You lost -1.25 dollars.,31,1,5,-1.25,0,2
42,30,60b0f68c2d6061d4fce96316,1020.9,1,37,gamble_left,You won 5 dollars.,32,1,5,-1.88,0,1
18,30,60b0f68c2d6061d4fce96316,1099.9,1,39,gamble_right,You lost -2.5 dollars.,33,1,5,-2.5,0,2
120,30,60b0f68c2d6061d4fce96316,451.9,1,37,gamble_left,You won 5 dollars.,34,1,5,-3.13,0,1
37,30,60b0f68c2d6061d4fce96316,1159.4,1,39,gamble_right,You won 5 dollars.,35,1,5,-3.75,0,1
112,30,60b0f68c2d6061d4fce96316,754.8,1,39,gamble_right,You won 5 dollars.,36,1,5,-4.38,0,1
39,30,60b0f68c2d6061d4fce96316,1010.1,1,39,gamble_right,You lost -5 dollars.,37,1,5,-5,0,2
34,30,60b0f68c2d6061d4fce96316,1204.2,0,39,gamble_left,You received 0 dollars.,38,1,5,-5.63,0,2
59,30,60b0f68c2d6061d4fce96316,1052.9,1,37,gamble_left,You won 5 dollars.,39,1,5,-6.25,0,1
142,30,60b0f68c2d6061d4fce96316,686.9,1,37,gamble_left,You lost -6.88 dollars.,40,1,5,-6.88,0,2
84,30,60b0f68c2d6061d4fce96316,630.7,1,39,gamble_right,You lost -7.5 dollars.,41,1,5,-7.5,0,2
1,30,60b0f68c2d6061d4fce96316,1184.3,1,39,gamble_right,You won 5 dollars.,42,1,5,-8.13,0,1
104,30,60b0f68c2d6061d4fce96316,648.6,1,39,gamble_right,You lost -8.75 dollars.,43,1,5,-8.75,0,2
99,30,60b0f68c2d6061d4fce96316,575.9,1,37,gamble_left,You lost -9.38 dollars.,44,1,5,-9.38,0,2
143,30,60b0f68c2d6061d4fce96316,688,1,37,gamble_left,You lost -10 dollars.,45,1,5,-10,0,2
115,30,60b0f68c2d6061d4fce96316,440.3,1,37,gamble_left,You won 6 dollars.,46,1,6,-1.5,0,1
23,30,60b0f68c2d6061d4fce96316,840.5,1,37,gamble_left,You won 6 dollars.,47,1,6,-2.25,0,1
55,30,60b0f68c2d6061d4fce96316,722,1,37,gamble_left,You lost -3 dollars.,48,1,6,-3,0,2
45,30,60b0f68c2d6061d4fce96316,781.7,1,39,gamble_right,You lost -3.75 dollars.,49,1,6,-3.75,0,2
89,30,60b0f68c2d6061d4fce96316,682.4,1,37,gamble_left,You lost -4.5 dollars.,50,1,6,-4.5,0,2
11,30,60b0f68c2d6061d4fce96316,1001.7,1,39,gamble_right,You won 6 dollars.,51,1,6,-5.25,0,1
75,30,60b0f68c2d6061d4fce96316,734.8,1,39,gamble_right,You won 6 dollars.,52,1,6,-6,0,1
149,30,60b0f68c2d6061d4fce96316,537,1,39,gamble_right,You won 6 dollars.,53,1,6,-6.75,0,1
138,30,60b0f68c2d6061d4fce96316,452.6,1,39,gamble_right,You lost -7.5 dollars.,54,1,6,-7.5,0,2
61,30,60b0f68c2d6061d4fce96316,1295.7,1,37,gamble_left,You lost -8.25 dollars.,55,1,6,-8.25,0,2
126,30,60b0f68c2d6061d4fce96316,578.7,1,39,gamble_right,You won 6 dollars.,56,1,6,-9,0,1
117,30,60b0f68c2d6061d4fce96316,492.2,1,39,gamble_right,You won 6 dollars.,57,1,6,-9.75,0,1
70,30,60b0f68c2d6061d4fce96316,908.1,1,39,gamble_right,You won 6 dollars.,58,1,6,-10.5,0,1
139,30,60b0f68c2d6061d4fce96316,612.2,1,37,gamble_left,You lost -11.25 dollars.,59,1,6,-11.25,0,2
66,30,60b0f68c2d6061d4fce96316,633.3,1,37,gamble_left,You lost -12 dollars.,60,1,6,-12,0,2
68,30,60b0f68c2d6061d4fce96316,718.9,1,37,gamble_left,You won 8 dollars.,61,1,8,-2,0,1
80,30,60b0f68c2d6061d4fce96316,645.1,1,37,gamble_left,You won 8 dollars.,62,1,8,-3,0,1
38,30,60b0f68c2d6061d4fce96316,875.4,0,39,gamble_left,You received 0 dollars.,63,1,8,-4,0,2
129,30,60b0f68c2d6061d4fce96316,550.8,1,39,gamble_right,You won 8 dollars.,64,1,8,-5,0,1
92,30,60b0f68c2d6061d4fce96316,719.5,1,39,gamble_right,You won 8 dollars.,65,1,8,-6,0,1
25,30,60b0f68c2d6061d4fce96316,784,1,39,gamble_right,You lost -7 dollars.,66,1,8,-7,0,2
54,30,60b0f68c2d6061d4fce96316,820.8,1,37,gamble_left,You won 8 dollars.,67,1,8,-8,0,1
111,30,60b0f68c2d6061d4fce96316,701.6,1,37,gamble_left,You won 8 dollars.,68,1,8,-9,0,1
128,30,60b0f68c2d6061d4fce96316,465,1,37,gamble_left,You won 8 dollars.,69,1,8,-10,0,1
141,30,60b0f68c2d6061d4fce96316,464.5,1,37,gamble_left,You won 8 dollars.,70,1,8,-11,0,1
121,30,60b0f68c2d6061d4fce96316,397.9,1,37,gamble_left,You won 8 dollars.,71,1,8,-12,0,1
116,30,60b0f68c2d6061d4fce96316,572.9,1,39,gamble_right,You lost -13 dollars.,72,1,8,-13,0,2
13,30,60b0f68c2d6061d4fce96316,814.6,1,39,gamble_right,You lost -14 dollars.,73,1,8,-14,0,2
88,30,60b0f68c2d6061d4fce96316,774.3,1,39,gamble_right,You lost -15 dollars.,74,1,8,-15,0,2
146,30,60b0f68c2d6061d4fce96316,778.8,1,37,gamble_left,You won 8 dollars.,75,1,8,-16,0,1
131,30,60b0f68c2d6061d4fce96316,522.7,1,37,gamble_left,You lost -2.25 dollars.,76,1,9,-2.25,0,2
93,30,60b0f68c2d6061d4fce96316,779.9,1,37,gamble_left,You lost -3.38 dollars.,77,1,9,-3.38,0,2
148,30,60b0f68c2d6061d4fce96316,461.7,1,37,gamble_left,You won 9 dollars.,78,1,9,-4.5,0,1
97,30,60b0f68c2d6061d4fce96316,776.8,1,37,gamble_left,You won 9 dollars.,79,1,9,-5.63,0,1
125,30,60b0f68c2d6061d4fce96316,516.7,1,37,gamble_left,You won 9 dollars.,80,1,9,-6.75,0,1
15,30,60b0f68c2d6061d4fce96316,1175.1,1,39,gamble_right,You won 9 dollars.,81,1,9,-7.88,0,1
107,30,60b0f68c2d6061d4fce96316,556,1,37,gamble_left,You lost -9 dollars.,82,1,9,-9,0,2
24,30,60b0f68c2d6061d4fce96316,755.6,1,39,gamble_right,You won 9 dollars.,83,1,9,-10.13,0,1
9,30,60b0f68c2d6061d4fce96316,899.7,1,39,gamble_right,You lost -11.25 dollars.,84,1,9,-11.25,0,2
8,30,60b0f68c2d6061d4fce96316,1672.3,1,37,gamble_left,You won 9 dollars.,85,1,9,-12.38,0,1
147,30,60b0f68c2d6061d4fce96316,663.6,1,39,gamble_right,You lost -13.5 dollars.,86,1,9,-13.5,0,2
41,30,60b0f68c2d6061d4fce96316,891.4,0,37,gamble_right,You received 0 dollars.,87,1,9,-14.63,0,2
52,30,60b0f68c2d6061d4fce96316,1031.3,0,37,gamble_right,You received 0 dollars.,88,1,9,-15.75,0,2
78,30,60b0f68c2d6061d4fce96316,1259.3,1,37,gamble_left,You lost -16.88 dollars.,89,1,9,-16.88,0,2
109,30,60b0f68c2d6061d4fce96316,672.2,1,39,gamble_right,You won 9 dollars.,90,1,9,-18,0,1
90,30,60b0f68c2d6061d4fce96316,741.2,1,37,gamble_left,You lost -2.5 dollars.,91,1,10,-2.5,0,2
118,30,60b0f68c2d6061d4fce96316,467.8,1,37,gamble_left,You lost -3.75 dollars.,92,1,10,-3.75,0,2
30,30,60b0f68c2d6061d4fce96316,793.8,1,37,gamble_left,You won 10 dollars.,93,1,10,-5,0,1
20,30,60b0f68c2d6061d4fce96316,1019.6,1,39,gamble_right,You lost -6.25 dollars.,94,1,10,-6.25,0,2
103,30,60b0f68c2d6061d4fce96316,633,1,37,gamble_left,You lost -7.5 dollars.,95,1,10,-7.5,0,2
17,30,60b0f68c2d6061d4fce96316,990,1,37,gamble_left,You won 10 dollars.,96,1,10,-8.75,0,1
33,30,60b0f68c2d6061d4fce96316,1284.9,0,37,gamble_right,You received 0 dollars.,97,1,10,-10,0,2
91,30,60b0f68c2d6061d4fce96316,950.2,1,39,gamble_right,You lost -11.25 dollars.,98,1,10,-11.25,0,2
32,30,60b0f68c2d6061d4fce96316,1083,0,39,gamble_left,You received 0 dollars.,99,1,10,-12.5,0,2
5,30,60b0f68c2d6061d4fce96316,1211.5,0,39,gamble_left,You received 0 dollars.,100,1,10,-13.75,0,2
76,30,60b0f68c2d6061d4fce96316,641.6,1,37,gamble_left,You won 10 dollars.,101,1,10,-15,0,1
108,30,60b0f68c2d6061d4fce96316,491.8,1,39,gamble_right,You won 10 dollars.,102,1,10,-16.25,0,1
85,30,60b0f68c2d6061d4fce96316,546.5,1,37,gamble_left,You won 10 dollars.,103,1,10,-17.5,0,1
35,30,60b0f68c2d6061d4fce96316,1236.2,0,37,gamble_right,You received 0 dollars.,104,1,10,-18.75,0,2
62,30,60b0f68c2d6061d4fce96316,1121.5,0,37,gamble_right,You received 0 dollars.,105,1,10,-20,0,2
7,30,60b0f68c2d6061d4fce96316,933.3,1,39,gamble_right,You won 12 dollars.,106,1,12,-3,0,1
95,30,60b0f68c2d6061d4fce96316,648.1,1,37,gamble_left,You won 12 dollars.,107,1,12,-4.5,0,1
3,30,60b0f68c2d6061d4fce96316,973.8,1,39,gamble_right,You won 12 dollars.,108,1,12,-6,0,1
123,30,60b0f68c2d6061d4fce96316,456.9,1,37,gamble_left,You won 12 dollars.,109,1,12,-7.5,0,1
86,30,60b0f68c2d6061d4fce96316,800.1,1,37,gamble_left,You won 12 dollars.,110,1,12,-9,0,1
127,30,60b0f68c2d6061d4fce96316,395.8,1,37,gamble_left,You won 12 dollars.,111,1,12,-10.5,0,1
12,30,60b0f68c2d6061d4fce96316,851.8,1,37,gamble_left,You lost -12 dollars.,112,1,12,-12,0,2
135,30,60b0f68c2d6061d4fce96316,729.4,1,39,gamble_right,You won 12 dollars.,113,1,12,-13.5,0,1
71,30,60b0f68c2d6061d4fce96316,780.8,1,39,gamble_right,You lost -15 dollars.,114,1,12,-15,0,2
136,30,60b0f68c2d6061d4fce96316,506,1,39,gamble_right,You won 12 dollars.,115,1,12,-16.5,0,1
119,30,60b0f68c2d6061d4fce96316,524.5,1,39,gamble_right,You won 12 dollars.,116,1,12,-18,0,1
98,30,60b0f68c2d6061d4fce96316,816.3,1,39,gamble_right,You lost -19.5 dollars.,117,1,12,-19.5,0,2
51,30,60b0f68c2d6061d4fce96316,826,1,39,gamble_right,You lost -21 dollars.,118,1,12,-21,0,2
63,30,60b0f68c2d6061d4fce96316,1023.7,1,37,gamble_left,You won 12 dollars.,119,1,12,-22.5,0,1
40,30,60b0f68c2d6061d4fce96316,969.2,1,39,gamble_right,You won 12 dollars.,120,1,12,-24,0,1
26,30,60b0f68c2d6061d4fce96316,889.3,1,37,gamble_left,You won 4 dollars.,121,2,4,0,2,1
122,30,60b0f68c2d6061d4fce96316,693.9,1,39,gamble_right,You received 0 dollars.,122,2,8,0,4,2
114,30,60b0f68c2d6061d4fce96316,592.1,1,37,gamble_left,You received 0 dollars.,123,2,12,0,6,2
102,30,60b0f68c2d6061d4fce96316,780.9,1,39,gamble_right,You won 18 dollars.,124,2,18,0,9,1
73,30,60b0f68c2d6061d4fce96316,993.5,1,39,gamble_right,You received 0 dollars.,125,2,24,0,12,2
58,30,60b0f68c2d6061d4fce96316,875.2,1,37,gamble_left,You won 5 dollars.,126,2,5,0,3,1
113,30,60b0f68c2d6061d4fce96316,926.9,1,39,gamble_right,You won 7 dollars.,127,2,7,0,4,1
81,30,60b0f68c2d6061d4fce96316,585,1,37,gamble_left,You received 0 dollars.,128,2,10,0,6,2
145,30,60b0f68c2d6061d4fce96316,502.6,1,37,gamble_left,You received 0 dollars.,129,2,17,0,10,2
130,30,60b0f68c2d6061d4fce96316,412.8,1,39,gamble_right,You won 22 dollars.,130,2,22,0,13,1
77,30,60b0f68c2d6061d4fce96316,691,0,39,gamble_left,You won 13 dollars.,131,2,28,0,13,1
69,30,60b0f68c2d6061d4fce96316,982.9,1,37,gamble_left,You received 0 dollars.,132,2,5,0,2,2
67,30,60b0f68c2d6061d4fce96316,705.7,1,37,gamble_left,You won 26 dollars.,133,2,26,0,10,1
132,30,60b0f68c2d6061d4fce96316,514.2,1,39,gamble_right,You received 0 dollars.,134,2,7,0,3,2
57,30,60b0f68c2d6061d4fce96316,856.5,1,39,gamble_right,You won 13 dollars.,135,2,13,0,5,1
82,30,60b0f68c2d6061d4fce96316,1185.3,1,39,gamble_right,You won 12 dollars.,136,2,12,0,6,1
60,30,60b0f68c2d6061d4fce96316,783.9,0,37,gamble_right,You won 10 dollars.,137,2,25,0,10,1
96,30,60b0f68c2d6061d4fce96316,979.7,1,39,gamble_right,You received 0 dollars.,138,2,4,0,2,2
64,30,60b0f68c2d6061d4fce96316,875.6,1,37,gamble_left,You received 0 dollars.,139,2,3,0,1,2
100,30,60b0f68c2d6061d4fce96316,460.8,1,37,gamble_left,You received 0 dollars.,140,2,25,0,9,2
48,30,60b0f68c2d6061d4fce96316,745.1,1,37,gamble_left,You received 0 dollars.,141,2,13,0,6,2
53,30,60b0f68c2d6061d4fce96316,926.7,1,37,gamble_left,You received 0 dollars.,142,2,22,0,10,2
134,30,60b0f68c2d6061d4fce96316,525.9,1,37,gamble_left,You won 12 dollars.,143,2,12,0,5,1
106,30,60b0f68c2d6061d4fce96316,475.3,1,39,gamble_right,You received 0 dollars.,144,2,2,0,1,2
6,30,60b0f68c2d6061d4fce96316,975.6,1,39,gamble_right,You won 8 dollars.,145,2,8,0,3,1
49,30,60b0f68c2d6061d4fce96316,832.5,1,39,gamble_right,You won 19 dollars.,146,2,19,0,8,1
72,30,60b0f68c2d6061d4fce96316,1215.2,1,39,gamble_right,You won 26 dollars.,147,2,26,0,12,1
21,30,60b0f68c2d6061d4fce96316,868,1,37,gamble_left,You won 30 dollars.,148,2,30,0,12,1
101,30,60b0f68c2d6061d4fce96316,799.8,1,37,gamble_left,You received 0 dollars.,149,2,23,0,10,2
22,30,60b0f68c2d6061d4fce96316,902.2,1,39,gamble_right,You received 0 dollars.,150,2,12,0,4,2