trial_index,ID,subject,rt,responses,key_press,gamble_location,stimulus,Trial_ID,Trial_Type,Gain,Loss,Certain,Trial_Outcome
127,31,60e564056acbe72cb648e68a,957.4,1,37,gamble_left,You won 2 dollars.,1,1,2,-0.5,0,1
140,31,60e564056acbe72cb648e68a,695.6,0,37,gamble_right,You received 0 dollars.,2,1,2,-0.75,0,2
112,31,60e564056acbe72cb648e68a,566.8,0,39,gamble_left,You received 0 dollars.,3,1,2,-1,0,2
125,31,60e564056acbe72cb648e68a,887,0,37,gamble_right,You received 0 dollars.,4,1,2,-1.25,0,2
142,31,60e564056acbe72cb648e68a,588.5,0,37,gamble_right,You received 0 dollars.,5,1,2,-1.5,0,2
55,31,60e564056acbe72cb648e68a,978.9,1,37,gamble_left,You lost -1.75 dollars.,6,1,2,-1.75,0,2
73,31,60e564056acbe72cb648e68a,542,0,37,gamble_right,You received 0 dollars.,7,1,2,-2,0,2
9,31,60e564056acbe72cb648e68a,551.7,1,39,gamble_right,You lost -2.25 dollars.,8,1,2,-2.25,0,2
33,31,60e564056acbe72cb648e68a,809.4,1,37,gamble_left,You won 2 dollars.,9,1,2,-2.5,0,1
59,31,60e564056acbe72cb648e68a,972.2,0,37,gamble_right,You received 0 dollars.,10,1,2,-2.75,0,2
136,31,60e564056acbe72cb648e68a,615.2,0,37,gamble_right,You received 0 dollars.,11,1,2,-3,0,2
109,31,60e564056acbe72cb648e68a,544.7,0,39,gamble_left,You received 0 dollars.,12,1,2,-3.25,0,2
95,31,60e564056acbe72cb648e68a,502.5,0,39,gamble_left,You received 0 dollars.,13,1,2,-3.5,0,2
106,31,60e564056acbe72cb648e68a,519.7,0,37,gamble_right,You received 0 dollars.,14,1,2,-3.75,0,2
121,31,60e564056acbe72cb648e68a,634.3,0,39,gamble_left,You received 0 dollars.,15,1,2,-4,0,2
88,31,60e564056acbe72cb648e68a,579.2,0,37,gamble_right,You received 0 dollars.,16,1,4,-1,0,2
66,31,60e564056acbe72cb648e68a,747.9,0,37,gamble_right,You received 0 dollars.,17,1,4,-1.5,0,2
69,31,60e564056acbe72cb648e68a,483.1,0,39,gamble_left,You received 0 dollars.,18,1,4,-2,0,2
102,31,60e564056acbe72cb648e68a,505.3,0,39,gamble_left,You received 0 dollars.,19,1,4,-2.5,0,2
16,31,60e564056acbe72cb648e68a,582.4,1,39,gamble_right,You won 4 dollars.,20,1,4,-3,0,1
78,31,60e564056acbe72cb648e68a,616,0,39,gamble_left,You received 0 dollars.,21,1,4,-3.5,0,2
25,31,60e564056acbe72cb648e68a,590.1,1,39,gamble_right,You lost -4 dollars.,22,1,4,-4,0,2
37,31,60e564056acbe72cb648e68a,721.6,1,39,gamble_right,You won 4 dollars.,23,1,4,-4.5,0,1
20,31,60e564056acbe72cb648e68a,528.5,1,39,gamble_right,You lost -5 dollars.,24,1,4,-5,0,2
14,31,60e564056acbe72cb648e68a,776.1,1,37,gamble_left,You won 4 dollars.,25,1,4,-5.5,0,1
28,31,60e564056acbe72cb648e68a,809.8,0,39,gamble_left,You received 0 dollars.,26,1,4,-6,0,2
47,31,60e564056acbe72cb648e68a,700.3,1,39,gamble_right,You lost -6.5 dollars.,27,1,4,-6.5,0,2
58,31,60e564056acbe72cb648e68a,954.5,0,39,gamble_left,You received 0 dollars.,28,1,4,-7,0,2
42,31,60e564056acbe72cb648e68a,711.7,1,37,gamble_left,You won 4 dollars.,29,1,4,-7.5,0,1
41,31,60e564056acbe72cb648e68a,664.2,1,39,gamble_right,You lost -8 dollars.,30,1,4,-8,0,2
122,31,60e564056acbe72cb648e68a,1019.6,0,37,gamble_right,You received 0 dollars.,31,1,5,-1.25,0,2
128,31,60e564056acbe72cb648e68a,803.3,0,39,gamble_left,You received 0 dollars.,32,1,5,-1.88,0,2
3,31,60e564056acbe72cb648e68a,503.7,1,37,gamble_left,You lost -2.5 dollars.,33,1,5,-2.5,0,2
13,31,60e564056acbe72cb648e68a,521.1,1,39,gamble_right,You lost -3.13 dollars.,34,1,5,-3.13,0,2
147,31,60e564056acbe72cb648e68a,502.1,0,39,gamble_left,You received 0 dollars.,35,1,5,-3.75,0,2
81,31,60e564056acbe72cb648e68a,594.9,0,39,gamble_left,You received 0 dollars.,36,1,5,-4.38,0,2
146,31,60e564056acbe72cb648e68a,700.5,0,37,gamble_right,You received 0 dollars.,37,1,5,-5,0,2
103,31,60e564056acbe72cb648e68a,609.2,0,39,gamble_left,You received 0 dollars.,38,1,5,-5.63,0,2
75,31,60e564056acbe72cb648e68a,612.4,0,37,gamble_right,You received 0 dollars.,39,1,5,-6.25,0,2
118,31,60e564056acbe72cb648e68a,584.5,0,37,gamble_right,You received 0 dollars.,40,1,5,-6.88,0,2
36,31,60e564056acbe72cb648e68a,618.3,1,39,gamble_right,You lost -7.5 dollars.,41,1,5,-7.5,0,2
137,31,60e564056acbe72cb648e68a,657,0,37,gamble_right,You received 0 dollars.,42,1,5,-8.13,0,2
15,31,60e564056acbe72cb648e68a,673.8,1,37,gamble_left,You lost -8.75 dollars.,43,1,5,-8.75,0,2
138,31,60e564056acbe72cb648e68a,614.9,0,37,gamble_right,You received 0 dollars.,44,1,5,-9.38,0,2
93,31,60e564056acbe72cb648e68a,541.3,0,39,gamble_left,You received 0 dollars.,45,1,5,-10,0,2
29,31,60e564056acbe72cb648e68a,969.6,1,37,gamble_left,You lost -1.5 dollars.,46,1,6,-1.5,0,2
30,31,60e564056acbe72cb648e68a,812.8,1,37,gamble_left,You won 6 dollars.,47,1,6,-2.25,0,1
19,31,60e564056acbe72cb648e68a,497,1,39,gamble_right,You lost -3 dollars.,48,1,6,-3,0,2
105,31,60e564056acbe72cb648e68a,525.3,0,37,gamble_right,You received 0 dollars.,49,1,6,-3.75,0,2
63,31,60e564056acbe72cb648e68a,648.2,0,37,gamble_right,You received 0 dollars.,50,1,6,-4.5,0,2
135,31,60e564056acbe72cb648e68a,621.4,0,37,gamble_right,You received 0 dollars.,51,1,6,-5.25,0,2
89,31,60e564056acbe72cb648e68a,526.9,0,37,gamble_right,You received 0 dollars.,52,1,6,-6,0,2
77,31,60e564056acbe72cb648e68a,1078.9,0,39,gamble_left,You received 0 dollars.,53,1,6,-6.75,0,2
18,31,60e564056acbe72cb648e68a,526.7,1,39,gamble_right,You won 6 dollars.,54,1,6,-7.5,0,1
108,31,60e564056acbe72cb648e68a,533.6,0,37,gamble_right,You received 0 dollars.,55,1,6,-8.25,0,2
123,31,60e564056acbe72cb648e68a,848.1,1,37,gamble_left,You won 6 dollars.,56,1,6,-9,0,1
62,31,60e564056acbe72cb648e68a,904.9,0,39,gamble_left,You received 0 dollars.,57,1,6,-9.75,0,2
68,31,60e564056acbe72cb648e68a,795.7,0,39,gamble_left,You received 0 dollars.,58,1,6,-10.5,0,2
23,31,60e564056acbe72cb648e68a,512.3,1,39,gamble_right,You won 6 dollars.,59,1,6,-11.25,0,1
21,31,60e564056acbe72cb648e68a,491.7,1,39,gamble_right,You lost -12 dollars.,60,1,6,-12,0,2
101,31,60e564056acbe72cb648e68a,1072.7,0,37,gamble_right,You received 0 dollars.,61,1,8,-2,0,2
110,31,60e564056acbe72cb648e68a,516,0,37,gamble_right,You received 0 dollars.,62,1,8,-3,0,2
148,31,60e564056acbe72cb648e68a,558.3,0,37,gamble_right,You received 0 dollars.,63,1,8,-4,0,2
130,31,60e564056acbe72cb648e68a,825.9,1,37,gamble_left,You lost -5 dollars.,64,1,8,-5,0,2
99,31,60e564056acbe72cb648e68a,506.6,0,37,gamble_right,You received 0 dollars.,65,1,8,-6,0,2
26,31,60e564056acbe72cb648e68a,744.4,1,39,gamble_right,You lost -7 dollars.,66,1,8,-7,0,2
65,31,60e564056acbe72cb648e68a,970.5,0,39,gamble_left,You received 0 dollars.,67,1,8,-8,0,2
120,31,60e564056acbe72cb648e68a,762.8,1,37,gamble_left,You won 8 dollars.,68,1,8,-9,0,1
113,31,60e564056acbe72cb648e68a,467.6,0,37,gamble_right,You received 0 dollars.,69,1,8,-10,0,2
117,31,60e564056acbe72cb648e68a,558.9,0,39,gamble_left,You received 0 dollars.,70,1,8,-11,0,2
79,31,60e564056acbe72cb648e68a,697.3,0,37,gamble_right,You received 0 dollars.,71,1,8,-12,0,2
32,31,60e564056acbe72cb648e68a,1107.6,1,37,gamble_left,You lost -13 dollars.,72,1,8,-13,0,2
53,31,60e564056acbe72cb648e68a,537.1,1,39,gamble_right,You won 8 dollars.,73,1,8,-14,0,1
56,31,60e564056acbe72cb648e68a,682.3,1,37,gamble_left,You won 8 dollars.,74,1,8,-15,0,1
40,31,60e564056acbe72cb648e68a,1024.7,1,37,gamble_left,You won 8 dollars.,75,1,8,-16,0,1
2,31,60e564056acbe72cb648e68a,559.3,1,37,gamble_left,You won 9 dollars.,76,1,9,-2.25,0,1
46,31,60e564056acbe72cb648e68a,937.4,1,37,gamble_left,You won 9 dollars.,77,1,9,-3.38,0,1
1,31,60e564056acbe72cb648e68a,723.4,1,39,gamble_right,You won 9 dollars.,78,1,9,-4.5,0,1
119,31,60e564056acbe72cb648e68a,708.6,0,37,gamble_right,You received 0 dollars.,79,1,9,-5.63,0,2
4,31,60e564056acbe72cb648e68a,558.3,1,39,gamble_right,You lost -6.75 dollars.,80,1,9,-6.75,0,2
17,31,60e564056acbe72cb648e68a,597.8,1,39,gamble_right,You lost -7.88 dollars.,81,1,9,-7.88,0,2
43,31,60e564056acbe72cb648e68a,785.9,1,39,gamble_right,You won 9 dollars.,82,1,9,-9,0,1
64,31,60e564056acbe72cb648e68a,1180.2,0,39,gamble_left,You received 0 dollars.,83,1,9,-10.13,0,2
96,31,60e564056acbe72cb648e68a,566.9,0,37,gamble_right,You received 0 dollars.,84,1,9,-11.25,0,2
98,31,60e564056acbe72cb648e68a,476.8,0,39,gamble_left,You received 0 dollars.,85,1,9,-12.38,0,2
126,31,60e564056acbe72cb648e68a,1281.7,0,39,gamble_left,You received 0 dollars.,86,1,9,-13.5,0,2
90,31,60e564056acbe72cb648e68a,511,1,39,gamble_right,You won 9 dollars.,87,1,9,-14.63,0,1
87,31,60e564056acbe72cb648e68a,1520.1,0,39,gamble_left,You received 0 dollars.,88,1,9,-15.75,0,2
91,31,60e564056acbe72cb648e68a,682.7,0,39,gamble_left,You received 0 dollars.,89,1,9,-16.88,0,2
57,31,60e564056acbe72cb648e68a,666.3,0,37,gamble_right,You received 0 dollars.,90,1,9,-18,0,2
54,31,60e564056acbe72cb648e68a,477.8,1,39,gamble_right,You lost -2.5 dollars.,91,1,10,-2.5,0,2
11,31,60e564056acbe72cb648e68a,966.3,1,37,gamble_left,You won 10 dollars.,92,1,10,-3.75,0,1
5,31,60e564056acbe72cb648e68a,483.1,1,37,gamble_left,You won 10 dollars.,93,1,10,-5,0,1
82,31,60e564056acbe72cb648e68a,528.2,0,37,gamble_right,You received 0 dollars.,94,1,10,-6.25,0,2
149,31,60e564056acbe72cb648e68a,897.2,1,39,gamble_right,You lost -7.5 dollars.,95,1,10,-7.5,0,2
72,31,60e564056acbe72cb648e68a,594.7,0,37,gamble_right,You received 0 dollars.,96,1,10,-8.75,0,2
76,31,60e564056acbe72cb648e68a,1119.7,1,37,gamble_left,You lost -10 dollars.,97,1,10,-10,0,2
70,31,60e564056acbe72cb648e68a,811.6,0,37,gamble_right,You received 0 dollars.,98,1,10,-11.25,0,2
144,31,60e564056acbe72cb648e68a,562.5,0,39,gamble_left,You received 0 dollars.,99,1,10,-12.5,0,2
71,31,60e564056acbe72cb648e68a,895.5,0,39,gamble_left,You received 0 dollars.,100,1,10,-13.75,0,2
45,31,60e564056acbe72cb648e68a,820.4,1,37,gamble_left,You lost -15 dollars.,101,1,10,-15,0,2
145,31,60e564056acbe72cb648e68a,498.8,0,39,gamble_left,You received 0 dollars.,102,1,10,-16.25,0,2
49,31,60e564056acbe72cb648e68a,1071.2,1,37,gamble_left,You lost -17.5 dollars.,103,1,10,-17.5,0,2
60,31,60e564056acbe72cb648e68a,652.8,0,37,gamble_right,You received 0 dollars.,104,1,10,-18.75,0,2
31,31,60e564056acbe72cb648e68a,703.5,1,37,gamble_left,You won 10 dollars.,105,1,10,-20,0,1
150,31,60e564056acbe72cb648e68a,588.1,0,39,gamble_left,You received 0 dollars.,106,1,12,-3,0,2
38,31,60e564056acbe72cb648e68a,628.2,1,39,gamble_right,You lost -4.5 dollars.,107,1,12,-4.5,0,2
115,31,60e564056acbe72cb648e68a,772.4,1,37,gamble_left,You won 12 dollars.,108,1,12,-6,0,1
84,31,60e564056acbe72cb648e68a,520.7,0,39,gamble_left,You received 0 dollars.,109,1,12,-7.5,0,2
114,31,60e564056acbe72cb648e68a,496.7,0,37,gamble_right,You received 0 dollars.,110,1,12,-9,0,2
134,31,60e564056acbe72cb648e68a,669,0,39,gamble_left,You received 0 dollars.,111,1,12,-10.5,0,2
85,31,60e564056acbe72cb648e68a,510.6,0,39,gamble_left,You received 0 dollars.,112,1,12,-12,0,2
52,31,60e564056acbe72cb648e68a,596,0,37,gamble_right,You received 0 dollars.,113,1,12,-13.5,0,2
124,31,60e564056acbe72cb648e68a,888.6,0,39,gamble_left,You received 0 dollars.,114,1,12,-15,0,2
86,31,60e564056acbe72cb648e68a,793.8,0,37,gamble_right,You received 0 dollars.,115,1,12,-16.5,0,2
48,31,60e564056acbe72cb648e68a,542.2,1,39,gamble_right,You lost -18 dollars.,116,1,12,-18,0,2
107,31,60e564056acbe72cb648e68a,570.9,0,39,gamble_left,You received 0 dollars.,117,1,12,-19.5,0,2
116,31,60e564056acbe72cb648e68a,758,0,37,gamble_right,You received 0 dollars.,118,1,12,-21,0,2
7,31,60e564056acbe72cb648e68a,456.9,1,39,gamble_right,You won 12 dollars.,119,1,12,-22.5,0,1
6,31,60e564056acbe72cb648e68a,482,1,39,gamble_right,You lost -24 dollars.,120,1,12,-24,0,2
10,31,60e564056acbe72cb648e68a,1319.5,1,39,gamble_right,You received 0 dollars.,121,2,4,0,2,2
67,31,60e564056acbe72cb648e68a,663.5,0,39,gamble_left,You won 4 dollars.,122,2,8,0,4,1
97,31,60e564056acbe72cb648e68a,430.8,0,39,gamble_left,You won 6 dollars.,123,2,12,0,6,1
27,31,60e564056acbe72cb648e68a,639.4,0,37,gamble_right,You won 9 dollars.,124,2,18,0,9,1
61,31,60e564056acbe72cb648e68a,802.9,1,37,gamble_left,You received 0 dollars.,125,2,24,0,12,2
100,31,60e564056acbe72cb648e68a,506.7,0,37,gamble_right,You won 3 dollars.,126,2,5,0,3,1
74,31,60e564056acbe72cb648e68a,704.2,0,39,gamble_left,You won 4 dollars.,127,2,7,0,4,1
24,31,60e564056acbe72cb648e68a,468.6,0,37,gamble_right,You won 6 dollars.,128,2,10,0,6,1
132,31,60e564056acbe72cb648e68a,832.8,0,39,gamble_left,You won 10 dollars.,129,2,17,0,10,1
92,31,60e564056acbe72cb648e68a,617.1,0,39,gamble_left,You won 13 dollars.,130,2,22,0,13,1
8,31,60e564056acbe72cb648e68a,660.5,1,37,gamble_left,You received 0 dollars.,131,2,28,0,13,2
51,31,60e564056acbe72cb648e68a,924.8,0,39,gamble_left,You won 2 dollars.,132,2,5,0,2,1
129,31,60e564056acbe72cb648e68a,826.5,0,39,gamble_left,You won 10 dollars.,133,2,26,0,10,1
83,31,60e564056acbe72cb648e68a,549.2,0,39,gamble_left,You won 3 dollars.,134,2,7,0,3,1
143,31,60e564056acbe72cb648e68a,489.7,0,39,gamble_left,You won 5 dollars.,135,2,13,0,5,1
34,31,60e564056acbe72cb648e68a,1051.1,0,39,gamble_left,You won 6 dollars.,136,2,12,0,6,1
39,31,60e564056acbe72cb648e68a,916.7,0,37,gamble_right,You won 10 dollars.,137,2,25,0,10,1
139,31,60e564056acbe72cb648e68a,878,0,39,gamble_left,You won 2 dollars.,138,2,4,0,2,1
35,31,60e564056acbe72cb648e68a,994.7,0,37,gamble_right,You won 1 dollars.,139,2,3,0,1,1
111,31,60e564056acbe72cb648e68a,510.2,0,37,gamble_right,You won 9 dollars.,140,2,25,0,9,1
94,31,60e564056acbe72cb648e68a,476.2,0,39,gamble_left,You won 6 dollars.,141,2,13,0,6,1
22,31,60e564056acbe72cb648e68a,441,1,39,gamble_right,You received 0 dollars.,142,2,22,0,10,2
80,31,60e564056acbe72cb648e68a,587.2,0,37,gamble_right,You won 5 dollars.,143,2,12,0,5,1
12,31,60e564056acbe72cb648e68a,943.8,0,39,gamble_left,You won 1 dollars.,144,2,2,0,1,1
44,31,60e564056acbe72cb648e68a,1229.6,1,37,gamble_left,You won 8 dollars.,145,2,8,0,3,1
141,31,60e564056acbe72cb648e68a,669.4,0,39,gamble_left,You won 8 dollars.,146,2,19,0,8,1
131,31,60e564056acbe72cb648e68a,855.6,0,37,gamble_right,You won 12 dollars.,147,2,26,0,12,1
104,31,60e564056acbe72cb648e68a,515.2,0,39,gamble_left,You won 12 dollars.,148,2,30,0,12,1
50,31,60e564056acbe72cb648e68a,1163.3,0,37,gamble_right,You won 10 dollars.,149,2,23,0,10,1
133,31,60e564056acbe72cb648e68a,880.9,0,39,gamble_left,You won 4 dollars.,150,2,12,0,4,1