trial_index,ID,subject,rt,responses,key_press,gamble_location,stimulus,Trial_ID,Trial_Type,Gain,Loss,Certain,Trial_Outcome
103,32,61012edb82e9799a543a3fbd,1054,0,39,gamble_left,You received 0 dollars.,1,1,2,-0.5,0,2
15,32,61012edb82e9799a543a3fbd,452.2,0,37,gamble_right,You received 0 dollars.,2,1,2,-0.75,0,2
27,32,61012edb82e9799a543a3fbd,547.5,0,37,gamble_right,You received 0 dollars.,3,1,2,-1,0,2
72,32,61012edb82e9799a543a3fbd,1042.2,1,37,gamble_left,You lost -1.25 dollars.,4,1,2,-1.25,0,2
36,32,61012edb82e9799a543a3fbd,554.8,1,39,gamble_right,You lost -1.5 dollars.,5,1,2,-1.5,0,2
107,32,61012edb82e9799a543a3fbd,784.1,1,39,gamble_right,You lost -1.75 dollars.,6,1,2,-1.75,0,2
2,32,61012edb82e9799a543a3fbd,333,1,37,gamble_left,You lost -2 dollars.,7,1,2,-2,0,2
145,32,61012edb82e9799a543a3fbd,1074.9,1,39,gamble_right,You lost -2.25 dollars.,8,1,2,-2.25,0,2
23,32,61012edb82e9799a543a3fbd,585.9,0,37,gamble_right,You received 0 dollars.,9,1,2,-2.5,0,2
41,32,61012edb82e9799a543a3fbd,510.7,0,37,gamble_right,You received 0 dollars.,10,1,2,-2.75,0,2
33,32,61012edb82e9799a543a3fbd,453.1,1,37,gamble_left,You lost -3 dollars.,11,1,2,-3,0,2
98,32,61012edb82e9799a543a3fbd,816.5,0,39,gamble_left,You received 0 dollars.,12,1,2,-3.25,0,2
37,32,61012edb82e9799a543a3fbd,531.7,0,37,gamble_right,You received 0 dollars.,13,1,2,-3.5,0,2
79,32,61012edb82e9799a543a3fbd,713.3,1,39,gamble_right,You won 2 dollars.,14,1,2,-3.75,0,1
52,32,61012edb82e9799a543a3fbd,586.6,1,37,gamble_left,You lost -4 dollars.,15,1,2,-4,0,2
83,32,61012edb82e9799a543a3fbd,445,1,39,gamble_right,You won 4 dollars.,16,1,4,-1,0,1
120,32,61012edb82e9799a543a3fbd,955.4,1,39,gamble_right,You won 4 dollars.,17,1,4,-1.5,0,1
77,32,61012edb82e9799a543a3fbd,540.4,1,37,gamble_left,You lost -2 dollars.,18,1,4,-2,0,2
56,32,61012edb82e9799a543a3fbd,585.8,0,37,gamble_right,You received 0 dollars.,19,1,4,-2.5,0,2
141,32,61012edb82e9799a543a3fbd,1036.2,0,37,gamble_right,You received 0 dollars.,20,1,4,-3,0,2
111,32,61012edb82e9799a543a3fbd,877.3,0,39,gamble_left,You received 0 dollars.,21,1,4,-3.5,0,2
113,32,61012edb82e9799a543a3fbd,610.9,0,39,gamble_left,You received 0 dollars.,22,1,4,-4,0,2
138,32,61012edb82e9799a543a3fbd,596,1,37,gamble_left,You lost -4.5 dollars.,23,1,4,-4.5,0,2
88,32,61012edb82e9799a543a3fbd,645.6,1,39,gamble_right,You lost -5 dollars.,24,1,4,-5,0,2
116,32,61012edb82e9799a543a3fbd,765.1,0,37,gamble_right,You received 0 dollars.,25,1,4,-5.5,0,2
51,32,61012edb82e9799a543a3fbd,930.1,1,37,gamble_left,You lost -6 dollars.,26,1,4,-6,0,2
85,32,61012edb82e9799a543a3fbd,528,1,39,gamble_right,You won 4 dollars.,27,1,4,-6.5,0,1
73,32,61012edb82e9799a543a3fbd,503.6,0,39,gamble_left,You received 0 dollars.,28,1,4,-7,0,2
149,32,61012edb82e9799a543a3fbd,1162.7,1,37,gamble_left,You won 4 dollars.,29,1,4,-7.5,0,1
104,32,61012edb82e9799a543a3fbd,808,0,39,gamble_left,You received 0 dollars.,30,1,4,-8,0,2
135,32,61012edb82e9799a543a3fbd,1070.4,1,37,gamble_left,You won 5 dollars.,31,1,5,-1.25,0,1
133,32,61012edb82e9799a543a3fbd,873.1,1,39,gamble_right,You won 5 dollars.,32,1,5,-1.88,0,1
106,32,61012edb82e9799a543a3fbd,667.6,0,37,gamble_right,You received 0 dollars.,33,1,5,-2.5,0,2
66,32,61012edb82e9799a543a3fbd,517.2,1,39,gamble_right,You lost -3.13 dollars.,34,1,5,-3.13,0,2
18,32,61012edb82e9799a543a3fbd,526.3,1,39,gamble_right,You lost -3.75 dollars.,35,1,5,-3.75,0,2
144,32,61012edb82e9799a543a3fbd,1015.8,0,37,gamble_right,You received 0 dollars.,36,1,5,-4.38,0,2
11,32,61012edb82e9799a543a3fbd,470.6,1,37,gamble_left,You lost -5 dollars.,37,1,5,-5,0,2
32,32,61012edb82e9799a543a3fbd,950.9,0,39,gamble_left,You received 0 dollars.,38,1,5,-5.63,0,2
64,32,61012edb82e9799a543a3fbd,529,0,39,gamble_left,You received 0 dollars.,39,1,5,-6.25,0,2
53,32,61012edb82e9799a543a3fbd,423.4,0,39,gamble_left,You received 0 dollars.,40,1,5,-6.88,0,2
97,32,61012edb82e9799a543a3fbd,669.3,1,37,gamble_left,You won 5 dollars.,41,1,5,-7.5,0,1
30,32,61012edb82e9799a543a3fbd,833.1,0,39,gamble_left,You received 0 dollars.,42,1,5,-8.13,0,2
96,32,61012edb82e9799a543a3fbd,835,1,39,gamble_right,You lost -8.75 dollars.,43,1,5,-8.75,0,2
31,32,61012edb82e9799a543a3fbd,645.4,1,39,gamble_right,You lost -9.38 dollars.,44,1,5,-9.38,0,2
80,32,61012edb82e9799a543a3fbd,574.1,1,39,gamble_right,You lost -10 dollars.,45,1,5,-10,0,2
89,32,61012edb82e9799a543a3fbd,546.7,1,37,gamble_left,You lost -1.5 dollars.,46,1,6,-1.5,0,2
131,32,61012edb82e9799a543a3fbd,703.5,0,39,gamble_left,You received 0 dollars.,47,1,6,-2.25,0,2
44,32,61012edb82e9799a543a3fbd,562.7,0,37,gamble_right,You received 0 dollars.,48,1,6,-3,0,2
90,32,61012edb82e9799a543a3fbd,931.2,0,39,gamble_left,You received 0 dollars.,49,1,6,-3.75,0,2
70,32,61012edb82e9799a543a3fbd,574,0,37,gamble_right,You received 0 dollars.,50,1,6,-4.5,0,2
42,32,61012edb82e9799a543a3fbd,624.7,1,37,gamble_left,You lost -5.25 dollars.,51,1,6,-5.25,0,2
101,32,61012edb82e9799a543a3fbd,1148.5,1,37,gamble_left,You won 6 dollars.,52,1,6,-6,0,1
16,32,61012edb82e9799a543a3fbd,387.6,0,39,gamble_left,You received 0 dollars.,53,1,6,-6.75,0,2
84,32,61012edb82e9799a543a3fbd,587.3,1,37,gamble_left,You lost -7.5 dollars.,54,1,6,-7.5,0,2
123,32,61012edb82e9799a543a3fbd,947.9,0,37,gamble_right,You received 0 dollars.,55,1,6,-8.25,0,2
4,32,61012edb82e9799a543a3fbd,431.7,1,37,gamble_left,You won 6 dollars.,56,1,6,-9,0,1
3,32,61012edb82e9799a543a3fbd,323.3,1,39,gamble_right,You lost -9.75 dollars.,57,1,6,-9.75,0,2
40,32,61012edb82e9799a543a3fbd,498.9,1,39,gamble_right,You lost -10.5 dollars.,58,1,6,-10.5,0,2
147,32,61012edb82e9799a543a3fbd,1029.2,0,39,gamble_left,You received 0 dollars.,59,1,6,-11.25,0,2
92,32,61012edb82e9799a543a3fbd,1349.3,0,37,gamble_right,You received 0 dollars.,60,1,6,-12,0,2
87,32,61012edb82e9799a543a3fbd,802.6,1,39,gamble_right,You won 8 dollars.,61,1,8,-2,0,1
69,32,61012edb82e9799a543a3fbd,469.9,0,39,gamble_left,You received 0 dollars.,62,1,8,-3,0,2
150,32,61012edb82e9799a543a3fbd,1010.1,1,39,gamble_right,You won 8 dollars.,63,1,8,-4,0,1
61,32,61012edb82e9799a543a3fbd,491.8,0,39,gamble_left,You received 0 dollars.,64,1,8,-5,0,2
39,32,61012edb82e9799a543a3fbd,484.8,1,37,gamble_left,You won 8 dollars.,65,1,8,-6,0,1
22,32,61012edb82e9799a543a3fbd,600,0,39,gamble_left,You received 0 dollars.,66,1,8,-7,0,2
19,32,61012edb82e9799a543a3fbd,428.4,1,37,gamble_left,You lost -8 dollars.,67,1,8,-8,0,2
128,32,61012edb82e9799a543a3fbd,783.6,0,39,gamble_left,You received 0 dollars.,68,1,8,-9,0,2
65,32,61012edb82e9799a543a3fbd,502.7,1,37,gamble_left,You won 8 dollars.,69,1,8,-10,0,1
127,32,61012edb82e9799a543a3fbd,699,0,39,gamble_left,You received 0 dollars.,70,1,8,-11,0,2
126,32,61012edb82e9799a543a3fbd,815.5,0,39,gamble_left,You received 0 dollars.,71,1,8,-12,0,2
58,32,61012edb82e9799a543a3fbd,376.1,1,37,gamble_left,You won 8 dollars.,72,1,8,-13,0,1
26,32,61012edb82e9799a543a3fbd,818.1,0,39,gamble_left,You received 0 dollars.,73,1,8,-14,0,2
74,32,61012edb82e9799a543a3fbd,785.7,0,37,gamble_right,You received 0 dollars.,74,1,8,-15,0,2
8,32,61012edb82e9799a543a3fbd,385.7,0,39,gamble_left,You received 0 dollars.,75,1,8,-16,0,2
67,32,61012edb82e9799a543a3fbd,511.8,1,37,gamble_left,You won 9 dollars.,76,1,9,-2.25,0,1
112,32,61012edb82e9799a543a3fbd,879.6,0,37,gamble_right,You received 0 dollars.,77,1,9,-3.38,0,2
124,32,61012edb82e9799a543a3fbd,727.4,0,37,gamble_right,You received 0 dollars.,78,1,9,-4.5,0,2
5,32,61012edb82e9799a543a3fbd,577.5,1,39,gamble_right,You lost -5.63 dollars.,79,1,9,-5.63,0,2
62,32,61012edb82e9799a543a3fbd,393.6,1,37,gamble_left,You won 9 dollars.,80,1,9,-6.75,0,1
148,32,61012edb82e9799a543a3fbd,996.1,0,37,gamble_right,You received 0 dollars.,81,1,9,-7.88,0,2
100,32,61012edb82e9799a543a3fbd,835.1,0,37,gamble_right,You received 0 dollars.,82,1,9,-9,0,2
78,32,61012edb82e9799a543a3fbd,469.3,1,37,gamble_left,You won 9 dollars.,83,1,9,-10.13,0,1
38,32,61012edb82e9799a543a3fbd,476.8,1,39,gamble_right,You won 9 dollars.,84,1,9,-11.25,0,1
137,32,61012edb82e9799a543a3fbd,737.2,0,39,gamble_left,You received 0 dollars.,85,1,9,-12.38,0,2
102,32,61012edb82e9799a543a3fbd,887.9,1,39,gamble_right,You won 9 dollars.,86,1,9,-13.5,0,1
14,32,61012edb82e9799a543a3fbd,335.6,1,37,gamble_left,You lost -14.63 dollars.,87,1,9,-14.63,0,2
134,32,61012edb82e9799a543a3fbd,792.6,1,39,gamble_right,You won 9 dollars.,88,1,9,-15.75,0,1
117,32,61012edb82e9799a543a3fbd,892.7,0,39,gamble_left,You received 0 dollars.,89,1,9,-16.88,0,2
7,32,61012edb82e9799a543a3fbd,374.5,0,39,gamble_left,You received 0 dollars.,90,1,9,-18,0,2
46,32,61012edb82e9799a543a3fbd,753.5,1,37,gamble_left,You lost -2.5 dollars.,91,1,10,-2.5,0,2
63,32,61012edb82e9799a543a3fbd,463.9,1,39,gamble_right,You lost -3.75 dollars.,92,1,10,-3.75,0,2
91,32,61012edb82e9799a543a3fbd,721.1,1,39,gamble_right,You lost -5 dollars.,93,1,10,-5,0,2
43,32,61012edb82e9799a543a3fbd,458.9,0,37,gamble_right,You received 0 dollars.,94,1,10,-6.25,0,2
34,32,61012edb82e9799a543a3fbd,687.5,1,37,gamble_left,You won 10 dollars.,95,1,10,-7.5,0,1
13,32,61012edb82e9799a543a3fbd,403.2,0,39,gamble_left,You received 0 dollars.,96,1,10,-8.75,0,2
55,32,61012edb82e9799a543a3fbd,668.9,0,39,gamble_left,You received 0 dollars.,97,1,10,-10,0,2
136,32,61012edb82e9799a543a3fbd,863.7,1,37,gamble_left,You won 10 dollars.,98,1,10,-11.25,0,1
81,32,61012edb82e9799a543a3fbd,486.9,0,37,gamble_right,You received 0 dollars.,99,1,10,-12.5,0,2
130,32,61012edb82e9799a543a3fbd,688.5,0,39,gamble_left,You received 0 dollars.,100,1,10,-13.75,0,2
109,32,61012edb82e9799a543a3fbd,807.4,0,39,gamble_left,You received 0 dollars.,101,1,10,-15,0,2
139,32,61012edb82e9799a543a3fbd,485.2,0,39,gamble_left,You received 0 dollars.,102,1,10,-16.25,0,2
20,32,61012edb82e9799a543a3fbd,415.5,1,39,gamble_right,You won 10 dollars.,103,1,10,-17.5,0,1
99,32,61012edb82e9799a543a3fbd,1021.3,0,37,gamble_right,You received 0 dollars.,104,1,10,-18.75,0,2
9,32,61012edb82e9799a543a3fbd,441.2,1,39,gamble_right,You won 10 dollars.,105,1,10,-20,0,1
57,32,61012edb82e9799a543a3fbd,466.5,0,39,gamble_left,You received 0 dollars.,106,1,12,-3,0,2
47,32,61012edb82e9799a543a3fbd,587.7,1,39,gamble_right,You lost -4.5 dollars.,107,1,12,-4.5,0,2
17,32,61012edb82e9799a543a3fbd,273.1,1,37,gamble_left,You won 12 dollars.,108,1,12,-6,0,1
10,32,61012edb82e9799a543a3fbd,371.1,0,39,gamble_left,You received 0 dollars.,109,1,12,-7.5,0,2
105,32,61012edb82e9799a543a3fbd,792.1,1,39,gamble_right,You lost -9 dollars.,110,1,12,-9,0,2
60,32,61012edb82e9799a543a3fbd,489.4,0,37,gamble_right,You received 0 dollars.,111,1,12,-10.5,0,2
21,32,61012edb82e9799a543a3fbd,522,1,39,gamble_right,You won 12 dollars.,112,1,12,-12,0,1
1,32,61012edb82e9799a543a3fbd,498,1,39,gamble_right,You lost -13.5 dollars.,113,1,12,-13.5,0,2
25,32,61012edb82e9799a543a3fbd,631.8,1,37,gamble_left,You lost -15 dollars.,114,1,12,-15,0,2
24,32,61012edb82e9799a543a3fbd,633.5,0,39,gamble_left,You received 0 dollars.,115,1,12,-16.5,0,2
45,32,61012edb82e9799a543a3fbd,500.8,1,39,gamble_right,You won 12 dollars.,116,1,12,-18,0,1
108,32,61012edb82e9799a543a3fbd,962.2,0,39,gamble_left,You received 0 dollars.,117,1,12,-19.5,0,2
129,32,61012edb82e9799a543a3fbd,808.3,0,37,gamble_right,You received 0 dollars.,118,1,12,-21,0,2
59,32,61012edb82e9799a543a3fbd,477.6,1,37,gamble_left,You won 12 dollars.,119,1,12,-22.5,0,1
114,32,61012edb82e9799a543a3fbd,1337.3,1,39,gamble_right,You lost -24 dollars.,120,1,12,-24,0,2
35,32,61012edb82e9799a543a3fbd,625.6,0,39,gamble_left,You won 2 dollars.,121,2,4,0,2,1
29,32,61012edb82e9799a543a3fbd,560.3,0,37,gamble_right,You won 4 dollars.,122,2,8,0,4,1
75,32,61012edb82e9799a543a3fbd,499,0,39,gamble_left,You won 6 dollars.,123,2,12,0,6,1
143,32,61012edb82e9799a543a3fbd,995.3,0,39,gamble_left,You won 9 dollars.,124,2,18,0,9,1
6,32,61012edb82e9799a543a3fbd,452,0,37,gamble_right,You won 12 dollars.,125,2,24,0,12,1
118,32,61012edb82e9799a543a3fbd,535.5,0,39,gamble_left,You won 3 dollars.,126,2,5,0,3,1
119,32,61012edb82e9799a543a3fbd,700.6,0,37,gamble_right,You won 4 dollars.,127,2,7,0,4,1
95,32,61012edb82e9799a543a3fbd,736.5,0,37,gamble_right,You won 6 dollars.,128,2,10,0,6,1
68,32,61012edb82e9799a543a3fbd,396.3,0,39,gamble_left,You won 10 dollars.,129,2,17,0,10,1
71,32,61012edb82e9799a543a3fbd,426.3,0,39,gamble_left,You won 13 dollars.,130,2,22,0,13,1
142,32,61012edb82e9799a543a3fbd,745.3,0,37,gamble_right,You won 13 dollars.,131,2,28,0,13,1
140,32,61012edb82e9799a543a3fbd,548.9,0,39,gamble_left,You won 2 dollars.,132,2,5,0,2,1
93,32,61012edb82e9799a543a3fbd,630.9,0,37,gamble_right,You won 10 dollars.,133,2,26,0,10,1
125,32,61012edb82e9799a543a3fbd,442.9,0,37,gamble_right,You won 3 dollars.,134,2,7,0,3,1
146,32,61012edb82e9799a543a3fbd,843.2,1,39,gamble_right,You won 13 dollars.,135,2,13,0,5,1
48,32,61012edb82e9799a543a3fbd,567.2,1,37,gamble_left,You received 0 dollars.,136,2,12,0,6,2
54,32,61012edb82e9799a543a3fbd,294.7,0,37,gamble_right,You won 10 dollars.,137,2,25,0,10,1
49,32,61012edb82e9799a543a3fbd,555.3,0,37,gamble_right,You won 2 dollars.,138,2,4,0,2,1
110,32,61012edb82e9799a543a3fbd,693.7,0,39,gamble_left,You won 1 dollars.,139,2,3,0,1,1
94,32,61012edb82e9799a543a3fbd,677.9,0,39,gamble_left,You won 9 dollars.,140,2,25,0,9,1
12,32,61012edb82e9799a543a3fbd,451.4,1,39,gamble_right,You received 0 dollars.,141,2,13,0,6,2
76,32,61012edb82e9799a543a3fbd,423.4,0,37,gamble_right,You won 10 dollars.,142,2,22,0,10,1
86,32,61012edb82e9799a543a3fbd,571.8,1,37,gamble_left,You won 12 dollars.,143,2,12,0,5,1
82,32,61012edb82e9799a543a3fbd,581.6,0,37,gamble_right,You won 1 dollars.,144,2,2,0,1,1
121,32,61012edb82e9799a543a3fbd,596.9,0,39,gamble_left,You won 3 dollars.,145,2,8,0,3,1
122,32,61012edb82e9799a543a3fbd,503.2,0,37,gamble_right,You won 8 dollars.,146,2,19,0,8,1
50,32,61012edb82e9799a543a3fbd,491.4,0,37,gamble_right,You won 12 dollars.,147,2,26,0,12,1
132,32,61012edb82e9799a543a3fbd,663.5,0,37,gamble_right,You won 12 dollars.,148,2,30,0,12,1
115,32,61012edb82e9799a543a3fbd,473.8,0,39,gamble_left,You won 10 dollars.,149,2,23,0,10,1
28,32,61012edb82e9799a543a3fbd,546.7,0,39,gamble_left,You won 4 dollars.,150,2,12,0,4,1