trial_index,ID,subject,rt,responses,key_press,gamble_location,stimulus,Trial_ID,Trial_Type,Gain,Loss,Certain,Trial_Outcome
52,33,60fce0bef64ee00be89e5d0c,576.2,0,37,gamble_right,You received 0 dollars.,1,1,2,-0.5,0,2
90,33,60fce0bef64ee00be89e5d0c,691.2,0,39,gamble_left,You received 0 dollars.,2,1,2,-0.75,0,2
149,33,60fce0bef64ee00be89e5d0c,832.7,0,37,gamble_right,You received 0 dollars.,3,1,2,-1,0,2
91,33,60fce0bef64ee00be89e5d0c,818.8,0,37,gamble_right,You received 0 dollars.,4,1,2,-1.25,0,2
1,33,60fce0bef64ee00be89e5d0c,886,0,37,gamble_right,You received 0 dollars.,5,1,2,-1.5,0,2
2,33,60fce0bef64ee00be89e5d0c,706.3,1,39,gamble_right,You won 2 dollars.,6,1,2,-1.75,0,1
114,33,60fce0bef64ee00be89e5d0c,713,0,39,gamble_left,You received 0 dollars.,7,1,2,-2,0,2
77,33,60fce0bef64ee00be89e5d0c,755.2,0,37,gamble_right,You received 0 dollars.,8,1,2,-2.25,0,2
27,33,60fce0bef64ee00be89e5d0c,595.3,0,37,gamble_right,You received 0 dollars.,9,1,2,-2.5,0,2
58,33,60fce0bef64ee00be89e5d0c,620.5,0,39,gamble_left,You received 0 dollars.,10,1,2,-2.75,0,2
83,33,60fce0bef64ee00be89e5d0c,723.7,0,39,gamble_left,You received 0 dollars.,11,1,2,-3,0,2
65,33,60fce0bef64ee00be89e5d0c,899.5,0,37,gamble_right,You received 0 dollars.,12,1,2,-3.25,0,2
133,33,60fce0bef64ee00be89e5d0c,858.4,0,37,gamble_right,You received 0 dollars.,13,1,2,-3.5,0,2
96,33,60fce0bef64ee00be89e5d0c,1269,0,37,gamble_right,You received 0 dollars.,14,1,2,-3.75,0,2
31,33,60fce0bef64ee00be89e5d0c,793.5,1,39,gamble_right,You won 2 dollars.,15,1,2,-4,0,1
118,33,60fce0bef64ee00be89e5d0c,1051.3,1,37,gamble_left,You won 4 dollars.,16,1,4,-1,0,1
44,33,60fce0bef64ee00be89e5d0c,711.2,0,39,gamble_left,You received 0 dollars.,17,1,4,-1.5,0,2
139,33,60fce0bef64ee00be89e5d0c,997.1,1,37,gamble_left,You lost -2 dollars.,18,1,4,-2,0,2
66,33,60fce0bef64ee00be89e5d0c,712.3,0,39,gamble_left,You received 0 dollars.,19,1,4,-2.5,0,2
10,33,60fce0bef64ee00be89e5d0c,944.1,0,39,gamble_left,You received 0 dollars.,20,1,4,-3,0,2
95,33,60fce0bef64ee00be89e5d0c,1153.2,0,39,gamble_left,You received 0 dollars.,21,1,4,-3.5,0,2
70,33,60fce0bef64ee00be89e5d0c,736.2,1,39,gamble_right,You lost -4 dollars.,22,1,4,-4,0,2
36,33,60fce0bef64ee00be89e5d0c,808.8,0,39,gamble_left,You received 0 dollars.,23,1,4,-4.5,0,2
140,33,60fce0bef64ee00be89e5d0c,989.3,0,37,gamble_right,You received 0 dollars.,24,1,4,-5,0,2
32,33,60fce0bef64ee00be89e5d0c,681.3,1,39,gamble_right,You won 4 dollars.,25,1,4,-5.5,0,1
33,33,60fce0bef64ee00be89e5d0c,637.1,1,37,gamble_left,You won 4 dollars.,26,1,4,-6,0,1
76,33,60fce0bef64ee00be89e5d0c,629.7,0,39,gamble_left,You received 0 dollars.,27,1,4,-6.5,0,2
111,33,60fce0bef64ee00be89e5d0c,641.1,0,37,gamble_right,You received 0 dollars.,28,1,4,-7,0,2
35,33,60fce0bef64ee00be89e5d0c,510.4,0,39,gamble_left,You received 0 dollars.,29,1,4,-7.5,0,2
21,33,60fce0bef64ee00be89e5d0c,659.9,0,39,gamble_left,You received 0 dollars.,30,1,4,-8,0,2
30,33,60fce0bef64ee00be89e5d0c,413.6,0,39,gamble_left,You received 0 dollars.,31,1,5,-1.25,0,2
150,33,60fce0bef64ee00be89e5d0c,762.7,0,39,gamble_left,You received 0 dollars.,32,1,5,-1.88,0,2
144,33,60fce0bef64ee00be89e5d0c,837.2,0,39,gamble_left,You received 0 dollars.,33,1,5,-2.5,0,2
112,33,60fce0bef64ee00be89e5d0c,701.5,0,39,gamble_left,You received 0 dollars.,34,1,5,-3.13,0,2
115,33,60fce0bef64ee00be89e5d0c,825.7,0,39,gamble_left,You received 0 dollars.,35,1,5,-3.75,0,2
103,33,60fce0bef64ee00be89e5d0c,589.4,0,37,gamble_right,You received 0 dollars.,36,1,5,-4.38,0,2
116,33,60fce0bef64ee00be89e5d0c,766.1,0,39,gamble_left,You received 0 dollars.,37,1,5,-5,0,2
63,33,60fce0bef64ee00be89e5d0c,1088.4,0,39,gamble_left,You received 0 dollars.,38,1,5,-5.63,0,2
78,33,60fce0bef64ee00be89e5d0c,605,0,39,gamble_left,You received 0 dollars.,39,1,5,-6.25,0,2
5,33,60fce0bef64ee00be89e5d0c,505.5,0,39,gamble_left,You received 0 dollars.,40,1,5,-6.88,0,2
18,33,60fce0bef64ee00be89e5d0c,504.5,0,39,gamble_left,You received 0 dollars.,41,1,5,-7.5,0,2
49,33,60fce0bef64ee00be89e5d0c,451.6,0,39,gamble_left,You received 0 dollars.,42,1,5,-8.13,0,2
107,33,60fce0bef64ee00be89e5d0c,643,0,37,gamble_right,You received 0 dollars.,43,1,5,-8.75,0,2
69,33,60fce0bef64ee00be89e5d0c,837.8,0,39,gamble_left,You received 0 dollars.,44,1,5,-9.38,0,2
84,33,60fce0bef64ee00be89e5d0c,540.8,0,39,gamble_left,You received 0 dollars.,45,1,5,-10,0,2
15,33,60fce0bef64ee00be89e5d0c,434.1,0,37,gamble_right,You received 0 dollars.,46,1,6,-1.5,0,2
79,33,60fce0bef64ee00be89e5d0c,677,0,39,gamble_left,You received 0 dollars.,47,1,6,-2.25,0,2
80,33,60fce0bef64ee00be89e5d0c,648.4,0,37,gamble_right,You received 0 dollars.,48,1,6,-3,0,2
147,33,60fce0bef64ee00be89e5d0c,562.7,0,37,gamble_right,You received 0 dollars.,49,1,6,-3.75,0,2
145,33,60fce0bef64ee00be89e5d0c,928.9,0,37,gamble_right,You received 0 dollars.,50,1,6,-4.5,0,2
48,33,60fce0bef64ee00be89e5d0c,747.7,0,37,gamble_right,You received 0 dollars.,51,1,6,-5.25,0,2
34,33,60fce0bef64ee00be89e5d0c,544.1,1,39,gamble_right,You lost -6 dollars.,52,1,6,-6,0,2
146,33,60fce0bef64ee00be89e5d0c,726.8,0,39,gamble_left,You received 0 dollars.,53,1,6,-6.75,0,2
62,33,60fce0bef64ee00be89e5d0c,580,0,39,gamble_left,You received 0 dollars.,54,1,6,-7.5,0,2
127,33,60fce0bef64ee00be89e5d0c,737,0,39,gamble_left,You received 0 dollars.,55,1,6,-8.25,0,2
109,33,60fce0bef64ee00be89e5d0c,852.4,0,37,gamble_right,You received 0 dollars.,56,1,6,-9,0,2
26,33,60fce0bef64ee00be89e5d0c,699.7,0,39,gamble_left,You received 0 dollars.,57,1,6,-9.75,0,2
59,33,60fce0bef64ee00be89e5d0c,925.7,0,39,gamble_left,You received 0 dollars.,58,1,6,-10.5,0,2
89,33,60fce0bef64ee00be89e5d0c,804.7,0,37,gamble_right,You received 0 dollars.,59,1,6,-11.25,0,2
120,33,60fce0bef64ee00be89e5d0c,824.8,0,37,gamble_right,You received 0 dollars.,60,1,6,-12,0,2
132,33,60fce0bef64ee00be89e5d0c,872.5,1,39,gamble_right,You won 8 dollars.,61,1,8,-2,0,1
57,33,60fce0bef64ee00be89e5d0c,896.4,1,39,gamble_right,You lost -3 dollars.,62,1,8,-3,0,2
24,33,60fce0bef64ee00be89e5d0c,554,0,39,gamble_left,You received 0 dollars.,63,1,8,-4,0,2
43,33,60fce0bef64ee00be89e5d0c,773.8,0,39,gamble_left,You received 0 dollars.,64,1,8,-5,0,2
8,33,60fce0bef64ee00be89e5d0c,723.2,1,37,gamble_left,You won 8 dollars.,65,1,8,-6,0,1
68,33,60fce0bef64ee00be89e5d0c,850.4,0,39,gamble_left,You received 0 dollars.,66,1,8,-7,0,2
20,33,60fce0bef64ee00be89e5d0c,652.9,1,39,gamble_right,You won 8 dollars.,67,1,8,-8,0,1
60,33,60fce0bef64ee00be89e5d0c,654.4,0,37,gamble_right,You received 0 dollars.,68,1,8,-9,0,2
17,33,60fce0bef64ee00be89e5d0c,673.3,0,39,gamble_left,You received 0 dollars.,69,1,8,-10,0,2
113,33,60fce0bef64ee00be89e5d0c,702.8,0,39,gamble_left,You received 0 dollars.,70,1,8,-11,0,2
99,33,60fce0bef64ee00be89e5d0c,1037.9,0,39,gamble_left,You received 0 dollars.,71,1,8,-12,0,2
122,33,60fce0bef64ee00be89e5d0c,974.4,0,39,gamble_left,You received 0 dollars.,72,1,8,-13,0,2
100,33,60fce0bef64ee00be89e5d0c,934.9,1,39,gamble_right,You won 8 dollars.,73,1,8,-14,0,1
81,33,60fce0bef64ee00be89e5d0c,591.1,0,39,gamble_left,You received 0 dollars.,74,1,8,-15,0,2
92,33,60fce0bef64ee00be89e5d0c,587.2,0,39,gamble_left,You received 0 dollars.,75,1,8,-16,0,2
41,33,60fce0bef64ee00be89e5d0c,624.3,0,39,gamble_left,You received 0 dollars.,76,1,9,-2.25,0,2
137,33,60fce0bef64ee00be89e5d0c,730.6,0,39,gamble_left,You received 0 dollars.,77,1,9,-3.38,0,2
82,33,60fce0bef64ee00be89e5d0c,679.2,0,39,gamble_left,You received 0 dollars.,78,1,9,-4.5,0,2
108,33,60fce0bef64ee00be89e5d0c,764.9,0,39,gamble_left,You received 0 dollars.,79,1,9,-5.63,0,2
148,33,60fce0bef64ee00be89e5d0c,617.4,0,39,gamble_left,You received 0 dollars.,80,1,9,-6.75,0,2
131,33,60fce0bef64ee00be89e5d0c,742.6,0,37,gamble_right,You received 0 dollars.,81,1,9,-7.88,0,2
64,33,60fce0bef64ee00be89e5d0c,567.6,0,39,gamble_left,You received 0 dollars.,82,1,9,-9,0,2
71,33,60fce0bef64ee00be89e5d0c,661.1,0,37,gamble_right,You received 0 dollars.,83,1,9,-10.13,0,2
47,33,60fce0bef64ee00be89e5d0c,579.4,0,39,gamble_left,You received 0 dollars.,84,1,9,-11.25,0,2
28,33,60fce0bef64ee00be89e5d0c,462.4,0,39,gamble_left,You received 0 dollars.,85,1,9,-12.38,0,2
55,33,60fce0bef64ee00be89e5d0c,1158.7,0,37,gamble_right,You received 0 dollars.,86,1,9,-13.5,0,2
56,33,60fce0bef64ee00be89e5d0c,912.6,0,39,gamble_left,You received 0 dollars.,87,1,9,-14.63,0,2
94,33,60fce0bef64ee00be89e5d0c,632.2,0,39,gamble_left,You received 0 dollars.,88,1,9,-15.75,0,2
123,33,60fce0bef64ee00be89e5d0c,753.3,0,37,gamble_right,You received 0 dollars.,89,1,9,-16.88,0,2
74,33,60fce0bef64ee00be89e5d0c,726.2,0,37,gamble_right,You received 0 dollars.,90,1,9,-18,0,2
126,33,60fce0bef64ee00be89e5d0c,846.7,0,37,gamble_right,You received 0 dollars.,91,1,10,-2.5,0,2
97,33,60fce0bef64ee00be89e5d0c,693,0,37,gamble_right,You received 0 dollars.,92,1,10,-3.75,0,2
22,33,60fce0bef64ee00be89e5d0c,632.8,0,37,gamble_right,You received 0 dollars.,93,1,10,-5,0,2
119,33,60fce0bef64ee00be89e5d0c,1060,0,37,gamble_right,You received 0 dollars.,94,1,10,-6.25,0,2
72,33,60fce0bef64ee00be89e5d0c,544.5,0,39,gamble_left,You received 0 dollars.,95,1,10,-7.5,0,2
86,33,60fce0bef64ee00be89e5d0c,910.5,0,37,gamble_right,You received 0 dollars.,96,1,10,-8.75,0,2
121,33,60fce0bef64ee00be89e5d0c,928.2,0,37,gamble_right,You received 0 dollars.,97,1,10,-10,0,2
136,33,60fce0bef64ee00be89e5d0c,686.3,0,37,gamble_right,You received 0 dollars.,98,1,10,-11.25,0,2
3,33,60fce0bef64ee00be89e5d0c,586.1,0,39,gamble_left,You received 0 dollars.,99,1,10,-12.5,0,2
105,33,60fce0bef64ee00be89e5d0c,713.2,0,39,gamble_left,You received 0 dollars.,100,1,10,-13.75,0,2
45,33,60fce0bef64ee00be89e5d0c,602,0,39,gamble_left,You received 0 dollars.,101,1,10,-15,0,2
117,33,60fce0bef64ee00be89e5d0c,646.3,0,39,gamble_left,You received 0 dollars.,102,1,10,-16.25,0,2
143,33,60fce0bef64ee00be89e5d0c,746.7,0,37,gamble_right,You received 0 dollars.,103,1,10,-17.5,0,2
37,33,60fce0bef64ee00be89e5d0c,687.9,0,37,gamble_right,You received 0 dollars.,104,1,10,-18.75,0,2
130,33,60fce0bef64ee00be89e5d0c,787.1,0,37,gamble_right,You received 0 dollars.,105,1,10,-20,0,2
51,33,60fce0bef64ee00be89e5d0c,835.4,0,37,gamble_right,You received 0 dollars.,106,1,12,-3,0,2
11,33,60fce0bef64ee00be89e5d0c,614.2,0,39,gamble_left,You received 0 dollars.,107,1,12,-4.5,0,2
124,33,60fce0bef64ee00be89e5d0c,590.3,0,39,gamble_left,You received 0 dollars.,108,1,12,-6,0,2
129,33,60fce0bef64ee00be89e5d0c,1086.7,0,37,gamble_right,You received 0 dollars.,109,1,12,-7.5,0,2
9,33,60fce0bef64ee00be89e5d0c,624.5,0,37,gamble_right,You received 0 dollars.,110,1,12,-9,0,2
104,33,60fce0bef64ee00be89e5d0c,737.1,0,39,gamble_left,You received 0 dollars.,111,1,12,-10.5,0,2
50,33,60fce0bef64ee00be89e5d0c,580.7,0,37,gamble_right,You received 0 dollars.,112,1,12,-12,0,2
125,33,60fce0bef64ee00be89e5d0c,691.6,0,39,gamble_left,You received 0 dollars.,113,1,12,-13.5,0,2
67,33,60fce0bef64ee00be89e5d0c,1043.2,0,37,gamble_right,You received 0 dollars.,114,1,12,-15,0,2
4,33,60fce0bef64ee00be89e5d0c,760.2,1,39,gamble_right,You won 12 dollars.,115,1,12,-16.5,0,1
87,33,60fce0bef64ee00be89e5d0c,798.7,0,37,gamble_right,You received 0 dollars.,116,1,12,-18,0,2
128,33,60fce0bef64ee00be89e5d0c,967,0,37,gamble_right,You received 0 dollars.,117,1,12,-19.5,0,2
12,33,60fce0bef64ee00be89e5d0c,701,0,39,gamble_left,You received 0 dollars.,118,1,12,-21,0,2
73,33,60fce0bef64ee00be89e5d0c,574.6,0,39,gamble_left,You received 0 dollars.,119,1,12,-22.5,0,2
25,33,60fce0bef64ee00be89e5d0c,455.8,0,37,gamble_right,You received 0 dollars.,120,1,12,-24,0,2
135,33,60fce0bef64ee00be89e5d0c,964,1,39,gamble_right,You won 4 dollars.,121,2,4,0,2,1
23,33,60fce0bef64ee00be89e5d0c,804.6,0,39,gamble_left,You won 4 dollars.,122,2,8,0,4,1
42,33,60fce0bef64ee00be89e5d0c,798.4,1,39,gamble_right,You won 12 dollars.,123,2,12,0,6,1
138,33,60fce0bef64ee00be89e5d0c,1313.1,1,37,gamble_left,You won 18 dollars.,124,2,18,0,9,1
75,33,60fce0bef64ee00be89e5d0c,635,0,37,gamble_right,You won 12 dollars.,125,2,24,0,12,1
46,33,60fce0bef64ee00be89e5d0c,578.2,0,37,gamble_right,You won 3 dollars.,126,2,5,0,3,1
53,33,60fce0bef64ee00be89e5d0c,575.9,0,37,gamble_right,You won 4 dollars.,127,2,7,0,4,1
39,33,60fce0bef64ee00be89e5d0c,816.7,1,39,gamble_right,You won 10 dollars.,128,2,10,0,6,1
93,33,60fce0bef64ee00be89e5d0c,922.9,1,39,gamble_right,You received 0 dollars.,129,2,17,0,10,2
14,33,60fce0bef64ee00be89e5d0c,991.5,0,39,gamble_left,You won 13 dollars.,130,2,22,0,13,1
101,33,60fce0bef64ee00be89e5d0c,1269.4,1,39,gamble_right,You won 28 dollars.,131,2,28,0,13,1
38,33,60fce0bef64ee00be89e5d0c,746.4,1,37,gamble_left,You received 0 dollars.,132,2,5,0,2,2
110,33,60fce0bef64ee00be89e5d0c,756.9,1,39,gamble_right,You received 0 dollars.,133,2,26,0,10,2
54,33,60fce0bef64ee00be89e5d0c,690.3,0,37,gamble_right,You won 3 dollars.,134,2,7,0,3,1
19,33,60fce0bef64ee00be89e5d0c,971.9,1,39,gamble_right,You received 0 dollars.,135,2,13,0,5,2
88,33,60fce0bef64ee00be89e5d0c,837.6,1,37,gamble_left,You received 0 dollars.,136,2,12,0,6,2
98,33,60fce0bef64ee00be89e5d0c,752.1,1,39,gamble_right,You won 25 dollars.,137,2,25,0,10,1
85,33,60fce0bef64ee00be89e5d0c,1013.6,1,39,gamble_right,You won 4 dollars.,138,2,4,0,2,1
142,33,60fce0bef64ee00be89e5d0c,896.2,1,39,gamble_right,You won 3 dollars.,139,2,3,0,1,1
7,33,60fce0bef64ee00be89e5d0c,1001.9,0,39,gamble_left,You won 9 dollars.,140,2,25,0,9,1
29,33,60fce0bef64ee00be89e5d0c,450.8,1,37,gamble_left,You received 0 dollars.,141,2,13,0,6,2
40,33,60fce0bef64ee00be89e5d0c,706.4,1,39,gamble_right,You won 22 dollars.,142,2,22,0,10,1
141,33,60fce0bef64ee00be89e5d0c,836.6,1,37,gamble_left,You received 0 dollars.,143,2,12,0,5,2
106,33,60fce0bef64ee00be89e5d0c,766.4,1,39,gamble_right,You won 2 dollars.,144,2,2,0,1,1
134,33,60fce0bef64ee00be89e5d0c,1074.5,1,37,gamble_left,You won 8 dollars.,145,2,8,0,3,1
61,33,60fce0bef64ee00be89e5d0c,707.8,0,37,gamble_right,You won 8 dollars.,146,2,19,0,8,1
16,33,60fce0bef64ee00be89e5d0c,920.7,1,37,gamble_left,You won 26 dollars.,147,2,26,0,12,1
102,33,60fce0bef64ee00be89e5d0c,826.4,1,39,gamble_right,You won 30 dollars.,148,2,30,0,12,1
6,33,60fce0bef64ee00be89e5d0c,894.1,1,37,gamble_left,You won 23 dollars.,149,2,23,0,10,1
13,33,60fce0bef64ee00be89e5d0c,1269.4,1,39,gamble_right,You won 12 dollars.,150,2,12,0,4,1