trial_index,ID,subject,rt,responses,key_press,gamble_location,stimulus,Trial_ID,Trial_Type,Gain,Loss,Certain,Trial_Outcome
23,34,60fc7f2f218923260bdc750c,1291.8,1,39,gamble_right,You lost -0.5 dollars.,1,1,2,-0.5,0,2
48,34,60fc7f2f218923260bdc750c,1115.7,1,37,gamble_left,You won 2 dollars.,2,1,2,-0.75,0,1
76,34,60fc7f2f218923260bdc750c,1343.2,1,37,gamble_left,You won 2 dollars.,3,1,2,-1,0,1
35,34,60fc7f2f218923260bdc750c,1178.5,1,39,gamble_right,You lost -1.25 dollars.,4,1,2,-1.25,0,2
144,34,60fc7f2f218923260bdc750c,1364.6,1,39,gamble_right,You won 2 dollars.,5,1,2,-1.5,0,1
145,34,60fc7f2f218923260bdc750c,1210.2,1,39,gamble_right,You lost -1.75 dollars.,6,1,2,-1.75,0,2
91,34,60fc7f2f218923260bdc750c,1310.2,1,37,gamble_left,You lost -2 dollars.,7,1,2,-2,0,2
6,34,60fc7f2f218923260bdc750c,1394.8,1,37,gamble_left,You won 2 dollars.,8,1,2,-2.25,0,1
61,34,60fc7f2f218923260bdc750c,1077.5,0,39,gamble_left,You received 0 dollars.,9,1,2,-2.5,0,2
16,34,60fc7f2f218923260bdc750c,1388.5,0,39,gamble_left,You received 0 dollars.,10,1,2,-2.75,0,2
112,34,60fc7f2f218923260bdc750c,1149.1,0,39,gamble_left,You received 0 dollars.,11,1,2,-3,0,2
120,34,60fc7f2f218923260bdc750c,1000.2,0,39,gamble_left,You received 0 dollars.,12,1,2,-3.25,0,2
143,34,60fc7f2f218923260bdc750c,1254,0,37,gamble_right,You received 0 dollars.,13,1,2,-3.5,0,2
96,34,60fc7f2f218923260bdc750c,955.2,0,39,gamble_left,You received 0 dollars.,14,1,2,-3.75,0,2
58,34,60fc7f2f218923260bdc750c,1443.6,0,37,gamble_right,You received 0 dollars.,15,1,2,-4,0,2
126,34,60fc7f2f218923260bdc750c,945.3,1,39,gamble_right,You won 4 dollars.,16,1,4,-1,0,1
82,34,60fc7f2f218923260bdc750c,886,1,37,gamble_left,You lost -1.5 dollars.,17,1,4,-1.5,0,2
28,34,60fc7f2f218923260bdc750c,1255.9,1,39,gamble_right,You won 4 dollars.,18,1,4,-2,0,1
75,34,60fc7f2f218923260bdc750c,1093.9,1,39,gamble_right,You won 4 dollars.,19,1,4,-2.5,0,1
33,34,60fc7f2f218923260bdc750c,1495,0,39,gamble_left,You received 0 dollars.,20,1,4,-3,0,2
27,34,60fc7f2f218923260bdc750c,1538.5,1,39,gamble_right,You lost -3.5 dollars.,21,1,4,-3.5,0,2
131,34,60fc7f2f218923260bdc750c,1284,1,37,gamble_left,You lost -4 dollars.,22,1,4,-4,0,2
34,34,60fc7f2f218923260bdc750c,1057.1,0,39,gamble_left,You received 0 dollars.,23,1,4,-4.5,0,2
97,34,60fc7f2f218923260bdc750c,1225.5,0,39,gamble_left,You received 0 dollars.,24,1,4,-5,0,2
101,34,60fc7f2f218923260bdc750c,1271.2,0,39,gamble_left,You received 0 dollars.,25,1,4,-5.5,0,2
13,34,60fc7f2f218923260bdc750c,1108.8,0,37,gamble_right,You received 0 dollars.,26,1,4,-6,0,2
134,34,60fc7f2f218923260bdc750c,824.8,0,39,gamble_left,You received 0 dollars.,27,1,4,-6.5,0,2
2,34,60fc7f2f218923260bdc750c,1379.5,1,37,gamble_left,You lost -7 dollars.,28,1,4,-7,0,2
89,34,60fc7f2f218923260bdc750c,1093,0,39,gamble_left,You received 0 dollars.,29,1,4,-7.5,0,2
123,34,60fc7f2f218923260bdc750c,1384.9,0,37,gamble_right,You received 0 dollars.,30,1,4,-8,0,2
36,34,60fc7f2f218923260bdc750c,907.9,1,37,gamble_left,You lost -1.25 dollars.,31,1,5,-1.25,0,2
15,34,60fc7f2f218923260bdc750c,1516,1,37,gamble_left,You won 5 dollars.,32,1,5,-1.88,0,1
104,34,60fc7f2f218923260bdc750c,1348.3,1,37,gamble_left,You won 5 dollars.,33,1,5,-2.5,0,1
140,34,60fc7f2f218923260bdc750c,1125,1,39,gamble_right,You lost -3.13 dollars.,34,1,5,-3.13,0,2
148,34,60fc7f2f218923260bdc750c,906.8,1,37,gamble_left,You lost -3.75 dollars.,35,1,5,-3.75,0,2
54,34,60fc7f2f218923260bdc750c,1311,1,37,gamble_left,You won 5 dollars.,36,1,5,-4.38,0,1
121,34,60fc7f2f218923260bdc750c,1132.1,1,39,gamble_right,You won 5 dollars.,37,1,5,-5,0,1
125,34,60fc7f2f218923260bdc750c,1459.6,0,37,gamble_right,You received 0 dollars.,38,1,5,-5.63,0,2
79,34,60fc7f2f218923260bdc750c,1096.4,0,39,gamble_left,You received 0 dollars.,39,1,5,-6.25,0,2
62,34,60fc7f2f218923260bdc750c,1151.5,0,39,gamble_left,You received 0 dollars.,40,1,5,-6.88,0,2
39,34,60fc7f2f218923260bdc750c,1289.8,1,37,gamble_left,You won 5 dollars.,41,1,5,-7.5,0,1
114,34,60fc7f2f218923260bdc750c,1039.2,0,37,gamble_right,You received 0 dollars.,42,1,5,-8.13,0,2
11,34,60fc7f2f218923260bdc750c,1340.9,0,39,gamble_left,You received 0 dollars.,43,1,5,-8.75,0,2
40,34,60fc7f2f218923260bdc750c,1107.6,0,39,gamble_left,You received 0 dollars.,44,1,5,-9.38,0,2
85,34,60fc7f2f218923260bdc750c,1045.6,0,39,gamble_left,You received 0 dollars.,45,1,5,-10,0,2
19,34,60fc7f2f218923260bdc750c,1005.9,1,37,gamble_left,You won 6 dollars.,46,1,6,-1.5,0,1
117,34,60fc7f2f218923260bdc750c,1021.9,1,39,gamble_right,You won 6 dollars.,47,1,6,-2.25,0,1
26,34,60fc7f2f218923260bdc750c,1535.7,1,37,gamble_left,You won 6 dollars.,48,1,6,-3,0,1
17,34,60fc7f2f218923260bdc750c,924,1,37,gamble_left,You won 6 dollars.,49,1,6,-3.75,0,1
8,34,60fc7f2f218923260bdc750c,1624,0,37,gamble_right,You received 0 dollars.,50,1,6,-4.5,0,2
133,34,60fc7f2f218923260bdc750c,1076.5,1,39,gamble_right,You won 6 dollars.,51,1,6,-5.25,0,1
135,34,60fc7f2f218923260bdc750c,1141,0,37,gamble_right,You received 0 dollars.,52,1,6,-6,0,2
24,34,60fc7f2f218923260bdc750c,1306.7,0,37,gamble_right,You received 0 dollars.,53,1,6,-6.75,0,2
94,34,60fc7f2f218923260bdc750c,1020.1,0,39,gamble_left,You received 0 dollars.,54,1,6,-7.5,0,2
51,34,60fc7f2f218923260bdc750c,1195.6,0,39,gamble_left,You received 0 dollars.,55,1,6,-8.25,0,2
65,34,60fc7f2f218923260bdc750c,1073.9,0,37,gamble_right,You received 0 dollars.,56,1,6,-9,0,2
37,34,60fc7f2f218923260bdc750c,1145.9,0,37,gamble_right,You received 0 dollars.,57,1,6,-9.75,0,2
118,34,60fc7f2f218923260bdc750c,1117.7,0,37,gamble_right,You received 0 dollars.,58,1,6,-10.5,0,2
124,34,60fc7f2f218923260bdc750c,1245.6,0,39,gamble_left,You received 0 dollars.,59,1,6,-11.25,0,2
116,34,60fc7f2f218923260bdc750c,1217.9,0,39,gamble_left,You received 0 dollars.,60,1,6,-12,0,2
115,34,60fc7f2f218923260bdc750c,890.9,1,37,gamble_left,You lost -2 dollars.,61,1,8,-2,0,2
78,34,60fc7f2f218923260bdc750c,1176.8,1,39,gamble_right,You lost -3 dollars.,62,1,8,-3,0,2
22,34,60fc7f2f218923260bdc750c,1013.4,1,37,gamble_left,You won 8 dollars.,63,1,8,-4,0,1
80,34,60fc7f2f218923260bdc750c,1025.9,0,39,gamble_left,You received 0 dollars.,64,1,8,-5,0,2
20,34,60fc7f2f218923260bdc750c,1109.5,0,37,gamble_right,You received 0 dollars.,65,1,8,-6,0,2
56,34,60fc7f2f218923260bdc750c,1389.1,1,37,gamble_left,You lost -7 dollars.,66,1,8,-7,0,2
70,34,60fc7f2f218923260bdc750c,1572.2,0,39,gamble_left,You received 0 dollars.,67,1,8,-8,0,2
32,34,60fc7f2f218923260bdc750c,1518,1,37,gamble_left,You lost -9 dollars.,68,1,8,-9,0,2
147,34,60fc7f2f218923260bdc750c,1194.6,0,39,gamble_left,You received 0 dollars.,69,1,8,-10,0,2
5,34,60fc7f2f218923260bdc750c,1393.4,0,37,gamble_right,You received 0 dollars.,70,1,8,-11,0,2
108,34,60fc7f2f218923260bdc750c,1258.8,0,37,gamble_right,You received 0 dollars.,71,1,8,-12,0,2
95,34,60fc7f2f218923260bdc750c,956.7,0,39,gamble_left,You received 0 dollars.,72,1,8,-13,0,2
31,34,60fc7f2f218923260bdc750c,1116.5,0,39,gamble_left,You received 0 dollars.,73,1,8,-14,0,2
64,34,60fc7f2f218923260bdc750c,1083.2,0,39,gamble_left,You received 0 dollars.,74,1,8,-15,0,2
71,34,60fc7f2f218923260bdc750c,1130.7,0,37,gamble_right,You received 0 dollars.,75,1,8,-16,0,2
81,34,60fc7f2f218923260bdc750c,1039.9,1,39,gamble_right,You won 9 dollars.,76,1,9,-2.25,0,1
128,34,60fc7f2f218923260bdc750c,1046.8,1,39,gamble_right,You won 9 dollars.,77,1,9,-3.38,0,1
132,34,60fc7f2f218923260bdc750c,971.3,1,37,gamble_left,You lost -4.5 dollars.,78,1,9,-4.5,0,2
60,34,60fc7f2f218923260bdc750c,1189.8,1,39,gamble_right,You won 9 dollars.,79,1,9,-5.63,0,1
53,34,60fc7f2f218923260bdc750c,1487.3,1,37,gamble_left,You won 9 dollars.,80,1,9,-6.75,0,1
42,34,60fc7f2f218923260bdc750c,1076.3,0,39,gamble_left,You received 0 dollars.,81,1,9,-7.88,0,2
47,34,60fc7f2f218923260bdc750c,1314,1,39,gamble_right,You won 9 dollars.,82,1,9,-9,0,1
12,34,60fc7f2f218923260bdc750c,1396.9,1,37,gamble_left,You won 9 dollars.,83,1,9,-10.13,0,1
25,34,60fc7f2f218923260bdc750c,1571,0,37,gamble_right,You received 0 dollars.,84,1,9,-11.25,0,2
3,34,60fc7f2f218923260bdc750c,1426.4,1,39,gamble_right,You lost -12.38 dollars.,85,1,9,-12.38,0,2
88,34,60fc7f2f218923260bdc750c,953.9,0,39,gamble_left,You received 0 dollars.,86,1,9,-13.5,0,2
21,34,60fc7f2f218923260bdc750c,1316.4,0,39,gamble_left,You received 0 dollars.,87,1,9,-14.63,0,2
72,34,60fc7f2f218923260bdc750c,1113.2,0,39,gamble_left,You received 0 dollars.,88,1,9,-15.75,0,2
43,34,60fc7f2f218923260bdc750c,1071.9,0,39,gamble_left,You received 0 dollars.,89,1,9,-16.88,0,2
139,34,60fc7f2f218923260bdc750c,1123.5,0,37,gamble_right,You received 0 dollars.,90,1,9,-18,0,2
50,34,60fc7f2f218923260bdc750c,1179.9,1,39,gamble_right,You lost -2.5 dollars.,91,1,10,-2.5,0,2
138,34,60fc7f2f218923260bdc750c,1151.8,1,37,gamble_left,You won 10 dollars.,92,1,10,-3.75,0,1
102,34,60fc7f2f218923260bdc750c,1247.8,1,39,gamble_right,You lost -5 dollars.,93,1,10,-5,0,2
67,34,60fc7f2f218923260bdc750c,1017.2,1,39,gamble_right,You lost -6.25 dollars.,94,1,10,-6.25,0,2
87,34,60fc7f2f218923260bdc750c,1236.2,0,39,gamble_left,You received 0 dollars.,95,1,10,-7.5,0,2
46,34,60fc7f2f218923260bdc750c,1078.5,1,37,gamble_left,You won 10 dollars.,96,1,10,-8.75,0,1
10,34,60fc7f2f218923260bdc750c,1365.5,1,39,gamble_right,You won 10 dollars.,97,1,10,-10,0,1
44,34,60fc7f2f218923260bdc750c,1490.4,0,39,gamble_left,You received 0 dollars.,98,1,10,-11.25,0,2
111,34,60fc7f2f218923260bdc750c,1330.9,0,37,gamble_right,You received 0 dollars.,99,1,10,-12.5,0,2
90,34,60fc7f2f218923260bdc750c,1180.9,0,37,gamble_right,You received 0 dollars.,100,1,10,-13.75,0,2
1,34,60fc7f2f218923260bdc750c,1293.6,0,39,gamble_left,You received 0 dollars.,101,1,10,-15,0,2
92,34,60fc7f2f218923260bdc750c,1093.3,0,37,gamble_right,You received 0 dollars.,102,1,10,-16.25,0,2
55,34,60fc7f2f218923260bdc750c,1078.7,0,37,gamble_right,You received 0 dollars.,103,1,10,-17.5,0,2
66,34,60fc7f2f218923260bdc750c,1139.3,0,39,gamble_left,You received 0 dollars.,104,1,10,-18.75,0,2
49,34,60fc7f2f218923260bdc750c,1104.9,0,39,gamble_left,You received 0 dollars.,105,1,10,-20,0,2
113,34,60fc7f2f218923260bdc750c,956.8,1,37,gamble_left,You won 12 dollars.,106,1,12,-3,0,1
9,34,60fc7f2f218923260bdc750c,988.3,1,39,gamble_right,You won 12 dollars.,107,1,12,-4.5,0,1
107,34,60fc7f2f218923260bdc750c,1517.8,1,39,gamble_right,You lost -6 dollars.,108,1,12,-6,0,2
109,34,60fc7f2f218923260bdc750c,977.8,1,37,gamble_left,You lost -7.5 dollars.,109,1,12,-7.5,0,2
146,34,60fc7f2f218923260bdc750c,1356.6,0,37,gamble_right,You received 0 dollars.,110,1,12,-9,0,2
84,34,60fc7f2f218923260bdc750c,1457.7,1,39,gamble_right,You won 12 dollars.,111,1,12,-10.5,0,1
122,34,60fc7f2f218923260bdc750c,1425,0,37,gamble_right,You received 0 dollars.,112,1,12,-12,0,2
14,34,60fc7f2f218923260bdc750c,1283.3,0,37,gamble_right,You received 0 dollars.,113,1,12,-13.5,0,2
59,34,60fc7f2f218923260bdc750c,1179.2,0,37,gamble_right,You received 0 dollars.,114,1,12,-15,0,2
127,34,60fc7f2f218923260bdc750c,1106,0,37,gamble_right,You received 0 dollars.,115,1,12,-16.5,0,2
45,34,60fc7f2f218923260bdc750c,1053.6,0,39,gamble_left,You received 0 dollars.,116,1,12,-18,0,2
93,34,60fc7f2f218923260bdc750c,1156.8,0,37,gamble_right,You received 0 dollars.,117,1,12,-19.5,0,2
83,34,60fc7f2f218923260bdc750c,968.4,0,39,gamble_left,You received 0 dollars.,118,1,12,-21,0,2
99,34,60fc7f2f218923260bdc750c,1047.2,0,39,gamble_left,You received 0 dollars.,119,1,12,-22.5,0,2
30,34,60fc7f2f218923260bdc750c,1352.9,0,37,gamble_right,You received 0 dollars.,120,1,12,-24,0,2
29,34,60fc7f2f218923260bdc750c,1088.7,0,37,gamble_right,You won 2 dollars.,121,2,4,0,2,1
142,34,60fc7f2f218923260bdc750c,1171,1,39,gamble_right,You received 0 dollars.,122,2,8,0,4,2
68,34,60fc7f2f218923260bdc750c,1121,1,39,gamble_right,You received 0 dollars.,123,2,12,0,6,2
110,34,60fc7f2f218923260bdc750c,1228.2,0,39,gamble_left,You won 9 dollars.,124,2,18,0,9,1
149,34,60fc7f2f218923260bdc750c,1371.5,0,39,gamble_left,You won 12 dollars.,125,2,24,0,12,1
100,34,60fc7f2f218923260bdc750c,1134.6,1,39,gamble_right,You received 0 dollars.,126,2,5,0,3,2
103,34,60fc7f2f218923260bdc750c,1059,1,39,gamble_right,You received 0 dollars.,127,2,7,0,4,2
4,34,60fc7f2f218923260bdc750c,981.5,0,39,gamble_left,You won 6 dollars.,128,2,10,0,6,1
136,34,60fc7f2f218923260bdc750c,1367.9,0,37,gamble_right,You won 10 dollars.,129,2,17,0,10,1
41,34,60fc7f2f218923260bdc750c,1158.3,1,37,gamble_left,You won 22 dollars.,130,2,22,0,13,1
7,34,60fc7f2f218923260bdc750c,1079.6,1,37,gamble_left,You received 0 dollars.,131,2,28,0,13,2
137,34,60fc7f2f218923260bdc750c,906.3,1,39,gamble_right,You received 0 dollars.,132,2,5,0,2,2
105,34,60fc7f2f218923260bdc750c,1129.5,1,37,gamble_left,You won 26 dollars.,133,2,26,0,10,1
57,34,60fc7f2f218923260bdc750c,958.3,1,37,gamble_left,You received 0 dollars.,134,2,7,0,3,2
38,34,60fc7f2f218923260bdc750c,926.8,0,39,gamble_left,You won 5 dollars.,135,2,13,0,5,1
106,34,60fc7f2f218923260bdc750c,1127.7,1,39,gamble_right,You won 12 dollars.,136,2,12,0,6,1
74,34,60fc7f2f218923260bdc750c,1024.2,1,37,gamble_left,You won 25 dollars.,137,2,25,0,10,1
150,34,60fc7f2f218923260bdc750c,880.8,1,39,gamble_right,You won 4 dollars.,138,2,4,0,2,1
141,34,60fc7f2f218923260bdc750c,996.5,1,39,gamble_right,You received 0 dollars.,139,2,3,0,1,2
52,34,60fc7f2f218923260bdc750c,1075.8,1,39,gamble_right,You won 25 dollars.,140,2,25,0,9,1
130,34,60fc7f2f218923260bdc750c,1048.5,1,39,gamble_right,You received 0 dollars.,141,2,13,0,6,2
86,34,60fc7f2f218923260bdc750c,988.6,1,39,gamble_right,You won 22 dollars.,142,2,22,0,10,1
63,34,60fc7f2f218923260bdc750c,1081.4,1,39,gamble_right,You won 12 dollars.,143,2,12,0,5,1
69,34,60fc7f2f218923260bdc750c,1085.9,1,39,gamble_right,You won 2 dollars.,144,2,2,0,1,1
73,34,60fc7f2f218923260bdc750c,1078.5,1,37,gamble_left,You won 8 dollars.,145,2,8,0,3,1
98,34,60fc7f2f218923260bdc750c,1746.3,0,37,gamble_right,You won 8 dollars.,146,2,19,0,8,1
77,34,60fc7f2f218923260bdc750c,924.2,0,37,gamble_right,You won 12 dollars.,147,2,26,0,12,1
129,34,60fc7f2f218923260bdc750c,1089.1,1,39,gamble_right,You won 30 dollars.,148,2,30,0,12,1
119,34,60fc7f2f218923260bdc750c,1050.1,1,39,gamble_right,You received 0 dollars.,149,2,23,0,10,2
18,34,60fc7f2f218923260bdc750c,884.3,1,37,gamble_left,You won 12 dollars.,150,2,12,0,4,1