trial_index,ID,subject,rt,responses,key_press,gamble_location,stimulus,Trial_ID,Trial_Type,Gain,Loss,Certain,Trial_Outcome
81,35,610015d8637f3dfaccca6c78,1259.5,1,37,gamble_left,You won 2 dollars.,1,1,2,-0.5,0,1
65,35,610015d8637f3dfaccca6c78,829.1,1,37,gamble_left,You lost -0.75 dollars.,2,1,2,-0.75,0,2
137,35,610015d8637f3dfaccca6c78,1548.6,1,39,gamble_right,You lost -1 dollars.,3,1,2,-1,0,2
75,35,610015d8637f3dfaccca6c78,627.1,1,39,gamble_right,You won 2 dollars.,4,1,2,-1.25,0,1
4,35,610015d8637f3dfaccca6c78,853.3,1,39,gamble_right,You lost -1.5 dollars.,5,1,2,-1.5,0,2
31,35,610015d8637f3dfaccca6c78,749.1,1,39,gamble_right,You lost -1.75 dollars.,6,1,2,-1.75,0,2
59,35,610015d8637f3dfaccca6c78,547.2,1,39,gamble_right,You won 2 dollars.,7,1,2,-2,0,1
47,35,610015d8637f3dfaccca6c78,605.9,1,39,gamble_right,You won 2 dollars.,8,1,2,-2.25,0,1
116,35,610015d8637f3dfaccca6c78,996.2,1,37,gamble_left,You won 2 dollars.,9,1,2,-2.5,0,1
36,35,610015d8637f3dfaccca6c78,1036.4,1,37,gamble_left,You lost -2.75 dollars.,10,1,2,-2.75,0,2
71,35,610015d8637f3dfaccca6c78,628.7,1,39,gamble_right,You lost -3 dollars.,11,1,2,-3,0,2
30,35,610015d8637f3dfaccca6c78,1017.4,1,39,gamble_right,You lost -3.25 dollars.,12,1,2,-3.25,0,2
37,35,610015d8637f3dfaccca6c78,755.4,1,39,gamble_right,You lost -3.5 dollars.,13,1,2,-3.5,0,2
135,35,610015d8637f3dfaccca6c78,1571.1,0,37,gamble_right,You received 0 dollars.,14,1,2,-3.75,0,2
85,35,610015d8637f3dfaccca6c78,851.4,1,37,gamble_left,You won 2 dollars.,15,1,2,-4,0,1
110,35,610015d8637f3dfaccca6c78,1116.8,1,37,gamble_left,You lost -1 dollars.,16,1,4,-1,0,2
79,35,610015d8637f3dfaccca6c78,1283,1,39,gamble_right,You lost -1.5 dollars.,17,1,4,-1.5,0,2
67,35,610015d8637f3dfaccca6c78,594.1,1,39,gamble_right,You won 4 dollars.,18,1,4,-2,0,1
52,35,610015d8637f3dfaccca6c78,866.4,1,37,gamble_left,You won 4 dollars.,19,1,4,-2.5,0,1
15,35,610015d8637f3dfaccca6c78,1037.6,1,39,gamble_right,You lost -3 dollars.,20,1,4,-3,0,2
6,35,610015d8637f3dfaccca6c78,1325.7,1,37,gamble_left,You won 4 dollars.,21,1,4,-3.5,0,1
121,35,610015d8637f3dfaccca6c78,661.1,1,39,gamble_right,You lost -4 dollars.,22,1,4,-4,0,2
140,35,610015d8637f3dfaccca6c78,1139,0,39,gamble_left,You received 0 dollars.,23,1,4,-4.5,0,2
40,35,610015d8637f3dfaccca6c78,652.3,1,37,gamble_left,You won 4 dollars.,24,1,4,-5,0,1
139,35,610015d8637f3dfaccca6c78,1288.7,1,39,gamble_right,You won 4 dollars.,25,1,4,-5.5,0,1
97,35,610015d8637f3dfaccca6c78,1370.8,0,37,gamble_right,You received 0 dollars.,26,1,4,-6,0,2
20,35,610015d8637f3dfaccca6c78,622.9,1,39,gamble_right,You won 4 dollars.,27,1,4,-6.5,0,1
103,35,610015d8637f3dfaccca6c78,1281.6,1,37,gamble_left,You lost -7 dollars.,28,1,4,-7,0,2
23,35,610015d8637f3dfaccca6c78,677.2,1,39,gamble_right,You lost -7.5 dollars.,29,1,4,-7.5,0,2
70,35,610015d8637f3dfaccca6c78,995.1,1,37,gamble_left,You lost -8 dollars.,30,1,4,-8,0,2
84,35,610015d8637f3dfaccca6c78,672.5,1,39,gamble_right,You won 5 dollars.,31,1,5,-1.25,0,1
34,35,610015d8637f3dfaccca6c78,971.8,1,39,gamble_right,You won 5 dollars.,32,1,5,-1.88,0,1
9,35,610015d8637f3dfaccca6c78,848,1,39,gamble_right,You lost -2.5 dollars.,33,1,5,-2.5,0,2
93,35,610015d8637f3dfaccca6c78,1082,1,37,gamble_left,You won 5 dollars.,34,1,5,-3.13,0,1
48,35,610015d8637f3dfaccca6c78,522.8,1,39,gamble_right,You won 5 dollars.,35,1,5,-3.75,0,1
58,35,610015d8637f3dfaccca6c78,1230.2,1,37,gamble_left,You won 5 dollars.,36,1,5,-4.38,0,1
144,35,610015d8637f3dfaccca6c78,NA,NA,NA,gamble_right,Trial missed.,37,1,5,-5,0,3
142,35,610015d8637f3dfaccca6c78,1159.6,1,37,gamble_left,You won 5 dollars.,38,1,5,-5.63,0,1
134,35,610015d8637f3dfaccca6c78,1434.3,0,39,gamble_left,You received 0 dollars.,39,1,5,-6.25,0,2
27,35,610015d8637f3dfaccca6c78,678.1,1,39,gamble_right,You lost -6.88 dollars.,40,1,5,-6.88,0,2
46,35,610015d8637f3dfaccca6c78,858.4,1,39,gamble_right,You won 5 dollars.,41,1,5,-7.5,0,1
33,35,610015d8637f3dfaccca6c78,1217.7,1,37,gamble_left,You lost -8.13 dollars.,42,1,5,-8.13,0,2
14,35,610015d8637f3dfaccca6c78,1343,1,39,gamble_right,You won 5 dollars.,43,1,5,-8.75,0,1
115,35,610015d8637f3dfaccca6c78,1238.4,1,39,gamble_right,You lost -9.38 dollars.,44,1,5,-9.38,0,2
90,35,610015d8637f3dfaccca6c78,1534.4,0,39,gamble_left,You received 0 dollars.,45,1,5,-10,0,2
88,35,610015d8637f3dfaccca6c78,1054.5,1,39,gamble_right,You lost -1.5 dollars.,46,1,6,-1.5,0,2
74,35,610015d8637f3dfaccca6c78,672.5,1,37,gamble_left,You lost -2.25 dollars.,47,1,6,-2.25,0,2
101,35,610015d8637f3dfaccca6c78,960.2,1,39,gamble_right,You lost -3 dollars.,48,1,6,-3,0,2
32,35,610015d8637f3dfaccca6c78,819.4,1,37,gamble_left,You lost -3.75 dollars.,49,1,6,-3.75,0,2
72,35,610015d8637f3dfaccca6c78,1014.5,1,37,gamble_left,You lost -4.5 dollars.,50,1,6,-4.5,0,2
29,35,610015d8637f3dfaccca6c78,1058.5,1,37,gamble_left,You won 6 dollars.,51,1,6,-5.25,0,1
89,35,610015d8637f3dfaccca6c78,1819.6,1,37,gamble_left,You won 6 dollars.,52,1,6,-6,0,1
45,35,610015d8637f3dfaccca6c78,1563.1,0,39,gamble_left,You received 0 dollars.,53,1,6,-6.75,0,2
123,35,610015d8637f3dfaccca6c78,928.6,1,39,gamble_right,You won 6 dollars.,54,1,6,-7.5,0,1
124,35,610015d8637f3dfaccca6c78,914.6,1,39,gamble_right,You lost -8.25 dollars.,55,1,6,-8.25,0,2
95,35,610015d8637f3dfaccca6c78,898,0,39,gamble_left,You received 0 dollars.,56,1,6,-9,0,2
120,35,610015d8637f3dfaccca6c78,739.8,1,39,gamble_right,You lost -9.75 dollars.,57,1,6,-9.75,0,2
99,35,610015d8637f3dfaccca6c78,1300.2,0,37,gamble_right,You received 0 dollars.,58,1,6,-10.5,0,2
87,35,610015d8637f3dfaccca6c78,932.7,0,39,gamble_left,You received 0 dollars.,59,1,6,-11.25,0,2
66,35,610015d8637f3dfaccca6c78,914.2,1,37,gamble_left,You lost -12 dollars.,60,1,6,-12,0,2
108,35,610015d8637f3dfaccca6c78,1091.2,1,37,gamble_left,You lost -2 dollars.,61,1,8,-2,0,2
76,35,610015d8637f3dfaccca6c78,1053.7,1,39,gamble_right,You lost -3 dollars.,62,1,8,-3,0,2
5,35,610015d8637f3dfaccca6c78,684.5,1,39,gamble_right,You lost -4 dollars.,63,1,8,-4,0,2
125,35,610015d8637f3dfaccca6c78,1220.8,1,37,gamble_left,You won 8 dollars.,64,1,8,-5,0,1
61,35,610015d8637f3dfaccca6c78,736.7,1,39,gamble_right,You lost -6 dollars.,65,1,8,-6,0,2
150,35,610015d8637f3dfaccca6c78,757.4,1,39,gamble_right,You won 8 dollars.,66,1,8,-7,0,1
2,35,610015d8637f3dfaccca6c78,740.5,0,39,gamble_left,You received 0 dollars.,67,1,8,-8,0,2
24,35,610015d8637f3dfaccca6c78,1006,1,37,gamble_left,You lost -9 dollars.,68,1,8,-9,0,2
19,35,610015d8637f3dfaccca6c78,1066.4,1,37,gamble_left,You lost -10 dollars.,69,1,8,-10,0,2
148,35,610015d8637f3dfaccca6c78,549.5,1,39,gamble_right,You won 8 dollars.,70,1,8,-11,0,1
8,35,610015d8637f3dfaccca6c78,1072.1,0,39,gamble_left,You received 0 dollars.,71,1,8,-12,0,2
55,35,610015d8637f3dfaccca6c78,552.6,1,39,gamble_right,You won 8 dollars.,72,1,8,-13,0,1
53,35,610015d8637f3dfaccca6c78,637,1,37,gamble_left,You won 8 dollars.,73,1,8,-14,0,1
113,35,610015d8637f3dfaccca6c78,928,0,39,gamble_left,You received 0 dollars.,74,1,8,-15,0,2
68,35,610015d8637f3dfaccca6c78,1352.7,0,39,gamble_left,You received 0 dollars.,75,1,8,-16,0,2
82,35,610015d8637f3dfaccca6c78,873.9,1,37,gamble_left,You won 9 dollars.,76,1,9,-2.25,0,1
39,35,610015d8637f3dfaccca6c78,693.7,1,39,gamble_right,You lost -3.38 dollars.,77,1,9,-3.38,0,2
122,35,610015d8637f3dfaccca6c78,1161.7,0,39,gamble_left,You received 0 dollars.,78,1,9,-4.5,0,2
149,35,610015d8637f3dfaccca6c78,795.7,0,39,gamble_left,You received 0 dollars.,79,1,9,-5.63,0,2
132,35,610015d8637f3dfaccca6c78,1328.6,0,37,gamble_right,You received 0 dollars.,80,1,9,-6.75,0,2
130,35,610015d8637f3dfaccca6c78,1110.6,0,37,gamble_right,You received 0 dollars.,81,1,9,-7.88,0,2
73,35,610015d8637f3dfaccca6c78,704.3,1,39,gamble_right,You lost -9 dollars.,82,1,9,-9,0,2
92,35,610015d8637f3dfaccca6c78,901.2,1,37,gamble_left,You won 9 dollars.,83,1,9,-10.13,0,1
145,35,610015d8637f3dfaccca6c78,1009.3,1,37,gamble_left,You won 9 dollars.,84,1,9,-11.25,0,1
18,35,610015d8637f3dfaccca6c78,1438.7,1,39,gamble_right,You won 9 dollars.,85,1,9,-12.38,0,1
12,35,610015d8637f3dfaccca6c78,710,1,39,gamble_right,You lost -13.5 dollars.,86,1,9,-13.5,0,2
117,35,610015d8637f3dfaccca6c78,1367,0,37,gamble_right,You received 0 dollars.,87,1,9,-14.63,0,2
38,35,610015d8637f3dfaccca6c78,680.1,1,37,gamble_left,You lost -15.75 dollars.,88,1,9,-15.75,0,2
91,35,610015d8637f3dfaccca6c78,1649.3,1,39,gamble_right,You won 9 dollars.,89,1,9,-16.88,0,1
17,35,610015d8637f3dfaccca6c78,1499.8,1,37,gamble_left,You lost -18 dollars.,90,1,9,-18,0,2
119,35,610015d8637f3dfaccca6c78,727.4,1,39,gamble_right,You won 10 dollars.,91,1,10,-2.5,0,1
60,35,610015d8637f3dfaccca6c78,766.2,1,39,gamble_right,You lost -3.75 dollars.,92,1,10,-3.75,0,2
7,35,610015d8637f3dfaccca6c78,792,1,39,gamble_right,You lost -5 dollars.,93,1,10,-5,0,2
43,35,610015d8637f3dfaccca6c78,966.2,1,39,gamble_right,You won 10 dollars.,94,1,10,-6.25,0,1
16,35,610015d8637f3dfaccca6c78,830.9,1,39,gamble_right,You won 10 dollars.,95,1,10,-7.5,0,1
96,35,610015d8637f3dfaccca6c78,1171.4,1,37,gamble_left,You won 10 dollars.,96,1,10,-8.75,0,1
3,35,610015d8637f3dfaccca6c78,760.1,1,37,gamble_left,You won 10 dollars.,97,1,10,-10,0,1
41,35,610015d8637f3dfaccca6c78,1401.6,1,39,gamble_right,You lost -11.25 dollars.,98,1,10,-11.25,0,2
25,35,610015d8637f3dfaccca6c78,1125.4,1,37,gamble_left,You lost -12.5 dollars.,99,1,10,-12.5,0,2
118,35,610015d8637f3dfaccca6c78,1124.6,1,37,gamble_left,You lost -13.75 dollars.,100,1,10,-13.75,0,2
100,35,610015d8637f3dfaccca6c78,818.9,1,39,gamble_right,You lost -15 dollars.,101,1,10,-15,0,2
64,35,610015d8637f3dfaccca6c78,844.5,1,37,gamble_left,You won 10 dollars.,102,1,10,-16.25,0,1
21,35,610015d8637f3dfaccca6c78,702.6,1,37,gamble_left,You won 10 dollars.,103,1,10,-17.5,0,1
69,35,610015d8637f3dfaccca6c78,953.8,0,39,gamble_left,You received 0 dollars.,104,1,10,-18.75,0,2
11,35,610015d8637f3dfaccca6c78,677.1,1,39,gamble_right,You lost -20 dollars.,105,1,10,-20,0,2
77,35,610015d8637f3dfaccca6c78,877.7,1,37,gamble_left,You lost -3 dollars.,106,1,12,-3,0,2
51,35,610015d8637f3dfaccca6c78,915.2,1,39,gamble_right,You won 12 dollars.,107,1,12,-4.5,0,1
107,35,610015d8637f3dfaccca6c78,1067.3,1,37,gamble_left,You won 12 dollars.,108,1,12,-6,0,1
105,35,610015d8637f3dfaccca6c78,1141.4,1,39,gamble_right,You lost -7.5 dollars.,109,1,12,-7.5,0,2
94,35,610015d8637f3dfaccca6c78,732.4,1,39,gamble_right,You lost -9 dollars.,110,1,12,-9,0,2
102,35,610015d8637f3dfaccca6c78,1470.4,1,37,gamble_left,You won 12 dollars.,111,1,12,-10.5,0,1
63,35,610015d8637f3dfaccca6c78,1033.9,1,37,gamble_left,You won 12 dollars.,112,1,12,-12,0,1
83,35,610015d8637f3dfaccca6c78,1162.8,0,39,gamble_left,You received 0 dollars.,113,1,12,-13.5,0,2
44,35,610015d8637f3dfaccca6c78,1395.9,0,39,gamble_left,You received 0 dollars.,114,1,12,-15,0,2
56,35,610015d8637f3dfaccca6c78,635.9,1,39,gamble_right,You won 12 dollars.,115,1,12,-16.5,0,1
127,35,610015d8637f3dfaccca6c78,1116.9,0,37,gamble_right,You received 0 dollars.,116,1,12,-18,0,2
138,35,610015d8637f3dfaccca6c78,1654.5,0,39,gamble_left,You received 0 dollars.,117,1,12,-19.5,0,2
28,35,610015d8637f3dfaccca6c78,1363.2,0,39,gamble_left,You received 0 dollars.,118,1,12,-21,0,2
42,35,610015d8637f3dfaccca6c78,585.4,1,39,gamble_right,You won 12 dollars.,119,1,12,-22.5,0,1
146,35,610015d8637f3dfaccca6c78,677,1,37,gamble_left,You lost -24 dollars.,120,1,12,-24,0,2
35,35,610015d8637f3dfaccca6c78,1124.4,0,37,gamble_right,You won 2 dollars.,121,2,4,0,2,1
133,35,610015d8637f3dfaccca6c78,786.7,0,39,gamble_left,You won 4 dollars.,122,2,8,0,4,1
10,35,610015d8637f3dfaccca6c78,659.9,1,37,gamble_left,You won 12 dollars.,123,2,12,0,6,1
80,35,610015d8637f3dfaccca6c78,1088.7,0,39,gamble_left,You won 9 dollars.,124,2,18,0,9,1
131,35,610015d8637f3dfaccca6c78,1068.2,0,37,gamble_right,You won 12 dollars.,125,2,24,0,12,1
26,35,610015d8637f3dfaccca6c78,1050.1,0,39,gamble_left,You won 3 dollars.,126,2,5,0,3,1
22,35,610015d8637f3dfaccca6c78,1147.6,0,37,gamble_right,You won 4 dollars.,127,2,7,0,4,1
50,35,610015d8637f3dfaccca6c78,1490.6,0,37,gamble_right,You won 6 dollars.,128,2,10,0,6,1
13,35,610015d8637f3dfaccca6c78,866.2,1,39,gamble_right,You received 0 dollars.,129,2,17,0,10,2
143,35,610015d8637f3dfaccca6c78,1780.6,0,37,gamble_right,You won 13 dollars.,130,2,22,0,13,1
98,35,610015d8637f3dfaccca6c78,1302.6,0,39,gamble_left,You won 13 dollars.,131,2,28,0,13,1
57,35,610015d8637f3dfaccca6c78,1101,0,37,gamble_right,You won 2 dollars.,132,2,5,0,2,1
49,35,610015d8637f3dfaccca6c78,1789.8,0,39,gamble_left,You won 10 dollars.,133,2,26,0,10,1
106,35,610015d8637f3dfaccca6c78,1323.6,1,37,gamble_left,You received 0 dollars.,134,2,7,0,3,2
126,35,610015d8637f3dfaccca6c78,1103.8,1,39,gamble_right,You won 13 dollars.,135,2,13,0,5,1
112,35,610015d8637f3dfaccca6c78,1057,1,39,gamble_right,You won 12 dollars.,136,2,12,0,6,1
78,35,610015d8637f3dfaccca6c78,1013.5,1,39,gamble_right,You received 0 dollars.,137,2,25,0,10,2
54,35,610015d8637f3dfaccca6c78,830.7,0,39,gamble_left,You won 2 dollars.,138,2,4,0,2,1
86,35,610015d8637f3dfaccca6c78,1301.6,1,37,gamble_left,You won 3 dollars.,139,2,3,0,1,1
129,35,610015d8637f3dfaccca6c78,1103.1,0,39,gamble_left,You won 9 dollars.,140,2,25,0,9,1
109,35,610015d8637f3dfaccca6c78,1093.7,1,39,gamble_right,You received 0 dollars.,141,2,13,0,6,2
104,35,610015d8637f3dfaccca6c78,934.6,1,39,gamble_right,You received 0 dollars.,142,2,22,0,10,2
1,35,610015d8637f3dfaccca6c78,733.5,1,39,gamble_right,You received 0 dollars.,143,2,12,0,5,2
136,35,610015d8637f3dfaccca6c78,1235.2,1,39,gamble_right,You received 0 dollars.,144,2,2,0,1,2
147,35,610015d8637f3dfaccca6c78,759.9,1,39,gamble_right,You won 8 dollars.,145,2,8,0,3,1
128,35,610015d8637f3dfaccca6c78,1012.5,1,39,gamble_right,You won 19 dollars.,146,2,19,0,8,1
114,35,610015d8637f3dfaccca6c78,898.2,1,39,gamble_right,You received 0 dollars.,147,2,26,0,12,2
111,35,610015d8637f3dfaccca6c78,896.2,1,39,gamble_right,You won 30 dollars.,148,2,30,0,12,1
141,35,610015d8637f3dfaccca6c78,1104.6,0,39,gamble_left,You won 10 dollars.,149,2,23,0,10,1
62,35,610015d8637f3dfaccca6c78,1078.8,0,37,gamble_right,You won 4 dollars.,150,2,12,0,4,1