trial_index,ID,subject,rt,responses,key_press,gamble_location,stimulus,Trial_ID,Trial_Type,Gain,Loss,Certain,Trial_Outcome
1,36,5d7c060606189b0017ba79c9,902.1,1,39,gamble_right,You won 2 dollars.,1,1,2,-0.5,0,1
128,36,5d7c060606189b0017ba79c9,1674.7,0,37,gamble_right,You received 0 dollars.,2,1,2,-0.75,0,2
66,36,5d7c060606189b0017ba79c9,1821.0,0,39,gamble_left,You received 0 dollars.,3,1,2,-1,0,2
20,36,5d7c060606189b0017ba79c9,1298.3,0,39,gamble_left,You received 0 dollars.,4,1,2,-1.25,0,2
133,36,5d7c060606189b0017ba79c9,1487.9,0,39,gamble_left,You received 0 dollars.,5,1,2,-1.5,0,2
55,36,5d7c060606189b0017ba79c9,1596.9,0,39,gamble_left,You received 0 dollars.,6,1,2,-1.75,0,2
42,36,5d7c060606189b0017ba79c9,1439.1,0,39,gamble_left,You received 0 dollars.,7,1,2,-2,0,2
36,36,5d7c060606189b0017ba79c9,1231.8,1,37,gamble_left,You lost -2.25 dollars.,8,1,2,-2.25,0,2
39,36,5d7c060606189b0017ba79c9,1400.9,0,39,gamble_left,You received 0 dollars.,9,1,2,-2.5,0,2
116,36,5d7c060606189b0017ba79c9,1719.8,1,39,gamble_right,You lost -2.75 dollars.,10,1,2,-2.75,0,2
60,36,5d7c060606189b0017ba79c9,1523.9,1,37,gamble_left,You lost -3 dollars.,11,1,2,-3,0,2
102,36,5d7c060606189b0017ba79c9,1113.7,1,39,gamble_right,You lost -3.25 dollars.,12,1,2,-3.25,0,2
70,36,5d7c060606189b0017ba79c9,1609.1,0,37,gamble_right,You received 0 dollars.,13,1,2,-3.5,0,2
15,36,5d7c060606189b0017ba79c9,643.8,1,39,gamble_right,You won 2 dollars.,14,1,2,-3.75,0,1
105,36,5d7c060606189b0017ba79c9,1312.1,0,37,gamble_right,You received 0 dollars.,15,1,2,-4,0,2
29,36,5d7c060606189b0017ba79c9,1060.7,1,39,gamble_right,You lost -1 dollars.,16,1,4,-1,0,2
49,36,5d7c060606189b0017ba79c9,1112.7,1,37,gamble_left,You won 4 dollars.,17,1,4,-1.5,0,1
129,36,5d7c060606189b0017ba79c9,1743.9,1,37,gamble_left,You lost -2 dollars.,18,1,4,-2,0,2
144,36,5d7c060606189b0017ba79c9,1399.7,0,39,gamble_left,You received 0 dollars.,19,1,4,-2.5,0,2
82,36,5d7c060606189b0017ba79c9,1431.3,1,39,gamble_right,You lost -3 dollars.,20,1,4,-3,0,2
127,36,5d7c060606189b0017ba79c9,NA,NA,NA,gamble_right,Trial missed.,21,1,4,-3.5,0,3
17,36,5d7c060606189b0017ba79c9,944.4,1,37,gamble_left,You lost -4 dollars.,22,1,4,-4,0,2
99,36,5d7c060606189b0017ba79c9,1005.6,1,37,gamble_left,You won 4 dollars.,23,1,4,-4.5,0,1
69,36,5d7c060606189b0017ba79c9,1667.4,1,37,gamble_left,You lost -5 dollars.,24,1,4,-5,0,2
83,36,5d7c060606189b0017ba79c9,1410.7,0,37,gamble_right,You received 0 dollars.,25,1,4,-5.5,0,2
33,36,5d7c060606189b0017ba79c9,1064.6,1,39,gamble_right,You lost -6 dollars.,26,1,4,-6,0,2
25,36,5d7c060606189b0017ba79c9,1114.1,1,37,gamble_left,You won 4 dollars.,27,1,4,-6.5,0,1
11,36,5d7c060606189b0017ba79c9,724.5,1,37,gamble_left,You won 4 dollars.,28,1,4,-7,0,1
88,36,5d7c060606189b0017ba79c9,NA,NA,NA,gamble_left,Trial missed.,29,1,4,-7.5,0,3
50,36,5d7c060606189b0017ba79c9,1599.6,0,37,gamble_right,You received 0 dollars.,30,1,4,-8,0,2
106,36,5d7c060606189b0017ba79c9,1123.3,1,39,gamble_right,You won 5 dollars.,31,1,5,-1.25,0,1
65,36,5d7c060606189b0017ba79c9,1804.7,1,37,gamble_left,You won 5 dollars.,32,1,5,-1.88,0,1
21,36,5d7c060606189b0017ba79c9,901.6,1,37,gamble_left,You won 5 dollars.,33,1,5,-2.5,0,1
80,36,5d7c060606189b0017ba79c9,1277.5,1,39,gamble_right,You won 5 dollars.,34,1,5,-3.13,0,1
48,36,5d7c060606189b0017ba79c9,1546.6,1,39,gamble_right,You won 5 dollars.,35,1,5,-3.75,0,1
5,36,5d7c060606189b0017ba79c9,718.3,1,39,gamble_right,You won 5 dollars.,36,1,5,-4.38,0,1
103,36,5d7c060606189b0017ba79c9,899.2,1,37,gamble_left,You lost -5 dollars.,37,1,5,-5,0,2
2,36,5d7c060606189b0017ba79c9,894.1,1,37,gamble_left,You lost -5.63 dollars.,38,1,5,-5.63,0,2
30,36,5d7c060606189b0017ba79c9,1237.7,1,37,gamble_left,You won 5 dollars.,39,1,5,-6.25,0,1
147,36,5d7c060606189b0017ba79c9,1323.1,0,39,gamble_left,You received 0 dollars.,40,1,5,-6.88,0,2
91,36,5d7c060606189b0017ba79c9,1274.9,0,39,gamble_left,You received 0 dollars.,41,1,5,-7.5,0,2
115,36,5d7c060606189b0017ba79c9,1415.2,0,37,gamble_right,You received 0 dollars.,42,1,5,-8.13,0,2
3,36,5d7c060606189b0017ba79c9,797.3,1,37,gamble_left,You won 5 dollars.,43,1,5,-8.75,0,1
114,36,5d7c060606189b0017ba79c9,1487.3,0,37,gamble_right,You received 0 dollars.,44,1,5,-9.38,0,2
31,36,5d7c060606189b0017ba79c9,999.1,1,37,gamble_left,You lost -10 dollars.,45,1,5,-10,0,2
146,36,5d7c060606189b0017ba79c9,1571.7,1,39,gamble_right,You lost -1.5 dollars.,46,1,6,-1.5,0,2
121,36,5d7c060606189b0017ba79c9,1706.1,1,37,gamble_left,You won 6 dollars.,47,1,6,-2.25,0,1
73,36,5d7c060606189b0017ba79c9,1574.2,0,39,gamble_left,You received 0 dollars.,48,1,6,-3,0,2
90,36,5d7c060606189b0017ba79c9,1273.1,1,37,gamble_left,You lost -3.75 dollars.,49,1,6,-3.75,0,2
38,36,5d7c060606189b0017ba79c9,1276.2,0,37,gamble_right,You received 0 dollars.,50,1,6,-4.5,0,2
113,36,5d7c060606189b0017ba79c9,1920.5,0,37,gamble_right,You received 0 dollars.,51,1,6,-5.25,0,2
141,36,5d7c060606189b0017ba79c9,NA,NA,NA,gamble_right,Trial missed.,52,1,6,-6,0,3
24,36,5d7c060606189b0017ba79c9,1113.9,1,37,gamble_left,You lost -6.75 dollars.,53,1,6,-6.75,0,2
104,36,5d7c060606189b0017ba79c9,1166.6,1,39,gamble_right,You won 6 dollars.,54,1,6,-7.5,0,1
78,36,5d7c060606189b0017ba79c9,1447.6,1,37,gamble_left,You won 6 dollars.,55,1,6,-8.25,0,1
77,36,5d7c060606189b0017ba79c9,1515.8,1,39,gamble_right,You lost -9 dollars.,56,1,6,-9,0,2
134,36,5d7c060606189b0017ba79c9,1524.7,0,37,gamble_right,You received 0 dollars.,57,1,6,-9.75,0,2
86,36,5d7c060606189b0017ba79c9,1369.9,0,37,gamble_right,You received 0 dollars.,58,1,6,-10.5,0,2
131,36,5d7c060606189b0017ba79c9,1435.6,0,37,gamble_right,You received 0 dollars.,59,1,6,-11.25,0,2
87,36,5d7c060606189b0017ba79c9,1352.4,0,37,gamble_right,You received 0 dollars.,60,1,6,-12,0,2
132,36,5d7c060606189b0017ba79c9,1524.9,1,39,gamble_right,You lost -2 dollars.,61,1,8,-2,0,2
74,36,5d7c060606189b0017ba79c9,1394.9,1,39,gamble_right,You won 8 dollars.,62,1,8,-3,0,1
46,36,5d7c060606189b0017ba79c9,1476.6,1,37,gamble_left,You lost -4 dollars.,63,1,8,-4,0,2
124,36,5d7c060606189b0017ba79c9,1511.0,0,39,gamble_left,You received 0 dollars.,64,1,8,-5,0,2
122,36,5d7c060606189b0017ba79c9,1525.9,0,37,gamble_right,You received 0 dollars.,65,1,8,-6,0,2
27,36,5d7c060606189b0017ba79c9,653.0,1,39,gamble_right,You lost -7 dollars.,66,1,8,-7,0,2
85,36,5d7c060606189b0017ba79c9,1536.4,1,39,gamble_right,You won 8 dollars.,67,1,8,-8,0,1
4,36,5d7c060606189b0017ba79c9,935.7,1,37,gamble_left,You won 8 dollars.,68,1,8,-9,0,1
111,36,5d7c060606189b0017ba79c9,1879.1,0,37,gamble_right,You received 0 dollars.,69,1,8,-10,0,2
139,36,5d7c060606189b0017ba79c9,1396.7,0,39,gamble_left,You received 0 dollars.,70,1,8,-11,0,2
62,36,5d7c060606189b0017ba79c9,1475.0,0,39,gamble_left,You received 0 dollars.,71,1,8,-12,0,2
67,36,5d7c060606189b0017ba79c9,1436.5,1,37,gamble_left,You lost -13 dollars.,72,1,8,-13,0,2
10,36,5d7c060606189b0017ba79c9,701.3,1,39,gamble_right,You won 8 dollars.,73,1,8,-14,0,1
8,36,5d7c060606189b0017ba79c9,566.8,1,37,gamble_left,You won 8 dollars.,74,1,8,-15,0,1
148,36,5d7c060606189b0017ba79c9,1708.2,0,37,gamble_right,You received 0 dollars.,75,1,8,-16,0,2
98,36,5d7c060606189b0017ba79c9,1159.2,1,39,gamble_right,You lost -2.25 dollars.,76,1,9,-2.25,0,2
137,36,5d7c060606189b0017ba79c9,1394.5,1,39,gamble_right,You won 9 dollars.,77,1,9,-3.38,0,1
75,36,5d7c060606189b0017ba79c9,1574.6,0,37,gamble_right,You received 0 dollars.,78,1,9,-4.5,0,2
13,36,5d7c060606189b0017ba79c9,620.5,0,39,gamble_left,You received 0 dollars.,79,1,9,-5.63,0,2
58,36,5d7c060606189b0017ba79c9,1682.7,1,39,gamble_right,You lost -6.75 dollars.,80,1,9,-6.75,0,2
126,36,5d7c060606189b0017ba79c9,1681.3,0,39,gamble_left,You received 0 dollars.,81,1,9,-7.88,0,2
6,36,5d7c060606189b0017ba79c9,854.7,0,37,gamble_right,You received 0 dollars.,82,1,9,-9,0,2
76,36,5d7c060606189b0017ba79c9,1524.8,0,39,gamble_left,You received 0 dollars.,83,1,9,-10.13,0,2
110,36,5d7c060606189b0017ba79c9,1500.5,1,37,gamble_left,You won 9 dollars.,84,1,9,-11.25,0,1
40,36,5d7c060606189b0017ba79c9,1582.8,0,39,gamble_left,You received 0 dollars.,85,1,9,-12.38,0,2
136,36,5d7c060606189b0017ba79c9,1496.2,0,39,gamble_left,You received 0 dollars.,86,1,9,-13.5,0,2
37,36,5d7c060606189b0017ba79c9,1194.9,1,39,gamble_right,You won 9 dollars.,87,1,9,-14.63,0,1
107,36,5d7c060606189b0017ba79c9,1435.6,0,39,gamble_left,You received 0 dollars.,88,1,9,-15.75,0,2
51,36,5d7c060606189b0017ba79c9,905.0,1,37,gamble_left,You won 9 dollars.,89,1,9,-16.88,0,1
28,36,5d7c060606189b0017ba79c9,850.0,1,39,gamble_right,You lost -18 dollars.,90,1,9,-18,0,2
143,36,5d7c060606189b0017ba79c9,1308.1,1,39,gamble_right,You lost -2.5 dollars.,91,1,10,-2.5,0,2
108,36,5d7c060606189b0017ba79c9,1467.1,1,37,gamble_left,You lost -3.75 dollars.,92,1,10,-3.75,0,2
79,36,5d7c060606189b0017ba79c9,NA,NA,NA,gamble_left,Trial missed.,93,1,10,-5,0,3
117,36,5d7c060606189b0017ba79c9,1343.3,1,39,gamble_right,You won 10 dollars.,94,1,10,-6.25,0,1
118,36,5d7c060606189b0017ba79c9,1467.7,0,39,gamble_left,You received 0 dollars.,95,1,10,-7.5,0,2
7,36,5d7c060606189b0017ba79c9,671.2,1,39,gamble_right,You lost -8.75 dollars.,96,1,10,-8.75,0,2
94,36,5d7c060606189b0017ba79c9,1079.2,1,37,gamble_left,You lost -10 dollars.,97,1,10,-10,0,2
63,36,5d7c060606189b0017ba79c9,1118.1,1,37,gamble_left,You won 10 dollars.,98,1,10,-11.25,0,1
89,36,5d7c060606189b0017ba79c9,1112.9,1,39,gamble_right,You lost -12.5 dollars.,99,1,10,-12.5,0,2
16,36,5d7c060606189b0017ba79c9,867.5,1,39,gamble_right,You won 10 dollars.,100,1,10,-13.75,0,1
12,36,5d7c060606189b0017ba79c9,792.4,1,37,gamble_left,You won 10 dollars.,101,1,10,-15,0,1
112,36,5d7c060606189b0017ba79c9,1599.2,1,37,gamble_left,You won 10 dollars.,102,1,10,-16.25,0,1
84,36,5d7c060606189b0017ba79c9,1379.9,0,37,gamble_right,You received 0 dollars.,103,1,10,-17.5,0,2
140,36,5d7c060606189b0017ba79c9,1258.4,0,39,gamble_left,You received 0 dollars.,104,1,10,-18.75,0,2
57,36,5d7c060606189b0017ba79c9,1120.5,1,39,gamble_right,You won 10 dollars.,105,1,10,-20,0,1
26,36,5d7c060606189b0017ba79c9,797.6,1,39,gamble_right,You lost -3 dollars.,106,1,12,-3,0,2
68,36,5d7c060606189b0017ba79c9,1300.9,1,39,gamble_right,You won 12 dollars.,107,1,12,-4.5,0,1
52,36,5d7c060606189b0017ba79c9,1617.6,1,37,gamble_left,You won 12 dollars.,108,1,12,-6,0,1
23,36,5d7c060606189b0017ba79c9,976.2,1,37,gamble_left,You lost -7.5 dollars.,109,1,12,-7.5,0,2
96,36,5d7c060606189b0017ba79c9,1364.2,1,37,gamble_left,You lost -9 dollars.,110,1,12,-9,0,2
97,36,5d7c060606189b0017ba79c9,1231.2,0,39,gamble_left,You received 0 dollars.,111,1,12,-10.5,0,2
142,36,5d7c060606189b0017ba79c9,1640.3,0,37,gamble_right,You received 0 dollars.,112,1,12,-12,0,2
93,36,5d7c060606189b0017ba79c9,1759.7,1,39,gamble_right,You lost -13.5 dollars.,113,1,12,-13.5,0,2
71,36,5d7c060606189b0017ba79c9,1786.9,1,39,gamble_right,You lost -15 dollars.,114,1,12,-15,0,2
59,36,5d7c060606189b0017ba79c9,1049.6,1,37,gamble_left,You lost -16.5 dollars.,115,1,12,-16.5,0,2
135,36,5d7c060606189b0017ba79c9,1414.0,0,39,gamble_left,You received 0 dollars.,116,1,12,-18,0,2
56,36,5d7c060606189b0017ba79c9,1722.4,0,39,gamble_left,You received 0 dollars.,117,1,12,-19.5,0,2
14,36,5d7c060606189b0017ba79c9,737.5,1,37,gamble_left,You lost -21 dollars.,118,1,12,-21,0,2
81,36,5d7c060606189b0017ba79c9,1349.9,1,39,gamble_right,You won 12 dollars.,119,1,12,-22.5,0,1
34,36,5d7c060606189b0017ba79c9,815.2,1,37,gamble_left,You lost -24 dollars.,120,1,12,-24,0,2
61,36,5d7c060606189b0017ba79c9,1256.9,1,39,gamble_right,You won 4 dollars.,121,2,4,0,2,1
41,36,5d7c060606189b0017ba79c9,1178.6,1,39,gamble_right,You received 0 dollars.,122,2,8,0,4,2
35,36,5d7c060606189b0017ba79c9,738.0,0,39,gamble_left,You won 6 dollars.,123,2,12,0,6,1
54,36,5d7c060606189b0017ba79c9,1508.1,1,37,gamble_left,You received 0 dollars.,124,2,18,0,9,2
9,36,5d7c060606189b0017ba79c9,858.7,1,39,gamble_right,You received 0 dollars.,125,2,24,0,12,2
150,36,5d7c060606189b0017ba79c9,1236.8,1,37,gamble_left,You won 5 dollars.,126,2,5,0,3,1
47,36,5d7c060606189b0017ba79c9,1030.4,0,39,gamble_left,You won 4 dollars.,127,2,7,0,4,1
45,36,5d7c060606189b0017ba79c9,1200.1,1,39,gamble_right,You received 0 dollars.,128,2,10,0,6,2
101,36,5d7c060606189b0017ba79c9,927.9,1,37,gamble_left,You received 0 dollars.,129,2,17,0,10,2
32,36,5d7c060606189b0017ba79c9,723.7,0,39,gamble_left,You won 13 dollars.,130,2,22,0,13,1
138,36,5d7c060606189b0017ba79c9,1095.9,0,37,gamble_right,You won 13 dollars.,131,2,28,0,13,1
145,36,5d7c060606189b0017ba79c9,1322.2,1,39,gamble_right,You won 5 dollars.,132,2,5,0,2,1
120,36,5d7c060606189b0017ba79c9,978.0,0,37,gamble_right,You won 10 dollars.,133,2,26,0,10,1
109,36,5d7c060606189b0017ba79c9,1200.7,1,37,gamble_left,You received 0 dollars.,134,2,7,0,3,2
100,36,5d7c060606189b0017ba79c9,1034.4,0,37,gamble_right,You won 5 dollars.,135,2,13,0,5,1
130,36,5d7c060606189b0017ba79c9,1217.6,1,39,gamble_right,You won 12 dollars.,136,2,12,0,6,1
44,36,5d7c060606189b0017ba79c9,1242.8,1,39,gamble_right,You won 25 dollars.,137,2,25,0,10,1
119,36,5d7c060606189b0017ba79c9,1362.7,1,37,gamble_left,You won 4 dollars.,138,2,4,0,2,1
19,36,5d7c060606189b0017ba79c9,1108.9,1,37,gamble_left,You received 0 dollars.,139,2,3,0,1,2
64,36,5d7c060606189b0017ba79c9,1019.5,0,37,gamble_right,You won 9 dollars.,140,2,25,0,9,1
92,36,5d7c060606189b0017ba79c9,851.1,0,37,gamble_right,You won 6 dollars.,141,2,13,0,6,1
125,36,5d7c060606189b0017ba79c9,1593.1,1,39,gamble_right,You won 22 dollars.,142,2,22,0,10,1
43,36,5d7c060606189b0017ba79c9,1299.7,1,37,gamble_left,You won 12 dollars.,143,2,12,0,5,1
95,36,5d7c060606189b0017ba79c9,1269.2,0,37,gamble_right,You won 1 dollars.,144,2,2,0,1,1
53,36,5d7c060606189b0017ba79c9,1363.8,1,37,gamble_left,You received 0 dollars.,145,2,8,0,3,2
18,36,5d7c060606189b0017ba79c9,714.9,0,39,gamble_left,You won 8 dollars.,146,2,19,0,8,1
22,36,5d7c060606189b0017ba79c9,820.2,1,39,gamble_right,You won 26 dollars.,147,2,26,0,12,1
149,36,5d7c060606189b0017ba79c9,1022.5,0,37,gamble_right,You won 12 dollars.,148,2,30,0,12,1
123,36,5d7c060606189b0017ba79c9,1329.4,0,39,gamble_left,You won 10 dollars.,149,2,23,0,10,1
72,36,5d7c060606189b0017ba79c9,1510.0,1,37,gamble_left,You received 0 dollars.,150,2,12,0,4,2