trial_index,ID,subject,rt,responses,key_press,gamble_location,stimulus,Trial_ID,Trial_Type,Gain,Loss,Certain,Trial_Outcome
147,37,5b8c611e4cd6dd0001bec307,1396.6,1,37,gamble_left,You lost -0.5 dollars.,1,1,2,-0.5,0,2
137,37,5b8c611e4cd6dd0001bec307,1129.2,1,37,gamble_left,You won 2 dollars.,2,1,2,-0.75,0,1
8,37,5b8c611e4cd6dd0001bec307,1398.5,1,39,gamble_right,You lost -1 dollars.,3,1,2,-1,0,2
91,37,5b8c611e4cd6dd0001bec307,967.3,0,39,gamble_left,You received 0 dollars.,4,1,2,-1.25,0,2
37,37,5b8c611e4cd6dd0001bec307,1564.7,1,39,gamble_right,You lost -1.5 dollars.,5,1,2,-1.5,0,2
32,37,5b8c611e4cd6dd0001bec307,1239.7,1,39,gamble_right,You lost -1.75 dollars.,6,1,2,-1.75,0,2
42,37,5b8c611e4cd6dd0001bec307,1395.7,1,39,gamble_right,You won 2 dollars.,7,1,2,-2,0,1
49,37,5b8c611e4cd6dd0001bec307,1559.0,0,39,gamble_left,You received 0 dollars.,8,1,2,-2.25,0,2
9,37,5b8c611e4cd6dd0001bec307,1349.9,1,39,gamble_right,You won 2 dollars.,9,1,2,-2.5,0,1
131,37,5b8c611e4cd6dd0001bec307,1134.6,0,39,gamble_left,You received 0 dollars.,10,1,2,-2.75,0,2
36,37,5b8c611e4cd6dd0001bec307,NA,NA,NA,gamble_left,Trial missed.,11,1,2,-3,0,3
89,37,5b8c611e4cd6dd0001bec307,1533.2,0,39,gamble_left,You received 0 dollars.,12,1,2,-3.25,0,2
135,37,5b8c611e4cd6dd0001bec307,1013.0,0,37,gamble_right,You received 0 dollars.,13,1,2,-3.5,0,2
28,37,5b8c611e4cd6dd0001bec307,1782.2,0,39,gamble_left,You received 0 dollars.,14,1,2,-3.75,0,2
116,37,5b8c611e4cd6dd0001bec307,1166.3,0,37,gamble_right,You received 0 dollars.,15,1,2,-4,0,2
57,37,5b8c611e4cd6dd0001bec307,1314.3,1,37,gamble_left,You lost -1 dollars.,16,1,4,-1,0,2
115,37,5b8c611e4cd6dd0001bec307,943.2,0,37,gamble_right,You received 0 dollars.,17,1,4,-1.5,0,2
16,37,5b8c611e4cd6dd0001bec307,929.5,0,37,gamble_right,You received 0 dollars.,18,1,4,-2,0,2
19,37,5b8c611e4cd6dd0001bec307,982.0,0,39,gamble_left,You received 0 dollars.,19,1,4,-2.5,0,2
80,37,5b8c611e4cd6dd0001bec307,1285.8,0,37,gamble_right,You received 0 dollars.,20,1,4,-3,0,2
38,37,5b8c611e4cd6dd0001bec307,1318.2,0,37,gamble_right,You received 0 dollars.,21,1,4,-3.5,0,2
71,37,5b8c611e4cd6dd0001bec307,1124.9,0,37,gamble_right,You received 0 dollars.,22,1,4,-4,0,2
144,37,5b8c611e4cd6dd0001bec307,1031.4,0,37,gamble_right,You received 0 dollars.,23,1,4,-4.5,0,2
77,37,5b8c611e4cd6dd0001bec307,1580.2,0,39,gamble_left,You received 0 dollars.,24,1,4,-5,0,2
97,37,5b8c611e4cd6dd0001bec307,1069.3,0,37,gamble_right,You received 0 dollars.,25,1,4,-5.5,0,2
126,37,5b8c611e4cd6dd0001bec307,1310.2,0,39,gamble_left,You received 0 dollars.,26,1,4,-6,0,2
43,37,5b8c611e4cd6dd0001bec307,1057.4,0,37,gamble_right,You received 0 dollars.,27,1,4,-6.5,0,2
11,37,5b8c611e4cd6dd0001bec307,1292.0,0,37,gamble_right,You received 0 dollars.,28,1,4,-7,0,2
12,37,5b8c611e4cd6dd0001bec307,1608.2,1,37,gamble_left,You won 4 dollars.,29,1,4,-7.5,0,1
54,37,5b8c611e4cd6dd0001bec307,1241.5,0,39,gamble_left,You received 0 dollars.,30,1,4,-8,0,2
24,37,5b8c611e4cd6dd0001bec307,1428.4,1,39,gamble_right,You won 5 dollars.,31,1,5,-1.25,0,1
86,37,5b8c611e4cd6dd0001bec307,1322.9,1,37,gamble_left,You won 5 dollars.,32,1,5,-1.88,0,1
58,37,5b8c611e4cd6dd0001bec307,1150.5,0,39,gamble_left,You received 0 dollars.,33,1,5,-2.5,0,2
96,37,5b8c611e4cd6dd0001bec307,1167.0,0,37,gamble_right,You received 0 dollars.,34,1,5,-3.13,0,2
107,37,5b8c611e4cd6dd0001bec307,1054.9,0,37,gamble_right,You received 0 dollars.,35,1,5,-3.75,0,2
17,37,5b8c611e4cd6dd0001bec307,1117.4,0,37,gamble_right,You received 0 dollars.,36,1,5,-4.38,0,2
20,37,5b8c611e4cd6dd0001bec307,995.5,0,39,gamble_left,You received 0 dollars.,37,1,5,-5,0,2
75,37,5b8c611e4cd6dd0001bec307,1523.2,1,39,gamble_right,You won 5 dollars.,38,1,5,-5.63,0,1
22,37,5b8c611e4cd6dd0001bec307,1624.4,0,37,gamble_right,You received 0 dollars.,39,1,5,-6.25,0,2
90,37,5b8c611e4cd6dd0001bec307,1318.1,0,39,gamble_left,You received 0 dollars.,40,1,5,-6.88,0,2
98,37,5b8c611e4cd6dd0001bec307,1076.7,0,37,gamble_right,You received 0 dollars.,41,1,5,-7.5,0,2
23,37,5b8c611e4cd6dd0001bec307,1065.8,0,37,gamble_right,You received 0 dollars.,42,1,5,-8.13,0,2
124,37,5b8c611e4cd6dd0001bec307,1569.7,0,37,gamble_right,You received 0 dollars.,43,1,5,-8.75,0,2
26,37,5b8c611e4cd6dd0001bec307,1345.5,0,37,gamble_right,You received 0 dollars.,44,1,5,-9.38,0,2
113,37,5b8c611e4cd6dd0001bec307,1268.5,0,37,gamble_right,You received 0 dollars.,45,1,5,-10,0,2
79,37,5b8c611e4cd6dd0001bec307,1205.8,0,39,gamble_left,You received 0 dollars.,46,1,6,-1.5,0,2
72,37,5b8c611e4cd6dd0001bec307,1196.2,0,39,gamble_left,You received 0 dollars.,47,1,6,-2.25,0,2
139,37,5b8c611e4cd6dd0001bec307,1132.2,0,39,gamble_left,You received 0 dollars.,48,1,6,-3,0,2
120,37,5b8c611e4cd6dd0001bec307,1248.4,0,39,gamble_left,You received 0 dollars.,49,1,6,-3.75,0,2
133,37,5b8c611e4cd6dd0001bec307,1255.1,0,39,gamble_left,You received 0 dollars.,50,1,6,-4.5,0,2
33,37,5b8c611e4cd6dd0001bec307,1294.8,0,37,gamble_right,You received 0 dollars.,51,1,6,-5.25,0,2
84,37,5b8c611e4cd6dd0001bec307,1488.7,0,37,gamble_right,You received 0 dollars.,52,1,6,-6,0,2
59,37,5b8c611e4cd6dd0001bec307,1293.2,0,37,gamble_right,You received 0 dollars.,53,1,6,-6.75,0,2
1,37,5b8c611e4cd6dd0001bec307,1773.6,1,39,gamble_right,You won 6 dollars.,54,1,6,-7.5,0,1
56,37,5b8c611e4cd6dd0001bec307,1173.7,0,39,gamble_left,You received 0 dollars.,55,1,6,-8.25,0,2
76,37,5b8c611e4cd6dd0001bec307,1535.8,0,39,gamble_left,You received 0 dollars.,56,1,6,-9,0,2
118,37,5b8c611e4cd6dd0001bec307,999.4,0,39,gamble_left,You received 0 dollars.,57,1,6,-9.75,0,2
47,37,5b8c611e4cd6dd0001bec307,938.2,0,39,gamble_left,You received 0 dollars.,58,1,6,-10.5,0,2
148,37,5b8c611e4cd6dd0001bec307,1575.0,0,37,gamble_right,You received 0 dollars.,59,1,6,-11.25,0,2
114,37,5b8c611e4cd6dd0001bec307,1103.3,0,37,gamble_right,You received 0 dollars.,60,1,6,-12,0,2
48,37,5b8c611e4cd6dd0001bec307,1679.3,1,39,gamble_right,You lost -2 dollars.,61,1,8,-2,0,2
119,37,5b8c611e4cd6dd0001bec307,1259.9,1,37,gamble_left,You lost -3 dollars.,62,1,8,-3,0,2
127,37,5b8c611e4cd6dd0001bec307,1211.3,0,39,gamble_left,You received 0 dollars.,63,1,8,-4,0,2
52,37,5b8c611e4cd6dd0001bec307,1342.7,0,37,gamble_right,You received 0 dollars.,64,1,8,-5,0,2
7,37,5b8c611e4cd6dd0001bec307,1204.2,0,39,gamble_left,You received 0 dollars.,65,1,8,-6,0,2
140,37,5b8c611e4cd6dd0001bec307,1264.9,0,37,gamble_right,You received 0 dollars.,66,1,8,-7,0,2
67,37,5b8c611e4cd6dd0001bec307,1236.4,0,39,gamble_left,You received 0 dollars.,67,1,8,-8,0,2
39,37,5b8c611e4cd6dd0001bec307,1282.1,0,37,gamble_right,You received 0 dollars.,68,1,8,-9,0,2
109,37,5b8c611e4cd6dd0001bec307,1081.7,0,37,gamble_right,You received 0 dollars.,69,1,8,-10,0,2
128,37,5b8c611e4cd6dd0001bec307,1143.9,0,39,gamble_left,You received 0 dollars.,70,1,8,-11,0,2
6,37,5b8c611e4cd6dd0001bec307,1583.1,0,39,gamble_left,You received 0 dollars.,71,1,8,-12,0,2
82,37,5b8c611e4cd6dd0001bec307,1095.3,0,39,gamble_left,You received 0 dollars.,72,1,8,-13,0,2
65,37,5b8c611e4cd6dd0001bec307,1211.5,0,37,gamble_right,You received 0 dollars.,73,1,8,-14,0,2
46,37,5b8c611e4cd6dd0001bec307,1041.5,0,39,gamble_left,You received 0 dollars.,74,1,8,-15,0,2
92,37,5b8c611e4cd6dd0001bec307,1292.1,0,39,gamble_left,You received 0 dollars.,75,1,8,-16,0,2
30,37,5b8c611e4cd6dd0001bec307,1700.0,1,37,gamble_left,You lost -2.25 dollars.,76,1,9,-2.25,0,2
34,37,5b8c611e4cd6dd0001bec307,1422.6,1,37,gamble_left,You lost -3.38 dollars.,77,1,9,-3.38,0,2
105,37,5b8c611e4cd6dd0001bec307,1652.4,0,39,gamble_left,You received 0 dollars.,78,1,9,-4.5,0,2
95,37,5b8c611e4cd6dd0001bec307,1052.3,0,39,gamble_left,You received 0 dollars.,79,1,9,-5.63,0,2
149,37,5b8c611e4cd6dd0001bec307,1179.8,0,39,gamble_left,You received 0 dollars.,80,1,9,-6.75,0,2
81,37,5b8c611e4cd6dd0001bec307,990.6,0,39,gamble_left,You received 0 dollars.,81,1,9,-7.88,0,2
10,37,5b8c611e4cd6dd0001bec307,942.8,0,37,gamble_right,You received 0 dollars.,82,1,9,-9,0,2
69,37,5b8c611e4cd6dd0001bec307,1094.5,0,39,gamble_left,You received 0 dollars.,83,1,9,-10.13,0,2
103,37,5b8c611e4cd6dd0001bec307,1101.7,0,37,gamble_right,You received 0 dollars.,84,1,9,-11.25,0,2
78,37,5b8c611e4cd6dd0001bec307,1114.0,0,39,gamble_left,You received 0 dollars.,85,1,9,-12.38,0,2
73,37,5b8c611e4cd6dd0001bec307,1033.4,0,37,gamble_right,You received 0 dollars.,86,1,9,-13.5,0,2
85,37,5b8c611e4cd6dd0001bec307,1066.0,0,37,gamble_right,You received 0 dollars.,87,1,9,-14.63,0,2
70,37,5b8c611e4cd6dd0001bec307,1048.0,0,37,gamble_right,You received 0 dollars.,88,1,9,-15.75,0,2
106,37,5b8c611e4cd6dd0001bec307,1112.2,0,39,gamble_left,You received 0 dollars.,89,1,9,-16.88,0,2
150,37,5b8c611e4cd6dd0001bec307,1251.2,0,37,gamble_right,You received 0 dollars.,90,1,9,-18,0,2
51,37,5b8c611e4cd6dd0001bec307,1716.7,0,39,gamble_left,You received 0 dollars.,91,1,10,-2.5,0,2
5,37,5b8c611e4cd6dd0001bec307,1071.5,0,39,gamble_left,You received 0 dollars.,92,1,10,-3.75,0,2
94,37,5b8c611e4cd6dd0001bec307,1515.1,1,37,gamble_left,You won 10 dollars.,93,1,10,-5,0,1
64,37,5b8c611e4cd6dd0001bec307,1194.8,0,39,gamble_left,You received 0 dollars.,94,1,10,-6.25,0,2
134,37,5b8c611e4cd6dd0001bec307,1406.9,0,37,gamble_right,You received 0 dollars.,95,1,10,-7.5,0,2
142,37,5b8c611e4cd6dd0001bec307,1044.7,0,39,gamble_left,You received 0 dollars.,96,1,10,-8.75,0,2
21,37,5b8c611e4cd6dd0001bec307,1330.1,0,39,gamble_left,You received 0 dollars.,97,1,10,-10,0,2
121,37,5b8c611e4cd6dd0001bec307,1175.9,0,37,gamble_right,You received 0 dollars.,98,1,10,-11.25,0,2
44,37,5b8c611e4cd6dd0001bec307,1378.4,0,37,gamble_right,You received 0 dollars.,99,1,10,-12.5,0,2
50,37,5b8c611e4cd6dd0001bec307,1178.1,0,39,gamble_left,You received 0 dollars.,100,1,10,-13.75,0,2
132,37,5b8c611e4cd6dd0001bec307,1144.1,0,37,gamble_right,You received 0 dollars.,101,1,10,-15,0,2
4,37,5b8c611e4cd6dd0001bec307,1297.3,0,39,gamble_left,You received 0 dollars.,102,1,10,-16.25,0,2
27,37,5b8c611e4cd6dd0001bec307,1717.7,0,39,gamble_left,You received 0 dollars.,103,1,10,-17.5,0,2
60,37,5b8c611e4cd6dd0001bec307,1340.3,0,37,gamble_right,You received 0 dollars.,104,1,10,-18.75,0,2
15,37,5b8c611e4cd6dd0001bec307,1418.5,0,37,gamble_right,You received 0 dollars.,105,1,10,-20,0,2
145,37,5b8c611e4cd6dd0001bec307,1254.2,0,37,gamble_right,You received 0 dollars.,106,1,12,-3,0,2
25,37,5b8c611e4cd6dd0001bec307,1551.4,1,37,gamble_left,You lost -4.5 dollars.,107,1,12,-4.5,0,2
122,37,5b8c611e4cd6dd0001bec307,1310.8,0,37,gamble_right,You received 0 dollars.,108,1,12,-6,0,2
87,37,5b8c611e4cd6dd0001bec307,1084.5,0,37,gamble_right,You received 0 dollars.,109,1,12,-7.5,0,2
53,37,5b8c611e4cd6dd0001bec307,1580.9,0,39,gamble_left,You received 0 dollars.,110,1,12,-9,0,2
104,37,5b8c611e4cd6dd0001bec307,900.8,0,39,gamble_left,You received 0 dollars.,111,1,12,-10.5,0,2
61,37,5b8c611e4cd6dd0001bec307,1145.5,0,37,gamble_right,You received 0 dollars.,112,1,12,-12,0,2
108,37,5b8c611e4cd6dd0001bec307,1268.7,0,39,gamble_left,You received 0 dollars.,113,1,12,-13.5,0,2
45,37,5b8c611e4cd6dd0001bec307,1127.8,0,37,gamble_right,You received 0 dollars.,114,1,12,-15,0,2
143,37,5b8c611e4cd6dd0001bec307,991.7,0,39,gamble_left,You received 0 dollars.,115,1,12,-16.5,0,2
88,37,5b8c611e4cd6dd0001bec307,1095.2,0,37,gamble_right,You received 0 dollars.,116,1,12,-18,0,2
146,37,5b8c611e4cd6dd0001bec307,956.2,0,37,gamble_right,You received 0 dollars.,117,1,12,-19.5,0,2
3,37,5b8c611e4cd6dd0001bec307,1319.0,1,39,gamble_right,You won 12 dollars.,118,1,12,-21,0,1
100,37,5b8c611e4cd6dd0001bec307,1384.8,0,39,gamble_left,You received 0 dollars.,119,1,12,-22.5,0,2
29,37,5b8c611e4cd6dd0001bec307,1730.7,0,37,gamble_right,You received 0 dollars.,120,1,12,-24,0,2
129,37,5b8c611e4cd6dd0001bec307,1015.7,0,37,gamble_right,You won 2 dollars.,121,2,4,0,2,1
35,37,5b8c611e4cd6dd0001bec307,1071.4,0,39,gamble_left,You won 4 dollars.,122,2,8,0,4,1
31,37,5b8c611e4cd6dd0001bec307,1027.8,1,37,gamble_left,You received 0 dollars.,123,2,12,0,6,2
99,37,5b8c611e4cd6dd0001bec307,780.1,0,37,gamble_right,You won 9 dollars.,124,2,18,0,9,1
102,37,5b8c611e4cd6dd0001bec307,1036.2,0,39,gamble_left,You won 12 dollars.,125,2,24,0,12,1
41,37,5b8c611e4cd6dd0001bec307,1301.6,1,39,gamble_right,You received 0 dollars.,126,2,5,0,3,2
111,37,5b8c611e4cd6dd0001bec307,964.6,0,39,gamble_left,You won 4 dollars.,127,2,7,0,4,1
66,37,5b8c611e4cd6dd0001bec307,892.3,0,37,gamble_right,You won 6 dollars.,128,2,10,0,6,1
123,37,5b8c611e4cd6dd0001bec307,1087.4,0,39,gamble_left,You won 10 dollars.,129,2,17,0,10,1
62,37,5b8c611e4cd6dd0001bec307,1463.7,1,37,gamble_left,You received 0 dollars.,130,2,22,0,13,2
13,37,5b8c611e4cd6dd0001bec307,1208.3,0,39,gamble_left,You won 13 dollars.,131,2,28,0,13,1
55,37,5b8c611e4cd6dd0001bec307,924.5,0,39,gamble_left,You won 2 dollars.,132,2,5,0,2,1
117,37,5b8c611e4cd6dd0001bec307,1146.0,1,39,gamble_right,You received 0 dollars.,133,2,26,0,10,2
136,37,5b8c611e4cd6dd0001bec307,1617.0,1,37,gamble_left,You won 7 dollars.,134,2,7,0,3,1
141,37,5b8c611e4cd6dd0001bec307,1052.4,1,37,gamble_left,You won 13 dollars.,135,2,13,0,5,1
2,37,5b8c611e4cd6dd0001bec307,1589.7,0,39,gamble_left,You won 6 dollars.,136,2,12,0,6,1
63,37,5b8c611e4cd6dd0001bec307,1088.8,1,39,gamble_right,You won 25 dollars.,137,2,25,0,10,1
112,37,5b8c611e4cd6dd0001bec307,1049.7,0,37,gamble_right,You won 2 dollars.,138,2,4,0,2,1
130,37,5b8c611e4cd6dd0001bec307,1300.6,0,39,gamble_left,You won 1 dollars.,139,2,3,0,1,1
68,37,5b8c611e4cd6dd0001bec307,1338.4,1,39,gamble_right,You won 25 dollars.,140,2,25,0,9,1
93,37,5b8c611e4cd6dd0001bec307,798.8,0,39,gamble_left,You won 6 dollars.,141,2,13,0,6,1
125,37,5b8c611e4cd6dd0001bec307,1019.2,0,39,gamble_left,You won 10 dollars.,142,2,22,0,10,1
110,37,5b8c611e4cd6dd0001bec307,1239.7,1,37,gamble_left,You received 0 dollars.,143,2,12,0,5,2
18,37,5b8c611e4cd6dd0001bec307,1151.5,1,39,gamble_right,You won 2 dollars.,144,2,2,0,1,1
138,37,5b8c611e4cd6dd0001bec307,797.6,0,39,gamble_left,You won 3 dollars.,145,2,8,0,3,1
101,37,5b8c611e4cd6dd0001bec307,1195.5,0,37,gamble_right,You won 8 dollars.,146,2,19,0,8,1
74,37,5b8c611e4cd6dd0001bec307,820.5,0,37,gamble_right,You won 12 dollars.,147,2,26,0,12,1
40,37,5b8c611e4cd6dd0001bec307,1076.4,0,39,gamble_left,You won 12 dollars.,148,2,30,0,12,1
83,37,5b8c611e4cd6dd0001bec307,975.9,1,37,gamble_left,You received 0 dollars.,149,2,23,0,10,2
14,37,5b8c611e4cd6dd0001bec307,689.4,0,39,gamble_left,You won 4 dollars.,150,2,12,0,4,1