trial_index,ID,subject,rt,responses,key_press,gamble_location,stimulus,Trial_ID,Trial_Type,Gain,Loss,Certain,Trial_Outcome
89,38,60da187630a6c49f4f44d058,1128.8,0,39,gamble_left,You received 0 dollars.,1,1,2,-0.5,0,2
43,38,60da187630a6c49f4f44d058,1121.3,1,37,gamble_left,You won 2 dollars.,2,1,2,-0.75,0,1
71,38,60da187630a6c49f4f44d058,953.2,0,37,gamble_right,You received 0 dollars.,3,1,2,-1,0,2
105,38,60da187630a6c49f4f44d058,1663.2,1,39,gamble_right,You lost -1.25 dollars.,4,1,2,-1.25,0,2
100,38,60da187630a6c49f4f44d058,1105,1,39,gamble_right,You won 2 dollars.,5,1,2,-1.5,0,1
126,38,60da187630a6c49f4f44d058,964.9,0,37,gamble_right,You received 0 dollars.,6,1,2,-1.75,0,2
135,38,60da187630a6c49f4f44d058,904,0,39,gamble_left,You received 0 dollars.,7,1,2,-2,0,2
147,38,60da187630a6c49f4f44d058,848.4,0,37,gamble_right,You received 0 dollars.,8,1,2,-2.25,0,2
137,38,60da187630a6c49f4f44d058,1550.6,0,39,gamble_left,You received 0 dollars.,9,1,2,-2.5,0,2
94,38,60da187630a6c49f4f44d058,1351.9,0,37,gamble_right,You received 0 dollars.,10,1,2,-2.75,0,2
11,38,60da187630a6c49f4f44d058,1107.7,0,37,gamble_right,You received 0 dollars.,11,1,2,-3,0,2
114,38,60da187630a6c49f4f44d058,800.7,0,37,gamble_right,You received 0 dollars.,12,1,2,-3.25,0,2
48,38,60da187630a6c49f4f44d058,1194.9,0,39,gamble_left,You received 0 dollars.,13,1,2,-3.5,0,2
18,38,60da187630a6c49f4f44d058,1354,1,39,gamble_right,You lost -3.75 dollars.,14,1,2,-3.75,0,2
144,38,60da187630a6c49f4f44d058,990.2,0,39,gamble_left,You received 0 dollars.,15,1,2,-4,0,2
95,38,60da187630a6c49f4f44d058,1084,1,37,gamble_left,You lost -1 dollars.,16,1,4,-1,0,2
148,38,60da187630a6c49f4f44d058,1271.3,1,39,gamble_right,You lost -1.5 dollars.,17,1,4,-1.5,0,2
132,38,60da187630a6c49f4f44d058,1005.4,0,37,gamble_right,You received 0 dollars.,18,1,4,-2,0,2
47,38,60da187630a6c49f4f44d058,856.5,1,39,gamble_right,You won 4 dollars.,19,1,4,-2.5,0,1
122,38,60da187630a6c49f4f44d058,906,0,37,gamble_right,You received 0 dollars.,20,1,4,-3,0,2
90,38,60da187630a6c49f4f44d058,1328.2,1,39,gamble_right,You won 4 dollars.,21,1,4,-3.5,0,1
119,38,60da187630a6c49f4f44d058,1105.3,0,39,gamble_left,You received 0 dollars.,22,1,4,-4,0,2
106,38,60da187630a6c49f4f44d058,1506.6,0,37,gamble_right,You received 0 dollars.,23,1,4,-4.5,0,2
75,38,60da187630a6c49f4f44d058,946.3,0,39,gamble_left,You received 0 dollars.,24,1,4,-5,0,2
146,38,60da187630a6c49f4f44d058,847.8,0,37,gamble_right,You received 0 dollars.,25,1,4,-5.5,0,2
79,38,60da187630a6c49f4f44d058,1081.1,0,37,gamble_right,You received 0 dollars.,26,1,4,-6,0,2
150,38,60da187630a6c49f4f44d058,1078.5,0,37,gamble_right,You received 0 dollars.,27,1,4,-6.5,0,2
9,38,60da187630a6c49f4f44d058,1091.5,0,37,gamble_right,You received 0 dollars.,28,1,4,-7,0,2
118,38,60da187630a6c49f4f44d058,1248.8,0,39,gamble_left,You received 0 dollars.,29,1,4,-7.5,0,2
85,38,60da187630a6c49f4f44d058,1258.1,0,37,gamble_right,You received 0 dollars.,30,1,4,-8,0,2
92,38,60da187630a6c49f4f44d058,1071,1,39,gamble_right,You won 5 dollars.,31,1,5,-1.25,0,1
32,38,60da187630a6c49f4f44d058,898.3,0,39,gamble_left,You received 0 dollars.,32,1,5,-1.88,0,2
69,38,60da187630a6c49f4f44d058,843.3,0,39,gamble_left,You received 0 dollars.,33,1,5,-2.5,0,2
111,38,60da187630a6c49f4f44d058,902.4,0,39,gamble_left,You received 0 dollars.,34,1,5,-3.13,0,2
129,38,60da187630a6c49f4f44d058,856.4,0,39,gamble_left,You received 0 dollars.,35,1,5,-3.75,0,2
19,38,60da187630a6c49f4f44d058,1174.3,0,37,gamble_right,You received 0 dollars.,36,1,5,-4.38,0,2
127,38,60da187630a6c49f4f44d058,943,0,39,gamble_left,You received 0 dollars.,37,1,5,-5,0,2
45,38,60da187630a6c49f4f44d058,1189.5,0,39,gamble_left,You received 0 dollars.,38,1,5,-5.63,0,2
63,38,60da187630a6c49f4f44d058,850.6,0,37,gamble_right,You received 0 dollars.,39,1,5,-6.25,0,2
66,38,60da187630a6c49f4f44d058,863.2,0,37,gamble_right,You received 0 dollars.,40,1,5,-6.88,0,2
83,38,60da187630a6c49f4f44d058,1049,0,37,gamble_right,You received 0 dollars.,41,1,5,-7.5,0,2
49,38,60da187630a6c49f4f44d058,1020.7,0,39,gamble_left,You received 0 dollars.,42,1,5,-8.13,0,2
103,38,60da187630a6c49f4f44d058,904.3,0,37,gamble_right,You received 0 dollars.,43,1,5,-8.75,0,2
139,38,60da187630a6c49f4f44d058,1473.6,0,37,gamble_right,You received 0 dollars.,44,1,5,-9.38,0,2
35,38,60da187630a6c49f4f44d058,1162.5,0,39,gamble_left,You received 0 dollars.,45,1,5,-10,0,2
128,38,60da187630a6c49f4f44d058,1042,0,37,gamble_right,You received 0 dollars.,46,1,6,-1.5,0,2
113,38,60da187630a6c49f4f44d058,727.1,0,39,gamble_left,You received 0 dollars.,47,1,6,-2.25,0,2
38,38,60da187630a6c49f4f44d058,1211.5,1,39,gamble_right,You won 6 dollars.,48,1,6,-3,0,1
65,38,60da187630a6c49f4f44d058,1105.8,0,37,gamble_right,You received 0 dollars.,49,1,6,-3.75,0,2
101,38,60da187630a6c49f4f44d058,1611.6,0,39,gamble_left,You received 0 dollars.,50,1,6,-4.5,0,2
22,38,60da187630a6c49f4f44d058,1234,1,37,gamble_left,You won 6 dollars.,51,1,6,-5.25,0,1
76,38,60da187630a6c49f4f44d058,1659.4,1,37,gamble_left,You lost -6 dollars.,52,1,6,-6,0,2
54,38,60da187630a6c49f4f44d058,933.7,0,37,gamble_right,You received 0 dollars.,53,1,6,-6.75,0,2
59,38,60da187630a6c49f4f44d058,1011.2,1,37,gamble_left,You lost -7.5 dollars.,54,1,6,-7.5,0,2
110,38,60da187630a6c49f4f44d058,966.3,0,37,gamble_right,You received 0 dollars.,55,1,6,-8.25,0,2
10,38,60da187630a6c49f4f44d058,1126.9,1,37,gamble_left,You won 6 dollars.,56,1,6,-9,0,1
14,38,60da187630a6c49f4f44d058,1202.6,0,39,gamble_left,You received 0 dollars.,57,1,6,-9.75,0,2
24,38,60da187630a6c49f4f44d058,1290.9,0,37,gamble_right,You received 0 dollars.,58,1,6,-10.5,0,2
116,38,60da187630a6c49f4f44d058,808.2,0,37,gamble_right,You received 0 dollars.,59,1,6,-11.25,0,2
53,38,60da187630a6c49f4f44d058,951.7,0,37,gamble_right,You received 0 dollars.,60,1,6,-12,0,2
142,38,60da187630a6c49f4f44d058,1217.3,1,37,gamble_left,You lost -2 dollars.,61,1,8,-2,0,2
133,38,60da187630a6c49f4f44d058,753.9,0,39,gamble_left,You received 0 dollars.,62,1,8,-3,0,2
141,38,60da187630a6c49f4f44d058,1130.9,0,39,gamble_left,You received 0 dollars.,63,1,8,-4,0,2
97,38,60da187630a6c49f4f44d058,1031.6,1,37,gamble_left,You won 8 dollars.,64,1,8,-5,0,1
58,38,60da187630a6c49f4f44d058,1055.2,0,39,gamble_left,You received 0 dollars.,65,1,8,-6,0,2
87,38,60da187630a6c49f4f44d058,1201.9,0,37,gamble_right,You received 0 dollars.,66,1,8,-7,0,2
74,38,60da187630a6c49f4f44d058,NA,NA,NA,gamble_right,Trial missed.,67,1,8,-8,0,3
70,38,60da187630a6c49f4f44d058,926.5,0,37,gamble_right,You received 0 dollars.,68,1,8,-9,0,2
80,38,60da187630a6c49f4f44d058,976.4,0,39,gamble_left,You received 0 dollars.,69,1,8,-10,0,2
27,38,60da187630a6c49f4f44d058,1674.6,0,37,gamble_right,You received 0 dollars.,70,1,8,-11,0,2
78,38,60da187630a6c49f4f44d058,1091.7,0,39,gamble_left,You received 0 dollars.,71,1,8,-12,0,2
68,38,60da187630a6c49f4f44d058,935.4,0,37,gamble_right,You received 0 dollars.,72,1,8,-13,0,2
46,38,60da187630a6c49f4f44d058,1028.6,0,39,gamble_left,You received 0 dollars.,73,1,8,-14,0,2
112,38,60da187630a6c49f4f44d058,908.3,0,37,gamble_right,You received 0 dollars.,74,1,8,-15,0,2
6,38,60da187630a6c49f4f44d058,1891.1,0,39,gamble_left,You received 0 dollars.,75,1,8,-16,0,2
3,38,60da187630a6c49f4f44d058,1089.7,1,37,gamble_left,You won 9 dollars.,76,1,9,-2.25,0,1
7,38,60da187630a6c49f4f44d058,1139.8,1,37,gamble_left,You lost -3.38 dollars.,77,1,9,-3.38,0,2
31,38,60da187630a6c49f4f44d058,1044.7,1,39,gamble_right,You won 9 dollars.,78,1,9,-4.5,0,1
44,38,60da187630a6c49f4f44d058,1179.1,0,37,gamble_right,You received 0 dollars.,79,1,9,-5.63,0,2
15,38,60da187630a6c49f4f44d058,1259.8,0,39,gamble_left,You received 0 dollars.,80,1,9,-6.75,0,2
99,38,60da187630a6c49f4f44d058,801.6,0,39,gamble_left,You received 0 dollars.,81,1,9,-7.88,0,2
34,38,60da187630a6c49f4f44d058,973.4,1,37,gamble_left,You lost -9 dollars.,82,1,9,-9,0,2
8,38,60da187630a6c49f4f44d058,1499,1,39,gamble_right,You won 9 dollars.,83,1,9,-10.13,0,1
145,38,60da187630a6c49f4f44d058,910.8,0,39,gamble_left,You received 0 dollars.,84,1,9,-11.25,0,2
125,38,60da187630a6c49f4f44d058,601,0,39,gamble_left,You received 0 dollars.,85,1,9,-12.38,0,2
30,38,60da187630a6c49f4f44d058,1214.9,0,37,gamble_right,You received 0 dollars.,86,1,9,-13.5,0,2
37,38,60da187630a6c49f4f44d058,949.6,0,37,gamble_right,You received 0 dollars.,87,1,9,-14.63,0,2
82,38,60da187630a6c49f4f44d058,1353.5,0,39,gamble_left,You received 0 dollars.,88,1,9,-15.75,0,2
21,38,60da187630a6c49f4f44d058,1609.3,0,39,gamble_left,You received 0 dollars.,89,1,9,-16.88,0,2
121,38,60da187630a6c49f4f44d058,1167.3,0,37,gamble_right,You received 0 dollars.,90,1,9,-18,0,2
86,38,60da187630a6c49f4f44d058,1292.5,1,39,gamble_right,You lost -2.5 dollars.,91,1,10,-2.5,0,2
39,38,60da187630a6c49f4f44d058,1081.7,1,39,gamble_right,You lost -3.75 dollars.,92,1,10,-3.75,0,2
28,38,60da187630a6c49f4f44d058,1673.7,1,37,gamble_left,You lost -5 dollars.,93,1,10,-5,0,2
17,38,60da187630a6c49f4f44d058,1419.7,1,37,gamble_left,You won 10 dollars.,94,1,10,-6.25,0,1
56,38,60da187630a6c49f4f44d058,1021.4,0,39,gamble_left,You received 0 dollars.,95,1,10,-7.5,0,2
123,38,60da187630a6c49f4f44d058,872.3,0,39,gamble_left,You received 0 dollars.,96,1,10,-8.75,0,2
16,38,60da187630a6c49f4f44d058,1307.1,1,39,gamble_right,You lost -10 dollars.,97,1,10,-10,0,2
96,38,60da187630a6c49f4f44d058,905.1,0,39,gamble_left,You received 0 dollars.,98,1,10,-11.25,0,2
20,38,60da187630a6c49f4f44d058,1291.1,0,37,gamble_right,You received 0 dollars.,99,1,10,-12.5,0,2
4,38,60da187630a6c49f4f44d058,906.4,0,37,gamble_right,You received 0 dollars.,100,1,10,-13.75,0,2
2,38,60da187630a6c49f4f44d058,1427,1,37,gamble_left,You lost -15 dollars.,101,1,10,-15,0,2
115,38,60da187630a6c49f4f44d058,1135.5,0,37,gamble_right,You received 0 dollars.,102,1,10,-16.25,0,2
25,38,60da187630a6c49f4f44d058,1651.3,0,37,gamble_right,You received 0 dollars.,103,1,10,-17.5,0,2
55,38,60da187630a6c49f4f44d058,939.8,0,37,gamble_right,You received 0 dollars.,104,1,10,-18.75,0,2
91,38,60da187630a6c49f4f44d058,1084.8,0,37,gamble_right,You received 0 dollars.,105,1,10,-20,0,2
98,38,60da187630a6c49f4f44d058,1429.8,1,37,gamble_left,You lost -3 dollars.,106,1,12,-3,0,2
36,38,60da187630a6c49f4f44d058,1132.9,1,39,gamble_right,You won 12 dollars.,107,1,12,-4.5,0,1
109,38,60da187630a6c49f4f44d058,808.5,0,39,gamble_left,You received 0 dollars.,108,1,12,-6,0,2
93,38,60da187630a6c49f4f44d058,873.4,0,37,gamble_right,You received 0 dollars.,109,1,12,-7.5,0,2
149,38,60da187630a6c49f4f44d058,1186,0,39,gamble_left,You received 0 dollars.,110,1,12,-9,0,2
88,38,60da187630a6c49f4f44d058,1267.6,0,37,gamble_right,You received 0 dollars.,111,1,12,-10.5,0,2
61,38,60da187630a6c49f4f44d058,944.9,0,37,gamble_right,You received 0 dollars.,112,1,12,-12,0,2
134,38,60da187630a6c49f4f44d058,829.7,0,37,gamble_right,You received 0 dollars.,113,1,12,-13.5,0,2
57,38,60da187630a6c49f4f44d058,1042.8,0,39,gamble_left,You received 0 dollars.,114,1,12,-15,0,2
12,38,60da187630a6c49f4f44d058,1704.5,0,37,gamble_right,You received 0 dollars.,115,1,12,-16.5,0,2
131,38,60da187630a6c49f4f44d058,1399.8,0,39,gamble_left,You received 0 dollars.,116,1,12,-18,0,2
26,38,60da187630a6c49f4f44d058,1050.8,0,37,gamble_right,You received 0 dollars.,117,1,12,-19.5,0,2
67,38,60da187630a6c49f4f44d058,1064.8,0,39,gamble_left,You received 0 dollars.,118,1,12,-21,0,2
104,38,60da187630a6c49f4f44d058,1035.9,0,39,gamble_left,You received 0 dollars.,119,1,12,-22.5,0,2
41,38,60da187630a6c49f4f44d058,1082.4,0,39,gamble_left,You received 0 dollars.,120,1,12,-24,0,2
5,38,60da187630a6c49f4f44d058,1267.1,1,37,gamble_left,You received 0 dollars.,121,2,4,0,2,2
130,38,60da187630a6c49f4f44d058,880.3,1,39,gamble_right,You won 8 dollars.,122,2,8,0,4,1
33,38,60da187630a6c49f4f44d058,1092,1,37,gamble_left,You received 0 dollars.,123,2,12,0,6,2
136,38,60da187630a6c49f4f44d058,1759.7,0,37,gamble_right,You won 9 dollars.,124,2,18,0,9,1
108,38,60da187630a6c49f4f44d058,1034,1,37,gamble_left,You received 0 dollars.,125,2,24,0,12,2
117,38,60da187630a6c49f4f44d058,1342.9,0,37,gamble_right,You won 3 dollars.,126,2,5,0,3,1
102,38,60da187630a6c49f4f44d058,1149.2,1,39,gamble_right,You won 7 dollars.,127,2,7,0,4,1
140,38,60da187630a6c49f4f44d058,1047.6,0,37,gamble_right,You won 6 dollars.,128,2,10,0,6,1
64,38,60da187630a6c49f4f44d058,837.2,1,37,gamble_left,You won 17 dollars.,129,2,17,0,10,1
60,38,60da187630a6c49f4f44d058,1046.7,1,39,gamble_right,You received 0 dollars.,130,2,22,0,13,2
81,38,60da187630a6c49f4f44d058,1062.1,1,37,gamble_left,You won 28 dollars.,131,2,28,0,13,1
77,38,60da187630a6c49f4f44d058,1353.1,1,37,gamble_left,You received 0 dollars.,132,2,5,0,2,2
50,38,60da187630a6c49f4f44d058,1409.6,1,37,gamble_left,You won 26 dollars.,133,2,26,0,10,1
42,38,60da187630a6c49f4f44d058,1025.9,1,39,gamble_right,You received 0 dollars.,134,2,7,0,3,2
73,38,60da187630a6c49f4f44d058,1321.3,1,37,gamble_left,You won 13 dollars.,135,2,13,0,5,1
13,38,60da187630a6c49f4f44d058,1667.9,1,37,gamble_left,You won 12 dollars.,136,2,12,0,6,1
84,38,60da187630a6c49f4f44d058,1152.5,0,37,gamble_right,You won 10 dollars.,137,2,25,0,10,1
62,38,60da187630a6c49f4f44d058,954.6,1,39,gamble_right,You received 0 dollars.,138,2,4,0,2,2
143,38,60da187630a6c49f4f44d058,1774.7,0,39,gamble_left,You won 1 dollars.,139,2,3,0,1,1
72,38,60da187630a6c49f4f44d058,1209.7,1,37,gamble_left,You received 0 dollars.,140,2,25,0,9,2
107,38,60da187630a6c49f4f44d058,1425,1,39,gamble_right,You won 13 dollars.,141,2,13,0,6,1
51,38,60da187630a6c49f4f44d058,1212.3,1,39,gamble_right,You won 22 dollars.,142,2,22,0,10,1
40,38,60da187630a6c49f4f44d058,1323.2,1,39,gamble_right,You received 0 dollars.,143,2,12,0,5,2
1,38,60da187630a6c49f4f44d058,1254.1,0,39,gamble_left,You won 1 dollars.,144,2,2,0,1,1
23,38,60da187630a6c49f4f44d058,1231.6,1,37,gamble_left,You won 8 dollars.,145,2,8,0,3,1
52,38,60da187630a6c49f4f44d058,1033,1,37,gamble_left,You received 0 dollars.,146,2,19,0,8,2
120,38,60da187630a6c49f4f44d058,999.9,1,37,gamble_left,You won 26 dollars.,147,2,26,0,12,1
124,38,60da187630a6c49f4f44d058,995.5,0,37,gamble_right,You won 12 dollars.,148,2,30,0,12,1
138,38,60da187630a6c49f4f44d058,1047,1,39,gamble_right,You received 0 dollars.,149,2,23,0,10,2
29,38,60da187630a6c49f4f44d058,NA,NA,NA,gamble_left,Trial missed.,150,2,12,0,4,3