trial_index,ID,subject,rt,responses,key_press,gamble_location,stimulus,Trial_ID,Trial_Type,Gain,Loss,Certain,Trial_Outcome
110,39,5f439781d850b5045ffb4af2,817.5,0,37,gamble_right,You received 0 dollars.,1,1,2,-0.5,0,2
136,39,5f439781d850b5045ffb4af2,609.2,0,39,gamble_left,You received 0 dollars.,2,1,2,-0.75,0,2
18,39,5f439781d850b5045ffb4af2,1171.5,0,37,gamble_right,You received 0 dollars.,3,1,2,-1,0,2
124,39,5f439781d850b5045ffb4af2,1195.8,0,37,gamble_right,You received 0 dollars.,4,1,2,-1.25,0,2
90,39,5f439781d850b5045ffb4af2,544.7,0,37,gamble_right,You received 0 dollars.,5,1,2,-1.5,0,2
115,39,5f439781d850b5045ffb4af2,619.3,0,39,gamble_left,You received 0 dollars.,6,1,2,-1.75,0,2
28,39,5f439781d850b5045ffb4af2,1480.7,0,37,gamble_right,You received 0 dollars.,7,1,2,-2,0,2
96,39,5f439781d850b5045ffb4af2,644.5,0,39,gamble_left,You received 0 dollars.,8,1,2,-2.25,0,2
116,39,5f439781d850b5045ffb4af2,744.8,0,37,gamble_right,You received 0 dollars.,9,1,2,-2.5,0,2
35,39,5f439781d850b5045ffb4af2,1300.4,0,37,gamble_right,You received 0 dollars.,10,1,2,-2.75,0,2
76,39,5f439781d850b5045ffb4af2,817.8,0,39,gamble_left,You received 0 dollars.,11,1,2,-3,0,2
149,39,5f439781d850b5045ffb4af2,1013.1,0,37,gamble_right,You received 0 dollars.,12,1,2,-3.25,0,2
56,39,5f439781d850b5045ffb4af2,978.4,0,37,gamble_right,You received 0 dollars.,13,1,2,-3.5,0,2
144,39,5f439781d850b5045ffb4af2,1037,0,37,gamble_right,You received 0 dollars.,14,1,2,-3.75,0,2
133,39,5f439781d850b5045ffb4af2,1511.8,0,39,gamble_left,You received 0 dollars.,15,1,2,-4,0,2
94,39,5f439781d850b5045ffb4af2,652.4,0,37,gamble_right,You received 0 dollars.,16,1,4,-1,0,2
130,39,5f439781d850b5045ffb4af2,866.3,0,39,gamble_left,You received 0 dollars.,17,1,4,-1.5,0,2
95,39,5f439781d850b5045ffb4af2,832.9,0,37,gamble_right,You received 0 dollars.,18,1,4,-2,0,2
114,39,5f439781d850b5045ffb4af2,764.7,0,37,gamble_right,You received 0 dollars.,19,1,4,-2.5,0,2
36,39,5f439781d850b5045ffb4af2,1301.3,0,37,gamble_right,You received 0 dollars.,20,1,4,-3,0,2
21,39,5f439781d850b5045ffb4af2,799.5,0,39,gamble_left,You received 0 dollars.,21,1,4,-3.5,0,2
5,39,5f439781d850b5045ffb4af2,1300.7,0,37,gamble_right,You received 0 dollars.,22,1,4,-4,0,2
107,39,5f439781d850b5045ffb4af2,843.4,0,39,gamble_left,You received 0 dollars.,23,1,4,-4.5,0,2
62,39,5f439781d850b5045ffb4af2,598.4,0,37,gamble_right,You received 0 dollars.,24,1,4,-5,0,2
61,39,5f439781d850b5045ffb4af2,933,0,37,gamble_right,You received 0 dollars.,25,1,4,-5.5,0,2
19,39,5f439781d850b5045ffb4af2,1201.9,0,39,gamble_left,You received 0 dollars.,26,1,4,-6,0,2
48,39,5f439781d850b5045ffb4af2,1071.1,0,39,gamble_left,You received 0 dollars.,27,1,4,-6.5,0,2
40,39,5f439781d850b5045ffb4af2,1162.4,0,37,gamble_right,You received 0 dollars.,28,1,4,-7,0,2
6,39,5f439781d850b5045ffb4af2,1287.5,0,39,gamble_left,You received 0 dollars.,29,1,4,-7.5,0,2
44,39,5f439781d850b5045ffb4af2,866.7,0,37,gamble_right,You received 0 dollars.,30,1,4,-8,0,2
73,39,5f439781d850b5045ffb4af2,635,0,37,gamble_right,You received 0 dollars.,31,1,5,-1.25,0,2
37,39,5f439781d850b5045ffb4af2,1319.8,0,39,gamble_left,You received 0 dollars.,32,1,5,-1.88,0,2
54,39,5f439781d850b5045ffb4af2,1197.8,0,37,gamble_right,You received 0 dollars.,33,1,5,-2.5,0,2
1,39,5f439781d850b5045ffb4af2,1376.3,1,37,gamble_left,You lost -3.13 dollars.,34,1,5,-3.13,0,2
71,39,5f439781d850b5045ffb4af2,550.8,0,37,gamble_right,You received 0 dollars.,35,1,5,-3.75,0,2
138,39,5f439781d850b5045ffb4af2,794.6,0,37,gamble_right,You received 0 dollars.,36,1,5,-4.38,0,2
78,39,5f439781d850b5045ffb4af2,789.2,0,39,gamble_left,You received 0 dollars.,37,1,5,-5,0,2
113,39,5f439781d850b5045ffb4af2,765.2,0,39,gamble_left,You received 0 dollars.,38,1,5,-5.63,0,2
39,39,5f439781d850b5045ffb4af2,880.7,0,37,gamble_right,You received 0 dollars.,39,1,5,-6.25,0,2
100,39,5f439781d850b5045ffb4af2,605.4,0,37,gamble_right,You received 0 dollars.,40,1,5,-6.88,0,2
50,39,5f439781d850b5045ffb4af2,1182.1,0,39,gamble_left,You received 0 dollars.,41,1,5,-7.5,0,2
81,39,5f439781d850b5045ffb4af2,643.6,0,39,gamble_left,You received 0 dollars.,42,1,5,-8.13,0,2
88,39,5f439781d850b5045ffb4af2,575.7,0,37,gamble_right,You received 0 dollars.,43,1,5,-8.75,0,2
102,39,5f439781d850b5045ffb4af2,1004.7,0,39,gamble_left,You received 0 dollars.,44,1,5,-9.38,0,2
8,39,5f439781d850b5045ffb4af2,1155,0,37,gamble_right,You received 0 dollars.,45,1,5,-10,0,2
150,39,5f439781d850b5045ffb4af2,1003.8,0,37,gamble_right,You received 0 dollars.,46,1,6,-1.5,0,2
79,39,5f439781d850b5045ffb4af2,594,0,39,gamble_left,You received 0 dollars.,47,1,6,-2.25,0,2
129,39,5f439781d850b5045ffb4af2,996.7,0,39,gamble_left,You received 0 dollars.,48,1,6,-3,0,2
58,39,5f439781d850b5045ffb4af2,860,0,37,gamble_right,You received 0 dollars.,49,1,6,-3.75,0,2
75,39,5f439781d850b5045ffb4af2,847.8,0,39,gamble_left,You received 0 dollars.,50,1,6,-4.5,0,2
26,39,5f439781d850b5045ffb4af2,1364.6,0,39,gamble_left,You received 0 dollars.,51,1,6,-5.25,0,2
135,39,5f439781d850b5045ffb4af2,1028.7,0,37,gamble_right,You received 0 dollars.,52,1,6,-6,0,2
122,39,5f439781d850b5045ffb4af2,1217.6,0,37,gamble_right,You received 0 dollars.,53,1,6,-6.75,0,2
127,39,5f439781d850b5045ffb4af2,1185.4,0,39,gamble_left,You received 0 dollars.,54,1,6,-7.5,0,2
57,39,5f439781d850b5045ffb4af2,729.8,0,37,gamble_right,You received 0 dollars.,55,1,6,-8.25,0,2
125,39,5f439781d850b5045ffb4af2,1088.2,0,39,gamble_left,You received 0 dollars.,56,1,6,-9,0,2
98,39,5f439781d850b5045ffb4af2,741.3,0,37,gamble_right,You received 0 dollars.,57,1,6,-9.75,0,2
111,39,5f439781d850b5045ffb4af2,690,0,39,gamble_left,You received 0 dollars.,58,1,6,-10.5,0,2
99,39,5f439781d850b5045ffb4af2,614,0,37,gamble_right,You received 0 dollars.,59,1,6,-11.25,0,2
145,39,5f439781d850b5045ffb4af2,832.7,0,37,gamble_right,You received 0 dollars.,60,1,6,-12,0,2
143,39,5f439781d850b5045ffb4af2,1149.2,0,37,gamble_right,You received 0 dollars.,61,1,8,-2,0,2
32,39,5f439781d850b5045ffb4af2,1110.1,0,39,gamble_left,You received 0 dollars.,62,1,8,-3,0,2
34,39,5f439781d850b5045ffb4af2,1497.8,0,37,gamble_right,You received 0 dollars.,63,1,8,-4,0,2
82,39,5f439781d850b5045ffb4af2,1134.8,0,37,gamble_right,You received 0 dollars.,64,1,8,-5,0,2
10,39,5f439781d850b5045ffb4af2,1155.4,0,37,gamble_right,You received 0 dollars.,65,1,8,-6,0,2
53,39,5f439781d850b5045ffb4af2,1468.4,0,39,gamble_left,You received 0 dollars.,66,1,8,-7,0,2
43,39,5f439781d850b5045ffb4af2,1131.3,0,37,gamble_right,You received 0 dollars.,67,1,8,-8,0,2
45,39,5f439781d850b5045ffb4af2,895.3,0,37,gamble_right,You received 0 dollars.,68,1,8,-9,0,2
30,39,5f439781d850b5045ffb4af2,1131.4,0,37,gamble_right,You received 0 dollars.,69,1,8,-10,0,2
3,39,5f439781d850b5045ffb4af2,1303.6,0,37,gamble_right,You received 0 dollars.,70,1,8,-11,0,2
105,39,5f439781d850b5045ffb4af2,1084.5,0,37,gamble_right,You received 0 dollars.,71,1,8,-12,0,2
112,39,5f439781d850b5045ffb4af2,540.9,0,39,gamble_left,You received 0 dollars.,72,1,8,-13,0,2
139,39,5f439781d850b5045ffb4af2,1007.7,0,37,gamble_right,You received 0 dollars.,73,1,8,-14,0,2
142,39,5f439781d850b5045ffb4af2,941.6,0,39,gamble_left,You received 0 dollars.,74,1,8,-15,0,2
91,39,5f439781d850b5045ffb4af2,673.3,0,39,gamble_left,You received 0 dollars.,75,1,8,-16,0,2
59,39,5f439781d850b5045ffb4af2,765.4,0,37,gamble_right,You received 0 dollars.,76,1,9,-2.25,0,2
74,39,5f439781d850b5045ffb4af2,824.8,0,39,gamble_left,You received 0 dollars.,77,1,9,-3.38,0,2
84,39,5f439781d850b5045ffb4af2,728.8,0,39,gamble_left,You received 0 dollars.,78,1,9,-4.5,0,2
42,39,5f439781d850b5045ffb4af2,744.5,0,39,gamble_left,You received 0 dollars.,79,1,9,-5.63,0,2
7,39,5f439781d850b5045ffb4af2,1330.8,0,37,gamble_right,You received 0 dollars.,80,1,9,-6.75,0,2
104,39,5f439781d850b5045ffb4af2,1163.2,0,37,gamble_right,You received 0 dollars.,81,1,9,-7.88,0,2
22,39,5f439781d850b5045ffb4af2,1045.1,0,39,gamble_left,You received 0 dollars.,82,1,9,-9,0,2
17,39,5f439781d850b5045ffb4af2,1195.6,0,39,gamble_left,You received 0 dollars.,83,1,9,-10.13,0,2
69,39,5f439781d850b5045ffb4af2,733.1,0,39,gamble_left,You received 0 dollars.,84,1,9,-11.25,0,2
41,39,5f439781d850b5045ffb4af2,1237.3,0,39,gamble_left,You received 0 dollars.,85,1,9,-12.38,0,2
47,39,5f439781d850b5045ffb4af2,1215.9,0,39,gamble_left,You received 0 dollars.,86,1,9,-13.5,0,2
67,39,5f439781d850b5045ffb4af2,944.9,0,39,gamble_left,You received 0 dollars.,87,1,9,-14.63,0,2
31,39,5f439781d850b5045ffb4af2,1243.2,0,39,gamble_left,You received 0 dollars.,88,1,9,-15.75,0,2
148,39,5f439781d850b5045ffb4af2,1083.2,0,37,gamble_right,You received 0 dollars.,89,1,9,-16.88,0,2
13,39,5f439781d850b5045ffb4af2,1109.7,0,37,gamble_right,You received 0 dollars.,90,1,9,-18,0,2
25,39,5f439781d850b5045ffb4af2,1133.8,0,39,gamble_left,You received 0 dollars.,91,1,10,-2.5,0,2
20,39,5f439781d850b5045ffb4af2,986.6,0,37,gamble_right,You received 0 dollars.,92,1,10,-3.75,0,2
11,39,5f439781d850b5045ffb4af2,1474.3,0,37,gamble_right,You received 0 dollars.,93,1,10,-5,0,2
86,39,5f439781d850b5045ffb4af2,724.5,0,37,gamble_right,You received 0 dollars.,94,1,10,-6.25,0,2
118,39,5f439781d850b5045ffb4af2,925.1,0,37,gamble_right,You received 0 dollars.,95,1,10,-7.5,0,2
24,39,5f439781d850b5045ffb4af2,1196.2,0,39,gamble_left,You received 0 dollars.,96,1,10,-8.75,0,2
89,39,5f439781d850b5045ffb4af2,760.3,0,39,gamble_left,You received 0 dollars.,97,1,10,-10,0,2
140,39,5f439781d850b5045ffb4af2,839.4,0,39,gamble_left,You received 0 dollars.,98,1,10,-11.25,0,2
103,39,5f439781d850b5045ffb4af2,1173.7,0,37,gamble_right,You received 0 dollars.,99,1,10,-12.5,0,2
14,39,5f439781d850b5045ffb4af2,1133.1,0,37,gamble_right,You received 0 dollars.,100,1,10,-13.75,0,2
2,39,5f439781d850b5045ffb4af2,1360.9,1,37,gamble_left,You won 10 dollars.,101,1,10,-15,0,1
123,39,5f439781d850b5045ffb4af2,1071.4,0,37,gamble_right,You received 0 dollars.,102,1,10,-16.25,0,2
93,39,5f439781d850b5045ffb4af2,521.6,0,39,gamble_left,You received 0 dollars.,103,1,10,-17.5,0,2
29,39,5f439781d850b5045ffb4af2,1486.3,0,39,gamble_left,You received 0 dollars.,104,1,10,-18.75,0,2
141,39,5f439781d850b5045ffb4af2,747.5,0,37,gamble_right,You received 0 dollars.,105,1,10,-20,0,2
77,39,5f439781d850b5045ffb4af2,672.7,0,37,gamble_right,You received 0 dollars.,106,1,12,-3,0,2
46,39,5f439781d850b5045ffb4af2,1411.3,0,37,gamble_right,You received 0 dollars.,107,1,12,-4.5,0,2
101,39,5f439781d850b5045ffb4af2,1035.3,0,39,gamble_left,You received 0 dollars.,108,1,12,-6,0,2
68,39,5f439781d850b5045ffb4af2,665.9,0,37,gamble_right,You received 0 dollars.,109,1,12,-7.5,0,2
117,39,5f439781d850b5045ffb4af2,833.6,0,39,gamble_left,You received 0 dollars.,110,1,12,-9,0,2
134,39,5f439781d850b5045ffb4af2,1547.5,0,37,gamble_right,You received 0 dollars.,111,1,12,-10.5,0,2
80,39,5f439781d850b5045ffb4af2,530.5,0,39,gamble_left,You received 0 dollars.,112,1,12,-12,0,2
132,39,5f439781d850b5045ffb4af2,1060.6,0,39,gamble_left,You received 0 dollars.,113,1,12,-13.5,0,2
108,39,5f439781d850b5045ffb4af2,1218.1,0,39,gamble_left,You received 0 dollars.,114,1,12,-15,0,2
72,39,5f439781d850b5045ffb4af2,638.5,0,39,gamble_left,You received 0 dollars.,115,1,12,-16.5,0,2
128,39,5f439781d850b5045ffb4af2,1223.6,0,37,gamble_right,You received 0 dollars.,116,1,12,-18,0,2
66,39,5f439781d850b5045ffb4af2,1237.5,0,37,gamble_right,You received 0 dollars.,117,1,12,-19.5,0,2
16,39,5f439781d850b5045ffb4af2,1082.7,0,37,gamble_right,You received 0 dollars.,118,1,12,-21,0,2
87,39,5f439781d850b5045ffb4af2,692.6,0,37,gamble_right,You received 0 dollars.,119,1,12,-22.5,0,2
126,39,5f439781d850b5045ffb4af2,1277,0,39,gamble_left,You received 0 dollars.,120,1,12,-24,0,2
147,39,5f439781d850b5045ffb4af2,1411.2,1,39,gamble_right,You received 0 dollars.,121,2,4,0,2,2
146,39,5f439781d850b5045ffb4af2,1415.2,0,37,gamble_right,You won 4 dollars.,122,2,8,0,4,1
109,39,5f439781d850b5045ffb4af2,866.1,0,39,gamble_left,You won 6 dollars.,123,2,12,0,6,1
85,39,5f439781d850b5045ffb4af2,737.7,0,39,gamble_left,You won 9 dollars.,124,2,18,0,9,1
23,39,5f439781d850b5045ffb4af2,1308.3,0,37,gamble_right,You won 12 dollars.,125,2,24,0,12,1
119,39,5f439781d850b5045ffb4af2,1142.7,0,37,gamble_right,You won 3 dollars.,126,2,5,0,3,1
63,39,5f439781d850b5045ffb4af2,747.9,0,37,gamble_right,You won 4 dollars.,127,2,7,0,4,1
12,39,5f439781d850b5045ffb4af2,1272.2,0,37,gamble_right,You won 6 dollars.,128,2,10,0,6,1
92,39,5f439781d850b5045ffb4af2,837.7,0,37,gamble_right,You won 10 dollars.,129,2,17,0,10,1
49,39,5f439781d850b5045ffb4af2,1617.8,0,37,gamble_right,You won 13 dollars.,130,2,22,0,13,1
15,39,5f439781d850b5045ffb4af2,1252.8,0,39,gamble_left,You won 13 dollars.,131,2,28,0,13,1
52,39,5f439781d850b5045ffb4af2,1823.1,1,37,gamble_left,You received 0 dollars.,132,2,5,0,2,2
137,39,5f439781d850b5045ffb4af2,1519.7,0,37,gamble_right,You won 10 dollars.,133,2,26,0,10,1
97,39,5f439781d850b5045ffb4af2,673.1,0,39,gamble_left,You won 3 dollars.,134,2,7,0,3,1
9,39,5f439781d850b5045ffb4af2,1563.2,1,39,gamble_right,You received 0 dollars.,135,2,13,0,5,2
38,39,5f439781d850b5045ffb4af2,1961.7,1,39,gamble_right,You received 0 dollars.,136,2,12,0,6,2
51,39,5f439781d850b5045ffb4af2,1777.9,0,37,gamble_right,You won 10 dollars.,137,2,25,0,10,1
106,39,5f439781d850b5045ffb4af2,814.1,0,39,gamble_left,You won 2 dollars.,138,2,4,0,2,1
27,39,5f439781d850b5045ffb4af2,1660.3,0,39,gamble_left,You won 1 dollars.,139,2,3,0,1,1
65,39,5f439781d850b5045ffb4af2,898.6,0,39,gamble_left,You won 9 dollars.,140,2,25,0,9,1
70,39,5f439781d850b5045ffb4af2,734.2,0,39,gamble_left,You won 6 dollars.,141,2,13,0,6,1
120,39,5f439781d850b5045ffb4af2,743.8,0,37,gamble_right,You won 10 dollars.,142,2,22,0,10,1
60,39,5f439781d850b5045ffb4af2,831.5,0,37,gamble_right,You won 5 dollars.,143,2,12,0,5,1
131,39,5f439781d850b5045ffb4af2,1190.3,1,39,gamble_right,You received 0 dollars.,144,2,2,0,1,2
4,39,5f439781d850b5045ffb4af2,1740.1,1,37,gamble_left,You received 0 dollars.,145,2,8,0,3,2
55,39,5f439781d850b5045ffb4af2,NA,NA,NA,gamble_left,Trial missed.,146,2,19,0,8,3
64,39,5f439781d850b5045ffb4af2,1005.6,0,39,gamble_left,You won 12 dollars.,147,2,26,0,12,1
83,39,5f439781d850b5045ffb4af2,929.8,0,39,gamble_left,You won 12 dollars.,148,2,30,0,12,1
33,39,5f439781d850b5045ffb4af2,1104.5,0,37,gamble_right,You won 10 dollars.,149,2,23,0,10,1
121,39,5f439781d850b5045ffb4af2,912.2,0,39,gamble_left,You won 4 dollars.,150,2,12,0,4,1