trial_index,ID,subject,rt,responses,key_press,gamble_location,stimulus,Trial_ID,Trial_Type,Gain,Loss,Certain,Trial_Outcome
44,40,5b0711aff58f8400018b1876,1068.2,1,39,gamble_right,You lost -0.5 dollars.,1,1,2,-0.5,0,2
126,40,5b0711aff58f8400018b1876,1006.5,1,37,gamble_left,You lost -0.75 dollars.,2,1,2,-0.75,0,2
140,40,5b0711aff58f8400018b1876,946.5,1,39,gamble_right,You won 2 dollars.,3,1,2,-1,0,1
59,40,5b0711aff58f8400018b1876,940.7,1,37,gamble_left,You won 2 dollars.,4,1,2,-1.25,0,1
136,40,5b0711aff58f8400018b1876,847,1,37,gamble_left,You won 2 dollars.,5,1,2,-1.5,0,1
89,40,5b0711aff58f8400018b1876,920,1,37,gamble_left,You won 2 dollars.,6,1,2,-1.75,0,1
83,40,5b0711aff58f8400018b1876,942.3,0,39,gamble_left,You received 0 dollars.,7,1,2,-2,0,2
17,40,5b0711aff58f8400018b1876,1086.5,0,39,gamble_left,You received 0 dollars.,8,1,2,-2.25,0,2
60,40,5b0711aff58f8400018b1876,840,0,37,gamble_right,You received 0 dollars.,9,1,2,-2.5,0,2
128,40,5b0711aff58f8400018b1876,926.9,0,37,gamble_right,You received 0 dollars.,10,1,2,-2.75,0,2
103,40,5b0711aff58f8400018b1876,1081.4,0,37,gamble_right,You received 0 dollars.,11,1,2,-3,0,2
104,40,5b0711aff58f8400018b1876,837.5,0,39,gamble_left,You received 0 dollars.,12,1,2,-3.25,0,2
40,40,5b0711aff58f8400018b1876,801.3,0,39,gamble_left,You received 0 dollars.,13,1,2,-3.5,0,2
23,40,5b0711aff58f8400018b1876,1006.9,0,39,gamble_left,You received 0 dollars.,14,1,2,-3.75,0,2
18,40,5b0711aff58f8400018b1876,985.3,0,37,gamble_right,You received 0 dollars.,15,1,2,-4,0,2
41,40,5b0711aff58f8400018b1876,788.6,1,37,gamble_left,You lost -1 dollars.,16,1,4,-1,0,2
144,40,5b0711aff58f8400018b1876,781.9,1,37,gamble_left,You lost -1.5 dollars.,17,1,4,-1.5,0,2
28,40,5b0711aff58f8400018b1876,838.1,1,39,gamble_right,You won 4 dollars.,18,1,4,-2,0,1
73,40,5b0711aff58f8400018b1876,795.2,1,39,gamble_right,You lost -2.5 dollars.,19,1,4,-2.5,0,2
16,40,5b0711aff58f8400018b1876,902.8,1,39,gamble_right,You lost -3 dollars.,20,1,4,-3,0,2
64,40,5b0711aff58f8400018b1876,1028.9,1,39,gamble_right,You won 4 dollars.,21,1,4,-3.5,0,1
49,40,5b0711aff58f8400018b1876,1025.1,1,39,gamble_right,You won 4 dollars.,22,1,4,-4,0,1
149,40,5b0711aff58f8400018b1876,992.5,0,39,gamble_left,You received 0 dollars.,23,1,4,-4.5,0,2
94,40,5b0711aff58f8400018b1876,947.4,0,37,gamble_right,You received 0 dollars.,24,1,4,-5,0,2
2,40,5b0711aff58f8400018b1876,1110.6,0,37,gamble_right,You received 0 dollars.,25,1,4,-5.5,0,2
12,40,5b0711aff58f8400018b1876,955.5,0,37,gamble_right,You received 0 dollars.,26,1,4,-6,0,2
110,40,5b0711aff58f8400018b1876,986.5,0,39,gamble_left,You received 0 dollars.,27,1,4,-6.5,0,2
130,40,5b0711aff58f8400018b1876,660.9,0,39,gamble_left,You received 0 dollars.,28,1,4,-7,0,2
70,40,5b0711aff58f8400018b1876,1018.5,0,39,gamble_left,You received 0 dollars.,29,1,4,-7.5,0,2
123,40,5b0711aff58f8400018b1876,861,0,39,gamble_left,You received 0 dollars.,30,1,4,-8,0,2
19,40,5b0711aff58f8400018b1876,837.1,1,37,gamble_left,You lost -1.25 dollars.,31,1,5,-1.25,0,2
135,40,5b0711aff58f8400018b1876,804.6,1,39,gamble_right,You lost -1.88 dollars.,32,1,5,-1.88,0,2
25,40,5b0711aff58f8400018b1876,1087.1,1,39,gamble_right,You lost -2.5 dollars.,33,1,5,-2.5,0,2
11,40,5b0711aff58f8400018b1876,1085.9,1,39,gamble_right,You won 5 dollars.,34,1,5,-3.13,0,1
124,40,5b0711aff58f8400018b1876,920.4,1,39,gamble_right,You lost -3.75 dollars.,35,1,5,-3.75,0,2
14,40,5b0711aff58f8400018b1876,916.7,1,37,gamble_left,You won 5 dollars.,36,1,5,-4.38,0,1
29,40,5b0711aff58f8400018b1876,1065,1,39,gamble_right,You won 5 dollars.,37,1,5,-5,0,1
26,40,5b0711aff58f8400018b1876,1133.7,0,37,gamble_right,You received 0 dollars.,38,1,5,-5.63,0,2
102,40,5b0711aff58f8400018b1876,883.6,0,37,gamble_right,You received 0 dollars.,39,1,5,-6.25,0,2
118,40,5b0711aff58f8400018b1876,791.5,0,39,gamble_left,You received 0 dollars.,40,1,5,-6.88,0,2
145,40,5b0711aff58f8400018b1876,853.8,0,39,gamble_left,You received 0 dollars.,41,1,5,-7.5,0,2
129,40,5b0711aff58f8400018b1876,845.4,0,39,gamble_left,You received 0 dollars.,42,1,5,-8.13,0,2
77,40,5b0711aff58f8400018b1876,859.6,0,39,gamble_left,You received 0 dollars.,43,1,5,-8.75,0,2
55,40,5b0711aff58f8400018b1876,904.5,0,39,gamble_left,You received 0 dollars.,44,1,5,-9.38,0,2
95,40,5b0711aff58f8400018b1876,945.8,0,39,gamble_left,You received 0 dollars.,45,1,5,-10,0,2
93,40,5b0711aff58f8400018b1876,917.2,1,37,gamble_left,You lost -1.5 dollars.,46,1,6,-1.5,0,2
36,40,5b0711aff58f8400018b1876,1026.8,1,37,gamble_left,You lost -2.25 dollars.,47,1,6,-2.25,0,2
24,40,5b0711aff58f8400018b1876,1172.4,1,37,gamble_left,You won 6 dollars.,48,1,6,-3,0,1
50,40,5b0711aff58f8400018b1876,1075.5,1,39,gamble_right,You won 6 dollars.,49,1,6,-3.75,0,1
88,40,5b0711aff58f8400018b1876,1129.7,1,37,gamble_left,You lost -4.5 dollars.,50,1,6,-4.5,0,2
98,40,5b0711aff58f8400018b1876,1003.9,1,39,gamble_right,You won 6 dollars.,51,1,6,-5.25,0,1
131,40,5b0711aff58f8400018b1876,1250.4,1,37,gamble_left,You won 6 dollars.,52,1,6,-6,0,1
109,40,5b0711aff58f8400018b1876,944.9,0,39,gamble_left,You received 0 dollars.,53,1,6,-6.75,0,2
27,40,5b0711aff58f8400018b1876,852.9,0,39,gamble_left,You received 0 dollars.,54,1,6,-7.5,0,2
85,40,5b0711aff58f8400018b1876,834.5,0,37,gamble_right,You received 0 dollars.,55,1,6,-8.25,0,2
10,40,5b0711aff58f8400018b1876,1148.2,0,39,gamble_left,You received 0 dollars.,56,1,6,-9,0,2
71,40,5b0711aff58f8400018b1876,892.5,0,37,gamble_right,You received 0 dollars.,57,1,6,-9.75,0,2
81,40,5b0711aff58f8400018b1876,1095.5,0,37,gamble_right,You received 0 dollars.,58,1,6,-10.5,0,2
106,40,5b0711aff58f8400018b1876,1148,0,37,gamble_right,You received 0 dollars.,59,1,6,-11.25,0,2
5,40,5b0711aff58f8400018b1876,1064.7,0,39,gamble_left,You received 0 dollars.,60,1,6,-12,0,2
22,40,5b0711aff58f8400018b1876,1369.6,1,39,gamble_right,You won 8 dollars.,61,1,8,-2,0,1
46,40,5b0711aff58f8400018b1876,NA,NA,NA,gamble_left,Trial missed.,62,1,8,-3,0,3
79,40,5b0711aff58f8400018b1876,945.4,1,37,gamble_left,You lost -4 dollars.,63,1,8,-4,0,2
134,40,5b0711aff58f8400018b1876,962.9,1,39,gamble_right,You won 8 dollars.,64,1,8,-5,0,1
58,40,5b0711aff58f8400018b1876,852,1,39,gamble_right,You lost -6 dollars.,65,1,8,-6,0,2
113,40,5b0711aff58f8400018b1876,858.5,1,37,gamble_left,You won 8 dollars.,66,1,8,-7,0,1
45,40,5b0711aff58f8400018b1876,1858.3,1,39,gamble_right,You lost -8 dollars.,67,1,8,-8,0,2
39,40,5b0711aff58f8400018b1876,1083,0,37,gamble_right,You received 0 dollars.,68,1,8,-9,0,2
122,40,5b0711aff58f8400018b1876,978.1,0,39,gamble_left,You received 0 dollars.,69,1,8,-10,0,2
111,40,5b0711aff58f8400018b1876,982,0,39,gamble_left,You received 0 dollars.,70,1,8,-11,0,2
37,40,5b0711aff58f8400018b1876,869,0,39,gamble_left,You received 0 dollars.,71,1,8,-12,0,2
127,40,5b0711aff58f8400018b1876,1018.2,0,37,gamble_right,You received 0 dollars.,72,1,8,-13,0,2
112,40,5b0711aff58f8400018b1876,970.9,0,37,gamble_right,You received 0 dollars.,73,1,8,-14,0,2
141,40,5b0711aff58f8400018b1876,1013.4,0,39,gamble_left,You received 0 dollars.,74,1,8,-15,0,2
30,40,5b0711aff58f8400018b1876,1061,0,37,gamble_right,You received 0 dollars.,75,1,8,-16,0,2
68,40,5b0711aff58f8400018b1876,924.3,1,39,gamble_right,You lost -2.25 dollars.,76,1,9,-2.25,0,2
61,40,5b0711aff58f8400018b1876,1000,1,37,gamble_left,You won 9 dollars.,77,1,9,-3.38,0,1
84,40,5b0711aff58f8400018b1876,1298.6,1,37,gamble_left,You won 9 dollars.,78,1,9,-4.5,0,1
56,40,5b0711aff58f8400018b1876,995.2,1,37,gamble_left,You lost -5.63 dollars.,79,1,9,-5.63,0,2
62,40,5b0711aff58f8400018b1876,1048.2,1,39,gamble_right,You lost -6.75 dollars.,80,1,9,-6.75,0,2
138,40,5b0711aff58f8400018b1876,686.1,1,37,gamble_left,You won 9 dollars.,81,1,9,-7.88,0,1
119,40,5b0711aff58f8400018b1876,1188.6,1,39,gamble_right,You won 9 dollars.,82,1,9,-9,0,1
15,40,5b0711aff58f8400018b1876,1011.8,0,37,gamble_right,You received 0 dollars.,83,1,9,-10.13,0,2
51,40,5b0711aff58f8400018b1876,NA,NA,NA,gamble_right,Trial missed.,84,1,9,-11.25,0,3
76,40,5b0711aff58f8400018b1876,815.7,0,39,gamble_left,You received 0 dollars.,85,1,9,-12.38,0,2
80,40,5b0711aff58f8400018b1876,914.2,0,39,gamble_left,You received 0 dollars.,86,1,9,-13.5,0,2
97,40,5b0711aff58f8400018b1876,1038.3,0,37,gamble_right,You received 0 dollars.,87,1,9,-14.63,0,2
143,40,5b0711aff58f8400018b1876,1173.3,0,39,gamble_left,You received 0 dollars.,88,1,9,-15.75,0,2
65,40,5b0711aff58f8400018b1876,953,0,37,gamble_right,You received 0 dollars.,89,1,9,-16.88,0,2
148,40,5b0711aff58f8400018b1876,811,0,37,gamble_right,You received 0 dollars.,90,1,9,-18,0,2
38,40,5b0711aff58f8400018b1876,807.6,1,37,gamble_left,You won 10 dollars.,91,1,10,-2.5,0,1
91,40,5b0711aff58f8400018b1876,809.3,1,39,gamble_right,You lost -3.75 dollars.,92,1,10,-3.75,0,2
53,40,5b0711aff58f8400018b1876,880.5,1,39,gamble_right,You won 10 dollars.,93,1,10,-5,0,1
1,40,5b0711aff58f8400018b1876,1362.7,1,37,gamble_left,You lost -6.25 dollars.,94,1,10,-6.25,0,2
101,40,5b0711aff58f8400018b1876,1471.2,1,39,gamble_right,You won 10 dollars.,95,1,10,-7.5,0,1
105,40,5b0711aff58f8400018b1876,1150.7,1,37,gamble_left,You lost -8.75 dollars.,96,1,10,-8.75,0,2
121,40,5b0711aff58f8400018b1876,1071.8,1,39,gamble_right,You lost -10 dollars.,97,1,10,-10,0,2
142,40,5b0711aff58f8400018b1876,1138.2,0,37,gamble_right,You received 0 dollars.,98,1,10,-11.25,0,2
13,40,5b0711aff58f8400018b1876,1008.4,0,39,gamble_left,You received 0 dollars.,99,1,10,-12.5,0,2
108,40,5b0711aff58f8400018b1876,1045.3,0,39,gamble_left,You received 0 dollars.,100,1,10,-13.75,0,2
139,40,5b0711aff58f8400018b1876,917.9,0,37,gamble_right,You received 0 dollars.,101,1,10,-15,0,2
116,40,5b0711aff58f8400018b1876,801,0,39,gamble_left,You received 0 dollars.,102,1,10,-16.25,0,2
146,40,5b0711aff58f8400018b1876,1157.7,0,37,gamble_right,You received 0 dollars.,103,1,10,-17.5,0,2
114,40,5b0711aff58f8400018b1876,1004.1,0,37,gamble_right,You received 0 dollars.,104,1,10,-18.75,0,2
48,40,5b0711aff58f8400018b1876,1084.9,0,37,gamble_right,You received 0 dollars.,105,1,10,-20,0,2
115,40,5b0711aff58f8400018b1876,779.7,1,39,gamble_right,You lost -3 dollars.,106,1,12,-3,0,2
72,40,5b0711aff58f8400018b1876,854.8,1,37,gamble_left,You won 12 dollars.,107,1,12,-4.5,0,1
92,40,5b0711aff58f8400018b1876,931.9,1,37,gamble_left,You lost -6 dollars.,108,1,12,-6,0,2
34,40,5b0711aff58f8400018b1876,1013.6,1,39,gamble_right,You won 12 dollars.,109,1,12,-7.5,0,1
96,40,5b0711aff58f8400018b1876,932.6,1,39,gamble_right,You lost -9 dollars.,110,1,12,-9,0,2
4,40,5b0711aff58f8400018b1876,1209.2,1,39,gamble_right,You won 12 dollars.,111,1,12,-10.5,0,1
147,40,5b0711aff58f8400018b1876,1293.2,1,39,gamble_right,You lost -12 dollars.,112,1,12,-12,0,2
78,40,5b0711aff58f8400018b1876,1082,0,37,gamble_right,You received 0 dollars.,113,1,12,-13.5,0,2
8,40,5b0711aff58f8400018b1876,1054.4,0,39,gamble_left,You received 0 dollars.,114,1,12,-15,0,2
100,40,5b0711aff58f8400018b1876,1067,0,37,gamble_right,You received 0 dollars.,115,1,12,-16.5,0,2
82,40,5b0711aff58f8400018b1876,1020.9,0,39,gamble_left,You received 0 dollars.,116,1,12,-18,0,2
52,40,5b0711aff58f8400018b1876,1030.8,0,37,gamble_right,You received 0 dollars.,117,1,12,-19.5,0,2
9,40,5b0711aff58f8400018b1876,1003,0,37,gamble_right,You received 0 dollars.,118,1,12,-21,0,2
42,40,5b0711aff58f8400018b1876,1115.1,0,37,gamble_right,You received 0 dollars.,119,1,12,-22.5,0,2
117,40,5b0711aff58f8400018b1876,1052.8,0,39,gamble_left,You received 0 dollars.,120,1,12,-24,0,2
7,40,5b0711aff58f8400018b1876,1007.9,1,39,gamble_right,You received 0 dollars.,121,2,4,0,2,2
3,40,5b0711aff58f8400018b1876,1290.6,1,37,gamble_left,You received 0 dollars.,122,2,8,0,4,2
120,40,5b0711aff58f8400018b1876,757.4,1,39,gamble_right,You won 12 dollars.,123,2,12,0,6,1
132,40,5b0711aff58f8400018b1876,1066.5,1,39,gamble_right,You received 0 dollars.,124,2,18,0,9,2
33,40,5b0711aff58f8400018b1876,757.5,1,37,gamble_left,You received 0 dollars.,125,2,24,0,12,2
99,40,5b0711aff58f8400018b1876,803.2,1,37,gamble_left,You received 0 dollars.,126,2,5,0,3,2
90,40,5b0711aff58f8400018b1876,992.2,1,37,gamble_left,You won 7 dollars.,127,2,7,0,4,1
86,40,5b0711aff58f8400018b1876,1105.1,1,37,gamble_left,You received 0 dollars.,128,2,10,0,6,2
20,40,5b0711aff58f8400018b1876,880,1,39,gamble_right,You received 0 dollars.,129,2,17,0,10,2
21,40,5b0711aff58f8400018b1876,1009.4,1,39,gamble_right,You received 0 dollars.,130,2,22,0,13,2
63,40,5b0711aff58f8400018b1876,1153.3,1,37,gamble_left,You won 28 dollars.,131,2,28,0,13,1
6,40,5b0711aff58f8400018b1876,962.6,1,37,gamble_left,You won 5 dollars.,132,2,5,0,2,1
57,40,5b0711aff58f8400018b1876,721.6,1,39,gamble_right,You won 26 dollars.,133,2,26,0,10,1
74,40,5b0711aff58f8400018b1876,925.2,1,39,gamble_right,You received 0 dollars.,134,2,7,0,3,2
107,40,5b0711aff58f8400018b1876,1076.1,1,39,gamble_right,You won 13 dollars.,135,2,13,0,5,1
47,40,5b0711aff58f8400018b1876,882,1,37,gamble_left,You won 12 dollars.,136,2,12,0,6,1
43,40,5b0711aff58f8400018b1876,908.7,1,37,gamble_left,You received 0 dollars.,137,2,25,0,10,2
75,40,5b0711aff58f8400018b1876,995.7,1,37,gamble_left,You received 0 dollars.,138,2,4,0,2,2
69,40,5b0711aff58f8400018b1876,895,1,39,gamble_right,You received 0 dollars.,139,2,3,0,1,2
87,40,5b0711aff58f8400018b1876,1155.1,1,39,gamble_right,You won 25 dollars.,140,2,25,0,9,1
54,40,5b0711aff58f8400018b1876,666.8,1,39,gamble_right,You received 0 dollars.,141,2,13,0,6,2
66,40,5b0711aff58f8400018b1876,728.4,1,39,gamble_right,You won 22 dollars.,142,2,22,0,10,1
35,40,5b0711aff58f8400018b1876,955.8,1,37,gamble_left,You won 12 dollars.,143,2,12,0,5,1
32,40,5b0711aff58f8400018b1876,931.5,1,37,gamble_left,You received 0 dollars.,144,2,2,0,1,2
67,40,5b0711aff58f8400018b1876,899.2,1,39,gamble_right,You received 0 dollars.,145,2,8,0,3,2
133,40,5b0711aff58f8400018b1876,931.9,1,37,gamble_left,You won 19 dollars.,146,2,19,0,8,1
150,40,5b0711aff58f8400018b1876,946,1,39,gamble_right,You received 0 dollars.,147,2,26,0,12,2
31,40,5b0711aff58f8400018b1876,752.3,1,39,gamble_right,You won 30 dollars.,148,2,30,0,12,1
125,40,5b0711aff58f8400018b1876,1015.7,0,37,gamble_right,You won 10 dollars.,149,2,23,0,10,1
137,40,5b0711aff58f8400018b1876,735.1,1,39,gamble_right,You won 12 dollars.,150,2,12,0,4,1