trial_index,ID,subject,rt,responses,key_press,gamble_location,stimulus,Trial_ID,Trial_Type,Gain,Loss,Certain,Trial_Outcome
10,41,60fd9787e4a3d6329c99af95,505,0,39,gamble_left,You received 0 dollars.,1,1,2,-0.5,0,2
2,41,60fd9787e4a3d6329c99af95,794,1,39,gamble_right,You lost -0.75 dollars.,2,1,2,-0.75,0,2
41,41,60fd9787e4a3d6329c99af95,454,0,37,gamble_right,You received 0 dollars.,3,1,2,-1,0,2
3,41,60fd9787e4a3d6329c99af95,803,1,39,gamble_right,You lost -1.25 dollars.,4,1,2,-1.25,0,2
50,41,60fd9787e4a3d6329c99af95,555,0,39,gamble_left,You received 0 dollars.,5,1,2,-1.5,0,2
13,41,60fd9787e4a3d6329c99af95,708,0,39,gamble_left,You received 0 dollars.,6,1,2,-1.75,0,2
90,41,60fd9787e4a3d6329c99af95,461,0,39,gamble_left,You received 0 dollars.,7,1,2,-2,0,2
119,41,60fd9787e4a3d6329c99af95,502,0,39,gamble_left,You received 0 dollars.,8,1,2,-2.25,0,2
98,41,60fd9787e4a3d6329c99af95,461,0,37,gamble_right,You received 0 dollars.,9,1,2,-2.5,0,2
85,41,60fd9787e4a3d6329c99af95,592,0,39,gamble_left,You received 0 dollars.,10,1,2,-2.75,0,2
31,41,60fd9787e4a3d6329c99af95,612,0,39,gamble_left,You received 0 dollars.,11,1,2,-3,0,2
67,41,60fd9787e4a3d6329c99af95,461,0,37,gamble_right,You received 0 dollars.,12,1,2,-3.25,0,2
37,41,60fd9787e4a3d6329c99af95,411,0,37,gamble_right,You received 0 dollars.,13,1,2,-3.5,0,2
84,41,60fd9787e4a3d6329c99af95,416,0,37,gamble_right,You received 0 dollars.,14,1,2,-3.75,0,2
39,41,60fd9787e4a3d6329c99af95,506,0,39,gamble_left,You received 0 dollars.,15,1,2,-4,0,2
89,41,60fd9787e4a3d6329c99af95,499,0,39,gamble_left,You received 0 dollars.,16,1,4,-1,0,2
46,41,60fd9787e4a3d6329c99af95,522,0,39,gamble_left,You received 0 dollars.,17,1,4,-1.5,0,2
115,41,60fd9787e4a3d6329c99af95,538,0,37,gamble_right,You received 0 dollars.,18,1,4,-2,0,2
137,41,60fd9787e4a3d6329c99af95,530,0,39,gamble_left,You received 0 dollars.,19,1,4,-2.5,0,2
64,41,60fd9787e4a3d6329c99af95,513,0,37,gamble_right,You received 0 dollars.,20,1,4,-3,0,2
65,41,60fd9787e4a3d6329c99af95,455,0,37,gamble_right,You received 0 dollars.,21,1,4,-3.5,0,2
78,41,60fd9787e4a3d6329c99af95,540,0,39,gamble_left,You received 0 dollars.,22,1,4,-4,0,2
147,41,60fd9787e4a3d6329c99af95,544,0,37,gamble_right,You received 0 dollars.,23,1,4,-4.5,0,2
92,41,60fd9787e4a3d6329c99af95,485,0,39,gamble_left,You received 0 dollars.,24,1,4,-5,0,2
121,41,60fd9787e4a3d6329c99af95,547,0,39,gamble_left,You received 0 dollars.,25,1,4,-5.5,0,2
146,41,60fd9787e4a3d6329c99af95,596,0,39,gamble_left,You received 0 dollars.,26,1,4,-6,0,2
1,41,60fd9787e4a3d6329c99af95,943,0,39,gamble_left,You received 0 dollars.,27,1,4,-6.5,0,2
88,41,60fd9787e4a3d6329c99af95,491,0,37,gamble_right,You received 0 dollars.,28,1,4,-7,0,2
69,41,60fd9787e4a3d6329c99af95,482,0,39,gamble_left,You received 0 dollars.,29,1,4,-7.5,0,2
27,41,60fd9787e4a3d6329c99af95,847,0,39,gamble_left,You received 0 dollars.,30,1,4,-8,0,2
54,41,60fd9787e4a3d6329c99af95,605,0,37,gamble_right,You received 0 dollars.,31,1,5,-1.25,0,2
17,41,60fd9787e4a3d6329c99af95,590,0,39,gamble_left,You received 0 dollars.,32,1,5,-1.88,0,2
21,41,60fd9787e4a3d6329c99af95,586,0,39,gamble_left,You received 0 dollars.,33,1,5,-2.5,0,2
61,41,60fd9787e4a3d6329c99af95,498,0,37,gamble_right,You received 0 dollars.,34,1,5,-3.13,0,2
139,41,60fd9787e4a3d6329c99af95,589,0,37,gamble_right,You received 0 dollars.,35,1,5,-3.75,0,2
74,41,60fd9787e4a3d6329c99af95,527,0,39,gamble_left,You received 0 dollars.,36,1,5,-4.38,0,2
131,41,60fd9787e4a3d6329c99af95,441,0,39,gamble_left,You received 0 dollars.,37,1,5,-5,0,2
44,41,60fd9787e4a3d6329c99af95,498,0,37,gamble_right,You received 0 dollars.,38,1,5,-5.63,0,2
117,41,60fd9787e4a3d6329c99af95,829,0,39,gamble_left,You received 0 dollars.,39,1,5,-6.25,0,2
43,41,60fd9787e4a3d6329c99af95,541,0,39,gamble_left,You received 0 dollars.,40,1,5,-6.88,0,2
42,41,60fd9787e4a3d6329c99af95,560,0,37,gamble_right,You received 0 dollars.,41,1,5,-7.5,0,2
122,41,60fd9787e4a3d6329c99af95,548,0,37,gamble_right,You received 0 dollars.,42,1,5,-8.13,0,2
87,41,60fd9787e4a3d6329c99af95,541,0,39,gamble_left,You received 0 dollars.,43,1,5,-8.75,0,2
112,41,60fd9787e4a3d6329c99af95,563,0,39,gamble_left,You received 0 dollars.,44,1,5,-9.38,0,2
66,41,60fd9787e4a3d6329c99af95,540,0,39,gamble_left,You received 0 dollars.,45,1,5,-10,0,2
134,41,60fd9787e4a3d6329c99af95,489,0,39,gamble_left,You received 0 dollars.,46,1,6,-1.5,0,2
15,41,60fd9787e4a3d6329c99af95,512,0,39,gamble_left,You received 0 dollars.,47,1,6,-2.25,0,2
86,41,60fd9787e4a3d6329c99af95,674,0,39,gamble_left,You received 0 dollars.,48,1,6,-3,0,2
49,41,60fd9787e4a3d6329c99af95,548,0,37,gamble_right,You received 0 dollars.,49,1,6,-3.75,0,2
124,41,60fd9787e4a3d6329c99af95,552,0,37,gamble_right,You received 0 dollars.,50,1,6,-4.5,0,2
144,41,60fd9787e4a3d6329c99af95,526,0,37,gamble_right,You received 0 dollars.,51,1,6,-5.25,0,2
100,41,60fd9787e4a3d6329c99af95,622,0,39,gamble_left,You received 0 dollars.,52,1,6,-6,0,2
40,41,60fd9787e4a3d6329c99af95,520,0,39,gamble_left,You received 0 dollars.,53,1,6,-6.75,0,2
129,41,60fd9787e4a3d6329c99af95,531,0,39,gamble_left,You received 0 dollars.,54,1,6,-7.5,0,2
47,41,60fd9787e4a3d6329c99af95,675,0,37,gamble_right,You received 0 dollars.,55,1,6,-8.25,0,2
82,41,60fd9787e4a3d6329c99af95,479,0,37,gamble_right,You received 0 dollars.,56,1,6,-9,0,2
52,41,60fd9787e4a3d6329c99af95,600,0,39,gamble_left,You received 0 dollars.,57,1,6,-9.75,0,2
18,41,60fd9787e4a3d6329c99af95,487,0,37,gamble_right,You received 0 dollars.,58,1,6,-10.5,0,2
97,41,60fd9787e4a3d6329c99af95,528,0,37,gamble_right,You received 0 dollars.,59,1,6,-11.25,0,2
45,41,60fd9787e4a3d6329c99af95,465,0,37,gamble_right,You received 0 dollars.,60,1,6,-12,0,2
135,41,60fd9787e4a3d6329c99af95,422,0,37,gamble_right,You received 0 dollars.,61,1,8,-2,0,2
120,41,60fd9787e4a3d6329c99af95,572,0,39,gamble_left,You received 0 dollars.,62,1,8,-3,0,2
81,41,60fd9787e4a3d6329c99af95,471,0,37,gamble_right,You received 0 dollars.,63,1,8,-4,0,2
59,41,60fd9787e4a3d6329c99af95,544,0,39,gamble_left,You received 0 dollars.,64,1,8,-5,0,2
123,41,60fd9787e4a3d6329c99af95,535,0,37,gamble_right,You received 0 dollars.,65,1,8,-6,0,2
70,41,60fd9787e4a3d6329c99af95,495,0,39,gamble_left,You received 0 dollars.,66,1,8,-7,0,2
63,41,60fd9787e4a3d6329c99af95,447,0,37,gamble_right,You received 0 dollars.,67,1,8,-8,0,2
9,41,60fd9787e4a3d6329c99af95,521,0,37,gamble_right,You received 0 dollars.,68,1,8,-9,0,2
51,41,60fd9787e4a3d6329c99af95,1436,0,39,gamble_left,You received 0 dollars.,69,1,8,-10,0,2
143,41,60fd9787e4a3d6329c99af95,592,0,37,gamble_right,You received 0 dollars.,70,1,8,-11,0,2
96,41,60fd9787e4a3d6329c99af95,505,0,37,gamble_right,You received 0 dollars.,71,1,8,-12,0,2
128,41,60fd9787e4a3d6329c99af95,491,0,37,gamble_right,You received 0 dollars.,72,1,8,-13,0,2
24,41,60fd9787e4a3d6329c99af95,536,0,37,gamble_right,You received 0 dollars.,73,1,8,-14,0,2
6,41,60fd9787e4a3d6329c99af95,959,0,39,gamble_left,You received 0 dollars.,74,1,8,-15,0,2
136,41,60fd9787e4a3d6329c99af95,525,0,39,gamble_left,You received 0 dollars.,75,1,8,-16,0,2
125,41,60fd9787e4a3d6329c99af95,476,0,39,gamble_left,You received 0 dollars.,76,1,9,-2.25,0,2
35,41,60fd9787e4a3d6329c99af95,498,0,37,gamble_right,You received 0 dollars.,77,1,9,-3.38,0,2
141,41,60fd9787e4a3d6329c99af95,665,0,37,gamble_right,You received 0 dollars.,78,1,9,-4.5,0,2
16,41,60fd9787e4a3d6329c99af95,691,0,39,gamble_left,You received 0 dollars.,79,1,9,-5.63,0,2
58,41,60fd9787e4a3d6329c99af95,473,0,39,gamble_left,You received 0 dollars.,80,1,9,-6.75,0,2
34,41,60fd9787e4a3d6329c99af95,509,0,39,gamble_left,You received 0 dollars.,81,1,9,-7.88,0,2
126,41,60fd9787e4a3d6329c99af95,679,0,39,gamble_left,You received 0 dollars.,82,1,9,-9,0,2
102,41,60fd9787e4a3d6329c99af95,518,0,39,gamble_left,You received 0 dollars.,83,1,9,-10.13,0,2
127,41,60fd9787e4a3d6329c99af95,528,0,39,gamble_left,You received 0 dollars.,84,1,9,-11.25,0,2
104,41,60fd9787e4a3d6329c99af95,475,0,37,gamble_right,You received 0 dollars.,85,1,9,-12.38,0,2
68,41,60fd9787e4a3d6329c99af95,488,0,37,gamble_right,You received 0 dollars.,86,1,9,-13.5,0,2
29,41,60fd9787e4a3d6329c99af95,525,0,39,gamble_left,You received 0 dollars.,87,1,9,-14.63,0,2
12,41,60fd9787e4a3d6329c99af95,574,0,37,gamble_right,You received 0 dollars.,88,1,9,-15.75,0,2
7,41,60fd9787e4a3d6329c99af95,661,1,39,gamble_right,You lost -16.88 dollars.,89,1,9,-16.88,0,2
113,41,60fd9787e4a3d6329c99af95,635,0,39,gamble_left,You received 0 dollars.,90,1,9,-18,0,2
149,41,60fd9787e4a3d6329c99af95,599,0,39,gamble_left,You received 0 dollars.,91,1,10,-2.5,0,2
56,41,60fd9787e4a3d6329c99af95,742,0,37,gamble_right,You received 0 dollars.,92,1,10,-3.75,0,2
80,41,60fd9787e4a3d6329c99af95,531,0,39,gamble_left,You received 0 dollars.,93,1,10,-5,0,2
11,41,60fd9787e4a3d6329c99af95,618,1,39,gamble_right,You lost -6.25 dollars.,94,1,10,-6.25,0,2
130,41,60fd9787e4a3d6329c99af95,453,0,37,gamble_right,You received 0 dollars.,95,1,10,-7.5,0,2
114,41,60fd9787e4a3d6329c99af95,534,0,37,gamble_right,You received 0 dollars.,96,1,10,-8.75,0,2
76,41,60fd9787e4a3d6329c99af95,498,0,39,gamble_left,You received 0 dollars.,97,1,10,-10,0,2
60,41,60fd9787e4a3d6329c99af95,445,0,37,gamble_right,You received 0 dollars.,98,1,10,-11.25,0,2
103,41,60fd9787e4a3d6329c99af95,470,0,39,gamble_left,You received 0 dollars.,99,1,10,-12.5,0,2
145,41,60fd9787e4a3d6329c99af95,509,0,37,gamble_right,You received 0 dollars.,100,1,10,-13.75,0,2
4,41,60fd9787e4a3d6329c99af95,654,1,39,gamble_right,You lost -15 dollars.,101,1,10,-15,0,2
36,41,60fd9787e4a3d6329c99af95,459,0,39,gamble_left,You received 0 dollars.,102,1,10,-16.25,0,2
38,41,60fd9787e4a3d6329c99af95,549,0,37,gamble_right,You received 0 dollars.,103,1,10,-17.5,0,2
101,41,60fd9787e4a3d6329c99af95,556,0,37,gamble_right,You received 0 dollars.,104,1,10,-18.75,0,2
55,41,60fd9787e4a3d6329c99af95,856,0,37,gamble_right,You received 0 dollars.,105,1,10,-20,0,2
77,41,60fd9787e4a3d6329c99af95,500,0,39,gamble_left,You received 0 dollars.,106,1,12,-3,0,2
110,41,60fd9787e4a3d6329c99af95,495,0,37,gamble_right,You received 0 dollars.,107,1,12,-4.5,0,2
107,41,60fd9787e4a3d6329c99af95,489,0,39,gamble_left,You received 0 dollars.,108,1,12,-6,0,2
25,41,60fd9787e4a3d6329c99af95,591,0,37,gamble_right,You received 0 dollars.,109,1,12,-7.5,0,2
28,41,60fd9787e4a3d6329c99af95,559,0,37,gamble_right,You received 0 dollars.,110,1,12,-9,0,2
109,41,60fd9787e4a3d6329c99af95,585,0,37,gamble_right,You received 0 dollars.,111,1,12,-10.5,0,2
8,41,60fd9787e4a3d6329c99af95,585,0,39,gamble_left,You received 0 dollars.,112,1,12,-12,0,2
5,41,60fd9787e4a3d6329c99af95,895,1,39,gamble_right,You lost -13.5 dollars.,113,1,12,-13.5,0,2
14,41,60fd9787e4a3d6329c99af95,471,0,37,gamble_right,You received 0 dollars.,114,1,12,-15,0,2
140,41,60fd9787e4a3d6329c99af95,665,0,39,gamble_left,You received 0 dollars.,115,1,12,-16.5,0,2
132,41,60fd9787e4a3d6329c99af95,459,0,37,gamble_right,You received 0 dollars.,116,1,12,-18,0,2
32,41,60fd9787e4a3d6329c99af95,578,0,39,gamble_left,You received 0 dollars.,117,1,12,-19.5,0,2
48,41,60fd9787e4a3d6329c99af95,731,0,39,gamble_left,You received 0 dollars.,118,1,12,-21,0,2
62,41,60fd9787e4a3d6329c99af95,465,0,37,gamble_right,You received 0 dollars.,119,1,12,-22.5,0,2
79,41,60fd9787e4a3d6329c99af95,516,0,37,gamble_right,You received 0 dollars.,120,1,12,-24,0,2
106,41,60fd9787e4a3d6329c99af95,440,0,37,gamble_right,You won 2 dollars.,121,2,4,0,2,1
138,41,60fd9787e4a3d6329c99af95,518,0,37,gamble_right,You won 4 dollars.,122,2,8,0,4,1
19,41,60fd9787e4a3d6329c99af95,562,0,37,gamble_right,You won 6 dollars.,123,2,12,0,6,1
133,41,60fd9787e4a3d6329c99af95,627,0,39,gamble_left,You won 9 dollars.,124,2,18,0,9,1
94,41,60fd9787e4a3d6329c99af95,585,0,37,gamble_right,You won 12 dollars.,125,2,24,0,12,1
111,41,60fd9787e4a3d6329c99af95,501,0,39,gamble_left,You won 3 dollars.,126,2,5,0,3,1
57,41,60fd9787e4a3d6329c99af95,539,0,39,gamble_left,You won 4 dollars.,127,2,7,0,4,1
20,41,60fd9787e4a3d6329c99af95,638,0,37,gamble_right,You won 6 dollars.,128,2,10,0,6,1
99,41,60fd9787e4a3d6329c99af95,508,0,39,gamble_left,You won 10 dollars.,129,2,17,0,10,1
53,41,60fd9787e4a3d6329c99af95,589,0,37,gamble_right,You won 13 dollars.,130,2,22,0,13,1
26,41,60fd9787e4a3d6329c99af95,574,0,39,gamble_left,You won 13 dollars.,131,2,28,0,13,1
142,41,60fd9787e4a3d6329c99af95,913,0,39,gamble_left,You won 2 dollars.,132,2,5,0,2,1
148,41,60fd9787e4a3d6329c99af95,592,0,37,gamble_right,You won 10 dollars.,133,2,26,0,10,1
33,41,60fd9787e4a3d6329c99af95,482,0,39,gamble_left,You won 3 dollars.,134,2,7,0,3,1
116,41,60fd9787e4a3d6329c99af95,796,0,39,gamble_left,You won 5 dollars.,135,2,13,0,5,1
95,41,60fd9787e4a3d6329c99af95,605,0,39,gamble_left,You won 6 dollars.,136,2,12,0,6,1
93,41,60fd9787e4a3d6329c99af95,403,0,39,gamble_left,You won 10 dollars.,137,2,25,0,10,1
73,41,60fd9787e4a3d6329c99af95,537,0,37,gamble_right,You won 2 dollars.,138,2,4,0,2,1
108,41,60fd9787e4a3d6329c99af95,541,0,39,gamble_left,You won 1 dollars.,139,2,3,0,1,1
23,41,60fd9787e4a3d6329c99af95,517,0,39,gamble_left,You won 9 dollars.,140,2,25,0,9,1
91,41,60fd9787e4a3d6329c99af95,469,0,39,gamble_left,You won 6 dollars.,141,2,13,0,6,1
71,41,60fd9787e4a3d6329c99af95,659,0,37,gamble_right,You won 10 dollars.,142,2,22,0,10,1
150,41,60fd9787e4a3d6329c99af95,495,0,37,gamble_right,You won 5 dollars.,143,2,12,0,5,1
118,41,60fd9787e4a3d6329c99af95,556,0,37,gamble_right,You won 1 dollars.,144,2,2,0,1,1
75,41,60fd9787e4a3d6329c99af95,653,0,39,gamble_left,You won 3 dollars.,145,2,8,0,3,1
30,41,60fd9787e4a3d6329c99af95,437,0,39,gamble_left,You won 8 dollars.,146,2,19,0,8,1
83,41,60fd9787e4a3d6329c99af95,542,0,39,gamble_left,You won 12 dollars.,147,2,26,0,12,1
22,41,60fd9787e4a3d6329c99af95,523,0,39,gamble_left,You won 12 dollars.,148,2,30,0,12,1
72,41,60fd9787e4a3d6329c99af95,529,0,37,gamble_right,You won 10 dollars.,149,2,23,0,10,1
105,41,60fd9787e4a3d6329c99af95,678,0,39,gamble_left,You won 4 dollars.,150,2,12,0,4,1