trial_index,ID,subject,rt,responses,key_press,gamble_location,stimulus,Trial_ID,Trial_Type,Gain,Loss,Certain,Trial_Outcome
138,42,60fd5adbe3dfb1feccaf3fc1,1134,1,39,gamble_right,You won 2 dollars.,1,1,2,-0.5,0,1
40,42,60fd5adbe3dfb1feccaf3fc1,1079,1,37,gamble_left,You lost -0.75 dollars.,2,1,2,-0.75,0,2
12,42,60fd5adbe3dfb1feccaf3fc1,913.3,1,37,gamble_left,You won 2 dollars.,3,1,2,-1,0,1
96,42,60fd5adbe3dfb1feccaf3fc1,1286.9,1,37,gamble_left,You won 2 dollars.,4,1,2,-1.25,0,1
127,42,60fd5adbe3dfb1feccaf3fc1,1472.3,1,39,gamble_right,You won 2 dollars.,5,1,2,-1.5,0,1
146,42,60fd5adbe3dfb1feccaf3fc1,1197.9,1,37,gamble_left,You lost -1.75 dollars.,6,1,2,-1.75,0,2
27,42,60fd5adbe3dfb1feccaf3fc1,1664.1,1,37,gamble_left,You lost -2 dollars.,7,1,2,-2,0,2
85,42,60fd5adbe3dfb1feccaf3fc1,970.9,1,39,gamble_right,You lost -2.25 dollars.,8,1,2,-2.25,0,2
8,42,60fd5adbe3dfb1feccaf3fc1,1481.2,1,37,gamble_left,You won 2 dollars.,9,1,2,-2.5,0,1
10,42,60fd5adbe3dfb1feccaf3fc1,1026.5,1,37,gamble_left,You won 2 dollars.,10,1,2,-2.75,0,1
125,42,60fd5adbe3dfb1feccaf3fc1,813.3,1,37,gamble_left,You lost -3 dollars.,11,1,2,-3,0,2
33,42,60fd5adbe3dfb1feccaf3fc1,830.1,1,39,gamble_right,You won 2 dollars.,12,1,2,-3.25,0,1
24,42,60fd5adbe3dfb1feccaf3fc1,1183,1,37,gamble_left,You lost -3.5 dollars.,13,1,2,-3.5,0,2
57,42,60fd5adbe3dfb1feccaf3fc1,1257.1,1,39,gamble_right,You won 2 dollars.,14,1,2,-3.75,0,1
86,42,60fd5adbe3dfb1feccaf3fc1,1505.9,1,37,gamble_left,You won 2 dollars.,15,1,2,-4,0,1
32,42,60fd5adbe3dfb1feccaf3fc1,1042.9,1,39,gamble_right,You lost -1 dollars.,16,1,4,-1,0,2
5,42,60fd5adbe3dfb1feccaf3fc1,1545.2,1,37,gamble_left,You won 4 dollars.,17,1,4,-1.5,0,1
121,42,60fd5adbe3dfb1feccaf3fc1,1050.3,1,39,gamble_right,You won 4 dollars.,18,1,4,-2,0,1
135,42,60fd5adbe3dfb1feccaf3fc1,904.2,1,39,gamble_right,You won 4 dollars.,19,1,4,-2.5,0,1
130,42,60fd5adbe3dfb1feccaf3fc1,732,1,37,gamble_left,You won 4 dollars.,20,1,4,-3,0,1
35,42,60fd5adbe3dfb1feccaf3fc1,834.1,1,37,gamble_left,You lost -3.5 dollars.,21,1,4,-3.5,0,2
38,42,60fd5adbe3dfb1feccaf3fc1,806.9,1,37,gamble_left,You lost -4 dollars.,22,1,4,-4,0,2
62,42,60fd5adbe3dfb1feccaf3fc1,943.7,1,37,gamble_left,You lost -4.5 dollars.,23,1,4,-4.5,0,2
48,42,60fd5adbe3dfb1feccaf3fc1,1050.2,0,37,gamble_right,You received 0 dollars.,24,1,4,-5,0,2
92,42,60fd5adbe3dfb1feccaf3fc1,1409.5,0,37,gamble_right,You received 0 dollars.,25,1,4,-5.5,0,2
7,42,60fd5adbe3dfb1feccaf3fc1,NA,NA,NA,gamble_left,Trial missed.,26,1,4,-6,0,3
132,42,60fd5adbe3dfb1feccaf3fc1,643.9,1,37,gamble_left,You lost -6.5 dollars.,27,1,4,-6.5,0,2
100,42,60fd5adbe3dfb1feccaf3fc1,1592.7,1,37,gamble_left,You lost -7 dollars.,28,1,4,-7,0,2
75,42,60fd5adbe3dfb1feccaf3fc1,950.6,0,39,gamble_left,You received 0 dollars.,29,1,4,-7.5,0,2
49,42,60fd5adbe3dfb1feccaf3fc1,957,0,39,gamble_left,You received 0 dollars.,30,1,4,-8,0,2
42,42,60fd5adbe3dfb1feccaf3fc1,1164,1,39,gamble_right,You won 5 dollars.,31,1,5,-1.25,0,1
65,42,60fd5adbe3dfb1feccaf3fc1,896.1,1,37,gamble_left,You lost -1.88 dollars.,32,1,5,-1.88,0,2
58,42,60fd5adbe3dfb1feccaf3fc1,1010.4,1,37,gamble_left,You lost -2.5 dollars.,33,1,5,-2.5,0,2
101,42,60fd5adbe3dfb1feccaf3fc1,1423.6,0,37,gamble_right,You received 0 dollars.,34,1,5,-3.13,0,2
66,42,60fd5adbe3dfb1feccaf3fc1,965.5,1,39,gamble_right,You lost -3.75 dollars.,35,1,5,-3.75,0,2
102,42,60fd5adbe3dfb1feccaf3fc1,1008.8,0,39,gamble_left,You received 0 dollars.,36,1,5,-4.38,0,2
95,42,60fd5adbe3dfb1feccaf3fc1,1431.7,0,37,gamble_right,You received 0 dollars.,37,1,5,-5,0,2
68,42,60fd5adbe3dfb1feccaf3fc1,1324.4,0,37,gamble_right,You received 0 dollars.,38,1,5,-5.63,0,2
109,42,60fd5adbe3dfb1feccaf3fc1,1070.9,0,39,gamble_left,You received 0 dollars.,39,1,5,-6.25,0,2
29,42,60fd5adbe3dfb1feccaf3fc1,1922,1,39,gamble_right,You won 5 dollars.,40,1,5,-6.88,0,1
46,42,60fd5adbe3dfb1feccaf3fc1,1250.5,0,37,gamble_right,You received 0 dollars.,41,1,5,-7.5,0,2
43,42,60fd5adbe3dfb1feccaf3fc1,1784.2,0,37,gamble_right,You received 0 dollars.,42,1,5,-8.13,0,2
18,42,60fd5adbe3dfb1feccaf3fc1,1541.4,1,39,gamble_right,You won 5 dollars.,43,1,5,-8.75,0,1
112,42,60fd5adbe3dfb1feccaf3fc1,1266,0,39,gamble_left,You received 0 dollars.,44,1,5,-9.38,0,2
83,42,60fd5adbe3dfb1feccaf3fc1,1154.9,0,37,gamble_right,You received 0 dollars.,45,1,5,-10,0,2
15,42,60fd5adbe3dfb1feccaf3fc1,945.8,1,39,gamble_right,You lost -1.5 dollars.,46,1,6,-1.5,0,2
11,42,60fd5adbe3dfb1feccaf3fc1,1203.2,1,39,gamble_right,You lost -2.25 dollars.,47,1,6,-2.25,0,2
110,42,60fd5adbe3dfb1feccaf3fc1,1122.3,0,37,gamble_right,You received 0 dollars.,48,1,6,-3,0,2
36,42,60fd5adbe3dfb1feccaf3fc1,1106.7,1,37,gamble_left,You won 6 dollars.,49,1,6,-3.75,0,1
41,42,60fd5adbe3dfb1feccaf3fc1,1280.2,1,37,gamble_left,You lost -4.5 dollars.,50,1,6,-4.5,0,2
129,42,60fd5adbe3dfb1feccaf3fc1,926.4,1,37,gamble_left,You won 6 dollars.,51,1,6,-5.25,0,1
141,42,60fd5adbe3dfb1feccaf3fc1,1048.6,0,37,gamble_right,You received 0 dollars.,52,1,6,-6,0,2
53,42,60fd5adbe3dfb1feccaf3fc1,1787.3,0,37,gamble_right,You received 0 dollars.,53,1,6,-6.75,0,2
70,42,60fd5adbe3dfb1feccaf3fc1,1545.8,0,37,gamble_right,You received 0 dollars.,54,1,6,-7.5,0,2
20,42,60fd5adbe3dfb1feccaf3fc1,1019.9,1,37,gamble_left,You lost -8.25 dollars.,55,1,6,-8.25,0,2
97,42,60fd5adbe3dfb1feccaf3fc1,1197.3,0,37,gamble_right,You received 0 dollars.,56,1,6,-9,0,2
113,42,60fd5adbe3dfb1feccaf3fc1,984.7,0,39,gamble_left,You received 0 dollars.,57,1,6,-9.75,0,2
77,42,60fd5adbe3dfb1feccaf3fc1,1250.3,0,37,gamble_right,You received 0 dollars.,58,1,6,-10.5,0,2
47,42,60fd5adbe3dfb1feccaf3fc1,936.3,0,39,gamble_left,You received 0 dollars.,59,1,6,-11.25,0,2
30,42,60fd5adbe3dfb1feccaf3fc1,1035.1,0,39,gamble_left,You received 0 dollars.,60,1,6,-12,0,2
28,42,60fd5adbe3dfb1feccaf3fc1,1071.5,1,37,gamble_left,You won 8 dollars.,61,1,8,-2,0,1
69,42,60fd5adbe3dfb1feccaf3fc1,902.6,1,37,gamble_left,You won 8 dollars.,62,1,8,-3,0,1
120,42,60fd5adbe3dfb1feccaf3fc1,1259.5,1,39,gamble_right,You lost -4 dollars.,63,1,8,-4,0,2
21,42,60fd5adbe3dfb1feccaf3fc1,1052.6,1,39,gamble_right,You lost -5 dollars.,64,1,8,-5,0,2
88,42,60fd5adbe3dfb1feccaf3fc1,1055.1,1,37,gamble_left,You won 8 dollars.,65,1,8,-6,0,1
84,42,60fd5adbe3dfb1feccaf3fc1,1490.1,0,37,gamble_right,You received 0 dollars.,66,1,8,-7,0,2
2,42,60fd5adbe3dfb1feccaf3fc1,1634.9,0,39,gamble_left,You received 0 dollars.,67,1,8,-8,0,2
74,42,60fd5adbe3dfb1feccaf3fc1,1907.6,0,37,gamble_right,You received 0 dollars.,68,1,8,-9,0,2
149,42,60fd5adbe3dfb1feccaf3fc1,1808.1,1,37,gamble_left,You lost -10 dollars.,69,1,8,-10,0,2
78,42,60fd5adbe3dfb1feccaf3fc1,1197.6,0,37,gamble_right,You received 0 dollars.,70,1,8,-11,0,2
99,42,60fd5adbe3dfb1feccaf3fc1,1275.2,0,37,gamble_right,You received 0 dollars.,71,1,8,-12,0,2
103,42,60fd5adbe3dfb1feccaf3fc1,964.3,0,39,gamble_left,You received 0 dollars.,72,1,8,-13,0,2
60,42,60fd5adbe3dfb1feccaf3fc1,1161.6,0,37,gamble_right,You received 0 dollars.,73,1,8,-14,0,2
13,42,60fd5adbe3dfb1feccaf3fc1,1332.9,0,37,gamble_right,You received 0 dollars.,74,1,8,-15,0,2
64,42,60fd5adbe3dfb1feccaf3fc1,1118.5,0,39,gamble_left,You received 0 dollars.,75,1,8,-16,0,2
72,42,60fd5adbe3dfb1feccaf3fc1,1091.7,1,37,gamble_left,You won 9 dollars.,76,1,9,-2.25,0,1
133,42,60fd5adbe3dfb1feccaf3fc1,1242.2,1,39,gamble_right,You lost -3.38 dollars.,77,1,9,-3.38,0,2
116,42,60fd5adbe3dfb1feccaf3fc1,1341.9,1,39,gamble_right,You lost -4.5 dollars.,78,1,9,-4.5,0,2
114,42,60fd5adbe3dfb1feccaf3fc1,1085.3,1,37,gamble_left,You lost -5.63 dollars.,79,1,9,-5.63,0,2
63,42,60fd5adbe3dfb1feccaf3fc1,1297.4,1,37,gamble_left,You lost -6.75 dollars.,80,1,9,-6.75,0,2
124,42,60fd5adbe3dfb1feccaf3fc1,1443,1,37,gamble_left,You won 9 dollars.,81,1,9,-7.88,0,1
140,42,60fd5adbe3dfb1feccaf3fc1,992.3,0,37,gamble_right,You received 0 dollars.,82,1,9,-9,0,2
54,42,60fd5adbe3dfb1feccaf3fc1,1538.3,1,37,gamble_left,You lost -10.13 dollars.,83,1,9,-10.13,0,2
55,42,60fd5adbe3dfb1feccaf3fc1,1634.3,0,37,gamble_right,You received 0 dollars.,84,1,9,-11.25,0,2
136,42,60fd5adbe3dfb1feccaf3fc1,869.7,0,39,gamble_left,You received 0 dollars.,85,1,9,-12.38,0,2
115,42,60fd5adbe3dfb1feccaf3fc1,970.7,0,37,gamble_right,You received 0 dollars.,86,1,9,-13.5,0,2
107,42,60fd5adbe3dfb1feccaf3fc1,993.5,0,39,gamble_left,You received 0 dollars.,87,1,9,-14.63,0,2
17,42,60fd5adbe3dfb1feccaf3fc1,1188.8,0,39,gamble_left,You received 0 dollars.,88,1,9,-15.75,0,2
134,42,60fd5adbe3dfb1feccaf3fc1,814.8,0,37,gamble_right,You received 0 dollars.,89,1,9,-16.88,0,2
61,42,60fd5adbe3dfb1feccaf3fc1,1644.2,0,37,gamble_right,You received 0 dollars.,90,1,9,-18,0,2
71,42,60fd5adbe3dfb1feccaf3fc1,886,1,37,gamble_left,You lost -2.5 dollars.,91,1,10,-2.5,0,2
145,42,60fd5adbe3dfb1feccaf3fc1,1146.5,0,37,gamble_right,You received 0 dollars.,92,1,10,-3.75,0,2
22,42,60fd5adbe3dfb1feccaf3fc1,1084.1,1,39,gamble_right,You lost -5 dollars.,93,1,10,-5,0,2
50,42,60fd5adbe3dfb1feccaf3fc1,1569.4,1,37,gamble_left,You won 10 dollars.,94,1,10,-6.25,0,1
108,42,60fd5adbe3dfb1feccaf3fc1,1069.4,0,37,gamble_right,You received 0 dollars.,95,1,10,-7.5,0,2
137,42,60fd5adbe3dfb1feccaf3fc1,902,0,39,gamble_left,You received 0 dollars.,96,1,10,-8.75,0,2
128,42,60fd5adbe3dfb1feccaf3fc1,1173.6,1,37,gamble_left,You won 10 dollars.,97,1,10,-10,0,1
147,42,60fd5adbe3dfb1feccaf3fc1,1486,0,37,gamble_right,You received 0 dollars.,98,1,10,-11.25,0,2
131,42,60fd5adbe3dfb1feccaf3fc1,844.2,0,39,gamble_left,You received 0 dollars.,99,1,10,-12.5,0,2
51,42,60fd5adbe3dfb1feccaf3fc1,1516.9,0,39,gamble_left,You received 0 dollars.,100,1,10,-13.75,0,2
119,42,60fd5adbe3dfb1feccaf3fc1,1058,1,39,gamble_right,You lost -15 dollars.,101,1,10,-15,0,2
39,42,60fd5adbe3dfb1feccaf3fc1,1417.8,0,39,gamble_left,You received 0 dollars.,102,1,10,-16.25,0,2
59,42,60fd5adbe3dfb1feccaf3fc1,1841,0,39,gamble_left,You received 0 dollars.,103,1,10,-17.5,0,2
105,42,60fd5adbe3dfb1feccaf3fc1,1310.5,0,37,gamble_right,You received 0 dollars.,104,1,10,-18.75,0,2
139,42,60fd5adbe3dfb1feccaf3fc1,950.4,0,39,gamble_left,You received 0 dollars.,105,1,10,-20,0,2
82,42,60fd5adbe3dfb1feccaf3fc1,1052.1,0,37,gamble_right,You received 0 dollars.,106,1,12,-3,0,2
44,42,60fd5adbe3dfb1feccaf3fc1,1330.8,1,39,gamble_right,You lost -4.5 dollars.,107,1,12,-4.5,0,2
142,42,60fd5adbe3dfb1feccaf3fc1,1260.5,1,39,gamble_right,You won 12 dollars.,108,1,12,-6,0,1
98,42,60fd5adbe3dfb1feccaf3fc1,1718.2,0,37,gamble_right,You received 0 dollars.,109,1,12,-7.5,0,2
34,42,60fd5adbe3dfb1feccaf3fc1,1074.9,1,39,gamble_right,You won 12 dollars.,110,1,12,-9,0,1
37,42,60fd5adbe3dfb1feccaf3fc1,1251.4,1,39,gamble_right,You lost -10.5 dollars.,111,1,12,-10.5,0,2
81,42,60fd5adbe3dfb1feccaf3fc1,NA,NA,NA,gamble_right,Trial missed.,112,1,12,-12,0,3
123,42,60fd5adbe3dfb1feccaf3fc1,1116.8,0,39,gamble_left,You received 0 dollars.,113,1,12,-13.5,0,2
3,42,60fd5adbe3dfb1feccaf3fc1,1440.3,0,39,gamble_left,You received 0 dollars.,114,1,12,-15,0,2
19,42,60fd5adbe3dfb1feccaf3fc1,1270.6,1,39,gamble_right,You won 12 dollars.,115,1,12,-16.5,0,1
94,42,60fd5adbe3dfb1feccaf3fc1,1120.8,1,39,gamble_right,You won 12 dollars.,116,1,12,-18,0,1
45,42,60fd5adbe3dfb1feccaf3fc1,1058.3,0,39,gamble_left,You received 0 dollars.,117,1,12,-19.5,0,2
90,42,60fd5adbe3dfb1feccaf3fc1,1273.5,0,37,gamble_right,You received 0 dollars.,118,1,12,-21,0,2
16,42,60fd5adbe3dfb1feccaf3fc1,1159.1,0,39,gamble_left,You received 0 dollars.,119,1,12,-22.5,0,2
111,42,60fd5adbe3dfb1feccaf3fc1,1129.1,0,37,gamble_right,You received 0 dollars.,120,1,12,-24,0,2
104,42,60fd5adbe3dfb1feccaf3fc1,925.7,1,39,gamble_right,You received 0 dollars.,121,2,4,0,2,2
87,42,60fd5adbe3dfb1feccaf3fc1,1111.3,1,39,gamble_right,You received 0 dollars.,122,2,8,0,4,2
52,42,60fd5adbe3dfb1feccaf3fc1,1042.5,1,39,gamble_right,You received 0 dollars.,123,2,12,0,6,2
117,42,60fd5adbe3dfb1feccaf3fc1,719.9,1,37,gamble_left,You won 18 dollars.,124,2,18,0,9,1
126,42,60fd5adbe3dfb1feccaf3fc1,1378.9,1,37,gamble_left,You won 24 dollars.,125,2,24,0,12,1
25,42,60fd5adbe3dfb1feccaf3fc1,1069.7,1,37,gamble_left,You won 5 dollars.,126,2,5,0,3,1
143,42,60fd5adbe3dfb1feccaf3fc1,1108.2,1,39,gamble_right,You received 0 dollars.,127,2,7,0,4,2
106,42,60fd5adbe3dfb1feccaf3fc1,1075.1,1,39,gamble_right,You received 0 dollars.,128,2,10,0,6,2
26,42,60fd5adbe3dfb1feccaf3fc1,1136,1,39,gamble_right,You received 0 dollars.,129,2,17,0,10,2
23,42,60fd5adbe3dfb1feccaf3fc1,1231.4,1,37,gamble_left,You won 22 dollars.,130,2,22,0,13,1
79,42,60fd5adbe3dfb1feccaf3fc1,1180.3,1,39,gamble_right,You won 28 dollars.,131,2,28,0,13,1
14,42,60fd5adbe3dfb1feccaf3fc1,986,1,39,gamble_right,You received 0 dollars.,132,2,5,0,2,2
31,42,60fd5adbe3dfb1feccaf3fc1,982.6,1,37,gamble_left,You received 0 dollars.,133,2,26,0,10,2
9,42,60fd5adbe3dfb1feccaf3fc1,1019.1,1,37,gamble_left,You received 0 dollars.,134,2,7,0,3,2
56,42,60fd5adbe3dfb1feccaf3fc1,788.9,1,39,gamble_right,You won 13 dollars.,135,2,13,0,5,1
80,42,60fd5adbe3dfb1feccaf3fc1,1128.6,1,37,gamble_left,You received 0 dollars.,136,2,12,0,6,2
1,42,60fd5adbe3dfb1feccaf3fc1,1497.2,1,37,gamble_left,You received 0 dollars.,137,2,25,0,10,2
122,42,60fd5adbe3dfb1feccaf3fc1,650.2,1,37,gamble_left,You received 0 dollars.,138,2,4,0,2,2
6,42,60fd5adbe3dfb1feccaf3fc1,1599.3,1,39,gamble_right,You received 0 dollars.,139,2,3,0,1,2
148,42,60fd5adbe3dfb1feccaf3fc1,1186.7,1,39,gamble_right,You won 25 dollars.,140,2,25,0,9,1
118,42,60fd5adbe3dfb1feccaf3fc1,799.1,1,37,gamble_left,You received 0 dollars.,141,2,13,0,6,2
67,42,60fd5adbe3dfb1feccaf3fc1,1125.7,1,39,gamble_right,You received 0 dollars.,142,2,22,0,10,2
73,42,60fd5adbe3dfb1feccaf3fc1,1312.6,1,37,gamble_left,You received 0 dollars.,143,2,12,0,5,2
76,42,60fd5adbe3dfb1feccaf3fc1,1793,1,37,gamble_left,You received 0 dollars.,144,2,2,0,1,2
93,42,60fd5adbe3dfb1feccaf3fc1,1067.7,1,37,gamble_left,You won 8 dollars.,145,2,8,0,3,1
91,42,60fd5adbe3dfb1feccaf3fc1,1047.6,1,37,gamble_left,You won 19 dollars.,146,2,19,0,8,1
144,42,60fd5adbe3dfb1feccaf3fc1,1353.6,1,37,gamble_left,You received 0 dollars.,147,2,26,0,12,2
150,42,60fd5adbe3dfb1feccaf3fc1,785.8,1,37,gamble_left,You won 30 dollars.,148,2,30,0,12,1
4,42,60fd5adbe3dfb1feccaf3fc1,1132,1,37,gamble_left,You won 23 dollars.,149,2,23,0,10,1
89,42,60fd5adbe3dfb1feccaf3fc1,1181.7,1,37,gamble_left,You won 12 dollars.,150,2,12,0,4,1