trial_index,ID,subject,rt,responses,key_press,gamble_location,stimulus,Trial_ID,Trial_Type,Gain,Loss,Certain,Trial_Outcome
131,43,60b560763faf2c5262ecde22,910.2,0,37,gamble_right,You received 0 dollars.,1,1,2,-0.5,0,2
6,43,60b560763faf2c5262ecde22,1262.8,1,37,gamble_left,You won 2 dollars.,2,1,2,-0.75,0,1
61,43,60b560763faf2c5262ecde22,1219.8,0,37,gamble_right,You received 0 dollars.,3,1,2,-1,0,2
37,43,60b560763faf2c5262ecde22,1767.9,0,37,gamble_right,You received 0 dollars.,4,1,2,-1.25,0,2
133,43,60b560763faf2c5262ecde22,1374.6,1,37,gamble_left,You lost -1.5 dollars.,5,1,2,-1.5,0,2
95,43,60b560763faf2c5262ecde22,1838.8,1,39,gamble_right,You lost -1.75 dollars.,6,1,2,-1.75,0,2
47,43,60b560763faf2c5262ecde22,1243.4,1,39,gamble_right,You won 2 dollars.,7,1,2,-2,0,1
128,43,60b560763faf2c5262ecde22,874.8,0,39,gamble_left,You received 0 dollars.,8,1,2,-2.25,0,2
2,43,60b560763faf2c5262ecde22,1440.3,0,39,gamble_left,You received 0 dollars.,9,1,2,-2.5,0,2
103,43,60b560763faf2c5262ecde22,1635.0,1,37,gamble_left,You lost -2.75 dollars.,10,1,2,-2.75,0,2
78,43,60b560763faf2c5262ecde22,1385.9,1,37,gamble_left,You won 2 dollars.,11,1,2,-3,0,1
126,43,60b560763faf2c5262ecde22,1177.1,0,37,gamble_right,You received 0 dollars.,12,1,2,-3.25,0,2
15,43,60b560763faf2c5262ecde22,1561.1,0,37,gamble_right,You received 0 dollars.,13,1,2,-3.5,0,2
58,43,60b560763faf2c5262ecde22,1069.6,0,39,gamble_left,You received 0 dollars.,14,1,2,-3.75,0,2
140,43,60b560763faf2c5262ecde22,934.6,0,37,gamble_right,You received 0 dollars.,15,1,2,-4,0,2
17,43,60b560763faf2c5262ecde22,1308.2,1,39,gamble_right,You won 4 dollars.,16,1,4,-1,0,1
45,43,60b560763faf2c5262ecde22,1593.0,1,39,gamble_right,You won 4 dollars.,17,1,4,-1.5,0,1
20,43,60b560763faf2c5262ecde22,1497.0,1,37,gamble_left,You won 4 dollars.,18,1,4,-2,0,1
141,43,60b560763faf2c5262ecde22,531.8,0,39,gamble_left,You received 0 dollars.,19,1,4,-2.5,0,2
25,43,60b560763faf2c5262ecde22,1303.8,0,39,gamble_left,You received 0 dollars.,20,1,4,-3,0,2
136,43,60b560763faf2c5262ecde22,707.5,0,37,gamble_right,You received 0 dollars.,21,1,4,-3.5,0,2
30,43,60b560763faf2c5262ecde22,1733.5,1,39,gamble_right,You lost -4 dollars.,22,1,4,-4,0,2
111,43,60b560763faf2c5262ecde22,NA,NA,NA,gamble_right,Trial missed.,23,1,4,-4.5,0,3
75,43,60b560763faf2c5262ecde22,1321.5,1,39,gamble_right,You won 4 dollars.,24,1,4,-5,0,1
13,43,60b560763faf2c5262ecde22,1414.6,0,39,gamble_left,You received 0 dollars.,25,1,4,-5.5,0,2
31,43,60b560763faf2c5262ecde22,1590.1,0,37,gamble_right,You received 0 dollars.,26,1,4,-6,0,2
21,43,60b560763faf2c5262ecde22,1433.7,0,37,gamble_right,You received 0 dollars.,27,1,4,-6.5,0,2
42,43,60b560763faf2c5262ecde22,1311.6,1,39,gamble_right,You lost -7 dollars.,28,1,4,-7,0,2
84,43,60b560763faf2c5262ecde22,1388.4,0,39,gamble_left,You received 0 dollars.,29,1,4,-7.5,0,2
33,43,60b560763faf2c5262ecde22,1625.2,0,39,gamble_left,You received 0 dollars.,30,1,4,-8,0,2
137,43,60b560763faf2c5262ecde22,778.0,0,39,gamble_left,You received 0 dollars.,31,1,5,-1.25,0,2
134,43,60b560763faf2c5262ecde22,957.9,0,39,gamble_left,You received 0 dollars.,32,1,5,-1.88,0,2
80,43,60b560763faf2c5262ecde22,1327.7,1,37,gamble_left,You lost -2.5 dollars.,33,1,5,-2.5,0,2
121,43,60b560763faf2c5262ecde22,1211.1,0,39,gamble_left,You received 0 dollars.,34,1,5,-3.13,0,2
86,43,60b560763faf2c5262ecde22,1047.1,0,37,gamble_right,You received 0 dollars.,35,1,5,-3.75,0,2
123,43,60b560763faf2c5262ecde22,987.4,0,39,gamble_left,You received 0 dollars.,36,1,5,-4.38,0,2
5,43,60b560763faf2c5262ecde22,1286.5,0,37,gamble_right,You received 0 dollars.,37,1,5,-5,0,2
119,43,60b560763faf2c5262ecde22,719.1,0,37,gamble_right,You received 0 dollars.,38,1,5,-5.63,0,2
112,43,60b560763faf2c5262ecde22,898.8,0,37,gamble_right,You received 0 dollars.,39,1,5,-6.25,0,2
70,43,60b560763faf2c5262ecde22,1160.6,0,39,gamble_left,You received 0 dollars.,40,1,5,-6.88,0,2
14,43,60b560763faf2c5262ecde22,1090.6,1,39,gamble_right,You lost -7.5 dollars.,41,1,5,-7.5,0,2
69,43,60b560763faf2c5262ecde22,1398.6,0,37,gamble_right,You received 0 dollars.,42,1,5,-8.13,0,2
94,43,60b560763faf2c5262ecde22,1330.8,0,39,gamble_left,You received 0 dollars.,43,1,5,-8.75,0,2
97,43,60b560763faf2c5262ecde22,1346.9,0,39,gamble_left,You received 0 dollars.,44,1,5,-9.38,0,2
52,43,60b560763faf2c5262ecde22,1935.4,0,37,gamble_right,You received 0 dollars.,45,1,5,-10,0,2
150,43,60b560763faf2c5262ecde22,702.4,0,37,gamble_right,You received 0 dollars.,46,1,6,-1.5,0,2
138,43,60b560763faf2c5262ecde22,709.4,0,37,gamble_right,You received 0 dollars.,47,1,6,-2.25,0,2
38,43,60b560763faf2c5262ecde22,1401.9,1,37,gamble_left,You lost -3 dollars.,48,1,6,-3,0,2
118,43,60b560763faf2c5262ecde22,804.0,0,37,gamble_right,You received 0 dollars.,49,1,6,-3.75,0,2
51,43,60b560763faf2c5262ecde22,1639.4,1,37,gamble_left,You lost -4.5 dollars.,50,1,6,-4.5,0,2
34,43,60b560763faf2c5262ecde22,NA,NA,NA,gamble_left,Trial missed.,51,1,6,-5.25,0,3
48,43,60b560763faf2c5262ecde22,1437.3,1,39,gamble_right,You won 6 dollars.,52,1,6,-6,0,1
114,43,60b560763faf2c5262ecde22,872.4,0,37,gamble_right,You received 0 dollars.,53,1,6,-6.75,0,2
66,43,60b560763faf2c5262ecde22,1763.1,0,39,gamble_left,You received 0 dollars.,54,1,6,-7.5,0,2
130,43,60b560763faf2c5262ecde22,1007.0,0,37,gamble_right,You received 0 dollars.,55,1,6,-8.25,0,2
139,43,60b560763faf2c5262ecde22,862.3,0,39,gamble_left,You received 0 dollars.,56,1,6,-9,0,2
65,43,60b560763faf2c5262ecde22,1296.5,1,39,gamble_right,You lost -9.75 dollars.,57,1,6,-9.75,0,2
129,43,60b560763faf2c5262ecde22,922.7,0,39,gamble_left,You received 0 dollars.,58,1,6,-10.5,0,2
29,43,60b560763faf2c5262ecde22,1606.6,1,39,gamble_right,You lost -11.25 dollars.,59,1,6,-11.25,0,2
93,43,60b560763faf2c5262ecde22,1757.3,0,39,gamble_left,You received 0 dollars.,60,1,6,-12,0,2
117,43,60b560763faf2c5262ecde22,999.4,0,37,gamble_right,You received 0 dollars.,61,1,8,-2,0,2
10,43,60b560763faf2c5262ecde22,1318.1,1,37,gamble_left,You lost -3 dollars.,62,1,8,-3,0,2
115,43,60b560763faf2c5262ecde22,963.1,0,39,gamble_left,You received 0 dollars.,63,1,8,-4,0,2
27,43,60b560763faf2c5262ecde22,1466.8,1,37,gamble_left,You won 8 dollars.,64,1,8,-5,0,1
36,43,60b560763faf2c5262ecde22,1349.9,1,39,gamble_right,You won 8 dollars.,65,1,8,-6,0,1
35,43,60b560763faf2c5262ecde22,1177.4,1,37,gamble_left,You lost -7 dollars.,66,1,8,-7,0,2
98,43,60b560763faf2c5262ecde22,1621.1,1,39,gamble_right,You lost -8 dollars.,67,1,8,-8,0,2
54,43,60b560763faf2c5262ecde22,1349.8,0,37,gamble_right,You received 0 dollars.,68,1,8,-9,0,2
63,43,60b560763faf2c5262ecde22,1486.7,1,39,gamble_right,You won 8 dollars.,69,1,8,-10,0,1
53,43,60b560763faf2c5262ecde22,1458.9,1,39,gamble_right,You lost -11 dollars.,70,1,8,-11,0,2
59,43,60b560763faf2c5262ecde22,1377.3,1,37,gamble_left,You won 8 dollars.,71,1,8,-12,0,1
96,43,60b560763faf2c5262ecde22,1346.4,0,39,gamble_left,You received 0 dollars.,72,1,8,-13,0,2
23,43,60b560763faf2c5262ecde22,881.4,1,39,gamble_right,You won 8 dollars.,73,1,8,-14,0,1
106,43,60b560763faf2c5262ecde22,1736.2,0,37,gamble_right,You received 0 dollars.,74,1,8,-15,0,2
12,43,60b560763faf2c5262ecde22,1312.0,1,37,gamble_left,You won 8 dollars.,75,1,8,-16,0,1
89,43,60b560763faf2c5262ecde22,1600.5,1,37,gamble_left,You lost -2.25 dollars.,76,1,9,-2.25,0,2
108,43,60b560763faf2c5262ecde22,1287.7,0,37,gamble_right,You received 0 dollars.,77,1,9,-3.38,0,2
50,43,60b560763faf2c5262ecde22,1510.9,1,39,gamble_right,You won 9 dollars.,78,1,9,-4.5,0,1
26,43,60b560763faf2c5262ecde22,1051.4,1,37,gamble_left,You won 9 dollars.,79,1,9,-5.63,0,1
67,43,60b560763faf2c5262ecde22,1057.9,0,37,gamble_right,You received 0 dollars.,80,1,9,-6.75,0,2
62,43,60b560763faf2c5262ecde22,1868.9,1,39,gamble_right,You lost -7.88 dollars.,81,1,9,-7.88,0,2
147,43,60b560763faf2c5262ecde22,613.9,0,37,gamble_right,You received 0 dollars.,82,1,9,-9,0,2
91,43,60b560763faf2c5262ecde22,NA,NA,NA,gamble_right,Trial missed.,83,1,9,-10.13,0,3
146,43,60b560763faf2c5262ecde22,663.9,0,37,gamble_right,You received 0 dollars.,84,1,9,-11.25,0,2
55,43,60b560763faf2c5262ecde22,1904.2,1,39,gamble_right,You won 9 dollars.,85,1,9,-12.38,0,1
11,43,60b560763faf2c5262ecde22,1484.7,1,37,gamble_left,You won 9 dollars.,86,1,9,-13.5,0,1
64,43,60b560763faf2c5262ecde22,959.9,0,37,gamble_right,You received 0 dollars.,87,1,9,-14.63,0,2
148,43,60b560763faf2c5262ecde22,767.6,0,37,gamble_right,You received 0 dollars.,88,1,9,-15.75,0,2
1,43,60b560763faf2c5262ecde22,1521.3,1,39,gamble_right,You won 9 dollars.,89,1,9,-16.88,0,1
16,43,60b560763faf2c5262ecde22,1339.6,1,37,gamble_left,You lost -18 dollars.,90,1,9,-18,0,2
105,43,60b560763faf2c5262ecde22,1112.1,0,39,gamble_left,You received 0 dollars.,91,1,10,-2.5,0,2
3,43,60b560763faf2c5262ecde22,1329.7,1,39,gamble_right,You lost -3.75 dollars.,92,1,10,-3.75,0,2
145,43,60b560763faf2c5262ecde22,869.5,0,37,gamble_right,You received 0 dollars.,93,1,10,-5,0,2
46,43,60b560763faf2c5262ecde22,1219.3,0,37,gamble_right,You received 0 dollars.,94,1,10,-6.25,0,2
122,43,60b560763faf2c5262ecde22,802.9,0,37,gamble_right,You received 0 dollars.,95,1,10,-7.5,0,2
102,43,60b560763faf2c5262ecde22,1005.4,0,39,gamble_left,You received 0 dollars.,96,1,10,-8.75,0,2
68,43,60b560763faf2c5262ecde22,1235.4,1,37,gamble_left,You lost -10 dollars.,97,1,10,-10,0,2
101,43,60b560763faf2c5262ecde22,1956.3,1,37,gamble_left,You lost -11.25 dollars.,98,1,10,-11.25,0,2
49,43,60b560763faf2c5262ecde22,1125.0,0,39,gamble_left,You received 0 dollars.,99,1,10,-12.5,0,2
81,43,60b560763faf2c5262ecde22,1134.0,0,37,gamble_right,You received 0 dollars.,100,1,10,-13.75,0,2
132,43,60b560763faf2c5262ecde22,717.3,0,37,gamble_right,You received 0 dollars.,101,1,10,-15,0,2
149,43,60b560763faf2c5262ecde22,593.4,0,37,gamble_right,You received 0 dollars.,102,1,10,-16.25,0,2
39,43,60b560763faf2c5262ecde22,1849.8,0,37,gamble_right,You received 0 dollars.,103,1,10,-17.5,0,2
113,43,60b560763faf2c5262ecde22,1234.1,0,39,gamble_left,You received 0 dollars.,104,1,10,-18.75,0,2
71,43,60b560763faf2c5262ecde22,1624.7,1,39,gamble_right,You lost -20 dollars.,105,1,10,-20,0,2
76,43,60b560763faf2c5262ecde22,1001.8,0,39,gamble_left,You received 0 dollars.,106,1,12,-3,0,2
100,43,60b560763faf2c5262ecde22,1129.6,0,37,gamble_right,You received 0 dollars.,107,1,12,-4.5,0,2
124,43,60b560763faf2c5262ecde22,1055.2,0,39,gamble_left,You received 0 dollars.,108,1,12,-6,0,2
41,43,60b560763faf2c5262ecde22,1348.3,0,37,gamble_right,You received 0 dollars.,109,1,12,-7.5,0,2
24,43,60b560763faf2c5262ecde22,1212.5,1,39,gamble_right,You lost -9 dollars.,110,1,12,-9,0,2
22,43,60b560763faf2c5262ecde22,1482.7,0,39,gamble_left,You received 0 dollars.,111,1,12,-10.5,0,2
73,43,60b560763faf2c5262ecde22,1029.2,1,39,gamble_right,You won 12 dollars.,112,1,12,-12,0,1
77,43,60b560763faf2c5262ecde22,1236.3,0,37,gamble_right,You received 0 dollars.,113,1,12,-13.5,0,2
8,43,60b560763faf2c5262ecde22,1338.5,0,37,gamble_right,You received 0 dollars.,114,1,12,-15,0,2
79,43,60b560763faf2c5262ecde22,1311.6,0,37,gamble_right,You received 0 dollars.,115,1,12,-16.5,0,2
74,43,60b560763faf2c5262ecde22,1102.8,0,39,gamble_left,You received 0 dollars.,116,1,12,-18,0,2
90,43,60b560763faf2c5262ecde22,1762.0,0,39,gamble_left,You received 0 dollars.,117,1,12,-19.5,0,2
135,43,60b560763faf2c5262ecde22,849.6,0,39,gamble_left,You received 0 dollars.,118,1,12,-21,0,2
107,43,60b560763faf2c5262ecde22,NA,NA,NA,gamble_right,Trial missed.,119,1,12,-22.5,0,3
44,43,60b560763faf2c5262ecde22,1229.7,0,39,gamble_left,You received 0 dollars.,120,1,12,-24,0,2
85,43,60b560763faf2c5262ecde22,1281.7,0,39,gamble_left,You won 2 dollars.,121,2,4,0,2,1
60,43,60b560763faf2c5262ecde22,1324.5,0,37,gamble_right,You won 4 dollars.,122,2,8,0,4,1
18,43,60b560763faf2c5262ecde22,1205.1,1,37,gamble_left,You received 0 dollars.,123,2,12,0,6,2
28,43,60b560763faf2c5262ecde22,1536.1,0,39,gamble_left,You won 9 dollars.,124,2,18,0,9,1
125,43,60b560763faf2c5262ecde22,1006.4,0,37,gamble_right,You won 12 dollars.,125,2,24,0,12,1
82,43,60b560763faf2c5262ecde22,1314.5,0,39,gamble_left,You won 3 dollars.,126,2,5,0,3,1
72,43,60b560763faf2c5262ecde22,1410.7,1,39,gamble_right,You won 7 dollars.,127,2,7,0,4,1
99,43,60b560763faf2c5262ecde22,1377.6,0,39,gamble_left,You won 6 dollars.,128,2,10,0,6,1
7,43,60b560763faf2c5262ecde22,1461.1,0,39,gamble_left,You won 10 dollars.,129,2,17,0,10,1
4,43,60b560763faf2c5262ecde22,1128.0,1,37,gamble_left,You received 0 dollars.,130,2,22,0,13,2
92,43,60b560763faf2c5262ecde22,1051.7,0,37,gamble_right,You won 13 dollars.,131,2,28,0,13,1
57,43,60b560763faf2c5262ecde22,982.0,1,39,gamble_right,You received 0 dollars.,132,2,5,0,2,2
120,43,60b560763faf2c5262ecde22,1276.6,0,39,gamble_left,You won 10 dollars.,133,2,26,0,10,1
127,43,60b560763faf2c5262ecde22,1213.7,0,37,gamble_right,You won 3 dollars.,134,2,7,0,3,1
32,43,60b560763faf2c5262ecde22,970.4,0,39,gamble_left,You won 5 dollars.,135,2,13,0,5,1
142,43,60b560763faf2c5262ecde22,739.9,0,37,gamble_right,You won 6 dollars.,136,2,12,0,6,1
143,43,60b560763faf2c5262ecde22,788.5,0,39,gamble_left,You won 10 dollars.,137,2,25,0,10,1
116,43,60b560763faf2c5262ecde22,957.4,0,37,gamble_right,You won 2 dollars.,138,2,4,0,2,1
109,43,60b560763faf2c5262ecde22,1392.4,0,37,gamble_right,You won 1 dollars.,139,2,3,0,1,1
9,43,60b560763faf2c5262ecde22,1204.0,1,37,gamble_left,You won 25 dollars.,140,2,25,0,9,1
56,43,60b560763faf2c5262ecde22,1143.0,1,37,gamble_left,You received 0 dollars.,141,2,13,0,6,2
43,43,60b560763faf2c5262ecde22,1246.0,0,37,gamble_right,You won 10 dollars.,142,2,22,0,10,1
19,43,60b560763faf2c5262ecde22,1282.2,1,39,gamble_right,You received 0 dollars.,143,2,12,0,5,2
110,43,60b560763faf2c5262ecde22,1080.3,0,37,gamble_right,You won 1 dollars.,144,2,2,0,1,1
104,43,60b560763faf2c5262ecde22,726.6,0,39,gamble_left,You won 3 dollars.,145,2,8,0,3,1
87,43,60b560763faf2c5262ecde22,1278.0,0,39,gamble_left,You won 8 dollars.,146,2,19,0,8,1
40,43,60b560763faf2c5262ecde22,1334.6,1,37,gamble_left,You won 26 dollars.,147,2,26,0,12,1
88,43,60b560763faf2c5262ecde22,1105.9,0,37,gamble_right,You won 12 dollars.,148,2,30,0,12,1
144,43,60b560763faf2c5262ecde22,1007.7,0,39,gamble_left,You won 10 dollars.,149,2,23,0,10,1
83,43,60b560763faf2c5262ecde22,1510.7,0,37,gamble_right,You won 4 dollars.,150,2,12,0,4,1