trial_index,ID,subject,rt,responses,key_press,gamble_location,stimulus,Trial_ID,Trial_Type,Gain,Loss,Certain,Trial_Outcome
3,44,6101458b9abf41e02f3d8b57,1995.7,1,37,gamble_left,You lost -0.5 dollars.,1,1,2,-0.5,0,2
67,44,6101458b9abf41e02f3d8b57,855.1,0,37,gamble_right,You received 0 dollars.,2,1,2,-0.75,0,2
74,44,6101458b9abf41e02f3d8b57,872.4,0,37,gamble_right,You received 0 dollars.,3,1,2,-1,0,2
146,44,6101458b9abf41e02f3d8b57,487.8,0,39,gamble_left,You received 0 dollars.,4,1,2,-1.25,0,2
20,44,6101458b9abf41e02f3d8b57,978.8,0,37,gamble_right,You received 0 dollars.,5,1,2,-1.5,0,2
40,44,6101458b9abf41e02f3d8b57,834.9,0,37,gamble_right,You received 0 dollars.,6,1,2,-1.75,0,2
108,44,6101458b9abf41e02f3d8b57,589.9,0,37,gamble_right,You received 0 dollars.,7,1,2,-2,0,2
104,44,6101458b9abf41e02f3d8b57,675,0,39,gamble_left,You received 0 dollars.,8,1,2,-2.25,0,2
116,44,6101458b9abf41e02f3d8b57,766.3,0,37,gamble_right,You received 0 dollars.,9,1,2,-2.5,0,2
134,44,6101458b9abf41e02f3d8b57,756.5,0,39,gamble_left,You received 0 dollars.,10,1,2,-2.75,0,2
91,44,6101458b9abf41e02f3d8b57,620.4,0,37,gamble_right,You received 0 dollars.,11,1,2,-3,0,2
95,44,6101458b9abf41e02f3d8b57,665.4,0,39,gamble_left,You received 0 dollars.,12,1,2,-3.25,0,2
26,44,6101458b9abf41e02f3d8b57,961.8,0,39,gamble_left,You received 0 dollars.,13,1,2,-3.5,0,2
122,44,6101458b9abf41e02f3d8b57,602.6,0,39,gamble_left,You received 0 dollars.,14,1,2,-3.75,0,2
126,44,6101458b9abf41e02f3d8b57,484.6,0,37,gamble_right,You received 0 dollars.,15,1,2,-4,0,2
38,44,6101458b9abf41e02f3d8b57,915.3,0,39,gamble_left,You received 0 dollars.,16,1,4,-1,0,2
32,44,6101458b9abf41e02f3d8b57,927.3,0,37,gamble_right,You received 0 dollars.,17,1,4,-1.5,0,2
46,44,6101458b9abf41e02f3d8b57,792,0,37,gamble_right,You received 0 dollars.,18,1,4,-2,0,2
68,44,6101458b9abf41e02f3d8b57,787.6,0,37,gamble_right,You received 0 dollars.,19,1,4,-2.5,0,2
73,44,6101458b9abf41e02f3d8b57,952,0,39,gamble_left,You received 0 dollars.,20,1,4,-3,0,2
105,44,6101458b9abf41e02f3d8b57,734.7,0,39,gamble_left,You received 0 dollars.,21,1,4,-3.5,0,2
143,44,6101458b9abf41e02f3d8b57,494.8,0,39,gamble_left,You received 0 dollars.,22,1,4,-4,0,2
12,44,6101458b9abf41e02f3d8b57,1168.4,0,39,gamble_left,You received 0 dollars.,23,1,4,-4.5,0,2
22,44,6101458b9abf41e02f3d8b57,888.6,0,37,gamble_right,You received 0 dollars.,24,1,4,-5,0,2
127,44,6101458b9abf41e02f3d8b57,457,0,37,gamble_right,You received 0 dollars.,25,1,4,-5.5,0,2
89,44,6101458b9abf41e02f3d8b57,901,0,39,gamble_left,You received 0 dollars.,26,1,4,-6,0,2
29,44,6101458b9abf41e02f3d8b57,872.8,0,39,gamble_left,You received 0 dollars.,27,1,4,-6.5,0,2
56,44,6101458b9abf41e02f3d8b57,805.2,0,37,gamble_right,You received 0 dollars.,28,1,4,-7,0,2
49,44,6101458b9abf41e02f3d8b57,753.3,0,39,gamble_left,You received 0 dollars.,29,1,4,-7.5,0,2
76,44,6101458b9abf41e02f3d8b57,949.9,0,39,gamble_left,You received 0 dollars.,30,1,4,-8,0,2
101,44,6101458b9abf41e02f3d8b57,554.4,0,37,gamble_right,You received 0 dollars.,31,1,5,-1.25,0,2
96,44,6101458b9abf41e02f3d8b57,706.3,0,39,gamble_left,You received 0 dollars.,32,1,5,-1.88,0,2
27,44,6101458b9abf41e02f3d8b57,1085,0,39,gamble_left,You received 0 dollars.,33,1,5,-2.5,0,2
53,44,6101458b9abf41e02f3d8b57,1059.8,0,39,gamble_left,You received 0 dollars.,34,1,5,-3.13,0,2
135,44,6101458b9abf41e02f3d8b57,539.1,0,37,gamble_right,You received 0 dollars.,35,1,5,-3.75,0,2
123,44,6101458b9abf41e02f3d8b57,643.4,0,37,gamble_right,You received 0 dollars.,36,1,5,-4.38,0,2
4,44,6101458b9abf41e02f3d8b57,1574.2,1,37,gamble_left,You won 5 dollars.,37,1,5,-5,0,1
97,44,6101458b9abf41e02f3d8b57,657.5,0,39,gamble_left,You received 0 dollars.,38,1,5,-5.63,0,2
36,44,6101458b9abf41e02f3d8b57,1092.4,0,39,gamble_left,You received 0 dollars.,39,1,5,-6.25,0,2
112,44,6101458b9abf41e02f3d8b57,692.6,0,37,gamble_right,You received 0 dollars.,40,1,5,-6.88,0,2
82,44,6101458b9abf41e02f3d8b57,735.8,0,37,gamble_right,You received 0 dollars.,41,1,5,-7.5,0,2
72,44,6101458b9abf41e02f3d8b57,703.1,0,37,gamble_right,You received 0 dollars.,42,1,5,-8.13,0,2
28,44,6101458b9abf41e02f3d8b57,901,0,37,gamble_right,You received 0 dollars.,43,1,5,-8.75,0,2
92,44,6101458b9abf41e02f3d8b57,690.2,0,39,gamble_left,You received 0 dollars.,44,1,5,-9.38,0,2
9,44,6101458b9abf41e02f3d8b57,587.9,0,39,gamble_left,You received 0 dollars.,45,1,5,-10,0,2
64,44,6101458b9abf41e02f3d8b57,897.7,0,37,gamble_right,You received 0 dollars.,46,1,6,-1.5,0,2
63,44,6101458b9abf41e02f3d8b57,1316.9,0,37,gamble_right,You received 0 dollars.,47,1,6,-2.25,0,2
44,44,6101458b9abf41e02f3d8b57,950.8,0,37,gamble_right,You received 0 dollars.,48,1,6,-3,0,2
81,44,6101458b9abf41e02f3d8b57,634.8,0,37,gamble_right,You received 0 dollars.,49,1,6,-3.75,0,2
141,44,6101458b9abf41e02f3d8b57,569,0,37,gamble_right,You received 0 dollars.,50,1,6,-4.5,0,2
94,44,6101458b9abf41e02f3d8b57,744.7,0,39,gamble_left,You received 0 dollars.,51,1,6,-5.25,0,2
43,44,6101458b9abf41e02f3d8b57,1198.6,0,39,gamble_left,You received 0 dollars.,52,1,6,-6,0,2
66,44,6101458b9abf41e02f3d8b57,940.6,0,39,gamble_left,You received 0 dollars.,53,1,6,-6.75,0,2
69,44,6101458b9abf41e02f3d8b57,736.7,0,39,gamble_left,You received 0 dollars.,54,1,6,-7.5,0,2
139,44,6101458b9abf41e02f3d8b57,672.5,0,39,gamble_left,You received 0 dollars.,55,1,6,-8.25,0,2
148,44,6101458b9abf41e02f3d8b57,680.9,0,37,gamble_right,You received 0 dollars.,56,1,6,-9,0,2
132,44,6101458b9abf41e02f3d8b57,529.4,0,37,gamble_right,You received 0 dollars.,57,1,6,-9.75,0,2
98,44,6101458b9abf41e02f3d8b57,649,0,37,gamble_right,You received 0 dollars.,58,1,6,-10.5,0,2
48,44,6101458b9abf41e02f3d8b57,782.5,0,37,gamble_right,You received 0 dollars.,59,1,6,-11.25,0,2
87,44,6101458b9abf41e02f3d8b57,884.2,0,37,gamble_right,You received 0 dollars.,60,1,6,-12,0,2
33,44,6101458b9abf41e02f3d8b57,925.8,0,39,gamble_left,You received 0 dollars.,61,1,8,-2,0,2
124,44,6101458b9abf41e02f3d8b57,646.2,0,39,gamble_left,You received 0 dollars.,62,1,8,-3,0,2
113,44,6101458b9abf41e02f3d8b57,746,0,39,gamble_left,You received 0 dollars.,63,1,8,-4,0,2
100,44,6101458b9abf41e02f3d8b57,757.3,0,39,gamble_left,You received 0 dollars.,64,1,8,-5,0,2
41,44,6101458b9abf41e02f3d8b57,818.1,0,37,gamble_right,You received 0 dollars.,65,1,8,-6,0,2
52,44,6101458b9abf41e02f3d8b57,763.7,0,37,gamble_right,You received 0 dollars.,66,1,8,-7,0,2
51,44,6101458b9abf41e02f3d8b57,894.7,0,39,gamble_left,You received 0 dollars.,67,1,8,-8,0,2
133,44,6101458b9abf41e02f3d8b57,560.9,0,37,gamble_right,You received 0 dollars.,68,1,8,-9,0,2
120,44,6101458b9abf41e02f3d8b57,633.5,0,39,gamble_left,You received 0 dollars.,69,1,8,-10,0,2
31,44,6101458b9abf41e02f3d8b57,1111.4,0,37,gamble_right,You received 0 dollars.,70,1,8,-11,0,2
39,44,6101458b9abf41e02f3d8b57,838.7,0,39,gamble_left,You received 0 dollars.,71,1,8,-12,0,2
117,44,6101458b9abf41e02f3d8b57,638.1,0,37,gamble_right,You received 0 dollars.,72,1,8,-13,0,2
8,44,6101458b9abf41e02f3d8b57,753.6,0,39,gamble_left,You received 0 dollars.,73,1,8,-14,0,2
103,44,6101458b9abf41e02f3d8b57,666.2,0,39,gamble_left,You received 0 dollars.,74,1,8,-15,0,2
23,44,6101458b9abf41e02f3d8b57,860.7,0,39,gamble_left,You received 0 dollars.,75,1,8,-16,0,2
10,44,6101458b9abf41e02f3d8b57,1172.5,0,37,gamble_right,You received 0 dollars.,76,1,9,-2.25,0,2
138,44,6101458b9abf41e02f3d8b57,652,0,39,gamble_left,You received 0 dollars.,77,1,9,-3.38,0,2
129,44,6101458b9abf41e02f3d8b57,559.6,0,37,gamble_right,You received 0 dollars.,78,1,9,-4.5,0,2
58,44,6101458b9abf41e02f3d8b57,749.2,0,37,gamble_right,You received 0 dollars.,79,1,9,-5.63,0,2
78,44,6101458b9abf41e02f3d8b57,1242.2,0,39,gamble_left,You received 0 dollars.,80,1,9,-6.75,0,2
128,44,6101458b9abf41e02f3d8b57,558,0,37,gamble_right,You received 0 dollars.,81,1,9,-7.88,0,2
93,44,6101458b9abf41e02f3d8b57,642.1,0,37,gamble_right,You received 0 dollars.,82,1,9,-9,0,2
137,44,6101458b9abf41e02f3d8b57,741.5,0,39,gamble_left,You received 0 dollars.,83,1,9,-10.13,0,2
114,44,6101458b9abf41e02f3d8b57,779.8,0,39,gamble_left,You received 0 dollars.,84,1,9,-11.25,0,2
71,44,6101458b9abf41e02f3d8b57,784.5,0,37,gamble_right,You received 0 dollars.,85,1,9,-12.38,0,2
150,44,6101458b9abf41e02f3d8b57,616.4,0,39,gamble_left,You received 0 dollars.,86,1,9,-13.5,0,2
5,44,6101458b9abf41e02f3d8b57,1196.5,0,39,gamble_left,You received 0 dollars.,87,1,9,-14.63,0,2
86,44,6101458b9abf41e02f3d8b57,739.4,0,39,gamble_left,You received 0 dollars.,88,1,9,-15.75,0,2
136,44,6101458b9abf41e02f3d8b57,537.1,0,37,gamble_right,You received 0 dollars.,89,1,9,-16.88,0,2
62,44,6101458b9abf41e02f3d8b57,997.7,0,37,gamble_right,You received 0 dollars.,90,1,9,-18,0,2
106,44,6101458b9abf41e02f3d8b57,684.9,0,39,gamble_left,You received 0 dollars.,91,1,10,-2.5,0,2
115,44,6101458b9abf41e02f3d8b57,752.8,0,39,gamble_left,You received 0 dollars.,92,1,10,-3.75,0,2
18,44,6101458b9abf41e02f3d8b57,983.8,0,37,gamble_right,You received 0 dollars.,93,1,10,-5,0,2
102,44,6101458b9abf41e02f3d8b57,492.2,0,37,gamble_right,You received 0 dollars.,94,1,10,-6.25,0,2
75,44,6101458b9abf41e02f3d8b57,865.9,0,37,gamble_right,You received 0 dollars.,95,1,10,-7.5,0,2
83,44,6101458b9abf41e02f3d8b57,875.8,0,39,gamble_left,You received 0 dollars.,96,1,10,-8.75,0,2
109,44,6101458b9abf41e02f3d8b57,473.9,0,37,gamble_right,You received 0 dollars.,97,1,10,-10,0,2
11,44,6101458b9abf41e02f3d8b57,1130.8,0,37,gamble_right,You received 0 dollars.,98,1,10,-11.25,0,2
30,44,6101458b9abf41e02f3d8b57,926.4,0,39,gamble_left,You received 0 dollars.,99,1,10,-12.5,0,2
99,44,6101458b9abf41e02f3d8b57,786.1,0,39,gamble_left,You received 0 dollars.,100,1,10,-13.75,0,2
131,44,6101458b9abf41e02f3d8b57,597.2,0,39,gamble_left,You received 0 dollars.,101,1,10,-15,0,2
24,44,6101458b9abf41e02f3d8b57,1154.3,0,37,gamble_right,You received 0 dollars.,102,1,10,-16.25,0,2
149,44,6101458b9abf41e02f3d8b57,666.7,0,39,gamble_left,You received 0 dollars.,103,1,10,-17.5,0,2
55,44,6101458b9abf41e02f3d8b57,817.6,0,37,gamble_right,You received 0 dollars.,104,1,10,-18.75,0,2
111,44,6101458b9abf41e02f3d8b57,716.9,0,37,gamble_right,You received 0 dollars.,105,1,10,-20,0,2
50,44,6101458b9abf41e02f3d8b57,1511.8,1,37,gamble_left,You won 12 dollars.,106,1,12,-3,0,1
17,44,6101458b9abf41e02f3d8b57,614.8,0,39,gamble_left,You received 0 dollars.,107,1,12,-4.5,0,2
37,44,6101458b9abf41e02f3d8b57,891.2,0,37,gamble_right,You received 0 dollars.,108,1,12,-6,0,2
2,44,6101458b9abf41e02f3d8b57,1234.5,0,37,gamble_right,You received 0 dollars.,109,1,12,-7.5,0,2
61,44,6101458b9abf41e02f3d8b57,1034.7,0,37,gamble_right,You received 0 dollars.,110,1,12,-9,0,2
60,44,6101458b9abf41e02f3d8b57,1042.7,0,37,gamble_right,You received 0 dollars.,111,1,12,-10.5,0,2
35,44,6101458b9abf41e02f3d8b57,1072.7,0,37,gamble_right,You received 0 dollars.,112,1,12,-12,0,2
13,44,6101458b9abf41e02f3d8b57,1259.7,0,37,gamble_right,You received 0 dollars.,113,1,12,-13.5,0,2
57,44,6101458b9abf41e02f3d8b57,907.1,0,39,gamble_left,You received 0 dollars.,114,1,12,-15,0,2
125,44,6101458b9abf41e02f3d8b57,584.9,0,37,gamble_right,You received 0 dollars.,115,1,12,-16.5,0,2
1,44,6101458b9abf41e02f3d8b57,1242.1,0,39,gamble_left,You received 0 dollars.,116,1,12,-18,0,2
121,44,6101458b9abf41e02f3d8b57,650.3,0,39,gamble_left,You received 0 dollars.,117,1,12,-19.5,0,2
147,44,6101458b9abf41e02f3d8b57,550.9,0,37,gamble_right,You received 0 dollars.,118,1,12,-21,0,2
144,44,6101458b9abf41e02f3d8b57,524.8,0,39,gamble_left,You received 0 dollars.,119,1,12,-22.5,0,2
19,44,6101458b9abf41e02f3d8b57,1162.2,0,37,gamble_right,You received 0 dollars.,120,1,12,-24,0,2
59,44,6101458b9abf41e02f3d8b57,952.5,0,39,gamble_left,You won 2 dollars.,121,2,4,0,2,1
119,44,6101458b9abf41e02f3d8b57,637.1,0,39,gamble_left,You won 4 dollars.,122,2,8,0,4,1
6,44,6101458b9abf41e02f3d8b57,939.3,0,39,gamble_left,You won 6 dollars.,123,2,12,0,6,1
142,44,6101458b9abf41e02f3d8b57,573,0,39,gamble_left,You won 9 dollars.,124,2,18,0,9,1
140,44,6101458b9abf41e02f3d8b57,686.6,0,39,gamble_left,You won 12 dollars.,125,2,24,0,12,1
16,44,6101458b9abf41e02f3d8b57,880.9,0,39,gamble_left,You won 3 dollars.,126,2,5,0,3,1
54,44,6101458b9abf41e02f3d8b57,1054,0,37,gamble_right,You won 4 dollars.,127,2,7,0,4,1
21,44,6101458b9abf41e02f3d8b57,872.3,0,39,gamble_left,You won 6 dollars.,128,2,10,0,6,1
118,44,6101458b9abf41e02f3d8b57,724,0,39,gamble_left,You won 10 dollars.,129,2,17,0,10,1
110,44,6101458b9abf41e02f3d8b57,632.3,0,37,gamble_right,You won 13 dollars.,130,2,22,0,13,1
34,44,6101458b9abf41e02f3d8b57,652.4,0,37,gamble_right,You won 13 dollars.,131,2,28,0,13,1
130,44,6101458b9abf41e02f3d8b57,595.5,0,37,gamble_right,You won 2 dollars.,132,2,5,0,2,1
145,44,6101458b9abf41e02f3d8b57,656.5,0,39,gamble_left,You won 10 dollars.,133,2,26,0,10,1
84,44,6101458b9abf41e02f3d8b57,558.6,0,37,gamble_right,You won 3 dollars.,134,2,7,0,3,1
77,44,6101458b9abf41e02f3d8b57,1343.5,0,39,gamble_left,You won 5 dollars.,135,2,13,0,5,1
47,44,6101458b9abf41e02f3d8b57,651.5,0,37,gamble_right,You won 6 dollars.,136,2,12,0,6,1
79,44,6101458b9abf41e02f3d8b57,1156.8,0,39,gamble_left,You won 10 dollars.,137,2,25,0,10,1
45,44,6101458b9abf41e02f3d8b57,918.6,0,37,gamble_right,You won 2 dollars.,138,2,4,0,2,1
7,44,6101458b9abf41e02f3d8b57,793,0,39,gamble_left,You won 1 dollars.,139,2,3,0,1,1
25,44,6101458b9abf41e02f3d8b57,578.4,0,37,gamble_right,You won 9 dollars.,140,2,25,0,9,1
88,44,6101458b9abf41e02f3d8b57,777.6,0,37,gamble_right,You won 6 dollars.,141,2,13,0,6,1
70,44,6101458b9abf41e02f3d8b57,1218.8,0,39,gamble_left,You won 10 dollars.,142,2,22,0,10,1
65,44,6101458b9abf41e02f3d8b57,741.3,0,37,gamble_right,You won 5 dollars.,143,2,12,0,5,1
14,44,6101458b9abf41e02f3d8b57,975.9,0,39,gamble_left,You won 1 dollars.,144,2,2,0,1,1
80,44,6101458b9abf41e02f3d8b57,664.9,0,37,gamble_right,You won 3 dollars.,145,2,8,0,3,1
107,44,6101458b9abf41e02f3d8b57,890.1,0,39,gamble_left,You won 8 dollars.,146,2,19,0,8,1
42,44,6101458b9abf41e02f3d8b57,1593.4,0,39,gamble_left,You won 12 dollars.,147,2,26,0,12,1
90,44,6101458b9abf41e02f3d8b57,576.6,0,37,gamble_right,You won 12 dollars.,148,2,30,0,12,1
15,44,6101458b9abf41e02f3d8b57,752.4,0,37,gamble_right,You won 10 dollars.,149,2,23,0,10,1
85,44,6101458b9abf41e02f3d8b57,867.6,0,39,gamble_left,You won 4 dollars.,150,2,12,0,4,1