trial_index,ID,subject,rt,responses,key_press,gamble_location,stimulus,Trial_ID,Trial_Type,Gain,Loss,Certain,Trial_Outcome
134,45,60fd0d9bafc469eb390491a0,1068.6,1,37,gamble_left,You won 2 dollars.,1,1,2,-0.5,0,1
50,45,60fd0d9bafc469eb390491a0,1725,0,37,gamble_right,You received 0 dollars.,2,1,2,-0.75,0,2
41,45,60fd0d9bafc469eb390491a0,1420.6,0,37,gamble_right,You received 0 dollars.,3,1,2,-1,0,2
91,45,60fd0d9bafc469eb390491a0,1571.7,0,39,gamble_left,You received 0 dollars.,4,1,2,-1.25,0,2
18,45,60fd0d9bafc469eb390491a0,1265.4,0,39,gamble_left,You received 0 dollars.,5,1,2,-1.5,0,2
115,45,60fd0d9bafc469eb390491a0,1646.4,1,39,gamble_right,You lost -1.75 dollars.,6,1,2,-1.75,0,2
130,45,60fd0d9bafc469eb390491a0,1370.8,0,37,gamble_right,You received 0 dollars.,7,1,2,-2,0,2
11,45,60fd0d9bafc469eb390491a0,1105.5,1,37,gamble_left,You lost -2.25 dollars.,8,1,2,-2.25,0,2
97,45,60fd0d9bafc469eb390491a0,1432.4,0,37,gamble_right,You received 0 dollars.,9,1,2,-2.5,0,2
19,45,60fd0d9bafc469eb390491a0,1461.4,1,37,gamble_left,You won 2 dollars.,10,1,2,-2.75,0,1
65,45,60fd0d9bafc469eb390491a0,1266,0,39,gamble_left,You received 0 dollars.,11,1,2,-3,0,2
45,45,60fd0d9bafc469eb390491a0,1080.6,0,39,gamble_left,You received 0 dollars.,12,1,2,-3.25,0,2
49,45,60fd0d9bafc469eb390491a0,1105.7,1,37,gamble_left,You won 2 dollars.,13,1,2,-3.5,0,1
111,45,60fd0d9bafc469eb390491a0,1456.9,0,39,gamble_left,You received 0 dollars.,14,1,2,-3.75,0,2
8,45,60fd0d9bafc469eb390491a0,1729.7,0,37,gamble_right,You received 0 dollars.,15,1,2,-4,0,2
122,45,60fd0d9bafc469eb390491a0,1254,1,37,gamble_left,You lost -1 dollars.,16,1,4,-1,0,2
80,45,60fd0d9bafc469eb390491a0,1655.2,0,39,gamble_left,You received 0 dollars.,17,1,4,-1.5,0,2
84,45,60fd0d9bafc469eb390491a0,1654.4,1,39,gamble_right,You lost -2 dollars.,18,1,4,-2,0,2
95,45,60fd0d9bafc469eb390491a0,1594.4,0,39,gamble_left,You received 0 dollars.,19,1,4,-2.5,0,2
47,45,60fd0d9bafc469eb390491a0,1550.1,0,39,gamble_left,You received 0 dollars.,20,1,4,-3,0,2
57,45,60fd0d9bafc469eb390491a0,1600.8,0,39,gamble_left,You received 0 dollars.,21,1,4,-3.5,0,2
52,45,60fd0d9bafc469eb390491a0,1569,0,37,gamble_right,You received 0 dollars.,22,1,4,-4,0,2
40,45,60fd0d9bafc469eb390491a0,1506.8,1,39,gamble_right,You lost -4.5 dollars.,23,1,4,-4.5,0,2
113,45,60fd0d9bafc469eb390491a0,1334.8,0,39,gamble_left,You received 0 dollars.,24,1,4,-5,0,2
42,45,60fd0d9bafc469eb390491a0,1378.7,0,37,gamble_right,You received 0 dollars.,25,1,4,-5.5,0,2
74,45,60fd0d9bafc469eb390491a0,1376.4,0,37,gamble_right,You received 0 dollars.,26,1,4,-6,0,2
23,45,60fd0d9bafc469eb390491a0,985.3,0,39,gamble_left,You received 0 dollars.,27,1,4,-6.5,0,2
36,45,60fd0d9bafc469eb390491a0,1193.2,0,37,gamble_right,You received 0 dollars.,28,1,4,-7,0,2
35,45,60fd0d9bafc469eb390491a0,NA,NA,NA,gamble_right,Trial missed.,29,1,4,-7.5,0,3
48,45,60fd0d9bafc469eb390491a0,1749.5,0,39,gamble_left,You received 0 dollars.,30,1,4,-8,0,2
43,45,60fd0d9bafc469eb390491a0,1453.9,1,39,gamble_right,You won 5 dollars.,31,1,5,-1.25,0,1
150,45,60fd0d9bafc469eb390491a0,1304,1,37,gamble_left,You lost -1.88 dollars.,32,1,5,-1.88,0,2
148,45,60fd0d9bafc469eb390491a0,1611.3,0,39,gamble_left,You received 0 dollars.,33,1,5,-2.5,0,2
79,45,60fd0d9bafc469eb390491a0,1449.5,0,37,gamble_right,You received 0 dollars.,34,1,5,-3.13,0,2
58,45,60fd0d9bafc469eb390491a0,1674.4,0,37,gamble_right,You received 0 dollars.,35,1,5,-3.75,0,2
32,45,60fd0d9bafc469eb390491a0,1462,1,39,gamble_right,You won 5 dollars.,36,1,5,-4.38,0,1
99,45,60fd0d9bafc469eb390491a0,1771.5,0,37,gamble_right,You received 0 dollars.,37,1,5,-5,0,2
133,45,60fd0d9bafc469eb390491a0,968.2,0,39,gamble_left,You received 0 dollars.,38,1,5,-5.63,0,2
105,45,60fd0d9bafc469eb390491a0,1215.4,0,37,gamble_right,You received 0 dollars.,39,1,5,-6.25,0,2
128,45,60fd0d9bafc469eb390491a0,1082.9,0,37,gamble_right,You received 0 dollars.,40,1,5,-6.88,0,2
15,45,60fd0d9bafc469eb390491a0,1188.5,0,37,gamble_right,You received 0 dollars.,41,1,5,-7.5,0,2
25,45,60fd0d9bafc469eb390491a0,1219.9,0,39,gamble_left,You received 0 dollars.,42,1,5,-8.13,0,2
20,45,60fd0d9bafc469eb390491a0,789.2,0,39,gamble_left,You received 0 dollars.,43,1,5,-8.75,0,2
88,45,60fd0d9bafc469eb390491a0,1204.7,0,37,gamble_right,You received 0 dollars.,44,1,5,-9.38,0,2
82,45,60fd0d9bafc469eb390491a0,1270,0,37,gamble_right,You received 0 dollars.,45,1,5,-10,0,2
106,45,60fd0d9bafc469eb390491a0,NA,NA,NA,gamble_left,Trial missed.,46,1,6,-1.5,0,3
66,45,60fd0d9bafc469eb390491a0,1919.4,0,37,gamble_right,You received 0 dollars.,47,1,6,-2.25,0,2
77,45,60fd0d9bafc469eb390491a0,1416,0,39,gamble_left,You received 0 dollars.,48,1,6,-3,0,2
94,45,60fd0d9bafc469eb390491a0,1172.8,0,39,gamble_left,You received 0 dollars.,49,1,6,-3.75,0,2
61,45,60fd0d9bafc469eb390491a0,1776.6,0,37,gamble_right,You received 0 dollars.,50,1,6,-4.5,0,2
101,45,60fd0d9bafc469eb390491a0,1030.9,0,37,gamble_right,You received 0 dollars.,51,1,6,-5.25,0,2
92,45,60fd0d9bafc469eb390491a0,1899,0,39,gamble_left,You received 0 dollars.,52,1,6,-6,0,2
110,45,60fd0d9bafc469eb390491a0,1225.1,0,37,gamble_right,You received 0 dollars.,53,1,6,-6.75,0,2
72,45,60fd0d9bafc469eb390491a0,1208.6,0,39,gamble_left,You received 0 dollars.,54,1,6,-7.5,0,2
27,45,60fd0d9bafc469eb390491a0,1475.9,1,37,gamble_left,You won 6 dollars.,55,1,6,-8.25,0,1
34,45,60fd0d9bafc469eb390491a0,1486.1,0,39,gamble_left,You received 0 dollars.,56,1,6,-9,0,2
141,45,60fd0d9bafc469eb390491a0,1109.6,0,39,gamble_left,You received 0 dollars.,57,1,6,-9.75,0,2
70,45,60fd0d9bafc469eb390491a0,1277.7,0,37,gamble_right,You received 0 dollars.,58,1,6,-10.5,0,2
143,45,60fd0d9bafc469eb390491a0,1183.3,0,37,gamble_right,You received 0 dollars.,59,1,6,-11.25,0,2
136,45,60fd0d9bafc469eb390491a0,1072.7,0,39,gamble_left,You received 0 dollars.,60,1,6,-12,0,2
71,45,60fd0d9bafc469eb390491a0,1571.7,1,39,gamble_right,You lost -2 dollars.,61,1,8,-2,0,2
60,45,60fd0d9bafc469eb390491a0,1653.8,0,39,gamble_left,You received 0 dollars.,62,1,8,-3,0,2
138,45,60fd0d9bafc469eb390491a0,1167.1,0,39,gamble_left,You received 0 dollars.,63,1,8,-4,0,2
126,45,60fd0d9bafc469eb390491a0,1388.7,0,37,gamble_right,You received 0 dollars.,64,1,8,-5,0,2
123,45,60fd0d9bafc469eb390491a0,1066.6,0,39,gamble_left,You received 0 dollars.,65,1,8,-6,0,2
144,45,60fd0d9bafc469eb390491a0,1164.4,0,37,gamble_right,You received 0 dollars.,66,1,8,-7,0,2
63,45,60fd0d9bafc469eb390491a0,1376.9,1,39,gamble_right,You lost -8 dollars.,67,1,8,-8,0,2
96,45,60fd0d9bafc469eb390491a0,1362.9,0,37,gamble_right,You received 0 dollars.,68,1,8,-9,0,2
87,45,60fd0d9bafc469eb390491a0,1582.7,0,39,gamble_left,You received 0 dollars.,69,1,8,-10,0,2
62,45,60fd0d9bafc469eb390491a0,1088,0,37,gamble_right,You received 0 dollars.,70,1,8,-11,0,2
46,45,60fd0d9bafc469eb390491a0,1452.6,0,37,gamble_right,You received 0 dollars.,71,1,8,-12,0,2
69,45,60fd0d9bafc469eb390491a0,1272.4,0,37,gamble_right,You received 0 dollars.,72,1,8,-13,0,2
4,45,60fd0d9bafc469eb390491a0,1656.9,0,39,gamble_left,You received 0 dollars.,73,1,8,-14,0,2
31,45,60fd0d9bafc469eb390491a0,1220.7,0,37,gamble_right,You received 0 dollars.,74,1,8,-15,0,2
83,45,60fd0d9bafc469eb390491a0,1147.4,0,37,gamble_right,You received 0 dollars.,75,1,8,-16,0,2
129,45,60fd0d9bafc469eb390491a0,846.7,0,39,gamble_left,You received 0 dollars.,76,1,9,-2.25,0,2
16,45,60fd0d9bafc469eb390491a0,995.8,1,39,gamble_right,You won 9 dollars.,77,1,9,-3.38,0,1
73,45,60fd0d9bafc469eb390491a0,1267.7,0,39,gamble_left,You received 0 dollars.,78,1,9,-4.5,0,2
56,45,60fd0d9bafc469eb390491a0,1546.7,0,37,gamble_right,You received 0 dollars.,79,1,9,-5.63,0,2
7,45,60fd0d9bafc469eb390491a0,1278,0,39,gamble_left,You received 0 dollars.,80,1,9,-6.75,0,2
17,45,60fd0d9bafc469eb390491a0,1069.6,1,37,gamble_left,You won 9 dollars.,81,1,9,-7.88,0,1
102,45,60fd0d9bafc469eb390491a0,1070.5,0,39,gamble_left,You received 0 dollars.,82,1,9,-9,0,2
120,45,60fd0d9bafc469eb390491a0,1002.2,0,39,gamble_left,You received 0 dollars.,83,1,9,-10.13,0,2
1,45,60fd0d9bafc469eb390491a0,1284.2,0,39,gamble_left,You received 0 dollars.,84,1,9,-11.25,0,2
100,45,60fd0d9bafc469eb390491a0,1148.3,0,37,gamble_right,You received 0 dollars.,85,1,9,-12.38,0,2
10,45,60fd0d9bafc469eb390491a0,1270.9,0,39,gamble_left,You received 0 dollars.,86,1,9,-13.5,0,2
2,45,60fd0d9bafc469eb390491a0,1429.2,1,39,gamble_right,You lost -14.63 dollars.,87,1,9,-14.63,0,2
5,45,60fd0d9bafc469eb390491a0,NA,NA,NA,gamble_left,Trial missed.,88,1,9,-15.75,0,3
53,45,60fd0d9bafc469eb390491a0,1363.3,0,37,gamble_right,You received 0 dollars.,89,1,9,-16.88,0,2
21,45,60fd0d9bafc469eb390491a0,1089.5,0,39,gamble_left,You received 0 dollars.,90,1,9,-18,0,2
55,45,60fd0d9bafc469eb390491a0,1324.2,1,39,gamble_right,You lost -2.5 dollars.,91,1,10,-2.5,0,2
75,45,60fd0d9bafc469eb390491a0,1551.3,1,39,gamble_right,You won 10 dollars.,92,1,10,-3.75,0,1
112,45,60fd0d9bafc469eb390491a0,1484.4,0,39,gamble_left,You received 0 dollars.,93,1,10,-5,0,2
107,45,60fd0d9bafc469eb390491a0,1185.9,0,37,gamble_right,You received 0 dollars.,94,1,10,-6.25,0,2
142,45,60fd0d9bafc469eb390491a0,1218.6,0,37,gamble_right,You received 0 dollars.,95,1,10,-7.5,0,2
119,45,60fd0d9bafc469eb390491a0,1284.9,0,37,gamble_right,You received 0 dollars.,96,1,10,-8.75,0,2
39,45,60fd0d9bafc469eb390491a0,1832.5,1,39,gamble_right,You won 10 dollars.,97,1,10,-10,0,1
22,45,60fd0d9bafc469eb390491a0,1404.8,0,37,gamble_right,You received 0 dollars.,98,1,10,-11.25,0,2
103,45,60fd0d9bafc469eb390491a0,998.4,0,39,gamble_left,You received 0 dollars.,99,1,10,-12.5,0,2
118,45,60fd0d9bafc469eb390491a0,1191.8,0,37,gamble_right,You received 0 dollars.,100,1,10,-13.75,0,2
14,45,60fd0d9bafc469eb390491a0,1860.4,1,37,gamble_left,You lost -15 dollars.,101,1,10,-15,0,2
26,45,60fd0d9bafc469eb390491a0,1357.4,0,37,gamble_right,You received 0 dollars.,102,1,10,-16.25,0,2
3,45,60fd0d9bafc469eb390491a0,1219.4,0,39,gamble_left,You received 0 dollars.,103,1,10,-17.5,0,2
149,45,60fd0d9bafc469eb390491a0,908.4,0,39,gamble_left,You received 0 dollars.,104,1,10,-18.75,0,2
108,45,60fd0d9bafc469eb390491a0,965.2,0,39,gamble_left,You received 0 dollars.,105,1,10,-20,0,2
29,45,60fd0d9bafc469eb390491a0,1995.6,0,37,gamble_right,You received 0 dollars.,106,1,12,-3,0,2
76,45,60fd0d9bafc469eb390491a0,1447.5,0,37,gamble_right,You received 0 dollars.,107,1,12,-4.5,0,2
114,45,60fd0d9bafc469eb390491a0,1275.6,0,37,gamble_right,You received 0 dollars.,108,1,12,-6,0,2
140,45,60fd0d9bafc469eb390491a0,957.3,0,39,gamble_left,You received 0 dollars.,109,1,12,-7.5,0,2
146,45,60fd0d9bafc469eb390491a0,1440.3,0,37,gamble_right,You received 0 dollars.,110,1,12,-9,0,2
131,45,60fd0d9bafc469eb390491a0,1161,0,37,gamble_right,You received 0 dollars.,111,1,12,-10.5,0,2
12,45,60fd0d9bafc469eb390491a0,1848.7,1,37,gamble_left,You lost -12 dollars.,112,1,12,-12,0,2
132,45,60fd0d9bafc469eb390491a0,877.9,0,39,gamble_left,You received 0 dollars.,113,1,12,-13.5,0,2
98,45,60fd0d9bafc469eb390491a0,1371.7,0,39,gamble_left,You received 0 dollars.,114,1,12,-15,0,2
81,45,60fd0d9bafc469eb390491a0,921.1,0,39,gamble_left,You received 0 dollars.,115,1,12,-16.5,0,2
109,45,60fd0d9bafc469eb390491a0,1212.1,0,37,gamble_right,You received 0 dollars.,116,1,12,-18,0,2
139,45,60fd0d9bafc469eb390491a0,965.1,0,39,gamble_left,You received 0 dollars.,117,1,12,-19.5,0,2
38,45,60fd0d9bafc469eb390491a0,1226.6,0,39,gamble_left,You received 0 dollars.,118,1,12,-21,0,2
59,45,60fd0d9bafc469eb390491a0,1351.6,0,37,gamble_right,You received 0 dollars.,119,1,12,-22.5,0,2
54,45,60fd0d9bafc469eb390491a0,1804.1,0,37,gamble_right,You received 0 dollars.,120,1,12,-24,0,2
33,45,60fd0d9bafc469eb390491a0,1013.8,0,37,gamble_right,You won 2 dollars.,121,2,4,0,2,1
125,45,60fd0d9bafc469eb390491a0,787.5,0,37,gamble_right,You won 4 dollars.,122,2,8,0,4,1
121,45,60fd0d9bafc469eb390491a0,976.7,1,37,gamble_left,You won 12 dollars.,123,2,12,0,6,1
124,45,60fd0d9bafc469eb390491a0,836,0,37,gamble_right,You won 9 dollars.,124,2,18,0,9,1
135,45,60fd0d9bafc469eb390491a0,1211.1,0,39,gamble_left,You won 12 dollars.,125,2,24,0,12,1
13,45,60fd0d9bafc469eb390491a0,1588.8,0,37,gamble_right,You won 3 dollars.,126,2,5,0,3,1
51,45,60fd0d9bafc469eb390491a0,1995.6,1,37,gamble_left,You received 0 dollars.,127,2,7,0,4,2
147,45,60fd0d9bafc469eb390491a0,1321.8,1,37,gamble_left,You received 0 dollars.,128,2,10,0,6,2
37,45,60fd0d9bafc469eb390491a0,1719.1,1,37,gamble_left,You won 17 dollars.,129,2,17,0,10,1
67,45,60fd0d9bafc469eb390491a0,887.7,0,39,gamble_left,You won 13 dollars.,130,2,22,0,13,1
24,45,60fd0d9bafc469eb390491a0,1183.2,0,37,gamble_right,You won 13 dollars.,131,2,28,0,13,1
9,45,60fd0d9bafc469eb390491a0,1447.2,1,39,gamble_right,You won 5 dollars.,132,2,5,0,2,1
93,45,60fd0d9bafc469eb390491a0,880.9,0,37,gamble_right,You won 10 dollars.,133,2,26,0,10,1
127,45,60fd0d9bafc469eb390491a0,764.6,0,37,gamble_right,You won 3 dollars.,134,2,7,0,3,1
86,45,60fd0d9bafc469eb390491a0,920,0,37,gamble_right,You won 5 dollars.,135,2,13,0,5,1
85,45,60fd0d9bafc469eb390491a0,875.8,0,37,gamble_right,You won 6 dollars.,136,2,12,0,6,1
137,45,60fd0d9bafc469eb390491a0,855.9,0,37,gamble_right,You won 10 dollars.,137,2,25,0,10,1
116,45,60fd0d9bafc469eb390491a0,1178.1,1,37,gamble_left,You won 4 dollars.,138,2,4,0,2,1
145,45,60fd0d9bafc469eb390491a0,1013.9,0,37,gamble_right,You won 1 dollars.,139,2,3,0,1,1
30,45,60fd0d9bafc469eb390491a0,1569.2,1,39,gamble_right,You won 25 dollars.,140,2,25,0,9,1
44,45,60fd0d9bafc469eb390491a0,1623.8,1,37,gamble_left,You won 13 dollars.,141,2,13,0,6,1
6,45,60fd0d9bafc469eb390491a0,1163.5,1,37,gamble_left,You won 22 dollars.,142,2,22,0,10,1
78,45,60fd0d9bafc469eb390491a0,888.3,0,37,gamble_right,You won 5 dollars.,143,2,12,0,5,1
68,45,60fd0d9bafc469eb390491a0,1686.9,1,37,gamble_left,You received 0 dollars.,144,2,2,0,1,2
104,45,60fd0d9bafc469eb390491a0,1374.1,1,37,gamble_left,You won 8 dollars.,145,2,8,0,3,1
28,45,60fd0d9bafc469eb390491a0,1142.8,0,39,gamble_left,You won 8 dollars.,146,2,19,0,8,1
64,45,60fd0d9bafc469eb390491a0,1184.2,0,37,gamble_right,You won 12 dollars.,147,2,26,0,12,1
89,45,60fd0d9bafc469eb390491a0,951.3,0,37,gamble_right,You won 12 dollars.,148,2,30,0,12,1
90,45,60fd0d9bafc469eb390491a0,887,0,37,gamble_right,You won 10 dollars.,149,2,23,0,10,1
117,45,60fd0d9bafc469eb390491a0,967.1,0,39,gamble_left,You won 4 dollars.,150,2,12,0,4,1