trial_index,ID,subject,rt,responses,key_press,gamble_location,stimulus,Trial_ID,Trial_Type,Gain,Loss,Certain,Trial_Outcome
145,46,5f5c0a54a38ae61d4c3b5b4c,1390.3,1,37,gamble_left,You won 2 dollars.,1,1,2,-0.5,0,1
92,46,5f5c0a54a38ae61d4c3b5b4c,1196.6,0,37,gamble_right,You received 0 dollars.,2,1,2,-0.75,0,2
114,46,5f5c0a54a38ae61d4c3b5b4c,1197.2,0,37,gamble_right,You received 0 dollars.,3,1,2,-1,0,2
140,46,5f5c0a54a38ae61d4c3b5b4c,1265.8,1,37,gamble_left,You lost -1.25 dollars.,4,1,2,-1.25,0,2
32,46,5f5c0a54a38ae61d4c3b5b4c,1141.5,1,37,gamble_left,You won 2 dollars.,5,1,2,-1.5,0,1
134,46,5f5c0a54a38ae61d4c3b5b4c,1151.6,0,37,gamble_right,You received 0 dollars.,6,1,2,-1.75,0,2
91,46,5f5c0a54a38ae61d4c3b5b4c,1388.5,0,37,gamble_right,You received 0 dollars.,7,1,2,-2,0,2
16,46,5f5c0a54a38ae61d4c3b5b4c,1262.3,0,37,gamble_right,You received 0 dollars.,8,1,2,-2.25,0,2
102,46,5f5c0a54a38ae61d4c3b5b4c,1167.1,0,39,gamble_left,You received 0 dollars.,9,1,2,-2.5,0,2
115,46,5f5c0a54a38ae61d4c3b5b4c,1060.1,0,39,gamble_left,You received 0 dollars.,10,1,2,-2.75,0,2
40,46,5f5c0a54a38ae61d4c3b5b4c,1339.1,0,37,gamble_right,You received 0 dollars.,11,1,2,-3,0,2
13,46,5f5c0a54a38ae61d4c3b5b4c,1133.7,0,39,gamble_left,You received 0 dollars.,12,1,2,-3.25,0,2
100,46,5f5c0a54a38ae61d4c3b5b4c,1222.7,0,39,gamble_left,You received 0 dollars.,13,1,2,-3.5,0,2
139,46,5f5c0a54a38ae61d4c3b5b4c,922.2,0,39,gamble_left,You received 0 dollars.,14,1,2,-3.75,0,2
44,46,5f5c0a54a38ae61d4c3b5b4c,1102.6,0,37,gamble_right,You received 0 dollars.,15,1,2,-4,0,2
70,46,5f5c0a54a38ae61d4c3b5b4c,NA,NA,NA,gamble_left,Trial missed.,16,1,4,-1,0,3
45,46,5f5c0a54a38ae61d4c3b5b4c,1281.2,1,39,gamble_right,You lost -1.5 dollars.,17,1,4,-1.5,0,2
35,46,5f5c0a54a38ae61d4c3b5b4c,1591.8,1,39,gamble_right,You won 4 dollars.,18,1,4,-2,0,1
95,46,5f5c0a54a38ae61d4c3b5b4c,1121.1,0,39,gamble_left,You received 0 dollars.,19,1,4,-2.5,0,2
86,46,5f5c0a54a38ae61d4c3b5b4c,1175.4,1,37,gamble_left,You won 4 dollars.,20,1,4,-3,0,1
149,46,5f5c0a54a38ae61d4c3b5b4c,1261.7,1,39,gamble_right,You won 4 dollars.,21,1,4,-3.5,0,1
93,46,5f5c0a54a38ae61d4c3b5b4c,1251.7,0,37,gamble_right,You received 0 dollars.,22,1,4,-4,0,2
65,46,5f5c0a54a38ae61d4c3b5b4c,1098.7,0,37,gamble_right,You received 0 dollars.,23,1,4,-4.5,0,2
148,46,5f5c0a54a38ae61d4c3b5b4c,1285.7,0,37,gamble_right,You received 0 dollars.,24,1,4,-5,0,2
107,46,5f5c0a54a38ae61d4c3b5b4c,1211.6,0,37,gamble_right,You received 0 dollars.,25,1,4,-5.5,0,2
76,46,5f5c0a54a38ae61d4c3b5b4c,1393.2,0,39,gamble_left,You received 0 dollars.,26,1,4,-6,0,2
63,46,5f5c0a54a38ae61d4c3b5b4c,1423.6,0,39,gamble_left,You received 0 dollars.,27,1,4,-6.5,0,2
61,46,5f5c0a54a38ae61d4c3b5b4c,1695.3,0,39,gamble_left,You received 0 dollars.,28,1,4,-7,0,2
123,46,5f5c0a54a38ae61d4c3b5b4c,1155.7,0,37,gamble_right,You received 0 dollars.,29,1,4,-7.5,0,2
142,46,5f5c0a54a38ae61d4c3b5b4c,1182.9,0,37,gamble_right,You received 0 dollars.,30,1,4,-8,0,2
66,46,5f5c0a54a38ae61d4c3b5b4c,1273.3,1,37,gamble_left,You lost -1.25 dollars.,31,1,5,-1.25,0,2
53,46,5f5c0a54a38ae61d4c3b5b4c,1237.9,1,39,gamble_right,You lost -1.88 dollars.,32,1,5,-1.88,0,2
1,46,5f5c0a54a38ae61d4c3b5b4c,1104.1,1,37,gamble_left,You won 5 dollars.,33,1,5,-2.5,0,1
14,46,5f5c0a54a38ae61d4c3b5b4c,1012.6,0,39,gamble_left,You received 0 dollars.,34,1,5,-3.13,0,2
26,46,5f5c0a54a38ae61d4c3b5b4c,1774.8,1,39,gamble_right,You won 5 dollars.,35,1,5,-3.75,0,1
109,46,5f5c0a54a38ae61d4c3b5b4c,1432,1,39,gamble_right,You won 5 dollars.,36,1,5,-4.38,0,1
21,46,5f5c0a54a38ae61d4c3b5b4c,941.6,0,39,gamble_left,You received 0 dollars.,37,1,5,-5,0,2
117,46,5f5c0a54a38ae61d4c3b5b4c,1300.4,0,37,gamble_right,You received 0 dollars.,38,1,5,-5.63,0,2
41,46,5f5c0a54a38ae61d4c3b5b4c,1190.8,0,37,gamble_right,You received 0 dollars.,39,1,5,-6.25,0,2
56,46,5f5c0a54a38ae61d4c3b5b4c,1206.3,0,37,gamble_right,You received 0 dollars.,40,1,5,-6.88,0,2
129,46,5f5c0a54a38ae61d4c3b5b4c,1853.1,0,39,gamble_left,You received 0 dollars.,41,1,5,-7.5,0,2
68,46,5f5c0a54a38ae61d4c3b5b4c,1185.8,0,39,gamble_left,You received 0 dollars.,42,1,5,-8.13,0,2
60,46,5f5c0a54a38ae61d4c3b5b4c,1095.5,0,37,gamble_right,You received 0 dollars.,43,1,5,-8.75,0,2
22,46,5f5c0a54a38ae61d4c3b5b4c,1322.6,0,39,gamble_left,You received 0 dollars.,44,1,5,-9.38,0,2
101,46,5f5c0a54a38ae61d4c3b5b4c,1067.3,0,39,gamble_left,You received 0 dollars.,45,1,5,-10,0,2
125,46,5f5c0a54a38ae61d4c3b5b4c,1618.9,1,39,gamble_right,You lost -1.5 dollars.,46,1,6,-1.5,0,2
147,46,5f5c0a54a38ae61d4c3b5b4c,1240.8,1,39,gamble_right,You won 6 dollars.,47,1,6,-2.25,0,1
17,46,5f5c0a54a38ae61d4c3b5b4c,1292.7,1,39,gamble_right,You lost -3 dollars.,48,1,6,-3,0,2
49,46,5f5c0a54a38ae61d4c3b5b4c,1634.8,1,37,gamble_left,You won 6 dollars.,49,1,6,-3.75,0,1
144,46,5f5c0a54a38ae61d4c3b5b4c,1282.6,1,39,gamble_right,You won 6 dollars.,50,1,6,-4.5,0,1
67,46,5f5c0a54a38ae61d4c3b5b4c,1335.9,1,37,gamble_left,You lost -5.25 dollars.,51,1,6,-5.25,0,2
77,46,5f5c0a54a38ae61d4c3b5b4c,1072.8,0,39,gamble_left,You received 0 dollars.,52,1,6,-6,0,2
18,46,5f5c0a54a38ae61d4c3b5b4c,1338.5,0,37,gamble_right,You received 0 dollars.,53,1,6,-6.75,0,2
2,46,5f5c0a54a38ae61d4c3b5b4c,1077,0,39,gamble_left,You received 0 dollars.,54,1,6,-7.5,0,2
48,46,5f5c0a54a38ae61d4c3b5b4c,1183.7,0,37,gamble_right,You received 0 dollars.,55,1,6,-8.25,0,2
50,46,5f5c0a54a38ae61d4c3b5b4c,1264.4,0,37,gamble_right,You received 0 dollars.,56,1,6,-9,0,2
103,46,5f5c0a54a38ae61d4c3b5b4c,876.3,0,39,gamble_left,You received 0 dollars.,57,1,6,-9.75,0,2
51,46,5f5c0a54a38ae61d4c3b5b4c,935.9,0,39,gamble_left,You received 0 dollars.,58,1,6,-10.5,0,2
37,46,5f5c0a54a38ae61d4c3b5b4c,1047.6,0,37,gamble_right,You received 0 dollars.,59,1,6,-11.25,0,2
71,46,5f5c0a54a38ae61d4c3b5b4c,1304.6,0,37,gamble_right,You received 0 dollars.,60,1,6,-12,0,2
87,46,5f5c0a54a38ae61d4c3b5b4c,1051.9,1,37,gamble_left,You lost -2 dollars.,61,1,8,-2,0,2
59,46,5f5c0a54a38ae61d4c3b5b4c,1426.7,1,37,gamble_left,You won 8 dollars.,62,1,8,-3,0,1
104,46,5f5c0a54a38ae61d4c3b5b4c,983.3,1,37,gamble_left,You lost -4 dollars.,63,1,8,-4,0,2
64,46,5f5c0a54a38ae61d4c3b5b4c,1386.9,1,39,gamble_right,You lost -5 dollars.,64,1,8,-5,0,2
124,46,5f5c0a54a38ae61d4c3b5b4c,1393.2,1,37,gamble_left,You lost -6 dollars.,65,1,8,-6,0,2
20,46,5f5c0a54a38ae61d4c3b5b4c,1361.5,0,37,gamble_right,You received 0 dollars.,66,1,8,-7,0,2
4,46,5f5c0a54a38ae61d4c3b5b4c,1456.6,0,37,gamble_right,You received 0 dollars.,67,1,8,-8,0,2
120,46,5f5c0a54a38ae61d4c3b5b4c,1140.2,0,37,gamble_right,You received 0 dollars.,68,1,8,-9,0,2
135,46,5f5c0a54a38ae61d4c3b5b4c,917.4,0,39,gamble_left,You received 0 dollars.,69,1,8,-10,0,2
10,46,5f5c0a54a38ae61d4c3b5b4c,1246.6,0,39,gamble_left,You received 0 dollars.,70,1,8,-11,0,2
106,46,5f5c0a54a38ae61d4c3b5b4c,1481.2,0,37,gamble_right,You received 0 dollars.,71,1,8,-12,0,2
79,46,5f5c0a54a38ae61d4c3b5b4c,1292.8,0,39,gamble_left,You received 0 dollars.,72,1,8,-13,0,2
116,46,5f5c0a54a38ae61d4c3b5b4c,1372.7,0,39,gamble_left,You received 0 dollars.,73,1,8,-14,0,2
30,46,5f5c0a54a38ae61d4c3b5b4c,1340.2,0,39,gamble_left,You received 0 dollars.,74,1,8,-15,0,2
108,46,5f5c0a54a38ae61d4c3b5b4c,1179,0,39,gamble_left,You received 0 dollars.,75,1,8,-16,0,2
150,46,5f5c0a54a38ae61d4c3b5b4c,928.3,1,39,gamble_right,You lost -2.25 dollars.,76,1,9,-2.25,0,2
105,46,5f5c0a54a38ae61d4c3b5b4c,945.2,1,37,gamble_left,You lost -3.38 dollars.,77,1,9,-3.38,0,2
136,46,5f5c0a54a38ae61d4c3b5b4c,1069.6,1,39,gamble_right,You lost -4.5 dollars.,78,1,9,-4.5,0,2
38,46,5f5c0a54a38ae61d4c3b5b4c,1733.6,1,39,gamble_right,You lost -5.63 dollars.,79,1,9,-5.63,0,2
84,46,5f5c0a54a38ae61d4c3b5b4c,1207.8,1,39,gamble_right,You won 9 dollars.,80,1,9,-6.75,0,1
57,46,5f5c0a54a38ae61d4c3b5b4c,1228.4,1,39,gamble_right,You won 9 dollars.,81,1,9,-7.88,0,1
43,46,5f5c0a54a38ae61d4c3b5b4c,1237.8,0,37,gamble_right,You received 0 dollars.,82,1,9,-9,0,2
146,46,5f5c0a54a38ae61d4c3b5b4c,1307,0,39,gamble_left,You received 0 dollars.,83,1,9,-10.13,0,2
29,46,5f5c0a54a38ae61d4c3b5b4c,1436.8,0,39,gamble_left,You received 0 dollars.,84,1,9,-11.25,0,2
132,46,5f5c0a54a38ae61d4c3b5b4c,1451,0,37,gamble_right,You received 0 dollars.,85,1,9,-12.38,0,2
39,46,5f5c0a54a38ae61d4c3b5b4c,1270.2,0,37,gamble_right,You received 0 dollars.,86,1,9,-13.5,0,2
110,46,5f5c0a54a38ae61d4c3b5b4c,1214.5,0,37,gamble_right,You received 0 dollars.,87,1,9,-14.63,0,2
119,46,5f5c0a54a38ae61d4c3b5b4c,1379.7,0,37,gamble_right,You received 0 dollars.,88,1,9,-15.75,0,2
28,46,5f5c0a54a38ae61d4c3b5b4c,1166.8,0,39,gamble_left,You received 0 dollars.,89,1,9,-16.88,0,2
130,46,5f5c0a54a38ae61d4c3b5b4c,1240.9,0,39,gamble_left,You received 0 dollars.,90,1,9,-18,0,2
78,46,5f5c0a54a38ae61d4c3b5b4c,1003.6,1,37,gamble_left,You lost -2.5 dollars.,91,1,10,-2.5,0,2
58,46,5f5c0a54a38ae61d4c3b5b4c,1431.9,0,37,gamble_right,You received 0 dollars.,92,1,10,-3.75,0,2
47,46,5f5c0a54a38ae61d4c3b5b4c,1143.7,1,39,gamble_right,You lost -5 dollars.,93,1,10,-5,0,2
46,46,5f5c0a54a38ae61d4c3b5b4c,1405.1,1,39,gamble_right,You won 10 dollars.,94,1,10,-6.25,0,1
81,46,5f5c0a54a38ae61d4c3b5b4c,1131.6,1,37,gamble_left,You lost -7.5 dollars.,95,1,10,-7.5,0,2
143,46,5f5c0a54a38ae61d4c3b5b4c,1319.3,1,37,gamble_left,You lost -8.75 dollars.,96,1,10,-8.75,0,2
25,46,5f5c0a54a38ae61d4c3b5b4c,1143.2,0,39,gamble_left,You received 0 dollars.,97,1,10,-10,0,2
62,46,5f5c0a54a38ae61d4c3b5b4c,1424.6,0,37,gamble_right,You received 0 dollars.,98,1,10,-11.25,0,2
9,46,5f5c0a54a38ae61d4c3b5b4c,1141.2,0,37,gamble_right,You received 0 dollars.,99,1,10,-12.5,0,2
3,46,5f5c0a54a38ae61d4c3b5b4c,1118,0,39,gamble_left,You received 0 dollars.,100,1,10,-13.75,0,2
69,46,5f5c0a54a38ae61d4c3b5b4c,1219.3,0,37,gamble_right,You received 0 dollars.,101,1,10,-15,0,2
85,46,5f5c0a54a38ae61d4c3b5b4c,1376.6,0,37,gamble_right,You received 0 dollars.,102,1,10,-16.25,0,2
8,46,5f5c0a54a38ae61d4c3b5b4c,1065.1,0,39,gamble_left,You received 0 dollars.,103,1,10,-17.5,0,2
137,46,5f5c0a54a38ae61d4c3b5b4c,900.5,0,39,gamble_left,You received 0 dollars.,104,1,10,-18.75,0,2
113,46,5f5c0a54a38ae61d4c3b5b4c,1425.9,0,39,gamble_left,You received 0 dollars.,105,1,10,-20,0,2
23,46,5f5c0a54a38ae61d4c3b5b4c,1219.1,1,39,gamble_right,You won 12 dollars.,106,1,12,-3,0,1
31,46,5f5c0a54a38ae61d4c3b5b4c,1489,1,39,gamble_right,You lost -4.5 dollars.,107,1,12,-4.5,0,2
27,46,5f5c0a54a38ae61d4c3b5b4c,1332.7,1,37,gamble_left,You won 12 dollars.,108,1,12,-6,0,1
133,46,5f5c0a54a38ae61d4c3b5b4c,1232.7,1,37,gamble_left,You lost -7.5 dollars.,109,1,12,-7.5,0,2
98,46,5f5c0a54a38ae61d4c3b5b4c,1515.4,0,37,gamble_right,You received 0 dollars.,110,1,12,-9,0,2
141,46,5f5c0a54a38ae61d4c3b5b4c,1433.2,0,37,gamble_right,You received 0 dollars.,111,1,12,-10.5,0,2
24,46,5f5c0a54a38ae61d4c3b5b4c,1373.4,0,37,gamble_right,You received 0 dollars.,112,1,12,-12,0,2
121,46,5f5c0a54a38ae61d4c3b5b4c,1322.6,0,37,gamble_right,You received 0 dollars.,113,1,12,-13.5,0,2
126,46,5f5c0a54a38ae61d4c3b5b4c,1439.5,0,37,gamble_right,You received 0 dollars.,114,1,12,-15,0,2
54,46,5f5c0a54a38ae61d4c3b5b4c,1252,0,37,gamble_right,You received 0 dollars.,115,1,12,-16.5,0,2
73,46,5f5c0a54a38ae61d4c3b5b4c,1191.5,0,37,gamble_right,You received 0 dollars.,116,1,12,-18,0,2
122,46,5f5c0a54a38ae61d4c3b5b4c,1380.8,0,37,gamble_right,You received 0 dollars.,117,1,12,-19.5,0,2
111,46,5f5c0a54a38ae61d4c3b5b4c,1415.7,0,37,gamble_right,You received 0 dollars.,118,1,12,-21,0,2
89,46,5f5c0a54a38ae61d4c3b5b4c,1222.1,0,39,gamble_left,You received 0 dollars.,119,1,12,-22.5,0,2
80,46,5f5c0a54a38ae61d4c3b5b4c,1349.1,0,37,gamble_right,You received 0 dollars.,120,1,12,-24,0,2
127,46,5f5c0a54a38ae61d4c3b5b4c,NA,NA,NA,gamble_left,Trial missed.,121,2,4,0,2,3
96,46,5f5c0a54a38ae61d4c3b5b4c,1249.5,0,37,gamble_right,You won 4 dollars.,122,2,8,0,4,1
55,46,5f5c0a54a38ae61d4c3b5b4c,1247.6,0,37,gamble_right,You won 6 dollars.,123,2,12,0,6,1
128,46,5f5c0a54a38ae61d4c3b5b4c,1272.5,0,37,gamble_right,You won 9 dollars.,124,2,18,0,9,1
97,46,5f5c0a54a38ae61d4c3b5b4c,1363.9,0,37,gamble_right,You won 12 dollars.,125,2,24,0,12,1
7,46,5f5c0a54a38ae61d4c3b5b4c,1238.1,0,39,gamble_left,You won 3 dollars.,126,2,5,0,3,1
11,46,5f5c0a54a38ae61d4c3b5b4c,1265.8,0,39,gamble_left,You won 4 dollars.,127,2,7,0,4,1
118,46,5f5c0a54a38ae61d4c3b5b4c,1307.8,0,39,gamble_left,You won 6 dollars.,128,2,10,0,6,1
15,46,5f5c0a54a38ae61d4c3b5b4c,1115.4,1,37,gamble_left,You received 0 dollars.,129,2,17,0,10,2
82,46,5f5c0a54a38ae61d4c3b5b4c,1060.2,1,39,gamble_right,You received 0 dollars.,130,2,22,0,13,2
112,46,5f5c0a54a38ae61d4c3b5b4c,1745.6,1,39,gamble_right,You won 28 dollars.,131,2,28,0,13,1
6,46,5f5c0a54a38ae61d4c3b5b4c,1309.4,1,39,gamble_right,You won 5 dollars.,132,2,5,0,2,1
19,46,5f5c0a54a38ae61d4c3b5b4c,1646.7,0,37,gamble_right,You won 10 dollars.,133,2,26,0,10,1
33,46,5f5c0a54a38ae61d4c3b5b4c,1452,1,39,gamble_right,You won 7 dollars.,134,2,7,0,3,1
99,46,5f5c0a54a38ae61d4c3b5b4c,1890.8,0,39,gamble_left,You won 5 dollars.,135,2,13,0,5,1
131,46,5f5c0a54a38ae61d4c3b5b4c,NA,NA,NA,gamble_left,Trial missed.,136,2,12,0,6,3
72,46,5f5c0a54a38ae61d4c3b5b4c,1807.5,1,39,gamble_right,You received 0 dollars.,137,2,25,0,10,2
94,46,5f5c0a54a38ae61d4c3b5b4c,1725.7,1,39,gamble_right,You won 4 dollars.,138,2,4,0,2,1
5,46,5f5c0a54a38ae61d4c3b5b4c,1176.8,1,39,gamble_right,You won 3 dollars.,139,2,3,0,1,1
34,46,5f5c0a54a38ae61d4c3b5b4c,1271.3,1,37,gamble_left,You received 0 dollars.,140,2,25,0,9,2
75,46,5f5c0a54a38ae61d4c3b5b4c,NA,NA,NA,gamble_left,Trial missed.,141,2,13,0,6,3
90,46,5f5c0a54a38ae61d4c3b5b4c,1497.5,0,37,gamble_right,You won 10 dollars.,142,2,22,0,10,1
12,46,5f5c0a54a38ae61d4c3b5b4c,1341.9,0,37,gamble_right,You won 5 dollars.,143,2,12,0,5,1
36,46,5f5c0a54a38ae61d4c3b5b4c,1439.4,0,37,gamble_right,You won 1 dollars.,144,2,2,0,1,1
138,46,5f5c0a54a38ae61d4c3b5b4c,952,0,37,gamble_right,You won 3 dollars.,145,2,8,0,3,1
88,46,5f5c0a54a38ae61d4c3b5b4c,1628.8,1,37,gamble_left,You received 0 dollars.,146,2,19,0,8,2
42,46,5f5c0a54a38ae61d4c3b5b4c,1363.8,1,37,gamble_left,You received 0 dollars.,147,2,26,0,12,2
74,46,5f5c0a54a38ae61d4c3b5b4c,1649.6,1,39,gamble_right,You won 30 dollars.,148,2,30,0,12,1
52,46,5f5c0a54a38ae61d4c3b5b4c,1184.3,1,39,gamble_right,You received 0 dollars.,149,2,23,0,10,2
83,46,5f5c0a54a38ae61d4c3b5b4c,1343.8,1,39,gamble_right,You won 12 dollars.,150,2,12,0,4,1