trial_index,ID,subject,rt,responses,key_press,gamble_location,stimulus,Trial_ID,Trial_Type,Gain,Loss,Certain,Trial_Outcome
93,47,60e5ad005527318f37f01730,1241.2,1,39,gamble_right,You lost -0.5 dollars.,1,1,2,-0.5,0,2
18,47,60e5ad005527318f37f01730,1397.1,1,37,gamble_left,You lost -0.75 dollars.,2,1,2,-0.75,0,2
107,47,60e5ad005527318f37f01730,1093.9,1,39,gamble_right,You won 2 dollars.,3,1,2,-1,0,1
32,47,60e5ad005527318f37f01730,1323.2,0,39,gamble_left,You received 0 dollars.,4,1,2,-1.25,0,2
36,47,60e5ad005527318f37f01730,1373.8,1,39,gamble_right,You won 2 dollars.,5,1,2,-1.5,0,1
14,47,60e5ad005527318f37f01730,1412.9,0,39,gamble_left,You received 0 dollars.,6,1,2,-1.75,0,2
101,47,60e5ad005527318f37f01730,1449.3,1,39,gamble_right,You lost -2 dollars.,7,1,2,-2,0,2
33,47,60e5ad005527318f37f01730,1344.6,0,39,gamble_left,You received 0 dollars.,8,1,2,-2.25,0,2
118,47,60e5ad005527318f37f01730,1292.5,1,37,gamble_left,You won 2 dollars.,9,1,2,-2.5,0,1
125,47,60e5ad005527318f37f01730,1081.5,1,39,gamble_right,You won 2 dollars.,10,1,2,-2.75,0,1
54,47,60e5ad005527318f37f01730,1408.4,0,37,gamble_right,You received 0 dollars.,11,1,2,-3,0,2
137,47,60e5ad005527318f37f01730,1273.8,0,37,gamble_right,You received 0 dollars.,12,1,2,-3.25,0,2
7,47,60e5ad005527318f37f01730,871,0,37,gamble_right,You received 0 dollars.,13,1,2,-3.5,0,2
136,47,60e5ad005527318f37f01730,1176.3,0,37,gamble_right,You received 0 dollars.,14,1,2,-3.75,0,2
61,47,60e5ad005527318f37f01730,1151.9,1,39,gamble_right,You won 2 dollars.,15,1,2,-4,0,1
81,47,60e5ad005527318f37f01730,1511.7,1,39,gamble_right,You won 4 dollars.,16,1,4,-1,0,1
133,47,60e5ad005527318f37f01730,1105.8,1,37,gamble_left,You lost -1.5 dollars.,17,1,4,-1.5,0,2
58,47,60e5ad005527318f37f01730,1277.8,0,37,gamble_right,You received 0 dollars.,18,1,4,-2,0,2
126,47,60e5ad005527318f37f01730,1072.8,1,37,gamble_left,You won 4 dollars.,19,1,4,-2.5,0,1
132,47,60e5ad005527318f37f01730,990.1,1,39,gamble_right,You won 4 dollars.,20,1,4,-3,0,1
117,47,60e5ad005527318f37f01730,1093.2,1,39,gamble_right,You won 4 dollars.,21,1,4,-3.5,0,1
148,47,60e5ad005527318f37f01730,1113.7,1,39,gamble_right,You lost -4 dollars.,22,1,4,-4,0,2
114,47,60e5ad005527318f37f01730,1584.5,1,39,gamble_right,You lost -4.5 dollars.,23,1,4,-4.5,0,2
95,47,60e5ad005527318f37f01730,1241.6,0,39,gamble_left,You received 0 dollars.,24,1,4,-5,0,2
15,47,60e5ad005527318f37f01730,1247,0,37,gamble_right,You received 0 dollars.,25,1,4,-5.5,0,2
78,47,60e5ad005527318f37f01730,1282.5,0,39,gamble_left,You received 0 dollars.,26,1,4,-6,0,2
105,47,60e5ad005527318f37f01730,1187.1,0,37,gamble_right,You received 0 dollars.,27,1,4,-6.5,0,2
76,47,60e5ad005527318f37f01730,1348.6,0,39,gamble_left,You received 0 dollars.,28,1,4,-7,0,2
52,47,60e5ad005527318f37f01730,1209.5,0,39,gamble_left,You received 0 dollars.,29,1,4,-7.5,0,2
139,47,60e5ad005527318f37f01730,1577.2,0,39,gamble_left,You received 0 dollars.,30,1,4,-8,0,2
74,47,60e5ad005527318f37f01730,1194.5,1,37,gamble_left,You lost -1.25 dollars.,31,1,5,-1.25,0,2
140,47,60e5ad005527318f37f01730,1182.6,1,39,gamble_right,You lost -1.88 dollars.,32,1,5,-1.88,0,2
2,47,60e5ad005527318f37f01730,480.1,1,39,gamble_right,You lost -2.5 dollars.,33,1,5,-2.5,0,2
50,47,60e5ad005527318f37f01730,1128.9,1,37,gamble_left,You won 5 dollars.,34,1,5,-3.13,0,1
26,47,60e5ad005527318f37f01730,1104.8,1,39,gamble_right,You won 5 dollars.,35,1,5,-3.75,0,1
106,47,60e5ad005527318f37f01730,930.3,1,39,gamble_right,You won 5 dollars.,36,1,5,-4.38,0,1
91,47,60e5ad005527318f37f01730,975.9,1,37,gamble_left,You won 5 dollars.,37,1,5,-5,0,1
37,47,60e5ad005527318f37f01730,1573.6,0,39,gamble_left,You received 0 dollars.,38,1,5,-5.63,0,2
72,47,60e5ad005527318f37f01730,1837.7,0,37,gamble_right,You received 0 dollars.,39,1,5,-6.25,0,2
75,47,60e5ad005527318f37f01730,1432,0,37,gamble_right,You received 0 dollars.,40,1,5,-6.88,0,2
122,47,60e5ad005527318f37f01730,1217.5,0,39,gamble_left,You received 0 dollars.,41,1,5,-7.5,0,2
110,47,60e5ad005527318f37f01730,1321.1,0,39,gamble_left,You received 0 dollars.,42,1,5,-8.13,0,2
84,47,60e5ad005527318f37f01730,1821.9,0,39,gamble_left,You received 0 dollars.,43,1,5,-8.75,0,2
88,47,60e5ad005527318f37f01730,1096.4,0,37,gamble_right,You received 0 dollars.,44,1,5,-9.38,0,2
150,47,60e5ad005527318f37f01730,1234.7,0,37,gamble_right,You received 0 dollars.,45,1,5,-10,0,2
57,47,60e5ad005527318f37f01730,1220.5,1,39,gamble_right,You won 6 dollars.,46,1,6,-1.5,0,1
60,47,60e5ad005527318f37f01730,1099.4,1,39,gamble_right,You won 6 dollars.,47,1,6,-2.25,0,1
82,47,60e5ad005527318f37f01730,1346.1,1,37,gamble_left,You lost -3 dollars.,48,1,6,-3,0,2
4,47,60e5ad005527318f37f01730,802,1,37,gamble_left,You lost -3.75 dollars.,49,1,6,-3.75,0,2
77,47,60e5ad005527318f37f01730,1225,1,39,gamble_right,You won 6 dollars.,50,1,6,-4.5,0,1
102,47,60e5ad005527318f37f01730,1268.5,1,39,gamble_right,You lost -5.25 dollars.,51,1,6,-5.25,0,2
24,47,60e5ad005527318f37f01730,1302.1,0,39,gamble_left,You received 0 dollars.,52,1,6,-6,0,2
28,47,60e5ad005527318f37f01730,1736.7,1,37,gamble_left,You won 6 dollars.,53,1,6,-6.75,0,1
80,47,60e5ad005527318f37f01730,1103.8,0,39,gamble_left,You received 0 dollars.,54,1,6,-7.5,0,2
34,47,60e5ad005527318f37f01730,1451.9,0,37,gamble_right,You received 0 dollars.,55,1,6,-8.25,0,2
90,47,60e5ad005527318f37f01730,1250.3,0,39,gamble_left,You received 0 dollars.,56,1,6,-9,0,2
96,47,60e5ad005527318f37f01730,1107.8,0,39,gamble_left,You received 0 dollars.,57,1,6,-9.75,0,2
29,47,60e5ad005527318f37f01730,1404.5,0,37,gamble_right,You received 0 dollars.,58,1,6,-10.5,0,2
70,47,60e5ad005527318f37f01730,1126,1,39,gamble_right,You lost -11.25 dollars.,59,1,6,-11.25,0,2
147,47,60e5ad005527318f37f01730,1149.6,0,39,gamble_left,You received 0 dollars.,60,1,6,-12,0,2
87,47,60e5ad005527318f37f01730,1389.8,1,39,gamble_right,You lost -2 dollars.,61,1,8,-2,0,2
22,47,60e5ad005527318f37f01730,1807.1,1,39,gamble_right,You won 8 dollars.,62,1,8,-3,0,1
13,47,60e5ad005527318f37f01730,1051.8,1,39,gamble_right,You lost -4 dollars.,63,1,8,-4,0,2
41,47,60e5ad005527318f37f01730,1128.5,1,37,gamble_left,You lost -5 dollars.,64,1,8,-5,0,2
62,47,60e5ad005527318f37f01730,1054.4,1,39,gamble_right,You won 8 dollars.,65,1,8,-6,0,1
129,47,60e5ad005527318f37f01730,1347.5,0,39,gamble_left,You received 0 dollars.,66,1,8,-7,0,2
134,47,60e5ad005527318f37f01730,1058.8,1,39,gamble_right,You lost -8 dollars.,67,1,8,-8,0,2
119,47,60e5ad005527318f37f01730,1223.6,1,39,gamble_right,You won 8 dollars.,68,1,8,-9,0,1
131,47,60e5ad005527318f37f01730,985.2,0,37,gamble_right,You received 0 dollars.,69,1,8,-10,0,2
17,47,60e5ad005527318f37f01730,1332.9,1,39,gamble_right,You won 8 dollars.,70,1,8,-11,0,1
97,47,60e5ad005527318f37f01730,1439.8,0,37,gamble_right,You received 0 dollars.,71,1,8,-12,0,2
10,47,60e5ad005527318f37f01730,1165,1,39,gamble_right,You lost -13 dollars.,72,1,8,-13,0,2
104,47,60e5ad005527318f37f01730,1366.4,0,37,gamble_right,You received 0 dollars.,73,1,8,-14,0,2
35,47,60e5ad005527318f37f01730,1240,0,37,gamble_right,You received 0 dollars.,74,1,8,-15,0,2
1,47,60e5ad005527318f37f01730,670.7,1,37,gamble_left,You won 8 dollars.,75,1,8,-16,0,1
49,47,60e5ad005527318f37f01730,1110,1,39,gamble_right,You won 9 dollars.,76,1,9,-2.25,0,1
115,47,60e5ad005527318f37f01730,1679,1,37,gamble_left,You lost -3.38 dollars.,77,1,9,-3.38,0,2
53,47,60e5ad005527318f37f01730,915.8,1,37,gamble_left,You lost -4.5 dollars.,78,1,9,-4.5,0,2
85,47,60e5ad005527318f37f01730,NA,NA,NA,gamble_right,Trial missed.,79,1,9,-5.63,0,3
100,47,60e5ad005527318f37f01730,1404,1,39,gamble_right,You won 9 dollars.,80,1,9,-6.75,0,1
130,47,60e5ad005527318f37f01730,NA,NA,NA,gamble_right,Trial missed.,81,1,9,-7.88,0,3
124,47,60e5ad005527318f37f01730,1069.9,1,37,gamble_left,You won 9 dollars.,82,1,9,-9,0,1
94,47,60e5ad005527318f37f01730,1269.6,1,39,gamble_right,You won 9 dollars.,83,1,9,-10.13,0,1
144,47,60e5ad005527318f37f01730,NA,NA,NA,gamble_right,Trial missed.,84,1,9,-11.25,0,3
44,47,60e5ad005527318f37f01730,1357.5,0,37,gamble_right,You received 0 dollars.,85,1,9,-12.38,0,2
83,47,60e5ad005527318f37f01730,1619.9,0,37,gamble_right,You received 0 dollars.,86,1,9,-13.5,0,2
103,47,60e5ad005527318f37f01730,1256.5,0,39,gamble_left,You received 0 dollars.,87,1,9,-14.63,0,2
145,47,60e5ad005527318f37f01730,975.4,0,39,gamble_left,You received 0 dollars.,88,1,9,-15.75,0,2
5,47,60e5ad005527318f37f01730,733,1,39,gamble_right,You won 9 dollars.,89,1,9,-16.88,0,1
143,47,60e5ad005527318f37f01730,1111.3,0,37,gamble_right,You received 0 dollars.,90,1,9,-18,0,2
40,47,60e5ad005527318f37f01730,1187.1,1,39,gamble_right,You won 10 dollars.,91,1,10,-2.5,0,1
47,47,60e5ad005527318f37f01730,1487,1,39,gamble_right,You won 10 dollars.,92,1,10,-3.75,0,1
16,47,60e5ad005527318f37f01730,1243.4,1,39,gamble_right,You won 10 dollars.,93,1,10,-5,0,1
46,47,60e5ad005527318f37f01730,1758.3,1,37,gamble_left,You won 10 dollars.,94,1,10,-6.25,0,1
59,47,60e5ad005527318f37f01730,1358.8,1,39,gamble_right,You won 10 dollars.,95,1,10,-7.5,0,1
11,47,60e5ad005527318f37f01730,1273.9,1,37,gamble_left,You lost -8.75 dollars.,96,1,10,-8.75,0,2
25,47,60e5ad005527318f37f01730,1437.5,0,37,gamble_right,You received 0 dollars.,97,1,10,-10,0,2
8,47,60e5ad005527318f37f01730,1043.8,0,39,gamble_left,You received 0 dollars.,98,1,10,-11.25,0,2
121,47,60e5ad005527318f37f01730,1072.3,0,39,gamble_left,You received 0 dollars.,99,1,10,-12.5,0,2
73,47,60e5ad005527318f37f01730,1363.9,0,37,gamble_right,You received 0 dollars.,100,1,10,-13.75,0,2
123,47,60e5ad005527318f37f01730,1210.1,0,37,gamble_right,You received 0 dollars.,101,1,10,-15,0,2
12,47,60e5ad005527318f37f01730,1389.8,1,39,gamble_right,You lost -16.25 dollars.,102,1,10,-16.25,0,2
79,47,60e5ad005527318f37f01730,1140.4,0,37,gamble_right,You received 0 dollars.,103,1,10,-17.5,0,2
111,47,60e5ad005527318f37f01730,1004.2,0,39,gamble_left,You received 0 dollars.,104,1,10,-18.75,0,2
38,47,60e5ad005527318f37f01730,1330.8,0,37,gamble_right,You received 0 dollars.,105,1,10,-20,0,2
149,47,60e5ad005527318f37f01730,1189.4,1,37,gamble_left,You won 12 dollars.,106,1,12,-3,0,1
31,47,60e5ad005527318f37f01730,1445.3,1,37,gamble_left,You won 12 dollars.,107,1,12,-4.5,0,1
120,47,60e5ad005527318f37f01730,1338.7,1,37,gamble_left,You lost -6 dollars.,108,1,12,-6,0,2
51,47,60e5ad005527318f37f01730,1144.7,1,37,gamble_left,You lost -7.5 dollars.,109,1,12,-7.5,0,2
55,47,60e5ad005527318f37f01730,1466.4,1,37,gamble_left,You lost -9 dollars.,110,1,12,-9,0,2
30,47,60e5ad005527318f37f01730,1303,1,37,gamble_left,You won 12 dollars.,111,1,12,-10.5,0,1
116,47,60e5ad005527318f37f01730,1144.6,1,37,gamble_left,You won 12 dollars.,112,1,12,-12,0,1
108,47,60e5ad005527318f37f01730,1311.9,0,39,gamble_left,You received 0 dollars.,113,1,12,-13.5,0,2
6,47,60e5ad005527318f37f01730,918.2,1,37,gamble_left,You won 12 dollars.,114,1,12,-15,0,1
43,47,60e5ad005527318f37f01730,1277.5,0,37,gamble_right,You received 0 dollars.,115,1,12,-16.5,0,2
20,47,60e5ad005527318f37f01730,1213.8,0,37,gamble_right,You received 0 dollars.,116,1,12,-18,0,2
99,47,60e5ad005527318f37f01730,1400.6,0,39,gamble_left,You received 0 dollars.,117,1,12,-19.5,0,2
9,47,60e5ad005527318f37f01730,860.2,1,39,gamble_right,You won 12 dollars.,118,1,12,-21,0,1
98,47,60e5ad005527318f37f01730,1328.8,1,39,gamble_right,You lost -22.5 dollars.,119,1,12,-22.5,0,2
67,47,60e5ad005527318f37f01730,1468.1,0,39,gamble_left,You received 0 dollars.,120,1,12,-24,0,2
45,47,60e5ad005527318f37f01730,1098.9,0,37,gamble_right,You won 2 dollars.,121,2,4,0,2,1
42,47,60e5ad005527318f37f01730,1086.3,0,37,gamble_right,You won 4 dollars.,122,2,8,0,4,1
71,47,60e5ad005527318f37f01730,1197.2,1,37,gamble_left,You won 12 dollars.,123,2,12,0,6,1
66,47,60e5ad005527318f37f01730,1657.7,1,39,gamble_right,You won 18 dollars.,124,2,18,0,9,1
128,47,60e5ad005527318f37f01730,1124.4,0,37,gamble_right,You won 12 dollars.,125,2,24,0,12,1
63,47,60e5ad005527318f37f01730,1395.1,0,37,gamble_right,You won 3 dollars.,126,2,5,0,3,1
135,47,60e5ad005527318f37f01730,1001.5,0,37,gamble_right,You won 4 dollars.,127,2,7,0,4,1
112,47,60e5ad005527318f37f01730,1038.8,0,37,gamble_right,You won 6 dollars.,128,2,10,0,6,1
86,47,60e5ad005527318f37f01730,977.5,1,37,gamble_left,You received 0 dollars.,129,2,17,0,10,2
92,47,60e5ad005527318f37f01730,1120.2,0,37,gamble_right,You won 13 dollars.,130,2,22,0,13,1
3,47,60e5ad005527318f37f01730,708.7,1,39,gamble_right,You received 0 dollars.,131,2,28,0,13,2
69,47,60e5ad005527318f37f01730,1358,1,37,gamble_left,You received 0 dollars.,132,2,5,0,2,2
138,47,60e5ad005527318f37f01730,1496.3,0,37,gamble_right,You won 10 dollars.,133,2,26,0,10,1
146,47,60e5ad005527318f37f01730,992.5,1,37,gamble_left,You won 7 dollars.,134,2,7,0,3,1
19,47,60e5ad005527318f37f01730,1394,1,39,gamble_right,You received 0 dollars.,135,2,13,0,5,2
113,47,60e5ad005527318f37f01730,1265.1,0,39,gamble_left,You won 6 dollars.,136,2,12,0,6,1
141,47,60e5ad005527318f37f01730,1038.3,1,37,gamble_left,You received 0 dollars.,137,2,25,0,10,2
21,47,60e5ad005527318f37f01730,1222.6,1,37,gamble_left,You received 0 dollars.,138,2,4,0,2,2
27,47,60e5ad005527318f37f01730,1677,1,39,gamble_right,You won 3 dollars.,139,2,3,0,1,1
127,47,60e5ad005527318f37f01730,1237.5,1,37,gamble_left,You received 0 dollars.,140,2,25,0,9,2
68,47,60e5ad005527318f37f01730,1140.2,1,37,gamble_left,You won 13 dollars.,141,2,13,0,6,1
23,47,60e5ad005527318f37f01730,1315.3,0,39,gamble_left,You won 10 dollars.,142,2,22,0,10,1
109,47,60e5ad005527318f37f01730,1243.6,1,37,gamble_left,You received 0 dollars.,143,2,12,0,5,2
89,47,60e5ad005527318f37f01730,1095.8,0,39,gamble_left,You won 1 dollars.,144,2,2,0,1,1
39,47,60e5ad005527318f37f01730,1398.8,1,39,gamble_right,You won 8 dollars.,145,2,8,0,3,1
56,47,60e5ad005527318f37f01730,1340.6,0,39,gamble_left,You won 8 dollars.,146,2,19,0,8,1
65,47,60e5ad005527318f37f01730,1574.2,0,39,gamble_left,You won 12 dollars.,147,2,26,0,12,1
48,47,60e5ad005527318f37f01730,1116.7,0,37,gamble_right,You won 12 dollars.,148,2,30,0,12,1
142,47,60e5ad005527318f37f01730,1178.3,0,39,gamble_left,You won 10 dollars.,149,2,23,0,10,1
64,47,60e5ad005527318f37f01730,994.7,0,37,gamble_right,You won 4 dollars.,150,2,12,0,4,1