trial_index,ID,subject,rt,responses,key_press,gamble_location,stimulus,Trial_ID,Trial_Type,Gain,Loss,Certain,Trial_Outcome
119,48,605e838f74f45bbe43b17c48,NA,NA,NA,gamble_left,Trial missed.,1,1,2,-0.5,0,3
40,48,605e838f74f45bbe43b17c48,1236.1,1,39,gamble_right,You won 2 dollars.,2,1,2,-0.75,0,1
66,48,605e838f74f45bbe43b17c48,1076.1,1,39,gamble_right,You won 2 dollars.,3,1,2,-1,0,1
60,48,605e838f74f45bbe43b17c48,1433.6,1,37,gamble_left,You won 2 dollars.,4,1,2,-1.25,0,1
96,48,605e838f74f45bbe43b17c48,1482.1,1,39,gamble_right,You won 2 dollars.,5,1,2,-1.5,0,1
9,48,605e838f74f45bbe43b17c48,1236.1,1,37,gamble_left,You lost -1.75 dollars.,6,1,2,-1.75,0,2
90,48,605e838f74f45bbe43b17c48,1203.5,1,39,gamble_right,You won 2 dollars.,7,1,2,-2,0,1
42,48,605e838f74f45bbe43b17c48,1402.4,1,39,gamble_right,You lost -2.25 dollars.,8,1,2,-2.25,0,2
142,48,605e838f74f45bbe43b17c48,1381.2,1,37,gamble_left,You won 2 dollars.,9,1,2,-2.5,0,1
33,48,605e838f74f45bbe43b17c48,1383.5,1,39,gamble_right,You won 2 dollars.,10,1,2,-2.75,0,1
113,48,605e838f74f45bbe43b17c48,1489.1,0,39,gamble_left,You received 0 dollars.,11,1,2,-3,0,2
46,48,605e838f74f45bbe43b17c48,1132.7,1,39,gamble_right,You lost -3.25 dollars.,12,1,2,-3.25,0,2
128,48,605e838f74f45bbe43b17c48,1727,0,37,gamble_right,You received 0 dollars.,13,1,2,-3.5,0,2
45,48,605e838f74f45bbe43b17c48,1557.9,1,39,gamble_right,You won 2 dollars.,14,1,2,-3.75,0,1
94,48,605e838f74f45bbe43b17c48,1453,0,37,gamble_right,You received 0 dollars.,15,1,2,-4,0,2
110,48,605e838f74f45bbe43b17c48,1259,1,37,gamble_left,You lost -1 dollars.,16,1,4,-1,0,2
14,48,605e838f74f45bbe43b17c48,1675.4,1,37,gamble_left,You won 4 dollars.,17,1,4,-1.5,0,1
49,48,605e838f74f45bbe43b17c48,1227.2,1,39,gamble_right,You won 4 dollars.,18,1,4,-2,0,1
118,48,605e838f74f45bbe43b17c48,1279.1,1,37,gamble_left,You lost -2.5 dollars.,19,1,4,-2.5,0,2
143,48,605e838f74f45bbe43b17c48,1507.7,0,37,gamble_right,You received 0 dollars.,20,1,4,-3,0,2
91,48,605e838f74f45bbe43b17c48,1469.1,0,39,gamble_left,You received 0 dollars.,21,1,4,-3.5,0,2
135,48,605e838f74f45bbe43b17c48,1851.7,0,37,gamble_right,You received 0 dollars.,22,1,4,-4,0,2
59,48,605e838f74f45bbe43b17c48,1406.5,0,37,gamble_right,You received 0 dollars.,23,1,4,-4.5,0,2
136,48,605e838f74f45bbe43b17c48,1225.6,0,39,gamble_left,You received 0 dollars.,24,1,4,-5,0,2
53,48,605e838f74f45bbe43b17c48,1429,0,37,gamble_right,You received 0 dollars.,25,1,4,-5.5,0,2
37,48,605e838f74f45bbe43b17c48,1879.1,0,37,gamble_right,You received 0 dollars.,26,1,4,-6,0,2
83,48,605e838f74f45bbe43b17c48,1359.5,0,39,gamble_left,You received 0 dollars.,27,1,4,-6.5,0,2
52,48,605e838f74f45bbe43b17c48,1416.8,0,37,gamble_right,You received 0 dollars.,28,1,4,-7,0,2
58,48,605e838f74f45bbe43b17c48,1878.5,0,39,gamble_left,You received 0 dollars.,29,1,4,-7.5,0,2
65,48,605e838f74f45bbe43b17c48,1418.5,0,37,gamble_right,You received 0 dollars.,30,1,4,-8,0,2
140,48,605e838f74f45bbe43b17c48,1840.7,1,37,gamble_left,You lost -1.25 dollars.,31,1,5,-1.25,0,2
12,48,605e838f74f45bbe43b17c48,1086.8,0,39,gamble_left,You received 0 dollars.,32,1,5,-1.88,0,2
86,48,605e838f74f45bbe43b17c48,1441.2,1,37,gamble_left,You won 5 dollars.,33,1,5,-2.5,0,1
22,48,605e838f74f45bbe43b17c48,1373.8,1,37,gamble_left,You won 5 dollars.,34,1,5,-3.13,0,1
137,48,605e838f74f45bbe43b17c48,1305.7,1,39,gamble_right,You lost -3.75 dollars.,35,1,5,-3.75,0,2
38,48,605e838f74f45bbe43b17c48,1681,1,39,gamble_right,You lost -4.38 dollars.,36,1,5,-4.38,0,2
134,48,605e838f74f45bbe43b17c48,1626.1,1,37,gamble_left,You won 5 dollars.,37,1,5,-5,0,1
21,48,605e838f74f45bbe43b17c48,1411.4,1,37,gamble_left,You lost -5.63 dollars.,38,1,5,-5.63,0,2
24,48,605e838f74f45bbe43b17c48,1524.9,0,39,gamble_left,You received 0 dollars.,39,1,5,-6.25,0,2
55,48,605e838f74f45bbe43b17c48,NA,NA,NA,gamble_right,Trial missed.,40,1,5,-6.88,0,3
48,48,605e838f74f45bbe43b17c48,1479.5,0,39,gamble_left,You received 0 dollars.,41,1,5,-7.5,0,2
19,48,605e838f74f45bbe43b17c48,1645.9,0,37,gamble_right,You received 0 dollars.,42,1,5,-8.13,0,2
149,48,605e838f74f45bbe43b17c48,1280.9,0,39,gamble_left,You received 0 dollars.,43,1,5,-8.75,0,2
106,48,605e838f74f45bbe43b17c48,1319.1,0,39,gamble_left,You received 0 dollars.,44,1,5,-9.38,0,2
7,48,605e838f74f45bbe43b17c48,1210.6,1,37,gamble_left,You won 5 dollars.,45,1,5,-10,0,1
98,48,605e838f74f45bbe43b17c48,1185,1,37,gamble_left,You lost -1.5 dollars.,46,1,6,-1.5,0,2
126,48,605e838f74f45bbe43b17c48,1504.3,1,39,gamble_right,You lost -2.25 dollars.,47,1,6,-2.25,0,2
150,48,605e838f74f45bbe43b17c48,1401.1,0,39,gamble_left,You received 0 dollars.,48,1,6,-3,0,2
51,48,605e838f74f45bbe43b17c48,1685.4,1,39,gamble_right,You lost -3.75 dollars.,49,1,6,-3.75,0,2
124,48,605e838f74f45bbe43b17c48,1876,0,39,gamble_left,You received 0 dollars.,50,1,6,-4.5,0,2
120,48,605e838f74f45bbe43b17c48,1422.6,0,39,gamble_left,You received 0 dollars.,51,1,6,-5.25,0,2
107,48,605e838f74f45bbe43b17c48,1720.1,1,37,gamble_left,You lost -6 dollars.,52,1,6,-6,0,2
34,48,605e838f74f45bbe43b17c48,1636.1,1,37,gamble_left,You lost -6.75 dollars.,53,1,6,-6.75,0,2
125,48,605e838f74f45bbe43b17c48,1400.7,0,37,gamble_right,You received 0 dollars.,54,1,6,-7.5,0,2
131,48,605e838f74f45bbe43b17c48,1368.2,0,37,gamble_right,You received 0 dollars.,55,1,6,-8.25,0,2
39,48,605e838f74f45bbe43b17c48,1574.4,0,39,gamble_left,You received 0 dollars.,56,1,6,-9,0,2
111,48,605e838f74f45bbe43b17c48,1133.9,0,37,gamble_right,You received 0 dollars.,57,1,6,-9.75,0,2
93,48,605e838f74f45bbe43b17c48,1302.9,0,39,gamble_left,You received 0 dollars.,58,1,6,-10.5,0,2
11,48,605e838f74f45bbe43b17c48,1718.7,1,39,gamble_right,You won 6 dollars.,59,1,6,-11.25,0,1
76,48,605e838f74f45bbe43b17c48,1543.4,0,39,gamble_left,You received 0 dollars.,60,1,6,-12,0,2
80,48,605e838f74f45bbe43b17c48,1257.7,1,37,gamble_left,You lost -2 dollars.,61,1,8,-2,0,2
77,48,605e838f74f45bbe43b17c48,1730.5,1,37,gamble_left,You lost -3 dollars.,62,1,8,-3,0,2
105,48,605e838f74f45bbe43b17c48,1520.8,0,37,gamble_right,You received 0 dollars.,63,1,8,-4,0,2
95,48,605e838f74f45bbe43b17c48,1571.4,0,37,gamble_right,You received 0 dollars.,64,1,8,-5,0,2
132,48,605e838f74f45bbe43b17c48,1232.3,0,37,gamble_right,You received 0 dollars.,65,1,8,-6,0,2
144,48,605e838f74f45bbe43b17c48,1604.3,0,37,gamble_right,You received 0 dollars.,66,1,8,-7,0,2
115,48,605e838f74f45bbe43b17c48,1428.9,0,37,gamble_right,You received 0 dollars.,67,1,8,-8,0,2
61,48,605e838f74f45bbe43b17c48,1308.4,0,39,gamble_left,You received 0 dollars.,68,1,8,-9,0,2
73,48,605e838f74f45bbe43b17c48,1670,0,39,gamble_left,You received 0 dollars.,69,1,8,-10,0,2
10,48,605e838f74f45bbe43b17c48,1865.8,1,37,gamble_left,You won 8 dollars.,70,1,8,-11,0,1
82,48,605e838f74f45bbe43b17c48,NA,NA,NA,gamble_right,Trial missed.,71,1,8,-12,0,3
18,48,605e838f74f45bbe43b17c48,1299.1,0,39,gamble_left,You received 0 dollars.,72,1,8,-13,0,2
2,48,605e838f74f45bbe43b17c48,1141.3,1,37,gamble_left,You lost -14 dollars.,73,1,8,-14,0,2
116,48,605e838f74f45bbe43b17c48,1084.9,0,39,gamble_left,You received 0 dollars.,74,1,8,-15,0,2
17,48,605e838f74f45bbe43b17c48,1844.8,1,39,gamble_right,You lost -16 dollars.,75,1,8,-16,0,2
75,48,605e838f74f45bbe43b17c48,1434.7,1,37,gamble_left,You won 9 dollars.,76,1,9,-2.25,0,1
29,48,605e838f74f45bbe43b17c48,NA,NA,NA,gamble_left,Trial missed.,77,1,9,-3.38,0,3
56,48,605e838f74f45bbe43b17c48,1167,1,37,gamble_left,You lost -4.5 dollars.,78,1,9,-4.5,0,2
57,48,605e838f74f45bbe43b17c48,1446.3,1,39,gamble_right,You won 9 dollars.,79,1,9,-5.63,0,1
44,48,605e838f74f45bbe43b17c48,1356,1,39,gamble_right,You won 9 dollars.,80,1,9,-6.75,0,1
1,48,605e838f74f45bbe43b17c48,1458.4,1,37,gamble_left,You lost -7.88 dollars.,81,1,9,-7.88,0,2
16,48,605e838f74f45bbe43b17c48,NA,NA,NA,gamble_right,Trial missed.,82,1,9,-9,0,3
129,48,605e838f74f45bbe43b17c48,1738.8,0,37,gamble_right,You received 0 dollars.,83,1,9,-10.13,0,2
108,48,605e838f74f45bbe43b17c48,1298.3,0,37,gamble_right,You received 0 dollars.,84,1,9,-11.25,0,2
101,48,605e838f74f45bbe43b17c48,1829.3,0,37,gamble_right,You received 0 dollars.,85,1,9,-12.38,0,2
78,48,605e838f74f45bbe43b17c48,1417.9,0,39,gamble_left,You received 0 dollars.,86,1,9,-13.5,0,2
30,48,605e838f74f45bbe43b17c48,1204.5,0,39,gamble_left,You received 0 dollars.,87,1,9,-14.63,0,2
133,48,605e838f74f45bbe43b17c48,1461.9,0,37,gamble_right,You received 0 dollars.,88,1,9,-15.75,0,2
4,48,605e838f74f45bbe43b17c48,1411.2,1,37,gamble_left,You won 9 dollars.,89,1,9,-16.88,0,1
79,48,605e838f74f45bbe43b17c48,1652.3,0,37,gamble_right,You received 0 dollars.,90,1,9,-18,0,2
35,48,605e838f74f45bbe43b17c48,1767.3,1,37,gamble_left,You lost -2.5 dollars.,91,1,10,-2.5,0,2
145,48,605e838f74f45bbe43b17c48,1358.5,1,39,gamble_right,You won 10 dollars.,92,1,10,-3.75,0,1
138,48,605e838f74f45bbe43b17c48,1656.9,1,37,gamble_left,You won 10 dollars.,93,1,10,-5,0,1
146,48,605e838f74f45bbe43b17c48,1302,0,39,gamble_left,You received 0 dollars.,94,1,10,-6.25,0,2
36,48,605e838f74f45bbe43b17c48,1550.6,0,39,gamble_left,You received 0 dollars.,95,1,10,-7.5,0,2
72,48,605e838f74f45bbe43b17c48,2003,1,37,gamble_left,You won 10 dollars.,96,1,10,-8.75,0,1
63,48,605e838f74f45bbe43b17c48,1339.5,0,37,gamble_right,You received 0 dollars.,97,1,10,-10,0,2
89,48,605e838f74f45bbe43b17c48,1254.3,0,39,gamble_left,You received 0 dollars.,98,1,10,-11.25,0,2
117,48,605e838f74f45bbe43b17c48,1155.1,0,37,gamble_right,You received 0 dollars.,99,1,10,-12.5,0,2
122,48,605e838f74f45bbe43b17c48,1172.1,0,39,gamble_left,You received 0 dollars.,100,1,10,-13.75,0,2
31,48,605e838f74f45bbe43b17c48,1659.5,0,37,gamble_right,You received 0 dollars.,101,1,10,-15,0,2
109,48,605e838f74f45bbe43b17c48,922,0,39,gamble_left,You received 0 dollars.,102,1,10,-16.25,0,2
13,48,605e838f74f45bbe43b17c48,1996.2,0,39,gamble_left,You received 0 dollars.,103,1,10,-17.5,0,2
74,48,605e838f74f45bbe43b17c48,1720.9,0,39,gamble_left,You received 0 dollars.,104,1,10,-18.75,0,2
62,48,605e838f74f45bbe43b17c48,1533.9,0,37,gamble_right,You received 0 dollars.,105,1,10,-20,0,2
68,48,605e838f74f45bbe43b17c48,1528.2,1,37,gamble_left,You won 12 dollars.,106,1,12,-3,0,1
50,48,605e838f74f45bbe43b17c48,1415.7,1,39,gamble_right,You lost -4.5 dollars.,107,1,12,-4.5,0,2
121,48,605e838f74f45bbe43b17c48,1117.3,1,37,gamble_left,You won 12 dollars.,108,1,12,-6,0,1
67,48,605e838f74f45bbe43b17c48,1420.2,1,39,gamble_right,You won 12 dollars.,109,1,12,-7.5,0,1
114,48,605e838f74f45bbe43b17c48,1490,0,37,gamble_right,You received 0 dollars.,110,1,12,-9,0,2
70,48,605e838f74f45bbe43b17c48,1655.6,0,37,gamble_right,You received 0 dollars.,111,1,12,-10.5,0,2
64,48,605e838f74f45bbe43b17c48,1247.6,1,37,gamble_left,You lost -12 dollars.,112,1,12,-12,0,2
23,48,605e838f74f45bbe43b17c48,1495,0,39,gamble_left,You received 0 dollars.,113,1,12,-13.5,0,2
69,48,605e838f74f45bbe43b17c48,1554.4,0,39,gamble_left,You received 0 dollars.,114,1,12,-15,0,2
103,48,605e838f74f45bbe43b17c48,1479.5,0,39,gamble_left,You received 0 dollars.,115,1,12,-16.5,0,2
5,48,605e838f74f45bbe43b17c48,840.5,1,37,gamble_left,You won 12 dollars.,116,1,12,-18,0,1
54,48,605e838f74f45bbe43b17c48,1641.4,1,39,gamble_right,You won 12 dollars.,117,1,12,-19.5,0,1
47,48,605e838f74f45bbe43b17c48,1463,1,37,gamble_left,You lost -21 dollars.,118,1,12,-21,0,2
3,48,605e838f74f45bbe43b17c48,1152.2,1,37,gamble_left,You won 12 dollars.,119,1,12,-22.5,0,1
20,48,605e838f74f45bbe43b17c48,1259.5,0,37,gamble_right,You received 0 dollars.,120,1,12,-24,0,2
112,48,605e838f74f45bbe43b17c48,1133.1,1,39,gamble_right,You received 0 dollars.,121,2,4,0,2,2
87,48,605e838f74f45bbe43b17c48,1374.9,1,39,gamble_right,You won 8 dollars.,122,2,8,0,4,1
43,48,605e838f74f45bbe43b17c48,NA,NA,NA,gamble_right,Trial missed.,123,2,12,0,6,3
41,48,605e838f74f45bbe43b17c48,1544.2,1,39,gamble_right,You received 0 dollars.,124,2,18,0,9,2
92,48,605e838f74f45bbe43b17c48,1196.3,1,39,gamble_right,You won 24 dollars.,125,2,24,0,12,1
71,48,605e838f74f45bbe43b17c48,1153.6,1,39,gamble_right,You won 5 dollars.,126,2,5,0,3,1
130,48,605e838f74f45bbe43b17c48,1288.4,0,37,gamble_right,You won 4 dollars.,127,2,7,0,4,1
8,48,605e838f74f45bbe43b17c48,1083,0,39,gamble_left,You won 6 dollars.,128,2,10,0,6,1
28,48,605e838f74f45bbe43b17c48,1121.5,0,39,gamble_left,You won 10 dollars.,129,2,17,0,10,1
148,48,605e838f74f45bbe43b17c48,1443.9,1,37,gamble_left,You won 22 dollars.,130,2,22,0,13,1
99,48,605e838f74f45bbe43b17c48,1433.7,1,39,gamble_right,You received 0 dollars.,131,2,28,0,13,2
27,48,605e838f74f45bbe43b17c48,1590,1,39,gamble_right,You received 0 dollars.,132,2,5,0,2,2
81,48,605e838f74f45bbe43b17c48,1210.8,0,37,gamble_right,You won 10 dollars.,133,2,26,0,10,1
104,48,605e838f74f45bbe43b17c48,1557.8,1,37,gamble_left,You won 7 dollars.,134,2,7,0,3,1
6,48,605e838f74f45bbe43b17c48,1192,0,39,gamble_left,You won 5 dollars.,135,2,13,0,5,1
15,48,605e838f74f45bbe43b17c48,1765.4,0,39,gamble_left,You won 6 dollars.,136,2,12,0,6,1
147,48,605e838f74f45bbe43b17c48,1052.5,0,37,gamble_right,You won 10 dollars.,137,2,25,0,10,1
26,48,605e838f74f45bbe43b17c48,1477.2,0,37,gamble_right,You won 2 dollars.,138,2,4,0,2,1
88,48,605e838f74f45bbe43b17c48,1389.7,1,37,gamble_left,You won 3 dollars.,139,2,3,0,1,1
123,48,605e838f74f45bbe43b17c48,1245.5,0,37,gamble_right,You won 9 dollars.,140,2,25,0,9,1
127,48,605e838f74f45bbe43b17c48,1301.1,0,37,gamble_right,You won 6 dollars.,141,2,13,0,6,1
85,48,605e838f74f45bbe43b17c48,1496.6,1,39,gamble_right,You received 0 dollars.,142,2,22,0,10,2
97,48,605e838f74f45bbe43b17c48,1693,0,37,gamble_right,You won 5 dollars.,143,2,12,0,5,1
141,48,605e838f74f45bbe43b17c48,1817.6,0,37,gamble_right,You won 1 dollars.,144,2,2,0,1,1
32,48,605e838f74f45bbe43b17c48,1472,1,39,gamble_right,You won 8 dollars.,145,2,8,0,3,1
102,48,605e838f74f45bbe43b17c48,1021.4,0,39,gamble_left,You won 8 dollars.,146,2,19,0,8,1
25,48,605e838f74f45bbe43b17c48,1039.7,0,37,gamble_right,You won 12 dollars.,147,2,26,0,12,1
139,48,605e838f74f45bbe43b17c48,1066.6,0,37,gamble_right,You won 12 dollars.,148,2,30,0,12,1
100,48,605e838f74f45bbe43b17c48,1194.1,0,37,gamble_right,You won 10 dollars.,149,2,23,0,10,1
84,48,605e838f74f45bbe43b17c48,1159.7,1,37,gamble_left,You won 12 dollars.,150,2,12,0,4,1