trial_index,ID,subject,rt,responses,key_press,gamble_location,stimulus,Trial_ID,Trial_Type,Gain,Loss,Certain,Trial_Outcome
150,49,61084e3af0e9f1e3364eb065,1336.4,1,39,gamble_right,You won 2 dollars.,1,1,2,-0.5,0,1
127,49,61084e3af0e9f1e3364eb065,762.6,0,39,gamble_left,You received 0 dollars.,2,1,2,-0.75,0,2
22,49,61084e3af0e9f1e3364eb065,925.7,1,37,gamble_left,You lost -1 dollars.,3,1,2,-1,0,2
129,49,61084e3af0e9f1e3364eb065,936,1,39,gamble_right,You won 2 dollars.,4,1,2,-1.25,0,1
93,49,61084e3af0e9f1e3364eb065,1133.7,1,39,gamble_right,You won 2 dollars.,5,1,2,-1.5,0,1
91,49,61084e3af0e9f1e3364eb065,1139.8,1,37,gamble_left,You lost -1.75 dollars.,6,1,2,-1.75,0,2
68,49,61084e3af0e9f1e3364eb065,962.3,1,37,gamble_left,You won 2 dollars.,7,1,2,-2,0,1
149,49,61084e3af0e9f1e3364eb065,733.4,0,37,gamble_right,You received 0 dollars.,8,1,2,-2.25,0,2
109,49,61084e3af0e9f1e3364eb065,1035.3,1,37,gamble_left,You won 2 dollars.,9,1,2,-2.5,0,1
133,49,61084e3af0e9f1e3364eb065,701.8,0,39,gamble_left,You received 0 dollars.,10,1,2,-2.75,0,2
3,49,61084e3af0e9f1e3364eb065,1099.7,1,37,gamble_left,You won 2 dollars.,11,1,2,-3,0,1
88,49,61084e3af0e9f1e3364eb065,939.8,0,37,gamble_right,You received 0 dollars.,12,1,2,-3.25,0,2
134,49,61084e3af0e9f1e3364eb065,869,0,37,gamble_right,You received 0 dollars.,13,1,2,-3.5,0,2
58,49,61084e3af0e9f1e3364eb065,933.6,0,37,gamble_right,You received 0 dollars.,14,1,2,-3.75,0,2
135,49,61084e3af0e9f1e3364eb065,943.1,0,39,gamble_left,You received 0 dollars.,15,1,2,-4,0,2
43,49,61084e3af0e9f1e3364eb065,910.4,0,39,gamble_left,You received 0 dollars.,16,1,4,-1,0,2
81,49,61084e3af0e9f1e3364eb065,674.4,1,37,gamble_left,You won 4 dollars.,17,1,4,-1.5,0,1
110,49,61084e3af0e9f1e3364eb065,945.5,0,37,gamble_right,You received 0 dollars.,18,1,4,-2,0,2
96,49,61084e3af0e9f1e3364eb065,1016.3,1,37,gamble_left,You lost -2.5 dollars.,19,1,4,-2.5,0,2
114,49,61084e3af0e9f1e3364eb065,934.8,0,37,gamble_right,You received 0 dollars.,20,1,4,-3,0,2
53,49,61084e3af0e9f1e3364eb065,865.7,0,39,gamble_left,You received 0 dollars.,21,1,4,-3.5,0,2
51,49,61084e3af0e9f1e3364eb065,1128.6,1,39,gamble_right,You lost -4 dollars.,22,1,4,-4,0,2
131,49,61084e3af0e9f1e3364eb065,774.5,0,39,gamble_left,You received 0 dollars.,23,1,4,-4.5,0,2
36,49,61084e3af0e9f1e3364eb065,1085.7,0,37,gamble_right,You received 0 dollars.,24,1,4,-5,0,2
103,49,61084e3af0e9f1e3364eb065,1209.3,0,37,gamble_right,You received 0 dollars.,25,1,4,-5.5,0,2
113,49,61084e3af0e9f1e3364eb065,940.9,1,37,gamble_left,You lost -6 dollars.,26,1,4,-6,0,2
21,49,61084e3af0e9f1e3364eb065,1168.1,0,37,gamble_right,You received 0 dollars.,27,1,4,-6.5,0,2
5,49,61084e3af0e9f1e3364eb065,1837.3,1,37,gamble_left,You won 4 dollars.,28,1,4,-7,0,1
33,49,61084e3af0e9f1e3364eb065,794.1,0,39,gamble_left,You received 0 dollars.,29,1,4,-7.5,0,2
42,49,61084e3af0e9f1e3364eb065,880.3,0,37,gamble_right,You received 0 dollars.,30,1,4,-8,0,2
99,49,61084e3af0e9f1e3364eb065,811.1,1,37,gamble_left,You won 5 dollars.,31,1,5,-1.25,0,1
74,49,61084e3af0e9f1e3364eb065,679.8,0,39,gamble_left,You received 0 dollars.,32,1,5,-1.88,0,2
77,49,61084e3af0e9f1e3364eb065,779,0,37,gamble_right,You received 0 dollars.,33,1,5,-2.5,0,2
143,49,61084e3af0e9f1e3364eb065,1074,0,37,gamble_right,You received 0 dollars.,34,1,5,-3.13,0,2
125,49,61084e3af0e9f1e3364eb065,711.7,0,39,gamble_left,You received 0 dollars.,35,1,5,-3.75,0,2
71,49,61084e3af0e9f1e3364eb065,719.1,0,39,gamble_left,You received 0 dollars.,36,1,5,-4.38,0,2
90,49,61084e3af0e9f1e3364eb065,1074.5,0,37,gamble_right,You received 0 dollars.,37,1,5,-5,0,2
40,49,61084e3af0e9f1e3364eb065,713.1,0,39,gamble_left,You received 0 dollars.,38,1,5,-5.63,0,2
54,49,61084e3af0e9f1e3364eb065,671.1,0,39,gamble_left,You received 0 dollars.,39,1,5,-6.25,0,2
75,49,61084e3af0e9f1e3364eb065,693.8,0,39,gamble_left,You received 0 dollars.,40,1,5,-6.88,0,2
84,49,61084e3af0e9f1e3364eb065,764.6,0,37,gamble_right,You received 0 dollars.,41,1,5,-7.5,0,2
2,49,61084e3af0e9f1e3364eb065,1331.2,0,39,gamble_left,You received 0 dollars.,42,1,5,-8.13,0,2
48,49,61084e3af0e9f1e3364eb065,800.1,0,39,gamble_left,You received 0 dollars.,43,1,5,-8.75,0,2
78,49,61084e3af0e9f1e3364eb065,827.4,0,39,gamble_left,You received 0 dollars.,44,1,5,-9.38,0,2
98,49,61084e3af0e9f1e3364eb065,1014,0,39,gamble_left,You received 0 dollars.,45,1,5,-10,0,2
1,49,61084e3af0e9f1e3364eb065,1237.9,1,37,gamble_left,You lost -1.5 dollars.,46,1,6,-1.5,0,2
34,49,61084e3af0e9f1e3364eb065,1080.1,0,37,gamble_right,You received 0 dollars.,47,1,6,-2.25,0,2
108,49,61084e3af0e9f1e3364eb065,1089.6,0,37,gamble_right,You received 0 dollars.,48,1,6,-3,0,2
41,49,61084e3af0e9f1e3364eb065,820.5,0,39,gamble_left,You received 0 dollars.,49,1,6,-3.75,0,2
14,49,61084e3af0e9f1e3364eb065,1126.2,0,39,gamble_left,You received 0 dollars.,50,1,6,-4.5,0,2
122,49,61084e3af0e9f1e3364eb065,720.7,0,39,gamble_left,You received 0 dollars.,51,1,6,-5.25,0,2
44,49,61084e3af0e9f1e3364eb065,1102,0,37,gamble_right,You received 0 dollars.,52,1,6,-6,0,2
32,49,61084e3af0e9f1e3364eb065,866.9,0,37,gamble_right,You received 0 dollars.,53,1,6,-6.75,0,2
65,49,61084e3af0e9f1e3364eb065,1331.7,0,39,gamble_left,You received 0 dollars.,54,1,6,-7.5,0,2
19,49,61084e3af0e9f1e3364eb065,879.4,0,39,gamble_left,You received 0 dollars.,55,1,6,-8.25,0,2
128,49,61084e3af0e9f1e3364eb065,1192.5,1,39,gamble_right,You lost -9 dollars.,56,1,6,-9,0,2
72,49,61084e3af0e9f1e3364eb065,917.6,0,37,gamble_right,You received 0 dollars.,57,1,6,-9.75,0,2
26,49,61084e3af0e9f1e3364eb065,954.8,0,37,gamble_right,You received 0 dollars.,58,1,6,-10.5,0,2
100,49,61084e3af0e9f1e3364eb065,910.4,0,37,gamble_right,You received 0 dollars.,59,1,6,-11.25,0,2
57,49,61084e3af0e9f1e3364eb065,857.1,0,39,gamble_left,You received 0 dollars.,60,1,6,-12,0,2
45,49,61084e3af0e9f1e3364eb065,1128.6,1,39,gamble_right,You lost -2 dollars.,61,1,8,-2,0,2
7,49,61084e3af0e9f1e3364eb065,1294,0,39,gamble_left,You received 0 dollars.,62,1,8,-3,0,2
141,49,61084e3af0e9f1e3364eb065,782.8,0,39,gamble_left,You received 0 dollars.,63,1,8,-4,0,2
63,49,61084e3af0e9f1e3364eb065,1156.2,1,37,gamble_left,You won 8 dollars.,64,1,8,-5,0,1
79,49,61084e3af0e9f1e3364eb065,1329.2,0,39,gamble_left,You received 0 dollars.,65,1,8,-6,0,2
61,49,61084e3af0e9f1e3364eb065,843.4,0,37,gamble_right,You received 0 dollars.,66,1,8,-7,0,2
80,49,61084e3af0e9f1e3364eb065,628.5,0,39,gamble_left,You received 0 dollars.,67,1,8,-8,0,2
67,49,61084e3af0e9f1e3364eb065,973.6,0,39,gamble_left,You received 0 dollars.,68,1,8,-9,0,2
130,49,61084e3af0e9f1e3364eb065,926.8,0,39,gamble_left,You received 0 dollars.,69,1,8,-10,0,2
137,49,61084e3af0e9f1e3364eb065,737.8,0,39,gamble_left,You received 0 dollars.,70,1,8,-11,0,2
38,49,61084e3af0e9f1e3364eb065,733.6,0,39,gamble_left,You received 0 dollars.,71,1,8,-12,0,2
62,49,61084e3af0e9f1e3364eb065,1006,0,37,gamble_right,You received 0 dollars.,72,1,8,-13,0,2
87,49,61084e3af0e9f1e3364eb065,841.8,0,39,gamble_left,You received 0 dollars.,73,1,8,-14,0,2
28,49,61084e3af0e9f1e3364eb065,766.1,0,39,gamble_left,You received 0 dollars.,74,1,8,-15,0,2
24,49,61084e3af0e9f1e3364eb065,1104.1,0,37,gamble_right,You received 0 dollars.,75,1,8,-16,0,2
13,49,61084e3af0e9f1e3364eb065,1327.3,0,37,gamble_right,You received 0 dollars.,76,1,9,-2.25,0,2
6,49,61084e3af0e9f1e3364eb065,1576.3,1,39,gamble_right,You won 9 dollars.,77,1,9,-3.38,0,1
106,49,61084e3af0e9f1e3364eb065,914.7,0,37,gamble_right,You received 0 dollars.,78,1,9,-4.5,0,2
8,49,61084e3af0e9f1e3364eb065,1451.7,1,37,gamble_left,You won 9 dollars.,79,1,9,-5.63,0,1
37,49,61084e3af0e9f1e3364eb065,890.9,0,37,gamble_right,You received 0 dollars.,80,1,9,-6.75,0,2
105,49,61084e3af0e9f1e3364eb065,879.7,0,37,gamble_right,You received 0 dollars.,81,1,9,-7.88,0,2
83,49,61084e3af0e9f1e3364eb065,640.6,0,39,gamble_left,You received 0 dollars.,82,1,9,-9,0,2
20,49,61084e3af0e9f1e3364eb065,945.1,0,37,gamble_right,You received 0 dollars.,83,1,9,-10.13,0,2
16,49,61084e3af0e9f1e3364eb065,900,0,39,gamble_left,You received 0 dollars.,84,1,9,-11.25,0,2
148,49,61084e3af0e9f1e3364eb065,655.3,0,39,gamble_left,You received 0 dollars.,85,1,9,-12.38,0,2
115,49,61084e3af0e9f1e3364eb065,698.4,0,39,gamble_left,You received 0 dollars.,86,1,9,-13.5,0,2
111,49,61084e3af0e9f1e3364eb065,710.5,0,39,gamble_left,You received 0 dollars.,87,1,9,-14.63,0,2
140,49,61084e3af0e9f1e3364eb065,902.1,0,37,gamble_right,You received 0 dollars.,88,1,9,-15.75,0,2
73,49,61084e3af0e9f1e3364eb065,609.3,0,39,gamble_left,You received 0 dollars.,89,1,9,-16.88,0,2
52,49,61084e3af0e9f1e3364eb065,1054,0,37,gamble_right,You received 0 dollars.,90,1,9,-18,0,2
4,49,61084e3af0e9f1e3364eb065,998.6,1,37,gamble_left,You lost -2.5 dollars.,91,1,10,-2.5,0,2
59,49,61084e3af0e9f1e3364eb065,1319.6,1,39,gamble_right,You lost -3.75 dollars.,92,1,10,-3.75,0,2
147,49,61084e3af0e9f1e3364eb065,897.3,1,39,gamble_right,You lost -5 dollars.,93,1,10,-5,0,2
15,49,61084e3af0e9f1e3364eb065,1082.8,1,37,gamble_left,You won 10 dollars.,94,1,10,-6.25,0,1
82,49,61084e3af0e9f1e3364eb065,574.3,0,39,gamble_left,You received 0 dollars.,95,1,10,-7.5,0,2
123,49,61084e3af0e9f1e3364eb065,1356.3,1,39,gamble_right,You won 10 dollars.,96,1,10,-8.75,0,1
142,49,61084e3af0e9f1e3364eb065,1226.9,0,39,gamble_left,You received 0 dollars.,97,1,10,-10,0,2
66,49,61084e3af0e9f1e3364eb065,927.8,0,37,gamble_right,You received 0 dollars.,98,1,10,-11.25,0,2
9,49,61084e3af0e9f1e3364eb065,1246.2,0,37,gamble_right,You received 0 dollars.,99,1,10,-12.5,0,2
139,49,61084e3af0e9f1e3364eb065,1119.3,0,37,gamble_right,You received 0 dollars.,100,1,10,-13.75,0,2
146,49,61084e3af0e9f1e3364eb065,1267.8,0,37,gamble_right,You received 0 dollars.,101,1,10,-15,0,2
18,49,61084e3af0e9f1e3364eb065,996.3,0,39,gamble_left,You received 0 dollars.,102,1,10,-16.25,0,2
76,49,61084e3af0e9f1e3364eb065,1049.7,0,37,gamble_right,You received 0 dollars.,103,1,10,-17.5,0,2
121,49,61084e3af0e9f1e3364eb065,754.7,0,39,gamble_left,You received 0 dollars.,104,1,10,-18.75,0,2
64,49,61084e3af0e9f1e3364eb065,1206.7,0,39,gamble_left,You received 0 dollars.,105,1,10,-20,0,2
70,49,61084e3af0e9f1e3364eb065,1236,1,39,gamble_right,You lost -3 dollars.,106,1,12,-3,0,2
118,49,61084e3af0e9f1e3364eb065,720.6,0,39,gamble_left,You received 0 dollars.,107,1,12,-4.5,0,2
132,49,61084e3af0e9f1e3364eb065,1195.4,0,37,gamble_right,You received 0 dollars.,108,1,12,-6,0,2
89,49,61084e3af0e9f1e3364eb065,831.8,0,39,gamble_left,You received 0 dollars.,109,1,12,-7.5,0,2
23,49,61084e3af0e9f1e3364eb065,1115.2,0,37,gamble_right,You received 0 dollars.,110,1,12,-9,0,2
126,49,61084e3af0e9f1e3364eb065,1014.6,0,37,gamble_right,You received 0 dollars.,111,1,12,-10.5,0,2
102,49,61084e3af0e9f1e3364eb065,953.4,0,37,gamble_right,You received 0 dollars.,112,1,12,-12,0,2
95,49,61084e3af0e9f1e3364eb065,1232.2,0,37,gamble_right,You received 0 dollars.,113,1,12,-13.5,0,2
56,49,61084e3af0e9f1e3364eb065,1115.6,0,37,gamble_right,You received 0 dollars.,114,1,12,-15,0,2
49,49,61084e3af0e9f1e3364eb065,953.5,0,37,gamble_right,You received 0 dollars.,115,1,12,-16.5,0,2
136,49,61084e3af0e9f1e3364eb065,1136.5,0,37,gamble_right,You received 0 dollars.,116,1,12,-18,0,2
27,49,61084e3af0e9f1e3364eb065,751.7,0,39,gamble_left,You received 0 dollars.,117,1,12,-19.5,0,2
107,49,61084e3af0e9f1e3364eb065,895.7,0,37,gamble_right,You received 0 dollars.,118,1,12,-21,0,2
50,49,61084e3af0e9f1e3364eb065,731.9,0,39,gamble_left,You received 0 dollars.,119,1,12,-22.5,0,2
112,49,61084e3af0e9f1e3364eb065,901,0,37,gamble_right,You received 0 dollars.,120,1,12,-24,0,2
145,49,61084e3af0e9f1e3364eb065,1398.8,1,37,gamble_left,You won 4 dollars.,121,2,4,0,2,1
25,49,61084e3af0e9f1e3364eb065,1024.3,1,39,gamble_right,You received 0 dollars.,122,2,8,0,4,2
60,49,61084e3af0e9f1e3364eb065,1070.2,1,39,gamble_right,You won 12 dollars.,123,2,12,0,6,1
17,49,61084e3af0e9f1e3364eb065,760.4,0,37,gamble_right,You won 9 dollars.,124,2,18,0,9,1
46,49,61084e3af0e9f1e3364eb065,1096.5,1,37,gamble_left,You received 0 dollars.,125,2,24,0,12,2
117,49,61084e3af0e9f1e3364eb065,1225.3,1,39,gamble_right,You received 0 dollars.,126,2,5,0,3,2
120,49,61084e3af0e9f1e3364eb065,1253.4,1,37,gamble_left,You received 0 dollars.,127,2,7,0,4,2
85,49,61084e3af0e9f1e3364eb065,803.2,0,39,gamble_left,You won 6 dollars.,128,2,10,0,6,1
97,49,61084e3af0e9f1e3364eb065,1013.4,1,37,gamble_left,You won 17 dollars.,129,2,17,0,10,1
101,49,61084e3af0e9f1e3364eb065,1229.5,1,37,gamble_left,You won 22 dollars.,130,2,22,0,13,1
31,49,61084e3af0e9f1e3364eb065,948.5,1,37,gamble_left,You received 0 dollars.,131,2,28,0,13,2
11,49,61084e3af0e9f1e3364eb065,1435.4,1,37,gamble_left,You received 0 dollars.,132,2,5,0,2,2
30,49,61084e3af0e9f1e3364eb065,1010.2,1,39,gamble_right,You received 0 dollars.,133,2,26,0,10,2
138,49,61084e3af0e9f1e3364eb065,906.7,1,37,gamble_left,You won 7 dollars.,134,2,7,0,3,1
12,49,61084e3af0e9f1e3364eb065,851.7,1,37,gamble_left,You won 13 dollars.,135,2,13,0,5,1
92,49,61084e3af0e9f1e3364eb065,918.6,1,37,gamble_left,You received 0 dollars.,136,2,12,0,6,2
104,49,61084e3af0e9f1e3364eb065,934.5,1,37,gamble_left,You won 25 dollars.,137,2,25,0,10,1
39,49,61084e3af0e9f1e3364eb065,964.6,0,37,gamble_right,You won 2 dollars.,138,2,4,0,2,1
94,49,61084e3af0e9f1e3364eb065,1036.6,0,37,gamble_right,You won 1 dollars.,139,2,3,0,1,1
116,49,61084e3af0e9f1e3364eb065,1087.3,0,39,gamble_left,You won 9 dollars.,140,2,25,0,9,1
35,49,61084e3af0e9f1e3364eb065,807.8,1,39,gamble_right,You received 0 dollars.,141,2,13,0,6,2
29,49,61084e3af0e9f1e3364eb065,688.1,0,37,gamble_right,You won 10 dollars.,142,2,22,0,10,1
69,49,61084e3af0e9f1e3364eb065,1214.2,1,39,gamble_right,You received 0 dollars.,143,2,12,0,5,2
47,49,61084e3af0e9f1e3364eb065,924.3,0,37,gamble_right,You won 1 dollars.,144,2,2,0,1,1
10,49,61084e3af0e9f1e3364eb065,NA,NA,NA,gamble_left,Trial missed.,145,2,8,0,3,3
124,49,61084e3af0e9f1e3364eb065,1135,1,37,gamble_left,You won 19 dollars.,146,2,19,0,8,1
144,49,61084e3af0e9f1e3364eb065,966.5,1,39,gamble_right,You received 0 dollars.,147,2,26,0,12,2
55,49,61084e3af0e9f1e3364eb065,929.3,1,37,gamble_left,You won 30 dollars.,148,2,30,0,12,1
119,49,61084e3af0e9f1e3364eb065,1096.7,0,39,gamble_left,You won 10 dollars.,149,2,23,0,10,1
86,49,61084e3af0e9f1e3364eb065,1155.6,1,37,gamble_left,You won 12 dollars.,150,2,12,0,4,1