trial_index,ID,subject,rt,responses,key_press,gamble_location,stimulus,Trial_ID,Trial_Type,Gain,Loss,Certain,Trial_Outcome
123,50,5a85d403ae9a0b0001a9ec8c,557.5,0,39,gamble_left,You received 0 dollars.,1,1,2,-0.5,0,2
76,50,5a85d403ae9a0b0001a9ec8c,883.7,0,37,gamble_right,You received 0 dollars.,2,1,2,-0.75,0,2
137,50,5a85d403ae9a0b0001a9ec8c,626,0,39,gamble_left,You received 0 dollars.,3,1,2,-1,0,2
145,50,5a85d403ae9a0b0001a9ec8c,547.7,0,37,gamble_right,You received 0 dollars.,4,1,2,-1.25,0,2
38,50,5a85d403ae9a0b0001a9ec8c,832.9,0,37,gamble_right,You received 0 dollars.,5,1,2,-1.5,0,2
80,50,5a85d403ae9a0b0001a9ec8c,859.5,0,39,gamble_left,You received 0 dollars.,6,1,2,-1.75,0,2
8,50,5a85d403ae9a0b0001a9ec8c,624.2,1,39,gamble_right,You lost -2 dollars.,7,1,2,-2,0,2
46,50,5a85d403ae9a0b0001a9ec8c,689.9,0,37,gamble_right,You received 0 dollars.,8,1,2,-2.25,0,2
109,50,5a85d403ae9a0b0001a9ec8c,959.6,0,37,gamble_right,You received 0 dollars.,9,1,2,-2.5,0,2
58,50,5a85d403ae9a0b0001a9ec8c,534.2,0,39,gamble_left,You received 0 dollars.,10,1,2,-2.75,0,2
9,50,5a85d403ae9a0b0001a9ec8c,806.2,1,37,gamble_left,You lost -3 dollars.,11,1,2,-3,0,2
144,50,5a85d403ae9a0b0001a9ec8c,737.7,0,37,gamble_right,You received 0 dollars.,12,1,2,-3.25,0,2
45,50,5a85d403ae9a0b0001a9ec8c,393.2,0,37,gamble_right,You received 0 dollars.,13,1,2,-3.5,0,2
149,50,5a85d403ae9a0b0001a9ec8c,607.3,0,37,gamble_right,You received 0 dollars.,14,1,2,-3.75,0,2
51,50,5a85d403ae9a0b0001a9ec8c,1387.6,0,39,gamble_left,You received 0 dollars.,15,1,2,-4,0,2
84,50,5a85d403ae9a0b0001a9ec8c,880.7,0,39,gamble_left,You received 0 dollars.,16,1,4,-1,0,2
35,50,5a85d403ae9a0b0001a9ec8c,947.4,1,39,gamble_right,You won 4 dollars.,17,1,4,-1.5,0,1
26,50,5a85d403ae9a0b0001a9ec8c,1006.2,1,39,gamble_right,You won 4 dollars.,18,1,4,-2,0,1
22,50,5a85d403ae9a0b0001a9ec8c,785.9,0,39,gamble_left,You received 0 dollars.,19,1,4,-2.5,0,2
143,50,5a85d403ae9a0b0001a9ec8c,497.1,0,39,gamble_left,You received 0 dollars.,20,1,4,-3,0,2
119,50,5a85d403ae9a0b0001a9ec8c,727.8,0,37,gamble_right,You received 0 dollars.,21,1,4,-3.5,0,2
54,50,5a85d403ae9a0b0001a9ec8c,1069.1,0,37,gamble_right,You received 0 dollars.,22,1,4,-4,0,2
36,50,5a85d403ae9a0b0001a9ec8c,1167.5,0,37,gamble_right,You received 0 dollars.,23,1,4,-4.5,0,2
114,50,5a85d403ae9a0b0001a9ec8c,557,0,37,gamble_right,You received 0 dollars.,24,1,4,-5,0,2
71,50,5a85d403ae9a0b0001a9ec8c,513.7,0,37,gamble_right,You received 0 dollars.,25,1,4,-5.5,0,2
99,50,5a85d403ae9a0b0001a9ec8c,933.8,0,39,gamble_left,You received 0 dollars.,26,1,4,-6,0,2
90,50,5a85d403ae9a0b0001a9ec8c,892.2,0,37,gamble_right,You received 0 dollars.,27,1,4,-6.5,0,2
106,50,5a85d403ae9a0b0001a9ec8c,1135.1,0,39,gamble_left,You received 0 dollars.,28,1,4,-7,0,2
31,50,5a85d403ae9a0b0001a9ec8c,1066.2,0,37,gamble_right,You received 0 dollars.,29,1,4,-7.5,0,2
18,50,5a85d403ae9a0b0001a9ec8c,852.4,1,37,gamble_left,You lost -8 dollars.,30,1,4,-8,0,2
75,50,5a85d403ae9a0b0001a9ec8c,654.3,0,39,gamble_left,You received 0 dollars.,31,1,5,-1.25,0,2
81,50,5a85d403ae9a0b0001a9ec8c,1125.9,1,37,gamble_left,You won 5 dollars.,32,1,5,-1.88,0,1
2,50,5a85d403ae9a0b0001a9ec8c,1167,0,39,gamble_left,You received 0 dollars.,33,1,5,-2.5,0,2
105,50,5a85d403ae9a0b0001a9ec8c,1104.3,0,39,gamble_left,You received 0 dollars.,34,1,5,-3.13,0,2
117,50,5a85d403ae9a0b0001a9ec8c,892.4,0,39,gamble_left,You received 0 dollars.,35,1,5,-3.75,0,2
50,50,5a85d403ae9a0b0001a9ec8c,980,0,39,gamble_left,You received 0 dollars.,36,1,5,-4.38,0,2
113,50,5a85d403ae9a0b0001a9ec8c,1150.9,0,37,gamble_right,You received 0 dollars.,37,1,5,-5,0,2
140,50,5a85d403ae9a0b0001a9ec8c,448.7,0,39,gamble_left,You received 0 dollars.,38,1,5,-5.63,0,2
28,50,5a85d403ae9a0b0001a9ec8c,1239.8,0,39,gamble_left,You received 0 dollars.,39,1,5,-6.25,0,2
5,50,5a85d403ae9a0b0001a9ec8c,932.1,1,37,gamble_left,You won 5 dollars.,40,1,5,-6.88,0,1
63,50,5a85d403ae9a0b0001a9ec8c,901.7,0,37,gamble_right,You received 0 dollars.,41,1,5,-7.5,0,2
88,50,5a85d403ae9a0b0001a9ec8c,1217.2,0,39,gamble_left,You received 0 dollars.,42,1,5,-8.13,0,2
37,50,5a85d403ae9a0b0001a9ec8c,986.1,0,37,gamble_right,You received 0 dollars.,43,1,5,-8.75,0,2
134,50,5a85d403ae9a0b0001a9ec8c,557.3,0,39,gamble_left,You received 0 dollars.,44,1,5,-9.38,0,2
65,50,5a85d403ae9a0b0001a9ec8c,1186.7,0,39,gamble_left,You received 0 dollars.,45,1,5,-10,0,2
98,50,5a85d403ae9a0b0001a9ec8c,959.8,1,39,gamble_right,You lost -1.5 dollars.,46,1,6,-1.5,0,2
56,50,5a85d403ae9a0b0001a9ec8c,721.7,0,37,gamble_right,You received 0 dollars.,47,1,6,-2.25,0,2
125,50,5a85d403ae9a0b0001a9ec8c,498.4,0,37,gamble_right,You received 0 dollars.,48,1,6,-3,0,2
148,50,5a85d403ae9a0b0001a9ec8c,658.3,0,39,gamble_left,You received 0 dollars.,49,1,6,-3.75,0,2
126,50,5a85d403ae9a0b0001a9ec8c,522.5,0,39,gamble_left,You received 0 dollars.,50,1,6,-4.5,0,2
72,50,5a85d403ae9a0b0001a9ec8c,941.8,0,39,gamble_left,You received 0 dollars.,51,1,6,-5.25,0,2
34,50,5a85d403ae9a0b0001a9ec8c,977,0,37,gamble_right,You received 0 dollars.,52,1,6,-6,0,2
135,50,5a85d403ae9a0b0001a9ec8c,772.2,0,37,gamble_right,You received 0 dollars.,53,1,6,-6.75,0,2
17,50,5a85d403ae9a0b0001a9ec8c,686.8,1,37,gamble_left,You lost -7.5 dollars.,54,1,6,-7.5,0,2
121,50,5a85d403ae9a0b0001a9ec8c,1072,0,39,gamble_left,You received 0 dollars.,55,1,6,-8.25,0,2
139,50,5a85d403ae9a0b0001a9ec8c,634.7,0,39,gamble_left,You received 0 dollars.,56,1,6,-9,0,2
66,50,5a85d403ae9a0b0001a9ec8c,735.6,0,39,gamble_left,You received 0 dollars.,57,1,6,-9.75,0,2
96,50,5a85d403ae9a0b0001a9ec8c,788.8,0,39,gamble_left,You received 0 dollars.,58,1,6,-10.5,0,2
14,50,5a85d403ae9a0b0001a9ec8c,674.2,1,37,gamble_left,You lost -11.25 dollars.,59,1,6,-11.25,0,2
1,50,5a85d403ae9a0b0001a9ec8c,1580.7,0,37,gamble_right,You received 0 dollars.,60,1,6,-12,0,2
146,50,5a85d403ae9a0b0001a9ec8c,535.3,0,39,gamble_left,You received 0 dollars.,61,1,8,-2,0,2
53,50,5a85d403ae9a0b0001a9ec8c,861.1,0,39,gamble_left,You received 0 dollars.,62,1,8,-3,0,2
133,50,5a85d403ae9a0b0001a9ec8c,1094.8,1,39,gamble_right,You lost -4 dollars.,63,1,8,-4,0,2
87,50,5a85d403ae9a0b0001a9ec8c,996.3,1,39,gamble_right,You won 8 dollars.,64,1,8,-5,0,1
41,50,5a85d403ae9a0b0001a9ec8c,867.2,0,37,gamble_right,You received 0 dollars.,65,1,8,-6,0,2
110,50,5a85d403ae9a0b0001a9ec8c,660.7,0,37,gamble_right,You received 0 dollars.,66,1,8,-7,0,2
136,50,5a85d403ae9a0b0001a9ec8c,750.1,0,37,gamble_right,You received 0 dollars.,67,1,8,-8,0,2
94,50,5a85d403ae9a0b0001a9ec8c,1287.9,0,37,gamble_right,You received 0 dollars.,68,1,8,-9,0,2
85,50,5a85d403ae9a0b0001a9ec8c,1083.2,0,39,gamble_left,You received 0 dollars.,69,1,8,-10,0,2
68,50,5a85d403ae9a0b0001a9ec8c,640.3,0,39,gamble_left,You received 0 dollars.,70,1,8,-11,0,2
59,50,5a85d403ae9a0b0001a9ec8c,647.7,0,37,gamble_right,You received 0 dollars.,71,1,8,-12,0,2
64,50,5a85d403ae9a0b0001a9ec8c,998.3,0,39,gamble_left,You received 0 dollars.,72,1,8,-13,0,2
93,50,5a85d403ae9a0b0001a9ec8c,1046.4,0,39,gamble_left,You received 0 dollars.,73,1,8,-14,0,2
16,50,5a85d403ae9a0b0001a9ec8c,701.2,1,39,gamble_right,You won 8 dollars.,74,1,8,-15,0,1
61,50,5a85d403ae9a0b0001a9ec8c,536.8,0,39,gamble_left,You received 0 dollars.,75,1,8,-16,0,2
129,50,5a85d403ae9a0b0001a9ec8c,816.7,0,37,gamble_right,You received 0 dollars.,76,1,9,-2.25,0,2
92,50,5a85d403ae9a0b0001a9ec8c,1051.9,1,39,gamble_right,You won 9 dollars.,77,1,9,-3.38,0,1
120,50,5a85d403ae9a0b0001a9ec8c,828.5,0,39,gamble_left,You received 0 dollars.,78,1,9,-4.5,0,2
101,50,5a85d403ae9a0b0001a9ec8c,1386.5,0,39,gamble_left,You received 0 dollars.,79,1,9,-5.63,0,2
70,50,5a85d403ae9a0b0001a9ec8c,836.2,0,37,gamble_right,You received 0 dollars.,80,1,9,-6.75,0,2
52,50,5a85d403ae9a0b0001a9ec8c,664,0,37,gamble_right,You received 0 dollars.,81,1,9,-7.88,0,2
82,50,5a85d403ae9a0b0001a9ec8c,1363.8,0,37,gamble_right,You received 0 dollars.,82,1,9,-9,0,2
12,50,5a85d403ae9a0b0001a9ec8c,885.4,0,39,gamble_left,You received 0 dollars.,83,1,9,-10.13,0,2
112,50,5a85d403ae9a0b0001a9ec8c,819.3,0,37,gamble_right,You received 0 dollars.,84,1,9,-11.25,0,2
20,50,5a85d403ae9a0b0001a9ec8c,1236.4,1,39,gamble_right,You won 9 dollars.,85,1,9,-12.38,0,1
103,50,5a85d403ae9a0b0001a9ec8c,693.4,0,39,gamble_left,You received 0 dollars.,86,1,9,-13.5,0,2
118,50,5a85d403ae9a0b0001a9ec8c,739,0,37,gamble_right,You received 0 dollars.,87,1,9,-14.63,0,2
44,50,5a85d403ae9a0b0001a9ec8c,941.8,0,37,gamble_right,You received 0 dollars.,88,1,9,-15.75,0,2
33,50,5a85d403ae9a0b0001a9ec8c,936.1,0,39,gamble_left,You received 0 dollars.,89,1,9,-16.88,0,2
142,50,5a85d403ae9a0b0001a9ec8c,416.9,0,39,gamble_left,You received 0 dollars.,90,1,9,-18,0,2
39,50,5a85d403ae9a0b0001a9ec8c,1084.4,1,39,gamble_right,You lost -2.5 dollars.,91,1,10,-2.5,0,2
32,50,5a85d403ae9a0b0001a9ec8c,824.8,0,37,gamble_right,You received 0 dollars.,92,1,10,-3.75,0,2
78,50,5a85d403ae9a0b0001a9ec8c,946.6,1,39,gamble_right,You won 10 dollars.,93,1,10,-5,0,1
3,50,5a85d403ae9a0b0001a9ec8c,958.4,1,39,gamble_right,You won 10 dollars.,94,1,10,-6.25,0,1
11,50,5a85d403ae9a0b0001a9ec8c,923.5,1,39,gamble_right,You won 10 dollars.,95,1,10,-7.5,0,1
7,50,5a85d403ae9a0b0001a9ec8c,946.8,1,37,gamble_left,You lost -8.75 dollars.,96,1,10,-8.75,0,2
57,50,5a85d403ae9a0b0001a9ec8c,1091,0,39,gamble_left,You received 0 dollars.,97,1,10,-10,0,2
91,50,5a85d403ae9a0b0001a9ec8c,962,0,39,gamble_left,You received 0 dollars.,98,1,10,-11.25,0,2
107,50,5a85d403ae9a0b0001a9ec8c,636.1,0,39,gamble_left,You received 0 dollars.,99,1,10,-12.5,0,2
21,50,5a85d403ae9a0b0001a9ec8c,1153.3,1,37,gamble_left,You lost -13.75 dollars.,100,1,10,-13.75,0,2
4,50,5a85d403ae9a0b0001a9ec8c,1120,0,39,gamble_left,You received 0 dollars.,101,1,10,-15,0,2
89,50,5a85d403ae9a0b0001a9ec8c,1054.2,0,39,gamble_left,You received 0 dollars.,102,1,10,-16.25,0,2
77,50,5a85d403ae9a0b0001a9ec8c,958.9,0,37,gamble_right,You received 0 dollars.,103,1,10,-17.5,0,2
83,50,5a85d403ae9a0b0001a9ec8c,1158,0,37,gamble_right,You received 0 dollars.,104,1,10,-18.75,0,2
15,50,5a85d403ae9a0b0001a9ec8c,672.2,1,39,gamble_right,You lost -20 dollars.,105,1,10,-20,0,2
127,50,5a85d403ae9a0b0001a9ec8c,682.1,0,37,gamble_right,You received 0 dollars.,106,1,12,-3,0,2
86,50,5a85d403ae9a0b0001a9ec8c,1242.9,1,39,gamble_right,You lost -4.5 dollars.,107,1,12,-4.5,0,2
42,50,5a85d403ae9a0b0001a9ec8c,1399.3,1,39,gamble_right,You won 12 dollars.,108,1,12,-6,0,1
73,50,5a85d403ae9a0b0001a9ec8c,643.1,0,37,gamble_right,You received 0 dollars.,109,1,12,-7.5,0,2
24,50,5a85d403ae9a0b0001a9ec8c,920,1,39,gamble_right,You won 12 dollars.,110,1,12,-9,0,1
132,50,5a85d403ae9a0b0001a9ec8c,939.4,0,37,gamble_right,You received 0 dollars.,111,1,12,-10.5,0,2
95,50,5a85d403ae9a0b0001a9ec8c,831.4,0,39,gamble_left,You received 0 dollars.,112,1,12,-12,0,2
69,50,5a85d403ae9a0b0001a9ec8c,636.1,0,39,gamble_left,You received 0 dollars.,113,1,12,-13.5,0,2
13,50,5a85d403ae9a0b0001a9ec8c,887.3,1,37,gamble_left,You lost -15 dollars.,114,1,12,-15,0,2
147,50,5a85d403ae9a0b0001a9ec8c,585.3,0,39,gamble_left,You received 0 dollars.,115,1,12,-16.5,0,2
108,50,5a85d403ae9a0b0001a9ec8c,797.2,0,37,gamble_right,You received 0 dollars.,116,1,12,-18,0,2
6,50,5a85d403ae9a0b0001a9ec8c,1071.3,0,37,gamble_right,You received 0 dollars.,117,1,12,-19.5,0,2
10,50,5a85d403ae9a0b0001a9ec8c,1166.3,1,37,gamble_left,You won 12 dollars.,118,1,12,-21,0,1
115,50,5a85d403ae9a0b0001a9ec8c,822,0,37,gamble_right,You received 0 dollars.,119,1,12,-22.5,0,2
29,50,5a85d403ae9a0b0001a9ec8c,1114.2,1,39,gamble_right,You won 12 dollars.,120,1,12,-24,0,1
102,50,5a85d403ae9a0b0001a9ec8c,630.6,0,39,gamble_left,You won 2 dollars.,121,2,4,0,2,1
124,50,5a85d403ae9a0b0001a9ec8c,650.3,0,37,gamble_right,You won 4 dollars.,122,2,8,0,4,1
130,50,5a85d403ae9a0b0001a9ec8c,795.5,0,39,gamble_left,You won 6 dollars.,123,2,12,0,6,1
141,50,5a85d403ae9a0b0001a9ec8c,633.8,0,39,gamble_left,You won 9 dollars.,124,2,18,0,9,1
43,50,5a85d403ae9a0b0001a9ec8c,1212,0,37,gamble_right,You won 12 dollars.,125,2,24,0,12,1
138,50,5a85d403ae9a0b0001a9ec8c,932.5,0,39,gamble_left,You won 3 dollars.,126,2,5,0,3,1
60,50,5a85d403ae9a0b0001a9ec8c,590.8,0,39,gamble_left,You won 4 dollars.,127,2,7,0,4,1
62,50,5a85d403ae9a0b0001a9ec8c,954.5,0,37,gamble_right,You won 6 dollars.,128,2,10,0,6,1
97,50,5a85d403ae9a0b0001a9ec8c,814.3,0,39,gamble_left,You won 10 dollars.,129,2,17,0,10,1
27,50,5a85d403ae9a0b0001a9ec8c,1163.9,0,37,gamble_right,You won 13 dollars.,130,2,22,0,13,1
79,50,5a85d403ae9a0b0001a9ec8c,1325.5,0,39,gamble_left,You won 13 dollars.,131,2,28,0,13,1
55,50,5a85d403ae9a0b0001a9ec8c,776.3,0,37,gamble_right,You won 2 dollars.,132,2,5,0,2,1
74,50,5a85d403ae9a0b0001a9ec8c,637.8,0,37,gamble_right,You won 10 dollars.,133,2,26,0,10,1
116,50,5a85d403ae9a0b0001a9ec8c,768,0,39,gamble_left,You won 3 dollars.,134,2,7,0,3,1
67,50,5a85d403ae9a0b0001a9ec8c,693.5,0,37,gamble_right,You won 5 dollars.,135,2,13,0,5,1
128,50,5a85d403ae9a0b0001a9ec8c,854.7,0,39,gamble_left,You won 6 dollars.,136,2,12,0,6,1
48,50,5a85d403ae9a0b0001a9ec8c,1191.3,0,39,gamble_left,You won 10 dollars.,137,2,25,0,10,1
49,50,5a85d403ae9a0b0001a9ec8c,901.1,0,39,gamble_left,You won 2 dollars.,138,2,4,0,2,1
100,50,5a85d403ae9a0b0001a9ec8c,725.7,0,39,gamble_left,You won 1 dollars.,139,2,3,0,1,1
19,50,5a85d403ae9a0b0001a9ec8c,1204.4,1,39,gamble_right,You received 0 dollars.,140,2,25,0,9,2
40,50,5a85d403ae9a0b0001a9ec8c,952.5,0,39,gamble_left,You won 6 dollars.,141,2,13,0,6,1
25,50,5a85d403ae9a0b0001a9ec8c,1192,0,39,gamble_left,You won 10 dollars.,142,2,22,0,10,1
122,50,5a85d403ae9a0b0001a9ec8c,793.3,0,37,gamble_right,You won 5 dollars.,143,2,12,0,5,1
111,50,5a85d403ae9a0b0001a9ec8c,617.9,0,39,gamble_left,You won 1 dollars.,144,2,2,0,1,1
104,50,5a85d403ae9a0b0001a9ec8c,957.2,0,37,gamble_right,You won 3 dollars.,145,2,8,0,3,1
131,50,5a85d403ae9a0b0001a9ec8c,659.1,0,39,gamble_left,You won 8 dollars.,146,2,19,0,8,1
23,50,5a85d403ae9a0b0001a9ec8c,944.1,1,39,gamble_right,You received 0 dollars.,147,2,26,0,12,2
30,50,5a85d403ae9a0b0001a9ec8c,739.2,0,37,gamble_right,You won 12 dollars.,148,2,30,0,12,1
150,50,5a85d403ae9a0b0001a9ec8c,954.3,0,37,gamble_right,You won 10 dollars.,149,2,23,0,10,1
47,50,5a85d403ae9a0b0001a9ec8c,724.9,0,37,gamble_right,You won 4 dollars.,150,2,12,0,4,1