trial_index,ID,subject,rt,responses,key_press,gamble_location,stimulus,Trial_ID,Trial_Type,Gain,Loss,Certain,Trial_Outcome
109,101,6154651c88044034f2007dcc,1085.8,1,37,gamble_left,You won 2 dollars.,1,1,2,-0.5,0,1
136,101,6154651c88044034f2007dcc,959.6,1,39,gamble_right,You lost -0.75 dollars.,2,1,2,-0.75,0,2
39,101,6154651c88044034f2007dcc,1951.5,0,39,gamble_left,You received 0 dollars.,3,1,2,-1,0,2
90,101,6154651c88044034f2007dcc,1479,0,37,gamble_right,You received 0 dollars.,4,1,2,-1.25,0,2
30,101,6154651c88044034f2007dcc,1461.9,1,37,gamble_left,You lost -1.5 dollars.,5,1,2,-1.5,0,2
143,101,6154651c88044034f2007dcc,889.9,0,39,gamble_left,You received 0 dollars.,6,1,2,-1.75,0,2
139,101,6154651c88044034f2007dcc,1070.6,0,37,gamble_right,You received 0 dollars.,7,1,2,-2,0,2
2,101,6154651c88044034f2007dcc,1717,0,39,gamble_left,You received 0 dollars.,8,1,2,-2.25,0,2
140,101,6154651c88044034f2007dcc,951.2,0,37,gamble_right,You received 0 dollars.,9,1,2,-2.5,0,2
148,101,6154651c88044034f2007dcc,919.3,0,39,gamble_left,You received 0 dollars.,10,1,2,-2.75,0,2
3,101,6154651c88044034f2007dcc,1173.5,0,37,gamble_right,You received 0 dollars.,11,1,2,-3,0,2
145,101,6154651c88044034f2007dcc,959.8,0,39,gamble_left,You received 0 dollars.,12,1,2,-3.25,0,2
123,101,6154651c88044034f2007dcc,994.5,0,39,gamble_left,You received 0 dollars.,13,1,2,-3.5,0,2
116,101,6154651c88044034f2007dcc,1748.2,0,39,gamble_left,You received 0 dollars.,14,1,2,-3.75,0,2
29,101,6154651c88044034f2007dcc,1067.2,1,39,gamble_right,You lost -4 dollars.,15,1,2,-4,0,2
8,101,6154651c88044034f2007dcc,878.9,1,39,gamble_right,You won 4 dollars.,16,1,4,-1,0,1
146,101,6154651c88044034f2007dcc,983.9,1,37,gamble_left,You lost -1.5 dollars.,17,1,4,-1.5,0,2
26,101,6154651c88044034f2007dcc,1134,1,39,gamble_right,You won 4 dollars.,18,1,4,-2,0,1
86,101,6154651c88044034f2007dcc,1087.4,0,37,gamble_right,You received 0 dollars.,19,1,4,-2.5,0,2
127,101,6154651c88044034f2007dcc,993.6,0,37,gamble_right,You received 0 dollars.,20,1,4,-3,0,2
4,101,6154651c88044034f2007dcc,1241.9,1,39,gamble_right,You lost -3.5 dollars.,21,1,4,-3.5,0,2
144,101,6154651c88044034f2007dcc,990.5,1,39,gamble_right,You won 4 dollars.,22,1,4,-4,0,1
61,101,6154651c88044034f2007dcc,1308.9,0,37,gamble_right,You received 0 dollars.,23,1,4,-4.5,0,2
76,101,6154651c88044034f2007dcc,960.4,0,37,gamble_right,You received 0 dollars.,24,1,4,-5,0,2
74,101,6154651c88044034f2007dcc,1138.1,0,39,gamble_left,You received 0 dollars.,25,1,4,-5.5,0,2
15,101,6154651c88044034f2007dcc,1023,0,37,gamble_right,You received 0 dollars.,26,1,4,-6,0,2
93,101,6154651c88044034f2007dcc,1237.1,0,39,gamble_left,You received 0 dollars.,27,1,4,-6.5,0,2
91,101,6154651c88044034f2007dcc,1013.6,0,37,gamble_right,You received 0 dollars.,28,1,4,-7,0,2
72,101,6154651c88044034f2007dcc,1146.8,0,37,gamble_right,You received 0 dollars.,29,1,4,-7.5,0,2
55,101,6154651c88044034f2007dcc,1448.6,0,39,gamble_left,You received 0 dollars.,30,1,4,-8,0,2
20,101,6154651c88044034f2007dcc,1122.5,1,37,gamble_left,You lost -1.25 dollars.,31,1,5,-1.25,0,2
33,101,6154651c88044034f2007dcc,1320.5,1,37,gamble_left,You won 5 dollars.,32,1,5,-1.88,0,1
113,101,6154651c88044034f2007dcc,953.1,1,39,gamble_right,You lost -2.5 dollars.,33,1,5,-2.5,0,2
24,101,6154651c88044034f2007dcc,1389.8,1,39,gamble_right,You lost -3.13 dollars.,34,1,5,-3.13,0,2
75,101,6154651c88044034f2007dcc,1214.3,1,39,gamble_right,You lost -3.75 dollars.,35,1,5,-3.75,0,2
21,101,6154651c88044034f2007dcc,1086.2,0,39,gamble_left,You received 0 dollars.,36,1,5,-4.38,0,2
63,101,6154651c88044034f2007dcc,1367.5,1,39,gamble_right,You won 5 dollars.,37,1,5,-5,0,1
57,101,6154651c88044034f2007dcc,981.2,0,39,gamble_left,You received 0 dollars.,38,1,5,-5.63,0,2
77,101,6154651c88044034f2007dcc,1036.2,0,39,gamble_left,You received 0 dollars.,39,1,5,-6.25,0,2
133,101,6154651c88044034f2007dcc,1031.4,0,37,gamble_right,You received 0 dollars.,40,1,5,-6.88,0,2
65,101,6154651c88044034f2007dcc,1124.2,0,39,gamble_left,You received 0 dollars.,41,1,5,-7.5,0,2
66,101,6154651c88044034f2007dcc,887,0,39,gamble_left,You received 0 dollars.,42,1,5,-8.13,0,2
79,101,6154651c88044034f2007dcc,1072,0,39,gamble_left,You received 0 dollars.,43,1,5,-8.75,0,2
9,101,6154651c88044034f2007dcc,1423.1,0,37,gamble_right,You received 0 dollars.,44,1,5,-9.38,0,2
70,101,6154651c88044034f2007dcc,884.6,0,37,gamble_right,You received 0 dollars.,45,1,5,-10,0,2
135,101,6154651c88044034f2007dcc,1075.9,1,39,gamble_right,You lost -1.5 dollars.,46,1,6,-1.5,0,2
81,101,6154651c88044034f2007dcc,891.4,0,37,gamble_right,You received 0 dollars.,47,1,6,-2.25,0,2
130,101,6154651c88044034f2007dcc,1215.4,0,37,gamble_right,You received 0 dollars.,48,1,6,-3,0,2
47,101,6154651c88044034f2007dcc,1235.5,0,39,gamble_left,You received 0 dollars.,49,1,6,-3.75,0,2
124,101,6154651c88044034f2007dcc,956.8,0,37,gamble_right,You received 0 dollars.,50,1,6,-4.5,0,2
121,101,6154651c88044034f2007dcc,1244,0,37,gamble_right,You received 0 dollars.,51,1,6,-5.25,0,2
142,101,6154651c88044034f2007dcc,1011.5,0,39,gamble_left,You received 0 dollars.,52,1,6,-6,0,2
104,101,6154651c88044034f2007dcc,1122.7,0,39,gamble_left,You received 0 dollars.,53,1,6,-6.75,0,2
67,101,6154651c88044034f2007dcc,959.3,0,37,gamble_right,You received 0 dollars.,54,1,6,-7.5,0,2
34,101,6154651c88044034f2007dcc,1282.5,0,39,gamble_left,You received 0 dollars.,55,1,6,-8.25,0,2
54,101,6154651c88044034f2007dcc,1286.6,0,37,gamble_right,You received 0 dollars.,56,1,6,-9,0,2
102,101,6154651c88044034f2007dcc,1099,0,37,gamble_right,You received 0 dollars.,57,1,6,-9.75,0,2
68,101,6154651c88044034f2007dcc,996.3,0,39,gamble_left,You received 0 dollars.,58,1,6,-10.5,0,2
134,101,6154651c88044034f2007dcc,856.4,0,37,gamble_right,You received 0 dollars.,59,1,6,-11.25,0,2
69,101,6154651c88044034f2007dcc,940.8,0,39,gamble_left,You received 0 dollars.,60,1,6,-12,0,2
147,101,6154651c88044034f2007dcc,1024,1,37,gamble_left,You lost -2 dollars.,61,1,8,-2,0,2
32,101,6154651c88044034f2007dcc,1293.8,1,37,gamble_left,You won 8 dollars.,62,1,8,-3,0,1
82,101,6154651c88044034f2007dcc,982.6,1,39,gamble_right,You lost -4 dollars.,63,1,8,-4,0,2
45,101,6154651c88044034f2007dcc,1248.9,1,39,gamble_right,You lost -5 dollars.,64,1,8,-5,0,2
43,101,6154651c88044034f2007dcc,1235.4,0,37,gamble_right,You received 0 dollars.,65,1,8,-6,0,2
97,101,6154651c88044034f2007dcc,1197.5,0,39,gamble_left,You received 0 dollars.,66,1,8,-7,0,2
87,101,6154651c88044034f2007dcc,1067.3,0,37,gamble_right,You received 0 dollars.,67,1,8,-8,0,2
103,101,6154651c88044034f2007dcc,1020.2,0,39,gamble_left,You received 0 dollars.,68,1,8,-9,0,2
17,101,6154651c88044034f2007dcc,1080.1,0,37,gamble_right,You received 0 dollars.,69,1,8,-10,0,2
52,101,6154651c88044034f2007dcc,1227.3,0,37,gamble_right,You received 0 dollars.,70,1,8,-11,0,2
42,101,6154651c88044034f2007dcc,1100.8,0,39,gamble_left,You received 0 dollars.,71,1,8,-12,0,2
107,101,6154651c88044034f2007dcc,1026.6,0,39,gamble_left,You received 0 dollars.,72,1,8,-13,0,2
5,101,6154651c88044034f2007dcc,1140.9,0,37,gamble_right,You received 0 dollars.,73,1,8,-14,0,2
12,101,6154651c88044034f2007dcc,1250.1,0,39,gamble_left,You received 0 dollars.,74,1,8,-15,0,2
7,101,6154651c88044034f2007dcc,1043.4,0,39,gamble_left,You received 0 dollars.,75,1,8,-16,0,2
11,101,6154651c88044034f2007dcc,1332.4,0,39,gamble_left,You received 0 dollars.,76,1,9,-2.25,0,2
122,101,6154651c88044034f2007dcc,1084.4,1,37,gamble_left,You lost -3.38 dollars.,77,1,9,-3.38,0,2
85,101,6154651c88044034f2007dcc,1090.5,1,39,gamble_right,You won 9 dollars.,78,1,9,-4.5,0,1
27,101,6154651c88044034f2007dcc,1152.5,0,37,gamble_right,You received 0 dollars.,79,1,9,-5.63,0,2
44,101,6154651c88044034f2007dcc,1201.9,1,39,gamble_right,You won 9 dollars.,80,1,9,-6.75,0,1
114,101,6154651c88044034f2007dcc,931.2,0,37,gamble_right,You received 0 dollars.,81,1,9,-7.88,0,2
71,101,6154651c88044034f2007dcc,NA,NA,NA,gamble_right,Trial missed.,82,1,9,-9,0,3
64,101,6154651c88044034f2007dcc,839.4,0,37,gamble_right,You received 0 dollars.,83,1,9,-10.13,0,2
149,101,6154651c88044034f2007dcc,972.8,0,39,gamble_left,You received 0 dollars.,84,1,9,-11.25,0,2
38,101,6154651c88044034f2007dcc,NA,NA,NA,gamble_right,Trial missed.,85,1,9,-12.38,0,3
62,101,6154651c88044034f2007dcc,1042.1,0,37,gamble_right,You received 0 dollars.,86,1,9,-13.5,0,2
58,101,6154651c88044034f2007dcc,1064.7,0,37,gamble_right,You received 0 dollars.,87,1,9,-14.63,0,2
95,101,6154651c88044034f2007dcc,962.4,0,37,gamble_right,You received 0 dollars.,88,1,9,-15.75,0,2
59,101,6154651c88044034f2007dcc,924.6,0,37,gamble_right,You received 0 dollars.,89,1,9,-16.88,0,2
78,101,6154651c88044034f2007dcc,998.9,0,37,gamble_right,You received 0 dollars.,90,1,9,-18,0,2
119,101,6154651c88044034f2007dcc,985.6,0,39,gamble_left,You received 0 dollars.,91,1,10,-2.5,0,2
92,101,6154651c88044034f2007dcc,933.6,1,39,gamble_right,You won 10 dollars.,92,1,10,-3.75,0,1
13,101,6154651c88044034f2007dcc,1007.8,1,39,gamble_right,You won 10 dollars.,93,1,10,-5,0,1
137,101,6154651c88044034f2007dcc,973.9,0,37,gamble_right,You received 0 dollars.,94,1,10,-6.25,0,2
128,101,6154651c88044034f2007dcc,918,0,39,gamble_left,You received 0 dollars.,95,1,10,-7.5,0,2
16,101,6154651c88044034f2007dcc,1132.4,1,37,gamble_left,You won 10 dollars.,96,1,10,-8.75,0,1
106,101,6154651c88044034f2007dcc,1199.8,0,39,gamble_left,You received 0 dollars.,97,1,10,-10,0,2
141,101,6154651c88044034f2007dcc,981.4,0,39,gamble_left,You received 0 dollars.,98,1,10,-11.25,0,2
98,101,6154651c88044034f2007dcc,1119.6,0,39,gamble_left,You received 0 dollars.,99,1,10,-12.5,0,2
131,101,6154651c88044034f2007dcc,1112.1,0,39,gamble_left,You received 0 dollars.,100,1,10,-13.75,0,2
111,101,6154651c88044034f2007dcc,1111.9,0,37,gamble_right,You received 0 dollars.,101,1,10,-15,0,2
84,101,6154651c88044034f2007dcc,1228.9,0,39,gamble_left,You received 0 dollars.,102,1,10,-16.25,0,2
138,101,6154651c88044034f2007dcc,1031.7,0,39,gamble_left,You received 0 dollars.,103,1,10,-17.5,0,2
96,101,6154651c88044034f2007dcc,969.5,0,39,gamble_left,You received 0 dollars.,104,1,10,-18.75,0,2
14,101,6154651c88044034f2007dcc,1226.1,0,37,gamble_right,You received 0 dollars.,105,1,10,-20,0,2
46,101,6154651c88044034f2007dcc,1084.5,1,37,gamble_left,You lost -3 dollars.,106,1,12,-3,0,2
19,101,6154651c88044034f2007dcc,1199.2,1,37,gamble_left,You lost -4.5 dollars.,107,1,12,-4.5,0,2
60,101,6154651c88044034f2007dcc,1003.8,0,37,gamble_right,You received 0 dollars.,108,1,12,-6,0,2
23,101,6154651c88044034f2007dcc,1216.6,0,37,gamble_right,You received 0 dollars.,109,1,12,-7.5,0,2
40,101,6154651c88044034f2007dcc,1223.6,1,39,gamble_right,You lost -9 dollars.,110,1,12,-9,0,2
50,101,6154651c88044034f2007dcc,1102,0,37,gamble_right,You received 0 dollars.,111,1,12,-10.5,0,2
112,101,6154651c88044034f2007dcc,836,0,37,gamble_right,You received 0 dollars.,112,1,12,-12,0,2
31,101,6154651c88044034f2007dcc,1499.8,0,39,gamble_left,You received 0 dollars.,113,1,12,-13.5,0,2
101,101,6154651c88044034f2007dcc,1270.8,0,39,gamble_left,You received 0 dollars.,114,1,12,-15,0,2
10,101,6154651c88044034f2007dcc,1494,0,37,gamble_right,You received 0 dollars.,115,1,12,-16.5,0,2
105,101,6154651c88044034f2007dcc,1216.5,0,39,gamble_left,You received 0 dollars.,116,1,12,-18,0,2
51,101,6154651c88044034f2007dcc,1070.1,0,37,gamble_right,You received 0 dollars.,117,1,12,-19.5,0,2
83,101,6154651c88044034f2007dcc,1149.3,0,37,gamble_right,You received 0 dollars.,118,1,12,-21,0,2
6,101,6154651c88044034f2007dcc,1299.7,0,39,gamble_left,You received 0 dollars.,119,1,12,-22.5,0,2
89,101,6154651c88044034f2007dcc,1175.1,0,39,gamble_left,You received 0 dollars.,120,1,12,-24,0,2
25,101,6154651c88044034f2007dcc,1098.4,1,39,gamble_right,You received 0 dollars.,121,2,4,0,2,2
53,101,6154651c88044034f2007dcc,966.7,0,39,gamble_left,You won 4 dollars.,122,2,8,0,4,1
126,101,6154651c88044034f2007dcc,950.5,1,39,gamble_right,You received 0 dollars.,123,2,12,0,6,2
48,101,6154651c88044034f2007dcc,920.3,1,37,gamble_left,You received 0 dollars.,124,2,18,0,9,2
99,101,6154651c88044034f2007dcc,791.9,0,39,gamble_left,You won 12 dollars.,125,2,24,0,12,1
73,101,6154651c88044034f2007dcc,945.2,0,39,gamble_left,You won 3 dollars.,126,2,5,0,3,1
118,101,6154651c88044034f2007dcc,1221.6,0,37,gamble_right,You won 4 dollars.,127,2,7,0,4,1
56,101,6154651c88044034f2007dcc,722,0,37,gamble_right,You won 6 dollars.,128,2,10,0,6,1
108,101,6154651c88044034f2007dcc,1041.2,1,39,gamble_right,You won 17 dollars.,129,2,17,0,10,1
100,101,6154651c88044034f2007dcc,805.5,1,39,gamble_right,You received 0 dollars.,130,2,22,0,13,2
125,101,6154651c88044034f2007dcc,973.8,1,39,gamble_right,You received 0 dollars.,131,2,28,0,13,2
88,101,6154651c88044034f2007dcc,801.6,1,39,gamble_right,You won 5 dollars.,132,2,5,0,2,1
94,101,6154651c88044034f2007dcc,859.9,1,39,gamble_right,You won 26 dollars.,133,2,26,0,10,1
36,101,6154651c88044034f2007dcc,1103.8,1,37,gamble_left,You received 0 dollars.,134,2,7,0,3,2
80,101,6154651c88044034f2007dcc,920.6,0,39,gamble_left,You won 5 dollars.,135,2,13,0,5,1
132,101,6154651c88044034f2007dcc,965.3,1,37,gamble_left,You received 0 dollars.,136,2,12,0,6,2
22,101,6154651c88044034f2007dcc,964.4,1,37,gamble_left,You received 0 dollars.,137,2,25,0,10,2
37,101,6154651c88044034f2007dcc,1127.8,1,37,gamble_left,You won 4 dollars.,138,2,4,0,2,1
150,101,6154651c88044034f2007dcc,739.9,0,39,gamble_left,You won 1 dollars.,139,2,3,0,1,1
120,101,6154651c88044034f2007dcc,1147,0,39,gamble_left,You won 9 dollars.,140,2,25,0,9,1
110,101,6154651c88044034f2007dcc,859.6,1,39,gamble_right,You received 0 dollars.,141,2,13,0,6,2
41,101,6154651c88044034f2007dcc,1178.7,1,39,gamble_right,You received 0 dollars.,142,2,22,0,10,2
129,101,6154651c88044034f2007dcc,872.2,0,39,gamble_left,You won 5 dollars.,143,2,12,0,5,1
35,101,6154651c88044034f2007dcc,1185.8,1,37,gamble_left,You received 0 dollars.,144,2,2,0,1,2
1,101,6154651c88044034f2007dcc,1290.3,0,37,gamble_right,You won 3 dollars.,145,2,8,0,3,1
115,101,6154651c88044034f2007dcc,809.1,0,39,gamble_left,You won 8 dollars.,146,2,19,0,8,1
117,101,6154651c88044034f2007dcc,946.3,1,39,gamble_right,You won 26 dollars.,147,2,26,0,12,1
49,101,6154651c88044034f2007dcc,871,1,37,gamble_left,You received 0 dollars.,148,2,30,0,12,2
28,101,6154651c88044034f2007dcc,730,1,39,gamble_right,You won 23 dollars.,149,2,23,0,10,1
18,101,6154651c88044034f2007dcc,1193.8,1,37,gamble_left,You won 12 dollars.,150,2,12,0,4,1