trial_index,ID,subject,rt,responses,key_press,gamble_location,stimulus,Trial_ID,Trial_Type,Gain,Loss,Certain,Trial_Outcome
35,102,6156a440279fdf408ee663ae,945.2,0,39,gamble_left,You received 0 dollars.,1,1,2,-0.5,0,2
131,102,6156a440279fdf408ee663ae,1278.8,1,37,gamble_left,You won 2 dollars.,2,1,2,-0.75,0,1
16,102,6156a440279fdf408ee663ae,1230.4,1,39,gamble_right,You won 2 dollars.,3,1,2,-1,0,1
94,102,6156a440279fdf408ee663ae,1481.7,0,37,gamble_right,You received 0 dollars.,4,1,2,-1.25,0,2
106,102,6156a440279fdf408ee663ae,345.5,0,37,gamble_right,You received 0 dollars.,5,1,2,-1.5,0,2
82,102,6156a440279fdf408ee663ae,1185.3,0,39,gamble_left,You received 0 dollars.,6,1,2,-1.75,0,2
74,102,6156a440279fdf408ee663ae,1094.7,0,39,gamble_left,You received 0 dollars.,7,1,2,-2,0,2
7,102,6156a440279fdf408ee663ae,1152.8,1,39,gamble_right,You won 2 dollars.,8,1,2,-2.25,0,1
49,102,6156a440279fdf408ee663ae,628.3,1,37,gamble_left,You won 2 dollars.,9,1,2,-2.5,0,1
119,102,6156a440279fdf408ee663ae,1329.7,0,37,gamble_right,You received 0 dollars.,10,1,2,-2.75,0,2
9,102,6156a440279fdf408ee663ae,1452.7,0,39,gamble_left,You received 0 dollars.,11,1,2,-3,0,2
56,102,6156a440279fdf408ee663ae,751.3,0,39,gamble_left,You received 0 dollars.,12,1,2,-3.25,0,2
93,102,6156a440279fdf408ee663ae,749,0,37,gamble_right,You received 0 dollars.,13,1,2,-3.5,0,2
136,102,6156a440279fdf408ee663ae,1081.7,0,39,gamble_left,You received 0 dollars.,14,1,2,-3.75,0,2
61,102,6156a440279fdf408ee663ae,1599.1,0,37,gamble_right,You received 0 dollars.,15,1,2,-4,0,2
149,102,6156a440279fdf408ee663ae,1351.3,1,39,gamble_right,You lost -1 dollars.,16,1,4,-1,0,2
32,102,6156a440279fdf408ee663ae,476.1,0,37,gamble_right,You received 0 dollars.,17,1,4,-1.5,0,2
92,102,6156a440279fdf408ee663ae,2000.1,0,37,gamble_right,You received 0 dollars.,18,1,4,-2,0,2
12,102,6156a440279fdf408ee663ae,1039.4,0,37,gamble_right,You received 0 dollars.,19,1,4,-2.5,0,2
88,102,6156a440279fdf408ee663ae,1572.8,0,37,gamble_right,You received 0 dollars.,20,1,4,-3,0,2
116,102,6156a440279fdf408ee663ae,1289.3,0,37,gamble_right,You received 0 dollars.,21,1,4,-3.5,0,2
22,102,6156a440279fdf408ee663ae,1286.6,0,37,gamble_right,You received 0 dollars.,22,1,4,-4,0,2
99,102,6156a440279fdf408ee663ae,1084.2,0,39,gamble_left,You received 0 dollars.,23,1,4,-4.5,0,2
27,102,6156a440279fdf408ee663ae,1197,0,39,gamble_left,You received 0 dollars.,24,1,4,-5,0,2
57,102,6156a440279fdf408ee663ae,1460,0,37,gamble_right,You received 0 dollars.,25,1,4,-5.5,0,2
81,102,6156a440279fdf408ee663ae,1119.6,0,39,gamble_left,You received 0 dollars.,26,1,4,-6,0,2
110,102,6156a440279fdf408ee663ae,1507.7,1,39,gamble_right,You lost -6.5 dollars.,27,1,4,-6.5,0,2
37,102,6156a440279fdf408ee663ae,NA,NA,NA,gamble_right,Trial missed.,28,1,4,-7,0,3
62,102,6156a440279fdf408ee663ae,1179.9,0,37,gamble_right,You received 0 dollars.,29,1,4,-7.5,0,2
33,102,6156a440279fdf408ee663ae,NA,NA,NA,gamble_right,Trial missed.,30,1,4,-8,0,3
46,102,6156a440279fdf408ee663ae,1127.2,1,37,gamble_left,You lost -1.25 dollars.,31,1,5,-1.25,0,2
77,102,6156a440279fdf408ee663ae,1957.9,1,39,gamble_right,You won 5 dollars.,32,1,5,-1.88,0,1
36,102,6156a440279fdf408ee663ae,1103.5,0,39,gamble_left,You received 0 dollars.,33,1,5,-2.5,0,2
24,102,6156a440279fdf408ee663ae,1169,1,37,gamble_left,You won 5 dollars.,34,1,5,-3.13,0,1
146,102,6156a440279fdf408ee663ae,1097.4,0,37,gamble_right,You received 0 dollars.,35,1,5,-3.75,0,2
109,102,6156a440279fdf408ee663ae,1221.3,0,37,gamble_right,You received 0 dollars.,36,1,5,-4.38,0,2
50,102,6156a440279fdf408ee663ae,1541.5,0,37,gamble_right,You received 0 dollars.,37,1,5,-5,0,2
17,102,6156a440279fdf408ee663ae,1070.5,0,39,gamble_left,You received 0 dollars.,38,1,5,-5.63,0,2
42,102,6156a440279fdf408ee663ae,1656.3,0,37,gamble_right,You received 0 dollars.,39,1,5,-6.25,0,2
80,102,6156a440279fdf408ee663ae,1233.6,0,39,gamble_left,You received 0 dollars.,40,1,5,-6.88,0,2
63,102,6156a440279fdf408ee663ae,1196.2,0,37,gamble_right,You received 0 dollars.,41,1,5,-7.5,0,2
73,102,6156a440279fdf408ee663ae,1101.3,0,39,gamble_left,You received 0 dollars.,42,1,5,-8.13,0,2
31,102,6156a440279fdf408ee663ae,1257.5,0,37,gamble_right,You received 0 dollars.,43,1,5,-8.75,0,2
124,102,6156a440279fdf408ee663ae,1010.6,0,39,gamble_left,You received 0 dollars.,44,1,5,-9.38,0,2
6,102,6156a440279fdf408ee663ae,1160.4,1,39,gamble_right,You won 5 dollars.,45,1,5,-10,0,1
3,102,6156a440279fdf408ee663ae,960.1,1,39,gamble_right,You lost -1.5 dollars.,46,1,6,-1.5,0,2
40,102,6156a440279fdf408ee663ae,174.3,0,37,gamble_right,You received 0 dollars.,47,1,6,-2.25,0,2
98,102,6156a440279fdf408ee663ae,1393.8,1,39,gamble_right,You lost -3 dollars.,48,1,6,-3,0,2
38,102,6156a440279fdf408ee663ae,75.4,0,37,gamble_right,You received 0 dollars.,49,1,6,-3.75,0,2
59,102,6156a440279fdf408ee663ae,1170.5,1,39,gamble_right,You lost -4.5 dollars.,50,1,6,-4.5,0,2
51,102,6156a440279fdf408ee663ae,1603.9,0,37,gamble_right,You received 0 dollars.,51,1,6,-5.25,0,2
1,102,6156a440279fdf408ee663ae,1590.9,0,37,gamble_right,You received 0 dollars.,52,1,6,-6,0,2
53,102,6156a440279fdf408ee663ae,1025.2,0,39,gamble_left,You received 0 dollars.,53,1,6,-6.75,0,2
96,102,6156a440279fdf408ee663ae,1104.1,0,37,gamble_right,You received 0 dollars.,54,1,6,-7.5,0,2
55,102,6156a440279fdf408ee663ae,1086.5,0,39,gamble_left,You received 0 dollars.,55,1,6,-8.25,0,2
83,102,6156a440279fdf408ee663ae,1467.6,0,37,gamble_right,You received 0 dollars.,56,1,6,-9,0,2
135,102,6156a440279fdf408ee663ae,1104,0,37,gamble_right,You received 0 dollars.,57,1,6,-9.75,0,2
138,102,6156a440279fdf408ee663ae,1071,0,39,gamble_left,You received 0 dollars.,58,1,6,-10.5,0,2
29,102,6156a440279fdf408ee663ae,960.7,0,37,gamble_right,You received 0 dollars.,59,1,6,-11.25,0,2
118,102,6156a440279fdf408ee663ae,1116.5,0,39,gamble_left,You received 0 dollars.,60,1,6,-12,0,2
19,102,6156a440279fdf408ee663ae,1311,1,39,gamble_right,You lost -2 dollars.,61,1,8,-2,0,2
140,102,6156a440279fdf408ee663ae,1054.7,0,37,gamble_right,You received 0 dollars.,62,1,8,-3,0,2
134,102,6156a440279fdf408ee663ae,1363.6,0,37,gamble_right,You received 0 dollars.,63,1,8,-4,0,2
68,102,6156a440279fdf408ee663ae,1058.3,0,37,gamble_right,You received 0 dollars.,64,1,8,-5,0,2
47,102,6156a440279fdf408ee663ae,NA,NA,NA,gamble_left,Trial missed.,65,1,8,-6,0,3
2,102,6156a440279fdf408ee663ae,1504.4,0,39,gamble_left,You received 0 dollars.,66,1,8,-7,0,2
28,102,6156a440279fdf408ee663ae,1413.8,0,37,gamble_right,You received 0 dollars.,67,1,8,-8,0,2
15,102,6156a440279fdf408ee663ae,1391.5,0,39,gamble_left,You received 0 dollars.,68,1,8,-9,0,2
14,102,6156a440279fdf408ee663ae,1281.7,0,37,gamble_right,You received 0 dollars.,69,1,8,-10,0,2
137,102,6156a440279fdf408ee663ae,1263.2,0,37,gamble_right,You received 0 dollars.,70,1,8,-11,0,2
86,102,6156a440279fdf408ee663ae,1124.3,0,37,gamble_right,You received 0 dollars.,71,1,8,-12,0,2
70,102,6156a440279fdf408ee663ae,1165.5,0,37,gamble_right,You received 0 dollars.,72,1,8,-13,0,2
139,102,6156a440279fdf408ee663ae,1492.7,0,39,gamble_left,You received 0 dollars.,73,1,8,-14,0,2
129,102,6156a440279fdf408ee663ae,1114.9,0,39,gamble_left,You received 0 dollars.,74,1,8,-15,0,2
23,102,6156a440279fdf408ee663ae,1298.7,0,39,gamble_left,You received 0 dollars.,75,1,8,-16,0,2
43,102,6156a440279fdf408ee663ae,1067.3,0,39,gamble_left,You received 0 dollars.,76,1,9,-2.25,0,2
39,102,6156a440279fdf408ee663ae,5.6,0,37,gamble_right,You received 0 dollars.,77,1,9,-3.38,0,2
25,102,6156a440279fdf408ee663ae,1688.2,0,39,gamble_left,You received 0 dollars.,78,1,9,-4.5,0,2
148,102,6156a440279fdf408ee663ae,1151.6,0,37,gamble_right,You received 0 dollars.,79,1,9,-5.63,0,2
60,102,6156a440279fdf408ee663ae,1186.7,0,39,gamble_left,You received 0 dollars.,80,1,9,-6.75,0,2
101,102,6156a440279fdf408ee663ae,NA,NA,NA,gamble_left,Trial missed.,81,1,9,-7.88,0,3
147,102,6156a440279fdf408ee663ae,1446.8,0,39,gamble_left,You received 0 dollars.,82,1,9,-9,0,2
120,102,6156a440279fdf408ee663ae,876.6,0,39,gamble_left,You received 0 dollars.,83,1,9,-10.13,0,2
66,102,6156a440279fdf408ee663ae,979.7,0,37,gamble_right,You received 0 dollars.,84,1,9,-11.25,0,2
105,102,6156a440279fdf408ee663ae,1287.2,0,37,gamble_right,You received 0 dollars.,85,1,9,-12.38,0,2
127,102,6156a440279fdf408ee663ae,1000.2,0,37,gamble_right,You received 0 dollars.,86,1,9,-13.5,0,2
65,102,6156a440279fdf408ee663ae,933.8,0,39,gamble_left,You received 0 dollars.,87,1,9,-14.63,0,2
45,102,6156a440279fdf408ee663ae,749.9,0,37,gamble_right,You received 0 dollars.,88,1,9,-15.75,0,2
26,102,6156a440279fdf408ee663ae,943.2,0,37,gamble_right,You received 0 dollars.,89,1,9,-16.88,0,2
41,102,6156a440279fdf408ee663ae,835.5,1,39,gamble_right,You lost -18 dollars.,90,1,9,-18,0,2
103,102,6156a440279fdf408ee663ae,1161.8,0,37,gamble_right,You received 0 dollars.,91,1,10,-2.5,0,2
104,102,6156a440279fdf408ee663ae,1250.1,1,37,gamble_left,You won 10 dollars.,92,1,10,-3.75,0,1
20,102,6156a440279fdf408ee663ae,1417.1,0,37,gamble_right,You received 0 dollars.,93,1,10,-5,0,2
71,102,6156a440279fdf408ee663ae,1212.8,0,39,gamble_left,You received 0 dollars.,94,1,10,-6.25,0,2
85,102,6156a440279fdf408ee663ae,1105.1,0,39,gamble_left,You received 0 dollars.,95,1,10,-7.5,0,2
144,102,6156a440279fdf408ee663ae,1130.9,0,37,gamble_right,You received 0 dollars.,96,1,10,-8.75,0,2
123,102,6156a440279fdf408ee663ae,1126.9,0,39,gamble_left,You received 0 dollars.,97,1,10,-10,0,2
64,102,6156a440279fdf408ee663ae,1140.3,0,39,gamble_left,You received 0 dollars.,98,1,10,-11.25,0,2
34,102,6156a440279fdf408ee663ae,889.6,0,39,gamble_left,You received 0 dollars.,99,1,10,-12.5,0,2
5,102,6156a440279fdf408ee663ae,684.6,1,39,gamble_right,You lost -13.75 dollars.,100,1,10,-13.75,0,2
58,102,6156a440279fdf408ee663ae,626.7,0,37,gamble_right,You received 0 dollars.,101,1,10,-15,0,2
21,102,6156a440279fdf408ee663ae,1341.2,0,39,gamble_left,You received 0 dollars.,102,1,10,-16.25,0,2
108,102,6156a440279fdf408ee663ae,1152.8,0,39,gamble_left,You received 0 dollars.,103,1,10,-17.5,0,2
107,102,6156a440279fdf408ee663ae,1250.8,0,37,gamble_right,You received 0 dollars.,104,1,10,-18.75,0,2
113,102,6156a440279fdf408ee663ae,1266,0,37,gamble_right,You received 0 dollars.,105,1,10,-20,0,2
112,102,6156a440279fdf408ee663ae,1178.7,0,39,gamble_left,You received 0 dollars.,106,1,12,-3,0,2
84,102,6156a440279fdf408ee663ae,2006.6,1,37,gamble_left,You lost -4.5 dollars.,107,1,12,-4.5,0,2
4,102,6156a440279fdf408ee663ae,903.9,1,39,gamble_right,You won 12 dollars.,108,1,12,-6,0,1
122,102,6156a440279fdf408ee663ae,945.2,1,39,gamble_right,You won 12 dollars.,109,1,12,-7.5,0,1
102,102,6156a440279fdf408ee663ae,1020,1,37,gamble_left,You lost -9 dollars.,110,1,12,-9,0,2
142,102,6156a440279fdf408ee663ae,1168.6,0,37,gamble_right,You received 0 dollars.,111,1,12,-10.5,0,2
87,102,6156a440279fdf408ee663ae,1064.1,0,39,gamble_left,You received 0 dollars.,112,1,12,-12,0,2
90,102,6156a440279fdf408ee663ae,1185,0,39,gamble_left,You received 0 dollars.,113,1,12,-13.5,0,2
67,102,6156a440279fdf408ee663ae,1129.1,0,37,gamble_right,You received 0 dollars.,114,1,12,-15,0,2
18,102,6156a440279fdf408ee663ae,1370.3,0,39,gamble_left,You received 0 dollars.,115,1,12,-16.5,0,2
79,102,6156a440279fdf408ee663ae,1533.7,0,39,gamble_left,You received 0 dollars.,116,1,12,-18,0,2
11,102,6156a440279fdf408ee663ae,1225.8,1,39,gamble_right,You won 12 dollars.,117,1,12,-19.5,0,1
95,102,6156a440279fdf408ee663ae,1220.1,0,37,gamble_right,You received 0 dollars.,118,1,12,-21,0,2
126,102,6156a440279fdf408ee663ae,970.1,0,39,gamble_left,You received 0 dollars.,119,1,12,-22.5,0,2
52,102,6156a440279fdf408ee663ae,1328.4,0,39,gamble_left,You received 0 dollars.,120,1,12,-24,0,2
115,102,6156a440279fdf408ee663ae,798.7,0,37,gamble_right,You won 2 dollars.,121,2,4,0,2,1
121,102,6156a440279fdf408ee663ae,723.8,0,37,gamble_right,You won 4 dollars.,122,2,8,0,4,1
91,102,6156a440279fdf408ee663ae,1454.6,0,39,gamble_left,You won 6 dollars.,123,2,12,0,6,1
143,102,6156a440279fdf408ee663ae,1213.6,1,37,gamble_left,You received 0 dollars.,124,2,18,0,9,2
54,102,6156a440279fdf408ee663ae,1002.6,1,37,gamble_left,You received 0 dollars.,125,2,24,0,12,2
10,102,6156a440279fdf408ee663ae,1459.3,1,37,gamble_left,You received 0 dollars.,126,2,5,0,3,2
69,102,6156a440279fdf408ee663ae,1033.1,1,37,gamble_left,You received 0 dollars.,127,2,7,0,4,2
132,102,6156a440279fdf408ee663ae,831.9,0,37,gamble_right,You won 6 dollars.,128,2,10,0,6,1
76,102,6156a440279fdf408ee663ae,1120.3,1,37,gamble_left,You received 0 dollars.,129,2,17,0,10,2
97,102,6156a440279fdf408ee663ae,784,0,37,gamble_right,You won 13 dollars.,130,2,22,0,13,1
145,102,6156a440279fdf408ee663ae,1368.1,0,39,gamble_left,You won 13 dollars.,131,2,28,0,13,1
141,102,6156a440279fdf408ee663ae,637.2,0,37,gamble_right,You won 2 dollars.,132,2,5,0,2,1
125,102,6156a440279fdf408ee663ae,781.8,0,37,gamble_right,You won 10 dollars.,133,2,26,0,10,1
130,102,6156a440279fdf408ee663ae,753.8,0,37,gamble_right,You won 3 dollars.,134,2,7,0,3,1
133,102,6156a440279fdf408ee663ae,1412,0,37,gamble_right,You won 5 dollars.,135,2,13,0,5,1
89,102,6156a440279fdf408ee663ae,1265.8,0,37,gamble_right,You won 6 dollars.,136,2,12,0,6,1
128,102,6156a440279fdf408ee663ae,1209.9,1,37,gamble_left,You won 25 dollars.,137,2,25,0,10,1
100,102,6156a440279fdf408ee663ae,1585.8,1,37,gamble_left,You won 4 dollars.,138,2,4,0,2,1
111,102,6156a440279fdf408ee663ae,1016.5,0,37,gamble_right,You won 1 dollars.,139,2,3,0,1,1
48,102,6156a440279fdf408ee663ae,575.5,0,37,gamble_right,You won 9 dollars.,140,2,25,0,9,1
44,102,6156a440279fdf408ee663ae,NA,NA,NA,gamble_left,Trial missed.,141,2,13,0,6,3
114,102,6156a440279fdf408ee663ae,774.9,0,37,gamble_right,You won 10 dollars.,142,2,22,0,10,1
30,102,6156a440279fdf408ee663ae,1169.2,0,37,gamble_right,You won 5 dollars.,143,2,12,0,5,1
72,102,6156a440279fdf408ee663ae,1475,0,39,gamble_left,You won 1 dollars.,144,2,2,0,1,1
75,102,6156a440279fdf408ee663ae,1236.5,1,37,gamble_left,You received 0 dollars.,145,2,8,0,3,2
150,102,6156a440279fdf408ee663ae,1084.3,1,37,gamble_left,You won 19 dollars.,146,2,19,0,8,1
78,102,6156a440279fdf408ee663ae,1659.9,0,39,gamble_left,You won 12 dollars.,147,2,26,0,12,1
13,102,6156a440279fdf408ee663ae,628.5,0,37,gamble_right,You won 12 dollars.,148,2,30,0,12,1
8,102,6156a440279fdf408ee663ae,1275.7,0,39,gamble_left,You won 10 dollars.,149,2,23,0,10,1
117,102,6156a440279fdf408ee663ae,1253.1,1,37,gamble_left,You received 0 dollars.,150,2,12,0,4,2