trial_index,ID,subject,rt,responses,key_press,gamble_location,stimulus,Trial_ID,Trial_Type,Gain,Loss,Certain,Trial_Outcome
41,103,615e09b45124daba0eeb3e6b,1079.2,1,39,gamble_right,You lost -0.5 dollars.,1,1,2,-0.5,0,2
44,103,615e09b45124daba0eeb3e6b,1085.1,1,37,gamble_left,You lost -0.75 dollars.,2,1,2,-0.75,0,2
117,103,615e09b45124daba0eeb3e6b,865,0,37,gamble_right,You received 0 dollars.,3,1,2,-1,0,2
132,103,615e09b45124daba0eeb3e6b,674.4,0,37,gamble_right,You received 0 dollars.,4,1,2,-1.25,0,2
83,103,615e09b45124daba0eeb3e6b,1230.8,0,39,gamble_left,You received 0 dollars.,5,1,2,-1.5,0,2
99,103,615e09b45124daba0eeb3e6b,940.6,0,37,gamble_right,You received 0 dollars.,6,1,2,-1.75,0,2
144,103,615e09b45124daba0eeb3e6b,611.1,0,39,gamble_left,You received 0 dollars.,7,1,2,-2,0,2
110,103,615e09b45124daba0eeb3e6b,543.8,0,39,gamble_left,You received 0 dollars.,8,1,2,-2.25,0,2
7,103,615e09b45124daba0eeb3e6b,1391.1,0,39,gamble_left,You received 0 dollars.,9,1,2,-2.5,0,2
43,103,615e09b45124daba0eeb3e6b,1164.4,0,39,gamble_left,You received 0 dollars.,10,1,2,-2.75,0,2
124,103,615e09b45124daba0eeb3e6b,865.7,0,39,gamble_left,You received 0 dollars.,11,1,2,-3,0,2
9,103,615e09b45124daba0eeb3e6b,1184.1,0,37,gamble_right,You received 0 dollars.,12,1,2,-3.25,0,2
29,103,615e09b45124daba0eeb3e6b,1555.5,0,37,gamble_right,You received 0 dollars.,13,1,2,-3.5,0,2
59,103,615e09b45124daba0eeb3e6b,1191.9,0,39,gamble_left,You received 0 dollars.,14,1,2,-3.75,0,2
119,103,615e09b45124daba0eeb3e6b,676.3,0,39,gamble_left,You received 0 dollars.,15,1,2,-4,0,2
94,103,615e09b45124daba0eeb3e6b,1164.8,1,37,gamble_left,You won 4 dollars.,16,1,4,-1,0,1
18,103,615e09b45124daba0eeb3e6b,1500.1,1,37,gamble_left,You won 4 dollars.,17,1,4,-1.5,0,1
47,103,615e09b45124daba0eeb3e6b,1450.5,0,37,gamble_right,You received 0 dollars.,18,1,4,-2,0,2
3,103,615e09b45124daba0eeb3e6b,1039.9,1,39,gamble_right,You won 4 dollars.,19,1,4,-2.5,0,1
86,103,615e09b45124daba0eeb3e6b,1071.7,0,37,gamble_right,You received 0 dollars.,20,1,4,-3,0,2
122,103,615e09b45124daba0eeb3e6b,693.5,0,39,gamble_left,You received 0 dollars.,21,1,4,-3.5,0,2
40,103,615e09b45124daba0eeb3e6b,1004.2,0,39,gamble_left,You received 0 dollars.,22,1,4,-4,0,2
17,103,615e09b45124daba0eeb3e6b,1375.7,1,39,gamble_right,You won 4 dollars.,23,1,4,-4.5,0,1
72,103,615e09b45124daba0eeb3e6b,1304.2,0,37,gamble_right,You received 0 dollars.,24,1,4,-5,0,2
141,103,615e09b45124daba0eeb3e6b,604.7,0,37,gamble_right,You received 0 dollars.,25,1,4,-5.5,0,2
138,103,615e09b45124daba0eeb3e6b,591,0,37,gamble_right,You received 0 dollars.,26,1,4,-6,0,2
49,103,615e09b45124daba0eeb3e6b,1074.1,0,39,gamble_left,You received 0 dollars.,27,1,4,-6.5,0,2
111,103,615e09b45124daba0eeb3e6b,686.3,0,39,gamble_left,You received 0 dollars.,28,1,4,-7,0,2
127,103,615e09b45124daba0eeb3e6b,831.9,0,37,gamble_right,You received 0 dollars.,29,1,4,-7.5,0,2
30,103,615e09b45124daba0eeb3e6b,1307,0,37,gamble_right,You received 0 dollars.,30,1,4,-8,0,2
95,103,615e09b45124daba0eeb3e6b,912.1,0,39,gamble_left,You received 0 dollars.,31,1,5,-1.25,0,2
139,103,615e09b45124daba0eeb3e6b,739.7,0,39,gamble_left,You received 0 dollars.,32,1,5,-1.88,0,2
82,103,615e09b45124daba0eeb3e6b,1072.7,0,39,gamble_left,You received 0 dollars.,33,1,5,-2.5,0,2
16,103,615e09b45124daba0eeb3e6b,1287.2,1,37,gamble_left,You won 5 dollars.,34,1,5,-3.13,0,1
67,103,615e09b45124daba0eeb3e6b,900.1,0,39,gamble_left,You received 0 dollars.,35,1,5,-3.75,0,2
133,103,615e09b45124daba0eeb3e6b,592.7,0,37,gamble_right,You received 0 dollars.,36,1,5,-4.38,0,2
92,103,615e09b45124daba0eeb3e6b,829.5,0,37,gamble_right,You received 0 dollars.,37,1,5,-5,0,2
146,103,615e09b45124daba0eeb3e6b,654,0,37,gamble_right,You received 0 dollars.,38,1,5,-5.63,0,2
25,103,615e09b45124daba0eeb3e6b,1241,0,39,gamble_left,You received 0 dollars.,39,1,5,-6.25,0,2
28,103,615e09b45124daba0eeb3e6b,1549.7,0,37,gamble_right,You received 0 dollars.,40,1,5,-6.88,0,2
4,103,615e09b45124daba0eeb3e6b,990.7,1,39,gamble_right,You lost -7.5 dollars.,41,1,5,-7.5,0,2
135,103,615e09b45124daba0eeb3e6b,617.2,0,37,gamble_right,You received 0 dollars.,42,1,5,-8.13,0,2
57,103,615e09b45124daba0eeb3e6b,1233.2,0,39,gamble_left,You received 0 dollars.,43,1,5,-8.75,0,2
69,103,615e09b45124daba0eeb3e6b,1084.9,0,37,gamble_right,You received 0 dollars.,44,1,5,-9.38,0,2
80,103,615e09b45124daba0eeb3e6b,1144.2,0,39,gamble_left,You received 0 dollars.,45,1,5,-10,0,2
39,103,615e09b45124daba0eeb3e6b,996.6,0,37,gamble_right,You received 0 dollars.,46,1,6,-1.5,0,2
5,103,615e09b45124daba0eeb3e6b,1091,1,37,gamble_left,You won 6 dollars.,47,1,6,-2.25,0,1
20,103,615e09b45124daba0eeb3e6b,1065,1,39,gamble_right,You lost -3 dollars.,48,1,6,-3,0,2
73,103,615e09b45124daba0eeb3e6b,1160.7,0,37,gamble_right,You received 0 dollars.,49,1,6,-3.75,0,2
97,103,615e09b45124daba0eeb3e6b,886,0,39,gamble_left,You received 0 dollars.,50,1,6,-4.5,0,2
150,103,615e09b45124daba0eeb3e6b,653.4,0,37,gamble_right,You received 0 dollars.,51,1,6,-5.25,0,2
23,103,615e09b45124daba0eeb3e6b,1335.2,1,39,gamble_right,You lost -6 dollars.,52,1,6,-6,0,2
106,103,615e09b45124daba0eeb3e6b,718.4,0,39,gamble_left,You received 0 dollars.,53,1,6,-6.75,0,2
112,103,615e09b45124daba0eeb3e6b,755.5,0,39,gamble_left,You received 0 dollars.,54,1,6,-7.5,0,2
63,103,615e09b45124daba0eeb3e6b,1193.5,0,37,gamble_right,You received 0 dollars.,55,1,6,-8.25,0,2
79,103,615e09b45124daba0eeb3e6b,1067.3,0,37,gamble_right,You received 0 dollars.,56,1,6,-9,0,2
147,103,615e09b45124daba0eeb3e6b,644.1,0,39,gamble_left,You received 0 dollars.,57,1,6,-9.75,0,2
32,103,615e09b45124daba0eeb3e6b,1546.2,0,37,gamble_right,You received 0 dollars.,58,1,6,-10.5,0,2
48,103,615e09b45124daba0eeb3e6b,1104.2,0,37,gamble_right,You received 0 dollars.,59,1,6,-11.25,0,2
126,103,615e09b45124daba0eeb3e6b,617.2,0,39,gamble_left,You received 0 dollars.,60,1,6,-12,0,2
50,103,615e09b45124daba0eeb3e6b,1167.1,1,37,gamble_left,You lost -2 dollars.,61,1,8,-2,0,2
74,103,615e09b45124daba0eeb3e6b,1271.5,1,39,gamble_right,You lost -3 dollars.,62,1,8,-3,0,2
130,103,615e09b45124daba0eeb3e6b,751.9,0,39,gamble_left,You received 0 dollars.,63,1,8,-4,0,2
118,103,615e09b45124daba0eeb3e6b,795.1,0,39,gamble_left,You received 0 dollars.,64,1,8,-5,0,2
62,103,615e09b45124daba0eeb3e6b,1043.2,0,39,gamble_left,You received 0 dollars.,65,1,8,-6,0,2
2,103,615e09b45124daba0eeb3e6b,1573.1,1,39,gamble_right,You won 8 dollars.,66,1,8,-7,0,1
24,103,615e09b45124daba0eeb3e6b,1576.1,0,39,gamble_left,You received 0 dollars.,67,1,8,-8,0,2
21,103,615e09b45124daba0eeb3e6b,1418.2,1,37,gamble_left,You lost -9 dollars.,68,1,8,-9,0,2
71,103,615e09b45124daba0eeb3e6b,1236.2,0,37,gamble_right,You received 0 dollars.,69,1,8,-10,0,2
103,103,615e09b45124daba0eeb3e6b,996.7,0,39,gamble_left,You received 0 dollars.,70,1,8,-11,0,2
19,103,615e09b45124daba0eeb3e6b,1644,0,37,gamble_right,You received 0 dollars.,71,1,8,-12,0,2
42,103,615e09b45124daba0eeb3e6b,1114.6,0,39,gamble_left,You received 0 dollars.,72,1,8,-13,0,2
54,103,615e09b45124daba0eeb3e6b,1094.4,0,37,gamble_right,You received 0 dollars.,73,1,8,-14,0,2
120,103,615e09b45124daba0eeb3e6b,738.3,0,39,gamble_left,You received 0 dollars.,74,1,8,-15,0,2
60,103,615e09b45124daba0eeb3e6b,929.6,0,37,gamble_right,You received 0 dollars.,75,1,8,-16,0,2
100,103,615e09b45124daba0eeb3e6b,1120.8,0,39,gamble_left,You received 0 dollars.,76,1,9,-2.25,0,2
14,103,615e09b45124daba0eeb3e6b,1293.4,1,39,gamble_right,You lost -3.38 dollars.,77,1,9,-3.38,0,2
107,103,615e09b45124daba0eeb3e6b,807,0,37,gamble_right,You received 0 dollars.,78,1,9,-4.5,0,2
70,103,615e09b45124daba0eeb3e6b,1032.9,0,39,gamble_left,You received 0 dollars.,79,1,9,-5.63,0,2
149,103,615e09b45124daba0eeb3e6b,751.7,0,37,gamble_right,You received 0 dollars.,80,1,9,-6.75,0,2
105,103,615e09b45124daba0eeb3e6b,852.9,0,39,gamble_left,You received 0 dollars.,81,1,9,-7.88,0,2
140,103,615e09b45124daba0eeb3e6b,598.5,0,39,gamble_left,You received 0 dollars.,82,1,9,-9,0,2
123,103,615e09b45124daba0eeb3e6b,653.7,0,39,gamble_left,You received 0 dollars.,83,1,9,-10.13,0,2
78,103,615e09b45124daba0eeb3e6b,1163.6,0,37,gamble_right,You received 0 dollars.,84,1,9,-11.25,0,2
129,103,615e09b45124daba0eeb3e6b,632.5,0,39,gamble_left,You received 0 dollars.,85,1,9,-12.38,0,2
93,103,615e09b45124daba0eeb3e6b,813.6,0,37,gamble_right,You received 0 dollars.,86,1,9,-13.5,0,2
91,103,615e09b45124daba0eeb3e6b,747.7,0,39,gamble_left,You received 0 dollars.,87,1,9,-14.63,0,2
37,103,615e09b45124daba0eeb3e6b,1219.3,0,37,gamble_right,You received 0 dollars.,88,1,9,-15.75,0,2
34,103,615e09b45124daba0eeb3e6b,1225.7,0,37,gamble_right,You received 0 dollars.,89,1,9,-16.88,0,2
12,103,615e09b45124daba0eeb3e6b,1340.6,1,37,gamble_left,You lost -18 dollars.,90,1,9,-18,0,2
8,103,615e09b45124daba0eeb3e6b,956.8,1,39,gamble_right,You won 10 dollars.,91,1,10,-2.5,0,1
96,103,615e09b45124daba0eeb3e6b,923.4,0,37,gamble_right,You received 0 dollars.,92,1,10,-3.75,0,2
85,103,615e09b45124daba0eeb3e6b,1122.7,0,37,gamble_right,You received 0 dollars.,93,1,10,-5,0,2
56,103,615e09b45124daba0eeb3e6b,1339.2,0,37,gamble_right,You received 0 dollars.,94,1,10,-6.25,0,2
142,103,615e09b45124daba0eeb3e6b,620.4,0,37,gamble_right,You received 0 dollars.,95,1,10,-7.5,0,2
90,103,615e09b45124daba0eeb3e6b,829.5,0,39,gamble_left,You received 0 dollars.,96,1,10,-8.75,0,2
53,103,615e09b45124daba0eeb3e6b,978.3,0,37,gamble_right,You received 0 dollars.,97,1,10,-10,0,2
109,103,615e09b45124daba0eeb3e6b,819.8,0,39,gamble_left,You received 0 dollars.,98,1,10,-11.25,0,2
98,103,615e09b45124daba0eeb3e6b,999,0,37,gamble_right,You received 0 dollars.,99,1,10,-12.5,0,2
114,103,615e09b45124daba0eeb3e6b,836.5,0,39,gamble_left,You received 0 dollars.,100,1,10,-13.75,0,2
134,103,615e09b45124daba0eeb3e6b,659.2,0,39,gamble_left,You received 0 dollars.,101,1,10,-15,0,2
61,103,615e09b45124daba0eeb3e6b,933.2,0,39,gamble_left,You received 0 dollars.,102,1,10,-16.25,0,2
87,103,615e09b45124daba0eeb3e6b,1207.6,0,39,gamble_left,You received 0 dollars.,103,1,10,-17.5,0,2
10,103,615e09b45124daba0eeb3e6b,1617,0,39,gamble_left,You received 0 dollars.,104,1,10,-18.75,0,2
52,103,615e09b45124daba0eeb3e6b,1486.8,0,37,gamble_right,You received 0 dollars.,105,1,10,-20,0,2
128,103,615e09b45124daba0eeb3e6b,607.7,0,39,gamble_left,You received 0 dollars.,106,1,12,-3,0,2
68,103,615e09b45124daba0eeb3e6b,1052.1,0,39,gamble_left,You received 0 dollars.,107,1,12,-4.5,0,2
1,103,615e09b45124daba0eeb3e6b,978.4,1,37,gamble_left,You lost -6 dollars.,108,1,12,-6,0,2
38,103,615e09b45124daba0eeb3e6b,NA,NA,NA,gamble_left,Trial missed.,109,1,12,-7.5,0,3
6,103,615e09b45124daba0eeb3e6b,1162.7,1,39,gamble_right,You lost -9 dollars.,110,1,12,-9,0,2
26,103,615e09b45124daba0eeb3e6b,1386.6,1,39,gamble_right,You won 12 dollars.,111,1,12,-10.5,0,1
88,103,615e09b45124daba0eeb3e6b,967.6,0,39,gamble_left,You received 0 dollars.,112,1,12,-12,0,2
115,103,615e09b45124daba0eeb3e6b,838.6,0,39,gamble_left,You received 0 dollars.,113,1,12,-13.5,0,2
75,103,615e09b45124daba0eeb3e6b,1314.9,1,37,gamble_left,You lost -15 dollars.,114,1,12,-15,0,2
101,103,615e09b45124daba0eeb3e6b,993.9,0,39,gamble_left,You received 0 dollars.,115,1,12,-16.5,0,2
137,103,615e09b45124daba0eeb3e6b,664.8,0,37,gamble_right,You received 0 dollars.,116,1,12,-18,0,2
66,103,615e09b45124daba0eeb3e6b,908.7,0,39,gamble_left,You received 0 dollars.,117,1,12,-19.5,0,2
113,103,615e09b45124daba0eeb3e6b,720.1,0,39,gamble_left,You received 0 dollars.,118,1,12,-21,0,2
108,103,615e09b45124daba0eeb3e6b,818.7,0,39,gamble_left,You received 0 dollars.,119,1,12,-22.5,0,2
64,103,615e09b45124daba0eeb3e6b,1349,0,37,gamble_right,You received 0 dollars.,120,1,12,-24,0,2
121,103,615e09b45124daba0eeb3e6b,658.8,0,37,gamble_right,You won 2 dollars.,121,2,4,0,2,1
13,103,615e09b45124daba0eeb3e6b,1179,1,39,gamble_right,You won 8 dollars.,122,2,8,0,4,1
51,103,615e09b45124daba0eeb3e6b,1129.1,1,37,gamble_left,You received 0 dollars.,123,2,12,0,6,2
27,103,615e09b45124daba0eeb3e6b,1147.9,0,37,gamble_right,You won 9 dollars.,124,2,18,0,9,1
11,103,615e09b45124daba0eeb3e6b,1045.8,1,37,gamble_left,You received 0 dollars.,125,2,24,0,12,2
46,103,615e09b45124daba0eeb3e6b,1090.3,1,39,gamble_right,You received 0 dollars.,126,2,5,0,3,2
81,103,615e09b45124daba0eeb3e6b,1078,0,39,gamble_left,You won 4 dollars.,127,2,7,0,4,1
35,103,615e09b45124daba0eeb3e6b,1449.2,0,37,gamble_right,You won 6 dollars.,128,2,10,0,6,1
15,103,615e09b45124daba0eeb3e6b,1280,0,39,gamble_left,You won 10 dollars.,129,2,17,0,10,1
102,103,615e09b45124daba0eeb3e6b,1006.1,0,37,gamble_right,You won 13 dollars.,130,2,22,0,13,1
148,103,615e09b45124daba0eeb3e6b,982.9,1,37,gamble_left,You won 28 dollars.,131,2,28,0,13,1
31,103,615e09b45124daba0eeb3e6b,1664.7,1,37,gamble_left,You won 5 dollars.,132,2,5,0,2,1
55,103,615e09b45124daba0eeb3e6b,1044.2,0,39,gamble_left,You won 10 dollars.,133,2,26,0,10,1
45,103,615e09b45124daba0eeb3e6b,1499.8,1,37,gamble_left,You won 7 dollars.,134,2,7,0,3,1
136,103,615e09b45124daba0eeb3e6b,715.9,0,37,gamble_right,You won 5 dollars.,135,2,13,0,5,1
131,103,615e09b45124daba0eeb3e6b,671.5,0,37,gamble_right,You won 6 dollars.,136,2,12,0,6,1
116,103,615e09b45124daba0eeb3e6b,819.3,0,37,gamble_right,You won 10 dollars.,137,2,25,0,10,1
22,103,615e09b45124daba0eeb3e6b,1162.2,0,39,gamble_left,You won 2 dollars.,138,2,4,0,2,1
104,103,615e09b45124daba0eeb3e6b,833.2,0,37,gamble_right,You won 1 dollars.,139,2,3,0,1,1
84,103,615e09b45124daba0eeb3e6b,1075.5,0,37,gamble_right,You won 9 dollars.,140,2,25,0,9,1
89,103,615e09b45124daba0eeb3e6b,1050.4,0,37,gamble_right,You won 6 dollars.,141,2,13,0,6,1
145,103,615e09b45124daba0eeb3e6b,947.8,1,39,gamble_right,You received 0 dollars.,142,2,22,0,10,2
58,103,615e09b45124daba0eeb3e6b,1200,0,37,gamble_right,You won 5 dollars.,143,2,12,0,5,1
76,103,615e09b45124daba0eeb3e6b,1118.4,0,37,gamble_right,You won 1 dollars.,144,2,2,0,1,1
77,103,615e09b45124daba0eeb3e6b,1024.6,0,39,gamble_left,You won 3 dollars.,145,2,8,0,3,1
125,103,615e09b45124daba0eeb3e6b,719,0,37,gamble_right,You won 8 dollars.,146,2,19,0,8,1
36,103,615e09b45124daba0eeb3e6b,1465.6,1,39,gamble_right,You won 26 dollars.,147,2,26,0,12,1
65,103,615e09b45124daba0eeb3e6b,1107.2,1,37,gamble_left,You won 30 dollars.,148,2,30,0,12,1
33,103,615e09b45124daba0eeb3e6b,1281.2,1,39,gamble_right,You won 23 dollars.,149,2,23,0,10,1
143,103,615e09b45124daba0eeb3e6b,712.1,0,37,gamble_right,You won 4 dollars.,150,2,12,0,4,1