trial_index,ID,subject,rt,responses,key_press,gamble_location,stimulus,Trial_ID,Trial_Type,Gain,Loss,Certain,Trial_Outcome
85,104,615bec458cec2dc8964279c7,868.6,1,39,gamble_right,You won 2 dollars.,1,1,2,-0.5,0,1
14,104,615bec458cec2dc8964279c7,488.1,1,37,gamble_left,You won 2 dollars.,2,1,2,-0.75,0,1
62,104,615bec458cec2dc8964279c7,651.0,1,37,gamble_left,You won 2 dollars.,3,1,2,-1,0,1
38,104,615bec458cec2dc8964279c7,561.1,1,37,gamble_left,You lost -1.25 dollars.,4,1,2,-1.25,0,2
36,104,615bec458cec2dc8964279c7,808.6,1,37,gamble_left,You won 2 dollars.,5,1,2,-1.5,0,1
21,104,615bec458cec2dc8964279c7,467.6,1,39,gamble_right,You lost -1.75 dollars.,6,1,2,-1.75,0,2
109,104,615bec458cec2dc8964279c7,786.7,1,39,gamble_right,You lost -2 dollars.,7,1,2,-2,0,2
10,104,615bec458cec2dc8964279c7,446.3,1,39,gamble_right,You won 2 dollars.,8,1,2,-2.25,0,1
135,104,615bec458cec2dc8964279c7,715.3,1,39,gamble_right,You won 2 dollars.,9,1,2,-2.5,0,1
93,104,615bec458cec2dc8964279c7,916.1,1,37,gamble_left,You won 2 dollars.,10,1,2,-2.75,0,1
25,104,615bec458cec2dc8964279c7,791.4,1,37,gamble_left,You won 2 dollars.,11,1,2,-3,0,1
67,104,615bec458cec2dc8964279c7,872.1,1,39,gamble_right,You lost -3.25 dollars.,12,1,2,-3.25,0,2
90,104,615bec458cec2dc8964279c7,703.8,1,37,gamble_left,You won 2 dollars.,13,1,2,-3.5,0,1
7,104,615bec458cec2dc8964279c7,772.6,1,39,gamble_right,You lost -3.75 dollars.,14,1,2,-3.75,0,2
76,104,615bec458cec2dc8964279c7,1580.9,1,39,gamble_right,You won 2 dollars.,15,1,2,-4,0,1
39,104,615bec458cec2dc8964279c7,558.3,1,39,gamble_right,You won 4 dollars.,16,1,4,-1,0,1
88,104,615bec458cec2dc8964279c7,1057.2,1,37,gamble_left,You won 4 dollars.,17,1,4,-1.5,0,1
95,104,615bec458cec2dc8964279c7,593.7,1,39,gamble_right,You lost -2 dollars.,18,1,4,-2,0,2
4,104,615bec458cec2dc8964279c7,412.5,1,37,gamble_left,You lost -2.5 dollars.,19,1,4,-2.5,0,2
84,104,615bec458cec2dc8964279c7,1023.2,1,39,gamble_right,You won 4 dollars.,20,1,4,-3,0,1
54,104,615bec458cec2dc8964279c7,629.6,1,37,gamble_left,You lost -3.5 dollars.,21,1,4,-3.5,0,2
45,104,615bec458cec2dc8964279c7,938.5,1,39,gamble_right,You lost -4 dollars.,22,1,4,-4,0,2
58,104,615bec458cec2dc8964279c7,767.8,1,37,gamble_left,You won 4 dollars.,23,1,4,-4.5,0,1
101,104,615bec458cec2dc8964279c7,1165.3,1,37,gamble_left,You won 4 dollars.,24,1,4,-5,0,1
98,104,615bec458cec2dc8964279c7,634.8,1,37,gamble_left,You lost -5.5 dollars.,25,1,4,-5.5,0,2
44,104,615bec458cec2dc8964279c7,923.9,1,37,gamble_left,You won 4 dollars.,26,1,4,-6,0,1
13,104,615bec458cec2dc8964279c7,534.2,1,39,gamble_right,You won 4 dollars.,27,1,4,-6.5,0,1
130,104,615bec458cec2dc8964279c7,867.1,1,37,gamble_left,You won 4 dollars.,28,1,4,-7,0,1
81,104,615bec458cec2dc8964279c7,937.5,0,37,gamble_right,You received 0 dollars.,29,1,4,-7.5,0,2
8,104,615bec458cec2dc8964279c7,668.0,1,37,gamble_left,You won 4 dollars.,30,1,4,-8,0,1
119,104,615bec458cec2dc8964279c7,NA,NA,NA,gamble_right,Trial missed.,31,1,5,-1.25,0,3
53,104,615bec458cec2dc8964279c7,663.3,1,37,gamble_left,You lost -1.88 dollars.,32,1,5,-1.88,0,2
19,104,615bec458cec2dc8964279c7,488.7,1,39,gamble_right,You lost -2.5 dollars.,33,1,5,-2.5,0,2
132,104,615bec458cec2dc8964279c7,519.6,1,37,gamble_left,You lost -3.13 dollars.,34,1,5,-3.13,0,2
20,104,615bec458cec2dc8964279c7,540.2,1,37,gamble_left,You won 5 dollars.,35,1,5,-3.75,0,1
96,104,615bec458cec2dc8964279c7,678.3,1,37,gamble_left,You won 5 dollars.,36,1,5,-4.38,0,1
82,104,615bec458cec2dc8964279c7,663.7,1,37,gamble_left,You lost -5 dollars.,37,1,5,-5,0,2
30,104,615bec458cec2dc8964279c7,817.5,1,37,gamble_left,You lost -5.63 dollars.,38,1,5,-5.63,0,2
146,104,615bec458cec2dc8964279c7,829.1,1,39,gamble_right,You lost -6.25 dollars.,39,1,5,-6.25,0,2
78,104,615bec458cec2dc8964279c7,1177.2,1,37,gamble_left,You lost -6.88 dollars.,40,1,5,-6.88,0,2
15,104,615bec458cec2dc8964279c7,358.9,1,37,gamble_left,You won 5 dollars.,41,1,5,-7.5,0,1
143,104,615bec458cec2dc8964279c7,561.6,1,37,gamble_left,You lost -8.13 dollars.,42,1,5,-8.13,0,2
127,104,615bec458cec2dc8964279c7,1048.7,1,37,gamble_left,You won 5 dollars.,43,1,5,-8.75,0,1
9,104,615bec458cec2dc8964279c7,472.4,1,39,gamble_right,You lost -9.38 dollars.,44,1,5,-9.38,0,2
71,104,615bec458cec2dc8964279c7,1346.8,1,37,gamble_left,You lost -10 dollars.,45,1,5,-10,0,2
134,104,615bec458cec2dc8964279c7,518.2,1,37,gamble_left,You lost -1.5 dollars.,46,1,6,-1.5,0,2
27,104,615bec458cec2dc8964279c7,663.9,1,39,gamble_right,You won 6 dollars.,47,1,6,-2.25,0,1
64,104,615bec458cec2dc8964279c7,1358.0,1,37,gamble_left,You won 6 dollars.,48,1,6,-3,0,1
23,104,615bec458cec2dc8964279c7,558.2,1,39,gamble_right,You won 6 dollars.,49,1,6,-3.75,0,1
33,104,615bec458cec2dc8964279c7,675.2,1,39,gamble_right,You won 6 dollars.,50,1,6,-4.5,0,1
18,104,615bec458cec2dc8964279c7,529.9,1,39,gamble_right,You won 6 dollars.,51,1,6,-5.25,0,1
110,104,615bec458cec2dc8964279c7,1513.5,1,39,gamble_right,You lost -6 dollars.,52,1,6,-6,0,2
116,104,615bec458cec2dc8964279c7,1081.5,1,37,gamble_left,You won 6 dollars.,53,1,6,-6.75,0,1
17,104,615bec458cec2dc8964279c7,760.0,1,39,gamble_right,You lost -7.5 dollars.,54,1,6,-7.5,0,2
113,104,615bec458cec2dc8964279c7,738.0,1,37,gamble_left,You lost -8.25 dollars.,55,1,6,-8.25,0,2
41,104,615bec458cec2dc8964279c7,881.8,1,37,gamble_left,You lost -9 dollars.,56,1,6,-9,0,2
105,104,615bec458cec2dc8964279c7,899.2,1,39,gamble_right,You won 6 dollars.,57,1,6,-9.75,0,1
32,104,615bec458cec2dc8964279c7,853.8,1,39,gamble_right,You won 6 dollars.,58,1,6,-10.5,0,1
1,104,615bec458cec2dc8964279c7,1089.9,1,39,gamble_right,You lost -11.25 dollars.,59,1,6,-11.25,0,2
97,104,615bec458cec2dc8964279c7,717.2,1,37,gamble_left,You won 6 dollars.,60,1,6,-12,0,1
2,104,615bec458cec2dc8964279c7,757.7,1,37,gamble_left,You lost -2 dollars.,61,1,8,-2,0,2
46,104,615bec458cec2dc8964279c7,655.7,1,37,gamble_left,You lost -3 dollars.,62,1,8,-3,0,2
12,104,615bec458cec2dc8964279c7,459.1,1,39,gamble_right,You lost -4 dollars.,63,1,8,-4,0,2
137,104,615bec458cec2dc8964279c7,572.8,1,37,gamble_left,You won 8 dollars.,64,1,8,-5,0,1
74,104,615bec458cec2dc8964279c7,955.5,1,39,gamble_right,You lost -6 dollars.,65,1,8,-6,0,2
60,104,615bec458cec2dc8964279c7,815.4,1,39,gamble_right,You won 8 dollars.,66,1,8,-7,0,1
108,104,615bec458cec2dc8964279c7,1100.0,1,37,gamble_left,You won 8 dollars.,67,1,8,-8,0,1
5,104,615bec458cec2dc8964279c7,590.9,1,37,gamble_left,You won 8 dollars.,68,1,8,-9,0,1
59,104,615bec458cec2dc8964279c7,896.8,1,39,gamble_right,You won 8 dollars.,69,1,8,-10,0,1
140,104,615bec458cec2dc8964279c7,652.5,1,39,gamble_right,You lost -11 dollars.,70,1,8,-11,0,2
141,104,615bec458cec2dc8964279c7,716.4,1,39,gamble_right,You won 8 dollars.,71,1,8,-12,0,1
144,104,615bec458cec2dc8964279c7,785.4,1,39,gamble_right,You lost -13 dollars.,72,1,8,-13,0,2
51,104,615bec458cec2dc8964279c7,1142.8,1,37,gamble_left,You lost -14 dollars.,73,1,8,-14,0,2
120,104,615bec458cec2dc8964279c7,637.3,1,39,gamble_right,You lost -15 dollars.,74,1,8,-15,0,2
102,104,615bec458cec2dc8964279c7,713.6,1,37,gamble_left,You won 8 dollars.,75,1,8,-16,0,1
106,104,615bec458cec2dc8964279c7,740.5,1,37,gamble_left,You lost -2.25 dollars.,76,1,9,-2.25,0,2
126,104,615bec458cec2dc8964279c7,632.4,1,37,gamble_left,You lost -3.38 dollars.,77,1,9,-3.38,0,2
69,104,615bec458cec2dc8964279c7,886.5,1,37,gamble_left,You lost -4.5 dollars.,78,1,9,-4.5,0,2
145,104,615bec458cec2dc8964279c7,726.0,1,37,gamble_left,You lost -5.63 dollars.,79,1,9,-5.63,0,2
138,104,615bec458cec2dc8964279c7,598.9,1,39,gamble_right,You won 9 dollars.,80,1,9,-6.75,0,1
28,104,615bec458cec2dc8964279c7,583.0,1,39,gamble_right,You lost -7.88 dollars.,81,1,9,-7.88,0,2
83,104,615bec458cec2dc8964279c7,810.5,1,39,gamble_right,You won 9 dollars.,82,1,9,-9,0,1
104,104,615bec458cec2dc8964279c7,960.9,1,37,gamble_left,You lost -10.13 dollars.,83,1,9,-10.13,0,2
37,104,615bec458cec2dc8964279c7,794.2,1,39,gamble_right,You lost -11.25 dollars.,84,1,9,-11.25,0,2
112,104,615bec458cec2dc8964279c7,964.0,1,37,gamble_left,You lost -12.38 dollars.,85,1,9,-12.38,0,2
114,104,615bec458cec2dc8964279c7,806.6,1,39,gamble_right,You lost -13.5 dollars.,86,1,9,-13.5,0,2
11,104,615bec458cec2dc8964279c7,438.5,1,37,gamble_left,You lost -14.63 dollars.,87,1,9,-14.63,0,2
47,104,615bec458cec2dc8964279c7,632.7,1,39,gamble_right,You won 9 dollars.,88,1,9,-15.75,0,1
117,104,615bec458cec2dc8964279c7,1250.7,1,37,gamble_left,You won 9 dollars.,89,1,9,-16.88,0,1
80,104,615bec458cec2dc8964279c7,1420.4,1,37,gamble_left,You won 9 dollars.,90,1,9,-18,0,1
128,104,615bec458cec2dc8964279c7,NA,NA,NA,gamble_right,Trial missed.,91,1,10,-2.5,0,3
40,104,615bec458cec2dc8964279c7,876.5,1,39,gamble_right,You lost -3.75 dollars.,92,1,10,-3.75,0,2
57,104,615bec458cec2dc8964279c7,542.4,1,39,gamble_right,You won 10 dollars.,93,1,10,-5,0,1
125,104,615bec458cec2dc8964279c7,764.0,1,37,gamble_left,You lost -6.25 dollars.,94,1,10,-6.25,0,2
50,104,615bec458cec2dc8964279c7,1077.9,1,37,gamble_left,You lost -7.5 dollars.,95,1,10,-7.5,0,2
142,104,615bec458cec2dc8964279c7,643.0,1,37,gamble_left,You lost -8.75 dollars.,96,1,10,-8.75,0,2
34,104,615bec458cec2dc8964279c7,1012.6,1,39,gamble_right,You won 10 dollars.,97,1,10,-10,0,1
124,104,615bec458cec2dc8964279c7,909.9,1,39,gamble_right,You lost -11.25 dollars.,98,1,10,-11.25,0,2
94,104,615bec458cec2dc8964279c7,1162.7,1,37,gamble_left,You won 10 dollars.,99,1,10,-12.5,0,1
52,104,615bec458cec2dc8964279c7,612.2,1,37,gamble_left,You won 10 dollars.,100,1,10,-13.75,0,1
79,104,615bec458cec2dc8964279c7,1111.5,1,37,gamble_left,You won 10 dollars.,101,1,10,-15,0,1
147,104,615bec458cec2dc8964279c7,661.9,1,39,gamble_right,You won 10 dollars.,102,1,10,-16.25,0,1
136,104,615bec458cec2dc8964279c7,788.1,1,39,gamble_right,You lost -17.5 dollars.,103,1,10,-17.5,0,2
75,104,615bec458cec2dc8964279c7,1375.2,1,37,gamble_left,You lost -18.75 dollars.,104,1,10,-18.75,0,2
56,104,615bec458cec2dc8964279c7,633.0,1,39,gamble_right,You won 10 dollars.,105,1,10,-20,0,1
72,104,615bec458cec2dc8964279c7,1255.9,1,37,gamble_left,You lost -3 dollars.,106,1,12,-3,0,2
99,104,615bec458cec2dc8964279c7,577.6,1,39,gamble_right,You won 12 dollars.,107,1,12,-4.5,0,1
149,104,615bec458cec2dc8964279c7,584.4,1,37,gamble_left,You lost -6 dollars.,108,1,12,-6,0,2
150,104,615bec458cec2dc8964279c7,529.1,1,39,gamble_right,You won 12 dollars.,109,1,12,-7.5,0,1
121,104,615bec458cec2dc8964279c7,561.8,1,37,gamble_left,You lost -9 dollars.,110,1,12,-9,0,2
148,104,615bec458cec2dc8964279c7,645.9,1,37,gamble_left,You won 12 dollars.,111,1,12,-10.5,0,1
42,104,615bec458cec2dc8964279c7,994.4,1,37,gamble_left,You lost -12 dollars.,112,1,12,-12,0,2
91,104,615bec458cec2dc8964279c7,1871.7,1,37,gamble_left,You lost -13.5 dollars.,113,1,12,-13.5,0,2
3,104,615bec458cec2dc8964279c7,928.9,0,39,gamble_left,You received 0 dollars.,114,1,12,-15,0,2
87,104,615bec458cec2dc8964279c7,1202.3,1,39,gamble_right,You won 12 dollars.,115,1,12,-16.5,0,1
92,104,615bec458cec2dc8964279c7,1285.4,1,39,gamble_right,You won 12 dollars.,116,1,12,-18,0,1
55,104,615bec458cec2dc8964279c7,666.7,1,39,gamble_right,You lost -19.5 dollars.,117,1,12,-19.5,0,2
26,104,615bec458cec2dc8964279c7,920.3,1,39,gamble_right,You lost -21 dollars.,118,1,12,-21,0,2
89,104,615bec458cec2dc8964279c7,1014.8,1,37,gamble_left,You won 12 dollars.,119,1,12,-22.5,0,1
35,104,615bec458cec2dc8964279c7,697.9,1,37,gamble_left,You won 12 dollars.,120,1,12,-24,0,1
61,104,615bec458cec2dc8964279c7,1422.5,1,39,gamble_right,You received 0 dollars.,121,2,4,0,2,2
70,104,615bec458cec2dc8964279c7,1490.1,0,37,gamble_right,You won 4 dollars.,122,2,8,0,4,1
49,104,615bec458cec2dc8964279c7,894.3,1,39,gamble_right,You won 12 dollars.,123,2,12,0,6,1
139,104,615bec458cec2dc8964279c7,822.0,1,37,gamble_left,You received 0 dollars.,124,2,18,0,9,2
77,104,615bec458cec2dc8964279c7,1390.4,0,37,gamble_right,You won 12 dollars.,125,2,24,0,12,1
22,104,615bec458cec2dc8964279c7,428.8,1,37,gamble_left,You received 0 dollars.,126,2,5,0,3,2
31,104,615bec458cec2dc8964279c7,665.9,1,37,gamble_left,You won 7 dollars.,127,2,7,0,4,1
24,104,615bec458cec2dc8964279c7,617.7,0,39,gamble_left,You won 6 dollars.,128,2,10,0,6,1
16,104,615bec458cec2dc8964279c7,367.4,1,37,gamble_left,You won 17 dollars.,129,2,17,0,10,1
29,104,615bec458cec2dc8964279c7,1313.4,0,39,gamble_left,You won 13 dollars.,130,2,22,0,13,1
63,104,615bec458cec2dc8964279c7,1447.4,0,37,gamble_right,You won 13 dollars.,131,2,28,0,13,1
115,104,615bec458cec2dc8964279c7,1475.4,0,37,gamble_right,You won 2 dollars.,132,2,5,0,2,1
107,104,615bec458cec2dc8964279c7,938.5,0,37,gamble_right,You won 10 dollars.,133,2,26,0,10,1
111,104,615bec458cec2dc8964279c7,1682.9,1,37,gamble_left,You received 0 dollars.,134,2,7,0,3,2
133,104,615bec458cec2dc8964279c7,628.7,1,39,gamble_right,You received 0 dollars.,135,2,13,0,5,2
123,104,615bec458cec2dc8964279c7,627.5,0,39,gamble_left,You won 6 dollars.,136,2,12,0,6,1
66,104,615bec458cec2dc8964279c7,922.2,0,37,gamble_right,You won 10 dollars.,137,2,25,0,10,1
122,104,615bec458cec2dc8964279c7,1348.1,0,39,gamble_left,You won 2 dollars.,138,2,4,0,2,1
6,104,615bec458cec2dc8964279c7,389.0,1,37,gamble_left,You won 3 dollars.,139,2,3,0,1,1
100,104,615bec458cec2dc8964279c7,950.7,1,37,gamble_left,You received 0 dollars.,140,2,25,0,9,2
131,104,615bec458cec2dc8964279c7,562.7,1,39,gamble_right,You won 13 dollars.,141,2,13,0,6,1
118,104,615bec458cec2dc8964279c7,796.1,1,37,gamble_left,You received 0 dollars.,142,2,22,0,10,2
129,104,615bec458cec2dc8964279c7,1257.9,1,39,gamble_right,You won 12 dollars.,143,2,12,0,5,1
48,104,615bec458cec2dc8964279c7,577.0,1,37,gamble_left,You received 0 dollars.,144,2,2,0,1,2
68,104,615bec458cec2dc8964279c7,1441.1,1,37,gamble_left,You won 8 dollars.,145,2,8,0,3,1
73,104,615bec458cec2dc8964279c7,1110.3,0,37,gamble_right,You won 8 dollars.,146,2,19,0,8,1
86,104,615bec458cec2dc8964279c7,1114.1,0,39,gamble_left,You won 12 dollars.,147,2,26,0,12,1
43,104,615bec458cec2dc8964279c7,908.6,1,37,gamble_left,You received 0 dollars.,148,2,30,0,12,2
103,104,615bec458cec2dc8964279c7,916.1,0,37,gamble_right,You won 10 dollars.,149,2,23,0,10,1
65,104,615bec458cec2dc8964279c7,1023.2,0,39,gamble_left,You won 4 dollars.,150,2,12,0,4,1