trial_index,ID,subject,rt,responses,key_press,gamble_location,stimulus,Trial_ID,Trial_Type,Gain,Loss,Certain,Trial_Outcome
9,105,614713f7005aede877a0c418,1116.3,1,37,gamble_left,You won 2 dollars.,1,1,2,-0.5,0,1
72,105,614713f7005aede877a0c418,1365.4,1,39,gamble_right,You won 2 dollars.,2,1,2,-0.75,0,1
73,105,614713f7005aede877a0c418,1304.6,1,37,gamble_left,You won 2 dollars.,3,1,2,-1,0,1
83,105,614713f7005aede877a0c418,1700.7,1,39,gamble_right,You won 2 dollars.,4,1,2,-1.25,0,1
138,105,614713f7005aede877a0c418,1863.1,1,39,gamble_right,You won 2 dollars.,5,1,2,-1.5,0,1
67,105,614713f7005aede877a0c418,1333.7,0,39,gamble_left,You received 0 dollars.,6,1,2,-1.75,0,2
129,105,614713f7005aede877a0c418,1176.1,0,39,gamble_left,You received 0 dollars.,7,1,2,-2,0,2
47,105,614713f7005aede877a0c418,1073.1,0,37,gamble_right,You received 0 dollars.,8,1,2,-2.25,0,2
122,105,614713f7005aede877a0c418,1355.5,0,39,gamble_left,You received 0 dollars.,9,1,2,-2.5,0,2
115,105,614713f7005aede877a0c418,1588.8,0,39,gamble_left,You received 0 dollars.,10,1,2,-2.75,0,2
114,105,614713f7005aede877a0c418,1306,0,37,gamble_right,You received 0 dollars.,11,1,2,-3,0,2
118,105,614713f7005aede877a0c418,1107.8,0,37,gamble_right,You received 0 dollars.,12,1,2,-3.25,0,2
84,105,614713f7005aede877a0c418,1134.8,0,39,gamble_left,You received 0 dollars.,13,1,2,-3.5,0,2
134,105,614713f7005aede877a0c418,1054.8,0,37,gamble_right,You received 0 dollars.,14,1,2,-3.75,0,2
18,105,614713f7005aede877a0c418,1319.9,0,39,gamble_left,You received 0 dollars.,15,1,2,-4,0,2
143,105,614713f7005aede877a0c418,1250.3,1,39,gamble_right,You won 4 dollars.,16,1,4,-1,0,1
125,105,614713f7005aede877a0c418,1258.2,0,39,gamble_left,You received 0 dollars.,17,1,4,-1.5,0,2
4,105,614713f7005aede877a0c418,1692.1,1,37,gamble_left,You won 4 dollars.,18,1,4,-2,0,1
21,105,614713f7005aede877a0c418,1107.2,1,39,gamble_right,You won 4 dollars.,19,1,4,-2.5,0,1
43,105,614713f7005aede877a0c418,1187.9,0,37,gamble_right,You received 0 dollars.,20,1,4,-3,0,2
55,105,614713f7005aede877a0c418,1071.6,0,37,gamble_right,You received 0 dollars.,21,1,4,-3.5,0,2
85,105,614713f7005aede877a0c418,1331.1,0,39,gamble_left,You received 0 dollars.,22,1,4,-4,0,2
76,105,614713f7005aede877a0c418,1036.4,0,39,gamble_left,You received 0 dollars.,23,1,4,-4.5,0,2
61,105,614713f7005aede877a0c418,1206.9,0,37,gamble_right,You received 0 dollars.,24,1,4,-5,0,2
40,105,614713f7005aede877a0c418,1233,0,37,gamble_right,You received 0 dollars.,25,1,4,-5.5,0,2
101,105,614713f7005aede877a0c418,1486.2,0,39,gamble_left,You received 0 dollars.,26,1,4,-6,0,2
108,105,614713f7005aede877a0c418,1356.9,0,37,gamble_right,You received 0 dollars.,27,1,4,-6.5,0,2
32,105,614713f7005aede877a0c418,989.7,0,37,gamble_right,You received 0 dollars.,28,1,4,-7,0,2
105,105,614713f7005aede877a0c418,991.3,0,39,gamble_left,You received 0 dollars.,29,1,4,-7.5,0,2
69,105,614713f7005aede877a0c418,1100.3,0,39,gamble_left,You received 0 dollars.,30,1,4,-8,0,2
110,105,614713f7005aede877a0c418,1484.5,1,39,gamble_right,You lost -1.25 dollars.,31,1,5,-1.25,0,2
46,105,614713f7005aede877a0c418,1126.1,1,39,gamble_right,You won 5 dollars.,32,1,5,-1.88,0,1
93,105,614713f7005aede877a0c418,1211.7,1,37,gamble_left,You won 5 dollars.,33,1,5,-2.5,0,1
33,105,614713f7005aede877a0c418,1096.7,1,39,gamble_right,You won 5 dollars.,34,1,5,-3.13,0,1
133,105,614713f7005aede877a0c418,945.8,0,39,gamble_left,You received 0 dollars.,35,1,5,-3.75,0,2
60,105,614713f7005aede877a0c418,1118.6,0,39,gamble_left,You received 0 dollars.,36,1,5,-4.38,0,2
19,105,614713f7005aede877a0c418,915.9,0,39,gamble_left,You received 0 dollars.,37,1,5,-5,0,2
117,105,614713f7005aede877a0c418,1136.6,0,39,gamble_left,You received 0 dollars.,38,1,5,-5.63,0,2
22,105,614713f7005aede877a0c418,1419.5,0,39,gamble_left,You received 0 dollars.,39,1,5,-6.25,0,2
36,105,614713f7005aede877a0c418,1223,0,39,gamble_left,You received 0 dollars.,40,1,5,-6.88,0,2
41,105,614713f7005aede877a0c418,1169.5,0,39,gamble_left,You received 0 dollars.,41,1,5,-7.5,0,2
82,105,614713f7005aede877a0c418,1201.3,0,39,gamble_left,You received 0 dollars.,42,1,5,-8.13,0,2
109,105,614713f7005aede877a0c418,1211.6,0,39,gamble_left,You received 0 dollars.,43,1,5,-8.75,0,2
144,105,614713f7005aede877a0c418,1088.1,0,39,gamble_left,You received 0 dollars.,44,1,5,-9.38,0,2
81,105,614713f7005aede877a0c418,1117.6,0,37,gamble_right,You received 0 dollars.,45,1,5,-10,0,2
66,105,614713f7005aede877a0c418,1252,1,39,gamble_right,You lost -1.5 dollars.,46,1,6,-1.5,0,2
126,105,614713f7005aede877a0c418,1108.4,1,39,gamble_right,You won 6 dollars.,47,1,6,-2.25,0,1
139,105,614713f7005aede877a0c418,1047.8,1,39,gamble_right,You won 6 dollars.,48,1,6,-3,0,1
25,105,614713f7005aede877a0c418,1324.3,0,37,gamble_right,You received 0 dollars.,49,1,6,-3.75,0,2
63,105,614713f7005aede877a0c418,1831.9,0,39,gamble_left,You received 0 dollars.,50,1,6,-4.5,0,2
45,105,614713f7005aede877a0c418,1185.6,0,37,gamble_right,You received 0 dollars.,51,1,6,-5.25,0,2
15,105,614713f7005aede877a0c418,1515.6,0,37,gamble_right,You received 0 dollars.,52,1,6,-6,0,2
119,105,614713f7005aede877a0c418,1156.5,0,39,gamble_left,You received 0 dollars.,53,1,6,-6.75,0,2
148,105,614713f7005aede877a0c418,845.2,0,39,gamble_left,You received 0 dollars.,54,1,6,-7.5,0,2
137,105,614713f7005aede877a0c418,1222.7,0,37,gamble_right,You received 0 dollars.,55,1,6,-8.25,0,2
42,105,614713f7005aede877a0c418,1433.1,0,39,gamble_left,You received 0 dollars.,56,1,6,-9,0,2
142,105,614713f7005aede877a0c418,1168.2,0,39,gamble_left,You received 0 dollars.,57,1,6,-9.75,0,2
30,105,614713f7005aede877a0c418,1297.4,0,37,gamble_right,You received 0 dollars.,58,1,6,-10.5,0,2
94,105,614713f7005aede877a0c418,1317.1,0,37,gamble_right,You received 0 dollars.,59,1,6,-11.25,0,2
147,105,614713f7005aede877a0c418,1380.1,0,37,gamble_right,You received 0 dollars.,60,1,6,-12,0,2
107,105,614713f7005aede877a0c418,1150.1,1,37,gamble_left,You lost -2 dollars.,61,1,8,-2,0,2
103,105,614713f7005aede877a0c418,1373.3,1,37,gamble_left,You won 8 dollars.,62,1,8,-3,0,1
65,105,614713f7005aede877a0c418,1238.6,0,39,gamble_left,You received 0 dollars.,63,1,8,-4,0,2
92,105,614713f7005aede877a0c418,1991.9,0,39,gamble_left,You received 0 dollars.,64,1,8,-5,0,2
44,105,614713f7005aede877a0c418,1094.5,1,39,gamble_right,You lost -6 dollars.,65,1,8,-6,0,2
96,105,614713f7005aede877a0c418,1335.2,0,37,gamble_right,You received 0 dollars.,66,1,8,-7,0,2
56,105,614713f7005aede877a0c418,1364.7,0,37,gamble_right,You received 0 dollars.,67,1,8,-8,0,2
78,105,614713f7005aede877a0c418,1048.9,0,39,gamble_left,You received 0 dollars.,68,1,8,-9,0,2
127,105,614713f7005aede877a0c418,1370.6,0,39,gamble_left,You received 0 dollars.,69,1,8,-10,0,2
16,105,614713f7005aede877a0c418,1085,0,39,gamble_left,You received 0 dollars.,70,1,8,-11,0,2
34,105,614713f7005aede877a0c418,1177.9,0,39,gamble_left,You received 0 dollars.,71,1,8,-12,0,2
99,105,614713f7005aede877a0c418,1113,0,39,gamble_left,You received 0 dollars.,72,1,8,-13,0,2
112,105,614713f7005aede877a0c418,1110.8,0,37,gamble_right,You received 0 dollars.,73,1,8,-14,0,2
89,105,614713f7005aede877a0c418,1152.8,0,37,gamble_right,You received 0 dollars.,74,1,8,-15,0,2
145,105,614713f7005aede877a0c418,1104.3,0,39,gamble_left,You received 0 dollars.,75,1,8,-16,0,2
91,105,614713f7005aede877a0c418,1223.1,1,37,gamble_left,You lost -2.25 dollars.,76,1,9,-2.25,0,2
28,105,614713f7005aede877a0c418,1165.2,1,39,gamble_right,You lost -3.38 dollars.,77,1,9,-3.38,0,2
54,105,614713f7005aede877a0c418,1347.2,1,39,gamble_right,You won 9 dollars.,78,1,9,-4.5,0,1
14,105,614713f7005aede877a0c418,1149.7,1,37,gamble_left,You lost -5.63 dollars.,79,1,9,-5.63,0,2
7,105,614713f7005aede877a0c418,1425.9,0,37,gamble_right,You received 0 dollars.,80,1,9,-6.75,0,2
11,105,614713f7005aede877a0c418,1508.7,0,37,gamble_right,You received 0 dollars.,81,1,9,-7.88,0,2
57,105,614713f7005aede877a0c418,959.3,0,37,gamble_right,You received 0 dollars.,82,1,9,-9,0,2
51,105,614713f7005aede877a0c418,1285.7,0,39,gamble_left,You received 0 dollars.,83,1,9,-10.13,0,2
35,105,614713f7005aede877a0c418,1185.5,0,39,gamble_left,You received 0 dollars.,84,1,9,-11.25,0,2
70,105,614713f7005aede877a0c418,799.9,0,39,gamble_left,You received 0 dollars.,85,1,9,-12.38,0,2
10,105,614713f7005aede877a0c418,1279.4,0,37,gamble_right,You received 0 dollars.,86,1,9,-13.5,0,2
116,105,614713f7005aede877a0c418,1118.5,0,37,gamble_right,You received 0 dollars.,87,1,9,-14.63,0,2
123,105,614713f7005aede877a0c418,1021.5,0,39,gamble_left,You received 0 dollars.,88,1,9,-15.75,0,2
49,105,614713f7005aede877a0c418,1204.4,0,39,gamble_left,You received 0 dollars.,89,1,9,-16.88,0,2
136,105,614713f7005aede877a0c418,1228.7,0,37,gamble_right,You received 0 dollars.,90,1,9,-18,0,2
113,105,614713f7005aede877a0c418,1219.1,1,39,gamble_right,You lost -2.5 dollars.,91,1,10,-2.5,0,2
121,105,614713f7005aede877a0c418,1393.8,1,37,gamble_left,You lost -3.75 dollars.,92,1,10,-3.75,0,2
68,105,614713f7005aede877a0c418,1302.1,1,39,gamble_right,You won 10 dollars.,93,1,10,-5,0,1
12,105,614713f7005aede877a0c418,1265.3,0,37,gamble_right,You received 0 dollars.,94,1,10,-6.25,0,2
37,105,614713f7005aede877a0c418,1273.5,1,39,gamble_right,You won 10 dollars.,95,1,10,-7.5,0,1
71,105,614713f7005aede877a0c418,999.7,0,39,gamble_left,You received 0 dollars.,96,1,10,-8.75,0,2
62,105,614713f7005aede877a0c418,1239.1,0,37,gamble_right,You received 0 dollars.,97,1,10,-10,0,2
86,105,614713f7005aede877a0c418,953,0,39,gamble_left,You received 0 dollars.,98,1,10,-11.25,0,2
77,105,614713f7005aede877a0c418,981.5,0,39,gamble_left,You received 0 dollars.,99,1,10,-12.5,0,2
52,105,614713f7005aede877a0c418,1284.3,0,37,gamble_right,You received 0 dollars.,100,1,10,-13.75,0,2
26,105,614713f7005aede877a0c418,1035.9,0,39,gamble_left,You received 0 dollars.,101,1,10,-15,0,2
87,105,614713f7005aede877a0c418,1251.1,0,37,gamble_right,You received 0 dollars.,102,1,10,-16.25,0,2
79,105,614713f7005aede877a0c418,1276,0,37,gamble_right,You received 0 dollars.,103,1,10,-17.5,0,2
111,105,614713f7005aede877a0c418,967.1,0,39,gamble_left,You received 0 dollars.,104,1,10,-18.75,0,2
150,105,614713f7005aede877a0c418,1202.3,0,37,gamble_right,You received 0 dollars.,105,1,10,-20,0,2
53,105,614713f7005aede877a0c418,1015.2,1,39,gamble_right,You won 12 dollars.,106,1,12,-3,0,1
74,105,614713f7005aede877a0c418,1052.6,1,39,gamble_right,You won 12 dollars.,107,1,12,-4.5,0,1
50,105,614713f7005aede877a0c418,1484.6,0,39,gamble_left,You received 0 dollars.,108,1,12,-6,0,2
48,105,614713f7005aede877a0c418,1272.5,0,37,gamble_right,You received 0 dollars.,109,1,12,-7.5,0,2
102,105,614713f7005aede877a0c418,1315.4,0,37,gamble_right,You received 0 dollars.,110,1,12,-9,0,2
128,105,614713f7005aede877a0c418,1283.3,0,37,gamble_right,You received 0 dollars.,111,1,12,-10.5,0,2
17,105,614713f7005aede877a0c418,1033.4,0,39,gamble_left,You received 0 dollars.,112,1,12,-12,0,2
58,105,614713f7005aede877a0c418,1154.5,0,37,gamble_right,You received 0 dollars.,113,1,12,-13.5,0,2
24,105,614713f7005aede877a0c418,1194.4,0,39,gamble_left,You received 0 dollars.,114,1,12,-15,0,2
38,105,614713f7005aede877a0c418,1270.8,0,39,gamble_left,You received 0 dollars.,115,1,12,-16.5,0,2
95,105,614713f7005aede877a0c418,1165.2,0,37,gamble_right,You received 0 dollars.,116,1,12,-18,0,2
75,105,614713f7005aede877a0c418,1033.6,0,37,gamble_right,You received 0 dollars.,117,1,12,-19.5,0,2
131,105,614713f7005aede877a0c418,1129.1,0,39,gamble_left,You received 0 dollars.,118,1,12,-21,0,2
5,105,614713f7005aede877a0c418,1233.1,0,39,gamble_left,You received 0 dollars.,119,1,12,-22.5,0,2
80,105,614713f7005aede877a0c418,1165,0,37,gamble_right,You received 0 dollars.,120,1,12,-24,0,2
6,105,614713f7005aede877a0c418,1112.1,1,39,gamble_right,You received 0 dollars.,121,2,4,0,2,2
90,105,614713f7005aede877a0c418,1163.9,1,37,gamble_left,You won 8 dollars.,122,2,8,0,4,1
97,105,614713f7005aede877a0c418,1160.2,1,37,gamble_left,You received 0 dollars.,123,2,12,0,6,2
98,105,614713f7005aede877a0c418,1192.4,1,39,gamble_right,You received 0 dollars.,124,2,18,0,9,2
140,105,614713f7005aede877a0c418,1063,1,37,gamble_left,You won 24 dollars.,125,2,24,0,12,1
88,105,614713f7005aede877a0c418,1486.9,1,37,gamble_left,You won 5 dollars.,126,2,5,0,3,1
13,105,614713f7005aede877a0c418,969.9,1,39,gamble_right,You received 0 dollars.,127,2,7,0,4,2
8,105,614713f7005aede877a0c418,1059.4,1,39,gamble_right,You received 0 dollars.,128,2,10,0,6,2
132,105,614713f7005aede877a0c418,1306.8,1,37,gamble_left,You received 0 dollars.,129,2,17,0,10,2
3,105,614713f7005aede877a0c418,1109,1,37,gamble_left,You won 22 dollars.,130,2,22,0,13,1
130,105,614713f7005aede877a0c418,1110.2,1,37,gamble_left,You won 28 dollars.,131,2,28,0,13,1
106,105,614713f7005aede877a0c418,960.3,1,37,gamble_left,You won 5 dollars.,132,2,5,0,2,1
104,105,614713f7005aede877a0c418,1159.3,1,37,gamble_left,You won 26 dollars.,133,2,26,0,10,1
31,105,614713f7005aede877a0c418,1069.5,1,39,gamble_right,You received 0 dollars.,134,2,7,0,3,2
20,105,614713f7005aede877a0c418,964.7,1,37,gamble_left,You received 0 dollars.,135,2,13,0,5,2
135,105,614713f7005aede877a0c418,936.1,1,37,gamble_left,You won 12 dollars.,136,2,12,0,6,1
149,105,614713f7005aede877a0c418,985.3,1,37,gamble_left,You won 25 dollars.,137,2,25,0,10,1
1,105,614713f7005aede877a0c418,1190.3,0,39,gamble_left,You won 2 dollars.,138,2,4,0,2,1
100,105,614713f7005aede877a0c418,1009.6,1,39,gamble_right,You received 0 dollars.,139,2,3,0,1,2
120,105,614713f7005aede877a0c418,1307.3,1,39,gamble_right,You received 0 dollars.,140,2,25,0,9,2
29,105,614713f7005aede877a0c418,1295.1,0,37,gamble_right,You won 6 dollars.,141,2,13,0,6,1
39,105,614713f7005aede877a0c418,1639.2,0,39,gamble_left,You won 10 dollars.,142,2,22,0,10,1
141,105,614713f7005aede877a0c418,1095.1,1,39,gamble_right,You received 0 dollars.,143,2,12,0,5,2
146,105,614713f7005aede877a0c418,1001.2,1,37,gamble_left,You won 2 dollars.,144,2,2,0,1,1
2,105,614713f7005aede877a0c418,1241.2,1,37,gamble_left,You received 0 dollars.,145,2,8,0,3,2
64,105,614713f7005aede877a0c418,1515.5,1,37,gamble_left,You won 19 dollars.,146,2,19,0,8,1
59,105,614713f7005aede877a0c418,1533.2,1,39,gamble_right,You won 26 dollars.,147,2,26,0,12,1
23,105,614713f7005aede877a0c418,1019.9,1,39,gamble_right,You received 0 dollars.,148,2,30,0,12,2
124,105,614713f7005aede877a0c418,1345.8,1,39,gamble_right,You received 0 dollars.,149,2,23,0,10,2
27,105,614713f7005aede877a0c418,1285.7,1,39,gamble_right,You won 12 dollars.,150,2,12,0,4,1