trial_index,ID,subject,rt,responses,key_press,gamble_location,stimulus,Trial_ID,Trial_Type,Gain,Loss,Certain,Trial_Outcome
149,110,5bb44e5d27fb5000013c1f7d,1074.5,1,39,gamble_right,You lost -0.5 dollars.,1,1,2,-0.5,0,2
88,110,5bb44e5d27fb5000013c1f7d,1062,1,37,gamble_left,You won 2 dollars.,2,1,2,-0.75,0,1
54,110,5bb44e5d27fb5000013c1f7d,1091.1,1,39,gamble_right,You lost -1 dollars.,3,1,2,-1,0,2
82,110,5bb44e5d27fb5000013c1f7d,1198.9,1,39,gamble_right,You won 2 dollars.,4,1,2,-1.25,0,1
53,110,5bb44e5d27fb5000013c1f7d,1035.5,1,37,gamble_left,You lost -1.5 dollars.,5,1,2,-1.5,0,2
48,110,5bb44e5d27fb5000013c1f7d,1245.4,1,39,gamble_right,You won 2 dollars.,6,1,2,-1.75,0,1
116,110,5bb44e5d27fb5000013c1f7d,1069.7,1,37,gamble_left,You lost -2 dollars.,7,1,2,-2,0,2
104,110,5bb44e5d27fb5000013c1f7d,1479,0,39,gamble_left,You received 0 dollars.,8,1,2,-2.25,0,2
33,110,5bb44e5d27fb5000013c1f7d,1151.4,1,39,gamble_right,You won 2 dollars.,9,1,2,-2.5,0,1
119,110,5bb44e5d27fb5000013c1f7d,1156,0,39,gamble_left,You received 0 dollars.,10,1,2,-2.75,0,2
147,110,5bb44e5d27fb5000013c1f7d,1352.2,1,39,gamble_right,You lost -3 dollars.,11,1,2,-3,0,2
52,110,5bb44e5d27fb5000013c1f7d,1347.4,0,37,gamble_right,You received 0 dollars.,12,1,2,-3.25,0,2
11,110,5bb44e5d27fb5000013c1f7d,1396.9,0,37,gamble_right,You received 0 dollars.,13,1,2,-3.5,0,2
74,110,5bb44e5d27fb5000013c1f7d,1093.8,0,37,gamble_right,You received 0 dollars.,14,1,2,-3.75,0,2
129,110,5bb44e5d27fb5000013c1f7d,993,0,39,gamble_left,You received 0 dollars.,15,1,2,-4,0,2
96,110,5bb44e5d27fb5000013c1f7d,1175.6,1,39,gamble_right,You lost -1 dollars.,16,1,4,-1,0,2
100,110,5bb44e5d27fb5000013c1f7d,1223.3,1,39,gamble_right,You lost -1.5 dollars.,17,1,4,-1.5,0,2
49,110,5bb44e5d27fb5000013c1f7d,1005.3,1,37,gamble_left,You lost -2 dollars.,18,1,4,-2,0,2
15,110,5bb44e5d27fb5000013c1f7d,781.9,1,37,gamble_left,You lost -2.5 dollars.,19,1,4,-2.5,0,2
14,110,5bb44e5d27fb5000013c1f7d,1016.3,1,39,gamble_right,You won 4 dollars.,20,1,4,-3,0,1
123,110,5bb44e5d27fb5000013c1f7d,1048.2,1,37,gamble_left,You won 4 dollars.,21,1,4,-3.5,0,1
25,110,5bb44e5d27fb5000013c1f7d,1085.2,1,37,gamble_left,You lost -4 dollars.,22,1,4,-4,0,2
127,110,5bb44e5d27fb5000013c1f7d,1193.3,0,37,gamble_right,You received 0 dollars.,23,1,4,-4.5,0,2
73,110,5bb44e5d27fb5000013c1f7d,1504.3,0,39,gamble_left,You received 0 dollars.,24,1,4,-5,0,2
51,110,5bb44e5d27fb5000013c1f7d,1719.6,1,37,gamble_left,You won 4 dollars.,25,1,4,-5.5,0,1
85,110,5bb44e5d27fb5000013c1f7d,1032.3,0,39,gamble_left,You received 0 dollars.,26,1,4,-6,0,2
8,110,5bb44e5d27fb5000013c1f7d,1100.6,0,37,gamble_right,You received 0 dollars.,27,1,4,-6.5,0,2
60,110,5bb44e5d27fb5000013c1f7d,1063.7,0,37,gamble_right,You received 0 dollars.,28,1,4,-7,0,2
124,110,5bb44e5d27fb5000013c1f7d,957.2,0,39,gamble_left,You received 0 dollars.,29,1,4,-7.5,0,2
38,110,5bb44e5d27fb5000013c1f7d,1240.9,0,37,gamble_right,You received 0 dollars.,30,1,4,-8,0,2
137,110,5bb44e5d27fb5000013c1f7d,945.4,0,39,gamble_left,You received 0 dollars.,31,1,5,-1.25,0,2
120,110,5bb44e5d27fb5000013c1f7d,1085.3,1,39,gamble_right,You won 5 dollars.,32,1,5,-1.88,0,1
3,110,5bb44e5d27fb5000013c1f7d,1218.4,1,39,gamble_right,You lost -2.5 dollars.,33,1,5,-2.5,0,2
57,110,5bb44e5d27fb5000013c1f7d,1420.8,1,39,gamble_right,You lost -3.13 dollars.,34,1,5,-3.13,0,2
133,110,5bb44e5d27fb5000013c1f7d,1360.4,1,39,gamble_right,You won 5 dollars.,35,1,5,-3.75,0,1
81,110,5bb44e5d27fb5000013c1f7d,1340,1,39,gamble_right,You lost -4.38 dollars.,36,1,5,-4.38,0,2
66,110,5bb44e5d27fb5000013c1f7d,1081.1,0,39,gamble_left,You received 0 dollars.,37,1,5,-5,0,2
67,110,5bb44e5d27fb5000013c1f7d,1140.4,0,37,gamble_right,You received 0 dollars.,38,1,5,-5.63,0,2
140,110,5bb44e5d27fb5000013c1f7d,1671,0,37,gamble_right,You received 0 dollars.,39,1,5,-6.25,0,2
142,110,5bb44e5d27fb5000013c1f7d,1202.5,0,37,gamble_right,You received 0 dollars.,40,1,5,-6.88,0,2
28,110,5bb44e5d27fb5000013c1f7d,1211.5,0,39,gamble_left,You received 0 dollars.,41,1,5,-7.5,0,2
1,110,5bb44e5d27fb5000013c1f7d,1269.4,0,37,gamble_right,You received 0 dollars.,42,1,5,-8.13,0,2
113,110,5bb44e5d27fb5000013c1f7d,1198.4,0,39,gamble_left,You received 0 dollars.,43,1,5,-8.75,0,2
30,110,5bb44e5d27fb5000013c1f7d,1093,0,39,gamble_left,You received 0 dollars.,44,1,5,-9.38,0,2
76,110,5bb44e5d27fb5000013c1f7d,1036.7,0,39,gamble_left,You received 0 dollars.,45,1,5,-10,0,2
87,110,5bb44e5d27fb5000013c1f7d,1279.7,1,39,gamble_right,You won 6 dollars.,46,1,6,-1.5,0,1
26,110,5bb44e5d27fb5000013c1f7d,1151.2,1,37,gamble_left,You lost -2.25 dollars.,47,1,6,-2.25,0,2
5,110,5bb44e5d27fb5000013c1f7d,965.7,1,39,gamble_right,You lost -3 dollars.,48,1,6,-3,0,2
62,110,5bb44e5d27fb5000013c1f7d,1288.6,1,39,gamble_right,You won 6 dollars.,49,1,6,-3.75,0,1
12,110,5bb44e5d27fb5000013c1f7d,1130.3,1,37,gamble_left,You won 6 dollars.,50,1,6,-4.5,0,1
118,110,5bb44e5d27fb5000013c1f7d,1088.2,0,39,gamble_left,You received 0 dollars.,51,1,6,-5.25,0,2
115,110,5bb44e5d27fb5000013c1f7d,1318.4,0,39,gamble_left,You received 0 dollars.,52,1,6,-6,0,2
150,110,5bb44e5d27fb5000013c1f7d,1015.6,0,37,gamble_right,You received 0 dollars.,53,1,6,-6.75,0,2
65,110,5bb44e5d27fb5000013c1f7d,1123.3,0,39,gamble_left,You received 0 dollars.,54,1,6,-7.5,0,2
41,110,5bb44e5d27fb5000013c1f7d,1174.1,0,39,gamble_left,You received 0 dollars.,55,1,6,-8.25,0,2
19,110,5bb44e5d27fb5000013c1f7d,1046.8,0,39,gamble_left,You received 0 dollars.,56,1,6,-9,0,2
148,110,5bb44e5d27fb5000013c1f7d,1038.2,0,37,gamble_right,You received 0 dollars.,57,1,6,-9.75,0,2
36,110,5bb44e5d27fb5000013c1f7d,1182.4,0,39,gamble_left,You received 0 dollars.,58,1,6,-10.5,0,2
56,110,5bb44e5d27fb5000013c1f7d,1019.4,0,39,gamble_left,You received 0 dollars.,59,1,6,-11.25,0,2
109,110,5bb44e5d27fb5000013c1f7d,1124.2,0,39,gamble_left,You received 0 dollars.,60,1,6,-12,0,2
4,110,5bb44e5d27fb5000013c1f7d,1439.2,1,39,gamble_right,You won 8 dollars.,61,1,8,-2,0,1
144,110,5bb44e5d27fb5000013c1f7d,1391.2,1,39,gamble_right,You lost -3 dollars.,62,1,8,-3,0,2
146,110,5bb44e5d27fb5000013c1f7d,1352.7,1,39,gamble_right,You won 8 dollars.,63,1,8,-4,0,1
20,110,5bb44e5d27fb5000013c1f7d,1113.6,1,37,gamble_left,You won 8 dollars.,64,1,8,-5,0,1
72,110,5bb44e5d27fb5000013c1f7d,1149.4,1,39,gamble_right,You won 8 dollars.,65,1,8,-6,0,1
128,110,5bb44e5d27fb5000013c1f7d,1278.5,0,37,gamble_right,You received 0 dollars.,66,1,8,-7,0,2
45,110,5bb44e5d27fb5000013c1f7d,1236.9,0,37,gamble_right,You received 0 dollars.,67,1,8,-8,0,2
98,110,5bb44e5d27fb5000013c1f7d,1196.1,0,37,gamble_right,You received 0 dollars.,68,1,8,-9,0,2
91,110,5bb44e5d27fb5000013c1f7d,1869.9,0,37,gamble_right,You received 0 dollars.,69,1,8,-10,0,2
9,110,5bb44e5d27fb5000013c1f7d,1243.7,0,39,gamble_left,You received 0 dollars.,70,1,8,-11,0,2
50,110,5bb44e5d27fb5000013c1f7d,880.1,0,39,gamble_left,You received 0 dollars.,71,1,8,-12,0,2
61,110,5bb44e5d27fb5000013c1f7d,850.1,0,39,gamble_left,You received 0 dollars.,72,1,8,-13,0,2
101,110,5bb44e5d27fb5000013c1f7d,1191.9,0,37,gamble_right,You received 0 dollars.,73,1,8,-14,0,2
145,110,5bb44e5d27fb5000013c1f7d,987.3,0,39,gamble_left,You received 0 dollars.,74,1,8,-15,0,2
143,110,5bb44e5d27fb5000013c1f7d,894.8,0,39,gamble_left,You received 0 dollars.,75,1,8,-16,0,2
64,110,5bb44e5d27fb5000013c1f7d,1178.8,1,39,gamble_right,You lost -2.25 dollars.,76,1,9,-2.25,0,2
35,110,5bb44e5d27fb5000013c1f7d,898.9,1,39,gamble_right,You lost -3.38 dollars.,77,1,9,-3.38,0,2
135,110,5bb44e5d27fb5000013c1f7d,1157.7,1,39,gamble_right,You lost -4.5 dollars.,78,1,9,-4.5,0,2
114,110,5bb44e5d27fb5000013c1f7d,1379.6,0,37,gamble_right,You received 0 dollars.,79,1,9,-5.63,0,2
86,110,5bb44e5d27fb5000013c1f7d,1429.1,1,39,gamble_right,You won 9 dollars.,80,1,9,-6.75,0,1
32,110,5bb44e5d27fb5000013c1f7d,1033.4,1,39,gamble_right,You won 9 dollars.,81,1,9,-7.88,0,1
40,110,5bb44e5d27fb5000013c1f7d,1132.3,0,37,gamble_right,You received 0 dollars.,82,1,9,-9,0,2
44,110,5bb44e5d27fb5000013c1f7d,1169.6,0,37,gamble_right,You received 0 dollars.,83,1,9,-10.13,0,2
131,110,5bb44e5d27fb5000013c1f7d,993.8,0,39,gamble_left,You received 0 dollars.,84,1,9,-11.25,0,2
7,110,5bb44e5d27fb5000013c1f7d,951.2,0,39,gamble_left,You received 0 dollars.,85,1,9,-12.38,0,2
126,110,5bb44e5d27fb5000013c1f7d,850.6,0,39,gamble_left,You received 0 dollars.,86,1,9,-13.5,0,2
10,110,5bb44e5d27fb5000013c1f7d,1199,0,39,gamble_left,You received 0 dollars.,87,1,9,-14.63,0,2
55,110,5bb44e5d27fb5000013c1f7d,1054.3,0,37,gamble_right,You received 0 dollars.,88,1,9,-15.75,0,2
47,110,5bb44e5d27fb5000013c1f7d,1090.3,0,39,gamble_left,You received 0 dollars.,89,1,9,-16.88,0,2
69,110,5bb44e5d27fb5000013c1f7d,1238.5,0,37,gamble_right,You received 0 dollars.,90,1,9,-18,0,2
27,110,5bb44e5d27fb5000013c1f7d,867.1,1,39,gamble_right,You won 10 dollars.,91,1,10,-2.5,0,1
102,110,5bb44e5d27fb5000013c1f7d,1076.6,1,39,gamble_right,You lost -3.75 dollars.,92,1,10,-3.75,0,2
59,110,5bb44e5d27fb5000013c1f7d,947.7,1,39,gamble_right,You won 10 dollars.,93,1,10,-5,0,1
70,110,5bb44e5d27fb5000013c1f7d,1014,1,37,gamble_left,You won 10 dollars.,94,1,10,-6.25,0,1
16,110,5bb44e5d27fb5000013c1f7d,1032.4,1,39,gamble_right,You won 10 dollars.,95,1,10,-7.5,0,1
31,110,5bb44e5d27fb5000013c1f7d,1224.1,0,37,gamble_right,You received 0 dollars.,96,1,10,-8.75,0,2
83,110,5bb44e5d27fb5000013c1f7d,1666.2,1,39,gamble_right,You won 10 dollars.,97,1,10,-10,0,1
29,110,5bb44e5d27fb5000013c1f7d,728.8,1,39,gamble_right,You won 10 dollars.,98,1,10,-11.25,0,1
89,110,5bb44e5d27fb5000013c1f7d,1327.5,0,37,gamble_right,You received 0 dollars.,99,1,10,-12.5,0,2
23,110,5bb44e5d27fb5000013c1f7d,1060.5,0,39,gamble_left,You received 0 dollars.,100,1,10,-13.75,0,2
134,110,5bb44e5d27fb5000013c1f7d,1099,0,39,gamble_left,You received 0 dollars.,101,1,10,-15,0,2
125,110,5bb44e5d27fb5000013c1f7d,1096.5,0,37,gamble_right,You received 0 dollars.,102,1,10,-16.25,0,2
68,110,5bb44e5d27fb5000013c1f7d,1169,1,39,gamble_right,You won 10 dollars.,103,1,10,-17.5,0,1
105,110,5bb44e5d27fb5000013c1f7d,1310.8,0,37,gamble_right,You received 0 dollars.,104,1,10,-18.75,0,2
121,110,5bb44e5d27fb5000013c1f7d,1336.2,0,37,gamble_right,You received 0 dollars.,105,1,10,-20,0,2
103,110,5bb44e5d27fb5000013c1f7d,977.3,1,37,gamble_left,You won 12 dollars.,106,1,12,-3,0,1
130,110,5bb44e5d27fb5000013c1f7d,1093,1,39,gamble_right,You lost -4.5 dollars.,107,1,12,-4.5,0,2
46,110,5bb44e5d27fb5000013c1f7d,1143.3,1,37,gamble_left,You won 12 dollars.,108,1,12,-6,0,1
6,110,5bb44e5d27fb5000013c1f7d,1388,1,39,gamble_right,You won 12 dollars.,109,1,12,-7.5,0,1
110,110,5bb44e5d27fb5000013c1f7d,1473.7,0,37,gamble_right,You received 0 dollars.,110,1,12,-9,0,2
58,110,5bb44e5d27fb5000013c1f7d,1500.9,0,37,gamble_right,You received 0 dollars.,111,1,12,-10.5,0,2
106,110,5bb44e5d27fb5000013c1f7d,1506.4,0,37,gamble_right,You received 0 dollars.,112,1,12,-12,0,2
95,110,5bb44e5d27fb5000013c1f7d,NA,NA,NA,gamble_left,Trial missed.,113,1,12,-13.5,0,3
90,110,5bb44e5d27fb5000013c1f7d,933,0,39,gamble_left,You received 0 dollars.,114,1,12,-15,0,2
84,110,5bb44e5d27fb5000013c1f7d,1157.3,0,37,gamble_right,You received 0 dollars.,115,1,12,-16.5,0,2
75,110,5bb44e5d27fb5000013c1f7d,1267.7,0,37,gamble_right,You received 0 dollars.,116,1,12,-18,0,2
80,110,5bb44e5d27fb5000013c1f7d,1400.7,0,37,gamble_right,You received 0 dollars.,117,1,12,-19.5,0,2
93,110,5bb44e5d27fb5000013c1f7d,1362.6,0,39,gamble_left,You received 0 dollars.,118,1,12,-21,0,2
17,110,5bb44e5d27fb5000013c1f7d,847.1,0,39,gamble_left,You received 0 dollars.,119,1,12,-22.5,0,2
34,110,5bb44e5d27fb5000013c1f7d,928,1,39,gamble_right,You lost -24 dollars.,120,1,12,-24,0,2
2,110,5bb44e5d27fb5000013c1f7d,962.4,1,39,gamble_right,You won 4 dollars.,121,2,4,0,2,1
132,110,5bb44e5d27fb5000013c1f7d,908.8,1,37,gamble_left,You received 0 dollars.,122,2,8,0,4,2
13,110,5bb44e5d27fb5000013c1f7d,1272.2,1,37,gamble_left,You won 12 dollars.,123,2,12,0,6,1
138,110,5bb44e5d27fb5000013c1f7d,1112.4,1,37,gamble_left,You received 0 dollars.,124,2,18,0,9,2
107,110,5bb44e5d27fb5000013c1f7d,1361.3,0,37,gamble_right,You won 12 dollars.,125,2,24,0,12,1
63,110,5bb44e5d27fb5000013c1f7d,1576.4,1,39,gamble_right,You received 0 dollars.,126,2,5,0,3,2
117,110,5bb44e5d27fb5000013c1f7d,1002.8,1,37,gamble_left,You received 0 dollars.,127,2,7,0,4,2
22,110,5bb44e5d27fb5000013c1f7d,893.7,1,37,gamble_left,You won 10 dollars.,128,2,10,0,6,1
122,110,5bb44e5d27fb5000013c1f7d,1480.3,1,39,gamble_right,You received 0 dollars.,129,2,17,0,10,2
43,110,5bb44e5d27fb5000013c1f7d,1048.8,1,39,gamble_right,You won 22 dollars.,130,2,22,0,13,1
97,110,5bb44e5d27fb5000013c1f7d,1292.3,0,37,gamble_right,You won 13 dollars.,131,2,28,0,13,1
112,110,5bb44e5d27fb5000013c1f7d,1179.1,1,39,gamble_right,You won 5 dollars.,132,2,5,0,2,1
79,110,5bb44e5d27fb5000013c1f7d,1069.2,1,37,gamble_left,You received 0 dollars.,133,2,26,0,10,2
94,110,5bb44e5d27fb5000013c1f7d,826.2,1,37,gamble_left,You won 7 dollars.,134,2,7,0,3,1
18,110,5bb44e5d27fb5000013c1f7d,1006.9,1,37,gamble_left,You won 13 dollars.,135,2,13,0,5,1
111,110,5bb44e5d27fb5000013c1f7d,1378,1,39,gamble_right,You received 0 dollars.,136,2,12,0,6,2
21,110,5bb44e5d27fb5000013c1f7d,872.6,1,39,gamble_right,You won 25 dollars.,137,2,25,0,10,1
108,110,5bb44e5d27fb5000013c1f7d,1332,0,37,gamble_right,You won 2 dollars.,138,2,4,0,2,1
24,110,5bb44e5d27fb5000013c1f7d,1022.8,1,39,gamble_right,You received 0 dollars.,139,2,3,0,1,2
141,110,5bb44e5d27fb5000013c1f7d,1118,1,37,gamble_left,You won 25 dollars.,140,2,25,0,9,1
136,110,5bb44e5d27fb5000013c1f7d,881.8,1,37,gamble_left,You won 13 dollars.,141,2,13,0,6,1
139,110,5bb44e5d27fb5000013c1f7d,1096.8,1,39,gamble_right,You won 22 dollars.,142,2,22,0,10,1
39,110,5bb44e5d27fb5000013c1f7d,935.7,1,37,gamble_left,You won 12 dollars.,143,2,12,0,5,1
71,110,5bb44e5d27fb5000013c1f7d,1327.2,1,37,gamble_left,You received 0 dollars.,144,2,2,0,1,2
37,110,5bb44e5d27fb5000013c1f7d,996.3,1,39,gamble_right,You received 0 dollars.,145,2,8,0,3,2
77,110,5bb44e5d27fb5000013c1f7d,1038.3,1,37,gamble_left,You received 0 dollars.,146,2,19,0,8,2
42,110,5bb44e5d27fb5000013c1f7d,1019.7,1,37,gamble_left,You received 0 dollars.,147,2,26,0,12,2
92,110,5bb44e5d27fb5000013c1f7d,1042.4,1,37,gamble_left,You won 30 dollars.,148,2,30,0,12,1
78,110,5bb44e5d27fb5000013c1f7d,1293.7,0,37,gamble_right,You won 10 dollars.,149,2,23,0,10,1
99,110,5bb44e5d27fb5000013c1f7d,1148.5,0,37,gamble_right,You won 4 dollars.,150,2,12,0,4,1