trial_index,ID,subject,rt,responses,key_press,gamble_location,stimulus,Trial_ID,Trial_Type,Gain,Loss,Certain,Trial_Outcome
13,111,60ca61ee9cdeff87d1e9df40,983,1,39,gamble_right,You won 2 dollars.,1,1,2,-0.5,0,1
16,111,60ca61ee9cdeff87d1e9df40,941.8,1,39,gamble_right,You lost -0.75 dollars.,2,1,2,-0.75,0,2
5,111,60ca61ee9cdeff87d1e9df40,1086.1,0,37,gamble_right,You received 0 dollars.,3,1,2,-1,0,2
105,111,60ca61ee9cdeff87d1e9df40,956.9,1,39,gamble_right,You lost -1.25 dollars.,4,1,2,-1.25,0,2
24,111,60ca61ee9cdeff87d1e9df40,751.8,0,39,gamble_left,You received 0 dollars.,5,1,2,-1.5,0,2
51,111,60ca61ee9cdeff87d1e9df40,991.7,1,39,gamble_right,You lost -1.75 dollars.,6,1,2,-1.75,0,2
140,111,60ca61ee9cdeff87d1e9df40,826.2,0,37,gamble_right,You received 0 dollars.,7,1,2,-2,0,2
22,111,60ca61ee9cdeff87d1e9df40,799.6,1,39,gamble_right,You won 2 dollars.,8,1,2,-2.25,0,1
37,111,60ca61ee9cdeff87d1e9df40,964.2,1,37,gamble_left,You lost -2.5 dollars.,9,1,2,-2.5,0,2
35,111,60ca61ee9cdeff87d1e9df40,892.6,0,37,gamble_right,You received 0 dollars.,10,1,2,-2.75,0,2
70,111,60ca61ee9cdeff87d1e9df40,998.1,0,39,gamble_left,You received 0 dollars.,11,1,2,-3,0,2
125,111,60ca61ee9cdeff87d1e9df40,1035.6,0,37,gamble_right,You received 0 dollars.,12,1,2,-3.25,0,2
127,111,60ca61ee9cdeff87d1e9df40,900.1,0,37,gamble_right,You received 0 dollars.,13,1,2,-3.5,0,2
32,111,60ca61ee9cdeff87d1e9df40,769.7,0,37,gamble_right,You received 0 dollars.,14,1,2,-3.75,0,2
134,111,60ca61ee9cdeff87d1e9df40,792.9,0,37,gamble_right,You received 0 dollars.,15,1,2,-4,0,2
136,111,60ca61ee9cdeff87d1e9df40,958.7,1,37,gamble_left,You lost -1 dollars.,16,1,4,-1,0,2
53,111,60ca61ee9cdeff87d1e9df40,902.6,1,37,gamble_left,You lost -1.5 dollars.,17,1,4,-1.5,0,2
60,111,60ca61ee9cdeff87d1e9df40,731,1,39,gamble_right,You lost -2 dollars.,18,1,4,-2,0,2
137,111,60ca61ee9cdeff87d1e9df40,683.9,0,37,gamble_right,You received 0 dollars.,19,1,4,-2.5,0,2
121,111,60ca61ee9cdeff87d1e9df40,898.8,0,39,gamble_left,You received 0 dollars.,20,1,4,-3,0,2
101,111,60ca61ee9cdeff87d1e9df40,938.5,0,39,gamble_left,You received 0 dollars.,21,1,4,-3.5,0,2
74,111,60ca61ee9cdeff87d1e9df40,816.1,0,37,gamble_right,You received 0 dollars.,22,1,4,-4,0,2
19,111,60ca61ee9cdeff87d1e9df40,856.6,1,37,gamble_left,You won 4 dollars.,23,1,4,-4.5,0,1
36,111,60ca61ee9cdeff87d1e9df40,854.1,0,37,gamble_right,You received 0 dollars.,24,1,4,-5,0,2
97,111,60ca61ee9cdeff87d1e9df40,879,0,39,gamble_left,You received 0 dollars.,25,1,4,-5.5,0,2
142,111,60ca61ee9cdeff87d1e9df40,991.6,0,39,gamble_left,You received 0 dollars.,26,1,4,-6,0,2
11,111,60ca61ee9cdeff87d1e9df40,1012.9,1,37,gamble_left,You lost -6.5 dollars.,27,1,4,-6.5,0,2
57,111,60ca61ee9cdeff87d1e9df40,800.2,0,39,gamble_left,You received 0 dollars.,28,1,4,-7,0,2
52,111,60ca61ee9cdeff87d1e9df40,1003.7,0,39,gamble_left,You received 0 dollars.,29,1,4,-7.5,0,2
17,111,60ca61ee9cdeff87d1e9df40,1128.3,1,39,gamble_right,You won 4 dollars.,30,1,4,-8,0,1
150,111,60ca61ee9cdeff87d1e9df40,915.8,1,37,gamble_left,You lost -1.25 dollars.,31,1,5,-1.25,0,2
138,111,60ca61ee9cdeff87d1e9df40,1076.9,1,37,gamble_left,You won 5 dollars.,32,1,5,-1.88,0,1
72,111,60ca61ee9cdeff87d1e9df40,896.7,1,39,gamble_right,You won 5 dollars.,33,1,5,-2.5,0,1
115,111,60ca61ee9cdeff87d1e9df40,1063,0,37,gamble_right,You received 0 dollars.,34,1,5,-3.13,0,2
135,111,60ca61ee9cdeff87d1e9df40,781.9,0,37,gamble_right,You received 0 dollars.,35,1,5,-3.75,0,2
6,111,60ca61ee9cdeff87d1e9df40,1167.2,1,39,gamble_right,You lost -4.38 dollars.,36,1,5,-4.38,0,2
67,111,60ca61ee9cdeff87d1e9df40,776.4,0,37,gamble_right,You received 0 dollars.,37,1,5,-5,0,2
39,111,60ca61ee9cdeff87d1e9df40,686.5,0,39,gamble_left,You received 0 dollars.,38,1,5,-5.63,0,2
64,111,60ca61ee9cdeff87d1e9df40,758.1,0,39,gamble_left,You received 0 dollars.,39,1,5,-6.25,0,2
45,111,60ca61ee9cdeff87d1e9df40,903.5,0,37,gamble_right,You received 0 dollars.,40,1,5,-6.88,0,2
56,111,60ca61ee9cdeff87d1e9df40,737.5,0,39,gamble_left,You received 0 dollars.,41,1,5,-7.5,0,2
119,111,60ca61ee9cdeff87d1e9df40,828,0,37,gamble_right,You received 0 dollars.,42,1,5,-8.13,0,2
80,111,60ca61ee9cdeff87d1e9df40,792.7,0,37,gamble_right,You received 0 dollars.,43,1,5,-8.75,0,2
12,111,60ca61ee9cdeff87d1e9df40,1067.3,0,39,gamble_left,You received 0 dollars.,44,1,5,-9.38,0,2
27,111,60ca61ee9cdeff87d1e9df40,837.8,0,39,gamble_left,You received 0 dollars.,45,1,5,-10,0,2
43,111,60ca61ee9cdeff87d1e9df40,788.7,0,39,gamble_left,You received 0 dollars.,46,1,6,-1.5,0,2
63,111,60ca61ee9cdeff87d1e9df40,1005.1,1,37,gamble_left,You won 6 dollars.,47,1,6,-2.25,0,1
34,111,60ca61ee9cdeff87d1e9df40,740.6,0,39,gamble_left,You received 0 dollars.,48,1,6,-3,0,2
79,111,60ca61ee9cdeff87d1e9df40,985.6,0,39,gamble_left,You received 0 dollars.,49,1,6,-3.75,0,2
112,111,60ca61ee9cdeff87d1e9df40,999.7,0,39,gamble_left,You received 0 dollars.,50,1,6,-4.5,0,2
96,111,60ca61ee9cdeff87d1e9df40,840.4,0,39,gamble_left,You received 0 dollars.,51,1,6,-5.25,0,2
143,111,60ca61ee9cdeff87d1e9df40,784.8,0,37,gamble_right,You received 0 dollars.,52,1,6,-6,0,2
147,111,60ca61ee9cdeff87d1e9df40,812.5,0,37,gamble_right,You received 0 dollars.,53,1,6,-6.75,0,2
10,111,60ca61ee9cdeff87d1e9df40,893.4,1,39,gamble_right,You lost -7.5 dollars.,54,1,6,-7.5,0,2
61,111,60ca61ee9cdeff87d1e9df40,758.8,0,39,gamble_left,You received 0 dollars.,55,1,6,-8.25,0,2
41,111,60ca61ee9cdeff87d1e9df40,1004.2,0,39,gamble_left,You received 0 dollars.,56,1,6,-9,0,2
81,111,60ca61ee9cdeff87d1e9df40,938.4,0,39,gamble_left,You received 0 dollars.,57,1,6,-9.75,0,2
29,111,60ca61ee9cdeff87d1e9df40,851.3,0,39,gamble_left,You received 0 dollars.,58,1,6,-10.5,0,2
131,111,60ca61ee9cdeff87d1e9df40,698.3,0,37,gamble_right,You received 0 dollars.,59,1,6,-11.25,0,2
93,111,60ca61ee9cdeff87d1e9df40,900.1,0,39,gamble_left,You received 0 dollars.,60,1,6,-12,0,2
33,111,60ca61ee9cdeff87d1e9df40,738.6,1,39,gamble_right,You lost -2 dollars.,61,1,8,-2,0,2
126,111,60ca61ee9cdeff87d1e9df40,1252.8,0,39,gamble_left,You received 0 dollars.,62,1,8,-3,0,2
146,111,60ca61ee9cdeff87d1e9df40,910.6,0,37,gamble_right,You received 0 dollars.,63,1,8,-4,0,2
83,111,60ca61ee9cdeff87d1e9df40,1216.8,1,39,gamble_right,You won 8 dollars.,64,1,8,-5,0,1
7,111,60ca61ee9cdeff87d1e9df40,1278.9,0,39,gamble_left,You received 0 dollars.,65,1,8,-6,0,2
77,111,60ca61ee9cdeff87d1e9df40,879.7,0,37,gamble_right,You received 0 dollars.,66,1,8,-7,0,2
91,111,60ca61ee9cdeff87d1e9df40,943.6,0,39,gamble_left,You received 0 dollars.,67,1,8,-8,0,2
50,111,60ca61ee9cdeff87d1e9df40,982.4,0,39,gamble_left,You received 0 dollars.,68,1,8,-9,0,2
145,111,60ca61ee9cdeff87d1e9df40,1013.7,0,37,gamble_right,You received 0 dollars.,69,1,8,-10,0,2
25,111,60ca61ee9cdeff87d1e9df40,813,0,37,gamble_right,You received 0 dollars.,70,1,8,-11,0,2
3,111,60ca61ee9cdeff87d1e9df40,1191.9,0,37,gamble_right,You received 0 dollars.,71,1,8,-12,0,2
123,111,60ca61ee9cdeff87d1e9df40,879.7,0,37,gamble_right,You received 0 dollars.,72,1,8,-13,0,2
107,111,60ca61ee9cdeff87d1e9df40,819.2,0,37,gamble_right,You received 0 dollars.,73,1,8,-14,0,2
102,111,60ca61ee9cdeff87d1e9df40,922.5,0,37,gamble_right,You received 0 dollars.,74,1,8,-15,0,2
31,111,60ca61ee9cdeff87d1e9df40,712.9,0,37,gamble_right,You received 0 dollars.,75,1,8,-16,0,2
92,111,60ca61ee9cdeff87d1e9df40,1003.2,1,37,gamble_left,You lost -2.25 dollars.,76,1,9,-2.25,0,2
110,111,60ca61ee9cdeff87d1e9df40,810.7,1,39,gamble_right,You won 9 dollars.,77,1,9,-3.38,0,1
15,111,60ca61ee9cdeff87d1e9df40,883.5,1,39,gamble_right,You lost -4.5 dollars.,78,1,9,-4.5,0,2
30,111,60ca61ee9cdeff87d1e9df40,772.4,0,39,gamble_left,You received 0 dollars.,79,1,9,-5.63,0,2
128,111,60ca61ee9cdeff87d1e9df40,896.3,0,37,gamble_right,You received 0 dollars.,80,1,9,-6.75,0,2
133,111,60ca61ee9cdeff87d1e9df40,822,0,39,gamble_left,You received 0 dollars.,81,1,9,-7.88,0,2
62,111,60ca61ee9cdeff87d1e9df40,942.3,0,39,gamble_left,You received 0 dollars.,82,1,9,-9,0,2
20,111,60ca61ee9cdeff87d1e9df40,822.6,0,39,gamble_left,You received 0 dollars.,83,1,9,-10.13,0,2
71,111,60ca61ee9cdeff87d1e9df40,820.8,0,37,gamble_right,You received 0 dollars.,84,1,9,-11.25,0,2
86,111,60ca61ee9cdeff87d1e9df40,769.6,0,37,gamble_right,You received 0 dollars.,85,1,9,-12.38,0,2
141,111,60ca61ee9cdeff87d1e9df40,899.5,0,37,gamble_right,You received 0 dollars.,86,1,9,-13.5,0,2
47,111,60ca61ee9cdeff87d1e9df40,753.9,0,37,gamble_right,You received 0 dollars.,87,1,9,-14.63,0,2
99,111,60ca61ee9cdeff87d1e9df40,870.8,0,37,gamble_right,You received 0 dollars.,88,1,9,-15.75,0,2
104,111,60ca61ee9cdeff87d1e9df40,887.8,0,39,gamble_left,You received 0 dollars.,89,1,9,-16.88,0,2
109,111,60ca61ee9cdeff87d1e9df40,964.5,0,39,gamble_left,You received 0 dollars.,90,1,9,-18,0,2
87,111,60ca61ee9cdeff87d1e9df40,871.6,1,39,gamble_right,You won 10 dollars.,91,1,10,-2.5,0,1
85,111,60ca61ee9cdeff87d1e9df40,1227.9,0,37,gamble_right,You received 0 dollars.,92,1,10,-3.75,0,2
90,111,60ca61ee9cdeff87d1e9df40,1145.9,0,37,gamble_right,You received 0 dollars.,93,1,10,-5,0,2
46,111,60ca61ee9cdeff87d1e9df40,880.5,0,37,gamble_right,You received 0 dollars.,94,1,10,-6.25,0,2
1,111,60ca61ee9cdeff87d1e9df40,NA,NA,NA,gamble_left,Trial missed.,95,1,10,-7.5,0,3
58,111,60ca61ee9cdeff87d1e9df40,780.6,0,37,gamble_right,You received 0 dollars.,96,1,10,-8.75,0,2
100,111,60ca61ee9cdeff87d1e9df40,928.5,0,37,gamble_right,You received 0 dollars.,97,1,10,-10,0,2
122,111,60ca61ee9cdeff87d1e9df40,771.2,0,39,gamble_left,You received 0 dollars.,98,1,10,-11.25,0,2
66,111,60ca61ee9cdeff87d1e9df40,831.5,0,37,gamble_right,You received 0 dollars.,99,1,10,-12.5,0,2
139,111,60ca61ee9cdeff87d1e9df40,755.6,0,39,gamble_left,You received 0 dollars.,100,1,10,-13.75,0,2
117,111,60ca61ee9cdeff87d1e9df40,659.4,0,37,gamble_right,You received 0 dollars.,101,1,10,-15,0,2
111,111,60ca61ee9cdeff87d1e9df40,900,0,39,gamble_left,You received 0 dollars.,102,1,10,-16.25,0,2
82,111,60ca61ee9cdeff87d1e9df40,917.1,0,37,gamble_right,You received 0 dollars.,103,1,10,-17.5,0,2
78,111,60ca61ee9cdeff87d1e9df40,826.1,0,39,gamble_left,You received 0 dollars.,104,1,10,-18.75,0,2
148,111,60ca61ee9cdeff87d1e9df40,843.7,0,37,gamble_right,You received 0 dollars.,105,1,10,-20,0,2
113,111,60ca61ee9cdeff87d1e9df40,823.1,1,39,gamble_right,You lost -3 dollars.,106,1,12,-3,0,2
144,111,60ca61ee9cdeff87d1e9df40,875.1,0,39,gamble_left,You received 0 dollars.,107,1,12,-4.5,0,2
76,111,60ca61ee9cdeff87d1e9df40,953.2,0,37,gamble_right,You received 0 dollars.,108,1,12,-6,0,2
48,111,60ca61ee9cdeff87d1e9df40,879.7,0,37,gamble_right,You received 0 dollars.,109,1,12,-7.5,0,2
124,111,60ca61ee9cdeff87d1e9df40,871.1,0,39,gamble_left,You received 0 dollars.,110,1,12,-9,0,2
9,111,60ca61ee9cdeff87d1e9df40,950.9,0,39,gamble_left,You received 0 dollars.,111,1,12,-10.5,0,2
68,111,60ca61ee9cdeff87d1e9df40,784.1,0,39,gamble_left,You received 0 dollars.,112,1,12,-12,0,2
108,111,60ca61ee9cdeff87d1e9df40,865.2,0,39,gamble_left,You received 0 dollars.,113,1,12,-13.5,0,2
95,111,60ca61ee9cdeff87d1e9df40,787.1,0,39,gamble_left,You received 0 dollars.,114,1,12,-15,0,2
14,111,60ca61ee9cdeff87d1e9df40,974.7,0,39,gamble_left,You received 0 dollars.,115,1,12,-16.5,0,2
103,111,60ca61ee9cdeff87d1e9df40,924.6,0,37,gamble_right,You received 0 dollars.,116,1,12,-18,0,2
18,111,60ca61ee9cdeff87d1e9df40,659.4,1,39,gamble_right,You lost -19.5 dollars.,117,1,12,-19.5,0,2
118,111,60ca61ee9cdeff87d1e9df40,860.5,0,39,gamble_left,You received 0 dollars.,118,1,12,-21,0,2
65,111,60ca61ee9cdeff87d1e9df40,903.2,0,37,gamble_right,You received 0 dollars.,119,1,12,-22.5,0,2
106,111,60ca61ee9cdeff87d1e9df40,1046.9,0,37,gamble_right,You received 0 dollars.,120,1,12,-24,0,2
132,111,60ca61ee9cdeff87d1e9df40,724.7,1,39,gamble_right,You received 0 dollars.,121,2,4,0,2,2
89,111,60ca61ee9cdeff87d1e9df40,756.2,0,39,gamble_left,You won 4 dollars.,122,2,8,0,4,1
94,111,60ca61ee9cdeff87d1e9df40,917,1,39,gamble_right,You received 0 dollars.,123,2,12,0,6,2
69,111,60ca61ee9cdeff87d1e9df40,842.2,1,39,gamble_right,You won 18 dollars.,124,2,18,0,9,1
23,111,60ca61ee9cdeff87d1e9df40,553.6,0,37,gamble_right,You won 12 dollars.,125,2,24,0,12,1
73,111,60ca61ee9cdeff87d1e9df40,784.9,0,37,gamble_right,You won 3 dollars.,126,2,5,0,3,1
54,111,60ca61ee9cdeff87d1e9df40,802.4,1,39,gamble_right,You received 0 dollars.,127,2,7,0,4,2
88,111,60ca61ee9cdeff87d1e9df40,908.9,1,39,gamble_right,You received 0 dollars.,128,2,10,0,6,2
26,111,60ca61ee9cdeff87d1e9df40,650.9,0,39,gamble_left,You won 10 dollars.,129,2,17,0,10,1
42,111,60ca61ee9cdeff87d1e9df40,603.9,0,39,gamble_left,You won 13 dollars.,130,2,22,0,13,1
129,111,60ca61ee9cdeff87d1e9df40,767.6,1,39,gamble_right,You won 28 dollars.,131,2,28,0,13,1
84,111,60ca61ee9cdeff87d1e9df40,1079.3,0,39,gamble_left,You won 2 dollars.,132,2,5,0,2,1
21,111,60ca61ee9cdeff87d1e9df40,739.2,0,37,gamble_right,You won 10 dollars.,133,2,26,0,10,1
75,111,60ca61ee9cdeff87d1e9df40,644.4,0,37,gamble_right,You won 3 dollars.,134,2,7,0,3,1
4,111,60ca61ee9cdeff87d1e9df40,961.2,1,39,gamble_right,You received 0 dollars.,135,2,13,0,5,2
114,111,60ca61ee9cdeff87d1e9df40,581.4,0,39,gamble_left,You won 6 dollars.,136,2,12,0,6,1
55,111,60ca61ee9cdeff87d1e9df40,672.4,0,39,gamble_left,You won 10 dollars.,137,2,25,0,10,1
120,111,60ca61ee9cdeff87d1e9df40,906.9,0,39,gamble_left,You won 2 dollars.,138,2,4,0,2,1
40,111,60ca61ee9cdeff87d1e9df40,734.3,0,39,gamble_left,You won 1 dollars.,139,2,3,0,1,1
8,111,60ca61ee9cdeff87d1e9df40,840.7,0,39,gamble_left,You won 9 dollars.,140,2,25,0,9,1
130,111,60ca61ee9cdeff87d1e9df40,672.8,0,39,gamble_left,You won 6 dollars.,141,2,13,0,6,1
38,111,60ca61ee9cdeff87d1e9df40,829,1,37,gamble_left,You received 0 dollars.,142,2,22,0,10,2
2,111,60ca61ee9cdeff87d1e9df40,983.6,1,39,gamble_right,You received 0 dollars.,143,2,12,0,5,2
28,111,60ca61ee9cdeff87d1e9df40,654.9,0,39,gamble_left,You won 1 dollars.,144,2,2,0,1,1
59,111,60ca61ee9cdeff87d1e9df40,818.6,0,37,gamble_right,You won 3 dollars.,145,2,8,0,3,1
98,111,60ca61ee9cdeff87d1e9df40,817.4,1,37,gamble_left,You won 19 dollars.,146,2,19,0,8,1
116,111,60ca61ee9cdeff87d1e9df40,916.6,1,37,gamble_left,You received 0 dollars.,147,2,26,0,12,2
149,111,60ca61ee9cdeff87d1e9df40,750.4,1,39,gamble_right,You won 30 dollars.,148,2,30,0,12,1
44,111,60ca61ee9cdeff87d1e9df40,861.6,1,39,gamble_right,You received 0 dollars.,149,2,23,0,10,2
49,111,60ca61ee9cdeff87d1e9df40,734.3,1,39,gamble_right,You received 0 dollars.,150,2,12,0,4,2