trial_index,ID,subject,rt,responses,key_press,gamble_location,stimulus,Trial_ID,Trial_Type,Gain,Loss,Certain,Trial_Outcome
31,112,5f527fcd94f94754853db0e5,380,0,37,gamble_right,You received 0 dollars.,1,1,2,-0.5,0,2
129,112,5f527fcd94f94754853db0e5,395.3,0,39,gamble_left,You received 0 dollars.,2,1,2,-0.75,0,2
132,112,5f527fcd94f94754853db0e5,398.3,0,39,gamble_left,You received 0 dollars.,3,1,2,-1,0,2
86,112,5f527fcd94f94754853db0e5,467.4,0,37,gamble_right,You received 0 dollars.,4,1,2,-1.25,0,2
1,112,5f527fcd94f94754853db0e5,502.7,0,39,gamble_left,You received 0 dollars.,5,1,2,-1.5,0,2
94,112,5f527fcd94f94754853db0e5,424.7,0,37,gamble_right,You received 0 dollars.,6,1,2,-1.75,0,2
22,112,5f527fcd94f94754853db0e5,387.2,0,37,gamble_right,You received 0 dollars.,7,1,2,-2,0,2
25,112,5f527fcd94f94754853db0e5,434.7,0,37,gamble_right,You received 0 dollars.,8,1,2,-2.25,0,2
37,112,5f527fcd94f94754853db0e5,554.6,1,37,gamble_left,You lost -2.5 dollars.,9,1,2,-2.5,0,2
109,112,5f527fcd94f94754853db0e5,371.5,0,37,gamble_right,You received 0 dollars.,10,1,2,-2.75,0,2
150,112,5f527fcd94f94754853db0e5,466,1,39,gamble_right,You won 2 dollars.,11,1,2,-3,0,1
77,112,5f527fcd94f94754853db0e5,383.3,0,39,gamble_left,You received 0 dollars.,12,1,2,-3.25,0,2
113,112,5f527fcd94f94754853db0e5,467.9,0,37,gamble_right,You received 0 dollars.,13,1,2,-3.5,0,2
74,112,5f527fcd94f94754853db0e5,371.2,0,37,gamble_right,You received 0 dollars.,14,1,2,-3.75,0,2
83,112,5f527fcd94f94754853db0e5,379.1,0,37,gamble_right,You received 0 dollars.,15,1,2,-4,0,2
92,112,5f527fcd94f94754853db0e5,390.6,0,39,gamble_left,You received 0 dollars.,16,1,4,-1,0,2
119,112,5f527fcd94f94754853db0e5,426.8,0,39,gamble_left,You received 0 dollars.,17,1,4,-1.5,0,2
112,112,5f527fcd94f94754853db0e5,431.5,0,37,gamble_right,You received 0 dollars.,18,1,4,-2,0,2
66,112,5f527fcd94f94754853db0e5,469.3,0,39,gamble_left,You received 0 dollars.,19,1,4,-2.5,0,2
30,112,5f527fcd94f94754853db0e5,352.2,0,39,gamble_left,You received 0 dollars.,20,1,4,-3,0,2
26,112,5f527fcd94f94754853db0e5,468.7,0,37,gamble_right,You received 0 dollars.,21,1,4,-3.5,0,2
61,112,5f527fcd94f94754853db0e5,509.2,0,37,gamble_right,You received 0 dollars.,22,1,4,-4,0,2
115,112,5f527fcd94f94754853db0e5,425.3,0,37,gamble_right,You received 0 dollars.,23,1,4,-4.5,0,2
81,112,5f527fcd94f94754853db0e5,458.3,0,37,gamble_right,You received 0 dollars.,24,1,4,-5,0,2
100,112,5f527fcd94f94754853db0e5,363.8,0,39,gamble_left,You received 0 dollars.,25,1,4,-5.5,0,2
130,112,5f527fcd94f94754853db0e5,385.4,0,39,gamble_left,You received 0 dollars.,26,1,4,-6,0,2
47,112,5f527fcd94f94754853db0e5,570.4,0,37,gamble_right,You received 0 dollars.,27,1,4,-6.5,0,2
141,112,5f527fcd94f94754853db0e5,401.6,0,39,gamble_left,You received 0 dollars.,28,1,4,-7,0,2
56,112,5f527fcd94f94754853db0e5,475.2,0,39,gamble_left,You received 0 dollars.,29,1,4,-7.5,0,2
50,112,5f527fcd94f94754853db0e5,483.9,0,37,gamble_right,You received 0 dollars.,30,1,4,-8,0,2
103,112,5f527fcd94f94754853db0e5,508.1,0,37,gamble_right,You received 0 dollars.,31,1,5,-1.25,0,2
63,112,5f527fcd94f94754853db0e5,425.8,0,37,gamble_right,You received 0 dollars.,32,1,5,-1.88,0,2
125,112,5f527fcd94f94754853db0e5,418.9,0,39,gamble_left,You received 0 dollars.,33,1,5,-2.5,0,2
67,112,5f527fcd94f94754853db0e5,409.1,0,39,gamble_left,You received 0 dollars.,34,1,5,-3.13,0,2
142,112,5f527fcd94f94754853db0e5,645.8,0,37,gamble_right,You received 0 dollars.,35,1,5,-3.75,0,2
69,112,5f527fcd94f94754853db0e5,390,0,37,gamble_right,You received 0 dollars.,36,1,5,-4.38,0,2
52,112,5f527fcd94f94754853db0e5,495.4,0,37,gamble_right,You received 0 dollars.,37,1,5,-5,0,2
32,112,5f527fcd94f94754853db0e5,443.3,0,39,gamble_left,You received 0 dollars.,38,1,5,-5.63,0,2
110,112,5f527fcd94f94754853db0e5,421.1,0,37,gamble_right,You received 0 dollars.,39,1,5,-6.25,0,2
18,112,5f527fcd94f94754853db0e5,408,1,39,gamble_right,You won 5 dollars.,40,1,5,-6.88,0,1
126,112,5f527fcd94f94754853db0e5,586.6,0,37,gamble_right,You received 0 dollars.,41,1,5,-7.5,0,2
75,112,5f527fcd94f94754853db0e5,418.2,0,39,gamble_left,You received 0 dollars.,42,1,5,-8.13,0,2
28,112,5f527fcd94f94754853db0e5,415.2,0,39,gamble_left,You received 0 dollars.,43,1,5,-8.75,0,2
43,112,5f527fcd94f94754853db0e5,563.4,0,37,gamble_right,You received 0 dollars.,44,1,5,-9.38,0,2
106,112,5f527fcd94f94754853db0e5,386.7,0,37,gamble_right,You received 0 dollars.,45,1,5,-10,0,2
139,112,5f527fcd94f94754853db0e5,442.1,0,37,gamble_right,You received 0 dollars.,46,1,6,-1.5,0,2
34,112,5f527fcd94f94754853db0e5,424.5,0,37,gamble_right,You received 0 dollars.,47,1,6,-2.25,0,2
44,112,5f527fcd94f94754853db0e5,525.1,0,37,gamble_right,You received 0 dollars.,48,1,6,-3,0,2
144,112,5f527fcd94f94754853db0e5,358,0,37,gamble_right,You received 0 dollars.,49,1,6,-3.75,0,2
99,112,5f527fcd94f94754853db0e5,420.9,0,37,gamble_right,You received 0 dollars.,50,1,6,-4.5,0,2
60,112,5f527fcd94f94754853db0e5,400.9,0,39,gamble_left,You received 0 dollars.,51,1,6,-5.25,0,2
45,112,5f527fcd94f94754853db0e5,424.6,0,39,gamble_left,You received 0 dollars.,52,1,6,-6,0,2
135,112,5f527fcd94f94754853db0e5,636.5,0,37,gamble_right,You received 0 dollars.,53,1,6,-6.75,0,2
145,112,5f527fcd94f94754853db0e5,420.6,0,39,gamble_left,You received 0 dollars.,54,1,6,-7.5,0,2
53,112,5f527fcd94f94754853db0e5,435.5,0,37,gamble_right,You received 0 dollars.,55,1,6,-8.25,0,2
131,112,5f527fcd94f94754853db0e5,446.9,0,39,gamble_left,You received 0 dollars.,56,1,6,-9,0,2
12,112,5f527fcd94f94754853db0e5,685.3,0,39,gamble_left,You received 0 dollars.,57,1,6,-9.75,0,2
148,112,5f527fcd94f94754853db0e5,461.4,0,37,gamble_right,You received 0 dollars.,58,1,6,-10.5,0,2
29,112,5f527fcd94f94754853db0e5,370.4,0,37,gamble_right,You received 0 dollars.,59,1,6,-11.25,0,2
136,112,5f527fcd94f94754853db0e5,418.8,0,39,gamble_left,You received 0 dollars.,60,1,6,-12,0,2
97,112,5f527fcd94f94754853db0e5,360.1,0,39,gamble_left,You received 0 dollars.,61,1,8,-2,0,2
7,112,5f527fcd94f94754853db0e5,467.3,0,39,gamble_left,You received 0 dollars.,62,1,8,-3,0,2
82,112,5f527fcd94f94754853db0e5,397.7,0,39,gamble_left,You received 0 dollars.,63,1,8,-4,0,2
149,112,5f527fcd94f94754853db0e5,422.4,0,39,gamble_left,You received 0 dollars.,64,1,8,-5,0,2
40,112,5f527fcd94f94754853db0e5,463.6,0,39,gamble_left,You received 0 dollars.,65,1,8,-6,0,2
114,112,5f527fcd94f94754853db0e5,476,0,37,gamble_right,You received 0 dollars.,66,1,8,-7,0,2
93,112,5f527fcd94f94754853db0e5,431.8,0,39,gamble_left,You received 0 dollars.,67,1,8,-8,0,2
134,112,5f527fcd94f94754853db0e5,402.5,0,39,gamble_left,You received 0 dollars.,68,1,8,-9,0,2
9,112,5f527fcd94f94754853db0e5,700.2,0,37,gamble_right,You received 0 dollars.,69,1,8,-10,0,2
5,112,5f527fcd94f94754853db0e5,554.8,0,37,gamble_right,You received 0 dollars.,70,1,8,-11,0,2
3,112,5f527fcd94f94754853db0e5,392.1,1,37,gamble_left,You won 8 dollars.,71,1,8,-12,0,1
73,112,5f527fcd94f94754853db0e5,407.3,1,39,gamble_right,You lost -13 dollars.,72,1,8,-13,0,2
33,112,5f527fcd94f94754853db0e5,575.7,0,37,gamble_right,You received 0 dollars.,73,1,8,-14,0,2
80,112,5f527fcd94f94754853db0e5,458.4,0,39,gamble_left,You received 0 dollars.,74,1,8,-15,0,2
38,112,5f527fcd94f94754853db0e5,505.5,0,37,gamble_right,You received 0 dollars.,75,1,8,-16,0,2
55,112,5f527fcd94f94754853db0e5,386.4,0,37,gamble_right,You received 0 dollars.,76,1,9,-2.25,0,2
51,112,5f527fcd94f94754853db0e5,628.8,0,37,gamble_right,You received 0 dollars.,77,1,9,-3.38,0,2
79,112,5f527fcd94f94754853db0e5,396.3,0,39,gamble_left,You received 0 dollars.,78,1,9,-4.5,0,2
104,112,5f527fcd94f94754853db0e5,347.4,0,39,gamble_left,You received 0 dollars.,79,1,9,-5.63,0,2
107,112,5f527fcd94f94754853db0e5,481.6,0,37,gamble_right,You received 0 dollars.,80,1,9,-6.75,0,2
108,112,5f527fcd94f94754853db0e5,375.3,0,39,gamble_left,You received 0 dollars.,81,1,9,-7.88,0,2
137,112,5f527fcd94f94754853db0e5,486.4,0,37,gamble_right,You received 0 dollars.,82,1,9,-9,0,2
62,112,5f527fcd94f94754853db0e5,486.2,0,39,gamble_left,You received 0 dollars.,83,1,9,-10.13,0,2
4,112,5f527fcd94f94754853db0e5,447,0,39,gamble_left,You received 0 dollars.,84,1,9,-11.25,0,2
84,112,5f527fcd94f94754853db0e5,374.2,0,39,gamble_left,You received 0 dollars.,85,1,9,-12.38,0,2
49,112,5f527fcd94f94754853db0e5,460.4,0,37,gamble_right,You received 0 dollars.,86,1,9,-13.5,0,2
36,112,5f527fcd94f94754853db0e5,457.2,0,37,gamble_right,You received 0 dollars.,87,1,9,-14.63,0,2
46,112,5f527fcd94f94754853db0e5,485,0,37,gamble_right,You received 0 dollars.,88,1,9,-15.75,0,2
35,112,5f527fcd94f94754853db0e5,539.7,0,37,gamble_right,You received 0 dollars.,89,1,9,-16.88,0,2
123,112,5f527fcd94f94754853db0e5,458.6,0,39,gamble_left,You received 0 dollars.,90,1,9,-18,0,2
70,112,5f527fcd94f94754853db0e5,409.1,0,37,gamble_right,You received 0 dollars.,91,1,10,-2.5,0,2
76,112,5f527fcd94f94754853db0e5,372.6,0,37,gamble_right,You received 0 dollars.,92,1,10,-3.75,0,2
138,112,5f527fcd94f94754853db0e5,384.8,0,39,gamble_left,You received 0 dollars.,93,1,10,-5,0,2
21,112,5f527fcd94f94754853db0e5,443.2,0,37,gamble_right,You received 0 dollars.,94,1,10,-6.25,0,2
133,112,5f527fcd94f94754853db0e5,415.2,0,39,gamble_left,You received 0 dollars.,95,1,10,-7.5,0,2
89,112,5f527fcd94f94754853db0e5,407.8,0,39,gamble_left,You received 0 dollars.,96,1,10,-8.75,0,2
58,112,5f527fcd94f94754853db0e5,376.4,0,37,gamble_right,You received 0 dollars.,97,1,10,-10,0,2
23,112,5f527fcd94f94754853db0e5,696.2,0,37,gamble_right,You received 0 dollars.,98,1,10,-11.25,0,2
16,112,5f527fcd94f94754853db0e5,439.8,0,37,gamble_right,You received 0 dollars.,99,1,10,-12.5,0,2
101,112,5f527fcd94f94754853db0e5,695.9,0,39,gamble_left,You received 0 dollars.,100,1,10,-13.75,0,2
39,112,5f527fcd94f94754853db0e5,424.5,0,39,gamble_left,You received 0 dollars.,101,1,10,-15,0,2
24,112,5f527fcd94f94754853db0e5,400.2,0,39,gamble_left,You received 0 dollars.,102,1,10,-16.25,0,2
122,112,5f527fcd94f94754853db0e5,591.1,0,39,gamble_left,You received 0 dollars.,103,1,10,-17.5,0,2
117,112,5f527fcd94f94754853db0e5,409.6,0,39,gamble_left,You received 0 dollars.,104,1,10,-18.75,0,2
147,112,5f527fcd94f94754853db0e5,449.7,0,39,gamble_left,You received 0 dollars.,105,1,10,-20,0,2
72,112,5f527fcd94f94754853db0e5,501.2,0,37,gamble_right,You received 0 dollars.,106,1,12,-3,0,2
6,112,5f527fcd94f94754853db0e5,542.1,0,37,gamble_right,You received 0 dollars.,107,1,12,-4.5,0,2
2,112,5f527fcd94f94754853db0e5,351.7,0,37,gamble_right,You received 0 dollars.,108,1,12,-6,0,2
59,112,5f527fcd94f94754853db0e5,435.5,0,37,gamble_right,You received 0 dollars.,109,1,12,-7.5,0,2
105,112,5f527fcd94f94754853db0e5,440.8,0,39,gamble_left,You received 0 dollars.,110,1,12,-9,0,2
64,112,5f527fcd94f94754853db0e5,486.3,0,37,gamble_right,You received 0 dollars.,111,1,12,-10.5,0,2
42,112,5f527fcd94f94754853db0e5,642.6,1,37,gamble_left,You lost -12 dollars.,112,1,12,-12,0,2
71,112,5f527fcd94f94754853db0e5,502.9,0,39,gamble_left,You received 0 dollars.,113,1,12,-13.5,0,2
65,112,5f527fcd94f94754853db0e5,420.9,0,39,gamble_left,You received 0 dollars.,114,1,12,-15,0,2
124,112,5f527fcd94f94754853db0e5,535.9,0,39,gamble_left,You received 0 dollars.,115,1,12,-16.5,0,2
95,112,5f527fcd94f94754853db0e5,569.3,0,37,gamble_right,You received 0 dollars.,116,1,12,-18,0,2
8,112,5f527fcd94f94754853db0e5,500.7,0,37,gamble_right,You received 0 dollars.,117,1,12,-19.5,0,2
17,112,5f527fcd94f94754853db0e5,365.1,0,39,gamble_left,You received 0 dollars.,118,1,12,-21,0,2
57,112,5f527fcd94f94754853db0e5,443.5,0,39,gamble_left,You received 0 dollars.,119,1,12,-22.5,0,2
85,112,5f527fcd94f94754853db0e5,466.5,0,39,gamble_left,You received 0 dollars.,120,1,12,-24,0,2
98,112,5f527fcd94f94754853db0e5,430.4,0,39,gamble_left,You won 2 dollars.,121,2,4,0,2,1
91,112,5f527fcd94f94754853db0e5,441,0,39,gamble_left,You won 4 dollars.,122,2,8,0,4,1
102,112,5f527fcd94f94754853db0e5,434.6,0,37,gamble_right,You won 6 dollars.,123,2,12,0,6,1
127,112,5f527fcd94f94754853db0e5,437.9,0,39,gamble_left,You won 9 dollars.,124,2,18,0,9,1
13,112,5f527fcd94f94754853db0e5,423.6,1,37,gamble_left,You won 24 dollars.,125,2,24,0,12,1
87,112,5f527fcd94f94754853db0e5,391.1,1,39,gamble_right,You received 0 dollars.,126,2,5,0,3,2
78,112,5f527fcd94f94754853db0e5,532.5,0,39,gamble_left,You won 4 dollars.,127,2,7,0,4,1
10,112,5f527fcd94f94754853db0e5,470.2,1,39,gamble_right,You received 0 dollars.,128,2,10,0,6,2
88,112,5f527fcd94f94754853db0e5,465,1,39,gamble_right,You received 0 dollars.,129,2,17,0,10,2
20,112,5f527fcd94f94754853db0e5,506.9,0,39,gamble_left,You won 13 dollars.,130,2,22,0,13,1
116,112,5f527fcd94f94754853db0e5,520,1,39,gamble_right,You won 28 dollars.,131,2,28,0,13,1
90,112,5f527fcd94f94754853db0e5,419.6,0,39,gamble_left,You won 2 dollars.,132,2,5,0,2,1
27,112,5f527fcd94f94754853db0e5,429.7,0,39,gamble_left,You won 10 dollars.,133,2,26,0,10,1
120,112,5f527fcd94f94754853db0e5,418.1,0,37,gamble_right,You won 3 dollars.,134,2,7,0,3,1
118,112,5f527fcd94f94754853db0e5,416.4,0,39,gamble_left,You won 5 dollars.,135,2,13,0,5,1
146,112,5f527fcd94f94754853db0e5,434.9,1,39,gamble_right,You received 0 dollars.,136,2,12,0,6,2
68,112,5f527fcd94f94754853db0e5,476.4,0,39,gamble_left,You won 10 dollars.,137,2,25,0,10,1
111,112,5f527fcd94f94754853db0e5,377.6,1,39,gamble_right,You received 0 dollars.,138,2,4,0,2,2
19,112,5f527fcd94f94754853db0e5,512.1,0,37,gamble_right,You won 1 dollars.,139,2,3,0,1,1
41,112,5f527fcd94f94754853db0e5,667.9,0,39,gamble_left,You won 9 dollars.,140,2,25,0,9,1
121,112,5f527fcd94f94754853db0e5,523.6,1,39,gamble_right,You won 13 dollars.,141,2,13,0,6,1
143,112,5f527fcd94f94754853db0e5,473.9,0,39,gamble_left,You won 10 dollars.,142,2,22,0,10,1
48,112,5f527fcd94f94754853db0e5,548.5,0,39,gamble_left,You won 5 dollars.,143,2,12,0,5,1
140,112,5f527fcd94f94754853db0e5,506,1,39,gamble_right,You received 0 dollars.,144,2,2,0,1,2
11,112,5f527fcd94f94754853db0e5,507.6,1,39,gamble_right,You received 0 dollars.,145,2,8,0,3,2
96,112,5f527fcd94f94754853db0e5,479.3,0,39,gamble_left,You won 8 dollars.,146,2,19,0,8,1
54,112,5f527fcd94f94754853db0e5,406.2,0,39,gamble_left,You won 12 dollars.,147,2,26,0,12,1
128,112,5f527fcd94f94754853db0e5,656.5,0,37,gamble_right,You won 12 dollars.,148,2,30,0,12,1
14,112,5f527fcd94f94754853db0e5,435.8,0,37,gamble_right,You won 10 dollars.,149,2,23,0,10,1
15,112,5f527fcd94f94754853db0e5,409.2,0,39,gamble_left,You won 4 dollars.,150,2,12,0,4,1