trial_index,ID,subject,rt,responses,key_press,gamble_location,stimulus,Trial_ID,Trial_Type,Gain,Loss,Certain,Trial_Outcome
131,113,5ed6b50b17bb42053b7eb6f8,1404.7,0,37,gamble_right,You received 0 dollars.,1,1,2,-0.5,0,2
129,113,5ed6b50b17bb42053b7eb6f9,1235.3,1,37,gamble_left,You won 2 dollars.,2,1,2,-0.75,0,1
85,113,5ed6b50b17bb42053b7eb6f10,1225.9,1,37,gamble_left,You won 2 dollars.,3,1,2,-1,0,1
100,113,5ed6b50b17bb42053b7eb6f11,1317.4,0,37,gamble_right,You received 0 dollars.,4,1,2,-1.25,0,2
25,113,5ed6b50b17bb42053b7eb6f12,1916.1,0,39,gamble_left,You received 0 dollars.,5,1,2,-1.5,0,2
38,113,5ed6b50b17bb42053b7eb6f13,1698.4,0,39,gamble_left,You received 0 dollars.,6,1,2,-1.75,0,2
43,113,5ed6b50b17bb42053b7eb6f14,1357.3,1,39,gamble_right,You lost -2 dollars.,7,1,2,-2,0,2
71,113,5ed6b50b17bb42053b7eb6f15,1132.7,0,37,gamble_right,You received 0 dollars.,8,1,2,-2.25,0,2
1,113,5ed6b50b17bb42053b7eb6f16,1269.1,0,37,gamble_right,You received 0 dollars.,9,1,2,-2.5,0,2
128,113,5ed6b50b17bb42053b7eb6f17,1028.1,0,39,gamble_left,You received 0 dollars.,10,1,2,-2.75,0,2
76,113,5ed6b50b17bb42053b7eb6f18,1350,0,37,gamble_right,You received 0 dollars.,11,1,2,-3,0,2
47,113,5ed6b50b17bb42053b7eb6f19,1675.4,0,37,gamble_right,You received 0 dollars.,12,1,2,-3.25,0,2
126,113,5ed6b50b17bb42053b7eb6f20,1291.4,0,39,gamble_left,You received 0 dollars.,13,1,2,-3.5,0,2
74,113,5ed6b50b17bb42053b7eb6f21,1107.3,0,39,gamble_left,You received 0 dollars.,14,1,2,-3.75,0,2
56,113,5ed6b50b17bb42053b7eb6f22,1162.8,0,39,gamble_left,You received 0 dollars.,15,1,2,-4,0,2
32,113,5ed6b50b17bb42053b7eb6f23,1250.1,1,37,gamble_left,You won 4 dollars.,16,1,4,-1,0,1
111,113,5ed6b50b17bb42053b7eb6f24,1306,1,37,gamble_left,You lost -1.5 dollars.,17,1,4,-1.5,0,2
93,113,5ed6b50b17bb42053b7eb6f25,1563.2,1,37,gamble_left,You won 4 dollars.,18,1,4,-2,0,1
81,113,5ed6b50b17bb42053b7eb6f26,1283.8,1,39,gamble_right,You won 4 dollars.,19,1,4,-2.5,0,1
40,113,5ed6b50b17bb42053b7eb6f27,1364.5,1,37,gamble_left,You won 4 dollars.,20,1,4,-3,0,1
123,113,5ed6b50b17bb42053b7eb6f28,1226.6,0,37,gamble_right,You received 0 dollars.,21,1,4,-3.5,0,2
148,113,5ed6b50b17bb42053b7eb6f29,1171.7,0,37,gamble_right,You received 0 dollars.,22,1,4,-4,0,2
136,113,5ed6b50b17bb42053b7eb6f30,1082.9,0,37,gamble_right,You received 0 dollars.,23,1,4,-4.5,0,2
109,113,5ed6b50b17bb42053b7eb6f31,1347.9,0,37,gamble_right,You received 0 dollars.,24,1,4,-5,0,2
23,113,5ed6b50b17bb42053b7eb6f32,1691.3,1,37,gamble_left,You won 4 dollars.,25,1,4,-5.5,0,1
86,113,5ed6b50b17bb42053b7eb6f33,1131.4,0,39,gamble_left,You received 0 dollars.,26,1,4,-6,0,2
73,113,5ed6b50b17bb42053b7eb6f34,1237.5,0,37,gamble_right,You received 0 dollars.,27,1,4,-6.5,0,2
78,113,5ed6b50b17bb42053b7eb6f35,1218.7,0,39,gamble_left,You received 0 dollars.,28,1,4,-7,0,2
92,113,5ed6b50b17bb42053b7eb6f36,1284.9,0,37,gamble_right,You received 0 dollars.,29,1,4,-7.5,0,2
27,113,5ed6b50b17bb42053b7eb6f37,1375.3,0,37,gamble_right,You received 0 dollars.,30,1,4,-8,0,2
120,113,5ed6b50b17bb42053b7eb6f38,1283.7,1,37,gamble_left,You won 5 dollars.,31,1,5,-1.25,0,1
15,113,5ed6b50b17bb42053b7eb6f39,1092.1,1,37,gamble_left,You lost -1.88 dollars.,32,1,5,-1.88,0,2
119,113,5ed6b50b17bb42053b7eb6f40,1410.2,1,39,gamble_right,You won 5 dollars.,33,1,5,-2.5,0,1
67,113,5ed6b50b17bb42053b7eb6f41,1236.9,0,37,gamble_right,You received 0 dollars.,34,1,5,-3.13,0,2
139,113,5ed6b50b17bb42053b7eb6f42,1156,0,37,gamble_right,You received 0 dollars.,35,1,5,-3.75,0,2
125,113,5ed6b50b17bb42053b7eb6f43,1507.3,0,37,gamble_right,You received 0 dollars.,36,1,5,-4.38,0,2
103,113,5ed6b50b17bb42053b7eb6f44,1411.9,0,39,gamble_left,You received 0 dollars.,37,1,5,-5,0,2
130,113,5ed6b50b17bb42053b7eb6f45,1156.1,0,39,gamble_left,You received 0 dollars.,38,1,5,-5.63,0,2
108,113,5ed6b50b17bb42053b7eb6f46,1213,0,39,gamble_left,You received 0 dollars.,39,1,5,-6.25,0,2
58,113,5ed6b50b17bb42053b7eb6f47,1321.3,0,39,gamble_left,You received 0 dollars.,40,1,5,-6.88,0,2
48,113,5ed6b50b17bb42053b7eb6f48,1771.1,0,37,gamble_right,You received 0 dollars.,41,1,5,-7.5,0,2
22,113,5ed6b50b17bb42053b7eb6f49,1628.8,0,37,gamble_right,You received 0 dollars.,42,1,5,-8.13,0,2
59,113,5ed6b50b17bb42053b7eb6f50,1123.5,0,39,gamble_left,You received 0 dollars.,43,1,5,-8.75,0,2
13,113,5ed6b50b17bb42053b7eb6f51,1284.2,0,39,gamble_left,You received 0 dollars.,44,1,5,-9.38,0,2
31,113,5ed6b50b17bb42053b7eb6f52,1180.5,0,39,gamble_left,You received 0 dollars.,45,1,5,-10,0,2
141,113,5ed6b50b17bb42053b7eb6f53,1348.5,1,39,gamble_right,You lost -1.5 dollars.,46,1,6,-1.5,0,2
147,113,5ed6b50b17bb42053b7eb6f54,1388.4,1,37,gamble_left,You won 6 dollars.,47,1,6,-2.25,0,1
122,113,5ed6b50b17bb42053b7eb6f55,939.7,1,37,gamble_left,You won 6 dollars.,48,1,6,-3,0,1
36,113,5ed6b50b17bb42053b7eb6f56,1212.9,1,39,gamble_right,You lost -3.75 dollars.,49,1,6,-3.75,0,2
137,113,5ed6b50b17bb42053b7eb6f57,1218.2,0,39,gamble_left,You received 0 dollars.,50,1,6,-4.5,0,2
98,113,5ed6b50b17bb42053b7eb6f58,1194.2,0,37,gamble_right,You received 0 dollars.,51,1,6,-5.25,0,2
30,113,5ed6b50b17bb42053b7eb6f59,1412.2,0,37,gamble_right,You received 0 dollars.,52,1,6,-6,0,2
26,113,5ed6b50b17bb42053b7eb6f60,NA,NA,NA,gamble_left,Trial missed.,53,1,6,-6.75,0,3
144,113,5ed6b50b17bb42053b7eb6f61,1195.1,0,37,gamble_right,You received 0 dollars.,54,1,6,-7.5,0,2
20,113,5ed6b50b17bb42053b7eb6f62,1452.3,1,37,gamble_left,You lost -8.25 dollars.,55,1,6,-8.25,0,2
62,113,5ed6b50b17bb42053b7eb6f63,1157.5,0,39,gamble_left,You received 0 dollars.,56,1,6,-9,0,2
65,113,5ed6b50b17bb42053b7eb6f64,1114.4,0,37,gamble_right,You received 0 dollars.,57,1,6,-9.75,0,2
37,113,5ed6b50b17bb42053b7eb6f65,1851.2,1,39,gamble_right,You won 6 dollars.,58,1,6,-10.5,0,1
149,113,5ed6b50b17bb42053b7eb6f66,1193.9,0,37,gamble_right,You received 0 dollars.,59,1,6,-11.25,0,2
24,113,5ed6b50b17bb42053b7eb6f67,1571.3,1,37,gamble_left,You won 6 dollars.,60,1,6,-12,0,1
5,113,5ed6b50b17bb42053b7eb6f68,868.1,1,37,gamble_left,You won 8 dollars.,61,1,8,-2,0,1
102,113,5ed6b50b17bb42053b7eb6f69,1185.9,1,39,gamble_right,You won 8 dollars.,62,1,8,-3,0,1
150,113,5ed6b50b17bb42053b7eb6f70,1155,1,37,gamble_left,You won 8 dollars.,63,1,8,-4,0,1
12,113,5ed6b50b17bb42053b7eb6f71,851.3,1,37,gamble_left,You lost -5 dollars.,64,1,8,-5,0,2
49,113,5ed6b50b17bb42053b7eb6f72,891.8,1,37,gamble_left,You won 8 dollars.,65,1,8,-6,0,1
28,113,5ed6b50b17bb42053b7eb6f73,1257.8,1,39,gamble_right,You lost -7 dollars.,66,1,8,-7,0,2
75,113,5ed6b50b17bb42053b7eb6f74,1571.4,0,37,gamble_right,You received 0 dollars.,67,1,8,-8,0,2
3,113,5ed6b50b17bb42053b7eb6f75,1075.1,1,39,gamble_right,You won 8 dollars.,68,1,8,-9,0,1
80,113,5ed6b50b17bb42053b7eb6f76,1028.4,0,39,gamble_left,You received 0 dollars.,69,1,8,-10,0,2
69,113,5ed6b50b17bb42053b7eb6f77,906,0,37,gamble_right,You received 0 dollars.,70,1,8,-11,0,2
44,113,5ed6b50b17bb42053b7eb6f78,1251.8,0,37,gamble_right,You received 0 dollars.,71,1,8,-12,0,2
77,113,5ed6b50b17bb42053b7eb6f79,1052.6,0,39,gamble_left,You received 0 dollars.,72,1,8,-13,0,2
9,113,5ed6b50b17bb42053b7eb6f80,1092.3,1,39,gamble_right,You won 8 dollars.,73,1,8,-14,0,1
117,113,5ed6b50b17bb42053b7eb6f81,1252.4,0,39,gamble_left,You received 0 dollars.,74,1,8,-15,0,2
72,113,5ed6b50b17bb42053b7eb6f82,1187.7,0,39,gamble_left,You received 0 dollars.,75,1,8,-16,0,2
83,113,5ed6b50b17bb42053b7eb6f83,1530.7,1,39,gamble_right,You won 9 dollars.,76,1,9,-2.25,0,1
101,113,5ed6b50b17bb42053b7eb6f84,1342.3,0,37,gamble_right,You received 0 dollars.,77,1,9,-3.38,0,2
105,113,5ed6b50b17bb42053b7eb6f85,1435.8,1,39,gamble_right,You won 9 dollars.,78,1,9,-4.5,0,1
133,113,5ed6b50b17bb42053b7eb6f86,1219.1,0,39,gamble_left,You received 0 dollars.,79,1,9,-5.63,0,2
87,113,5ed6b50b17bb42053b7eb6f87,1540,1,39,gamble_right,You lost -6.75 dollars.,80,1,9,-6.75,0,2
51,113,5ed6b50b17bb42053b7eb6f88,1270.1,0,37,gamble_right,You received 0 dollars.,81,1,9,-7.88,0,2
79,113,5ed6b50b17bb42053b7eb6f89,1364.3,1,37,gamble_left,You lost -9 dollars.,82,1,9,-9,0,2
135,113,5ed6b50b17bb42053b7eb6f90,1301.2,0,37,gamble_right,You received 0 dollars.,83,1,9,-10.13,0,2
91,113,5ed6b50b17bb42053b7eb6f91,1188.5,0,39,gamble_left,You received 0 dollars.,84,1,9,-11.25,0,2
19,113,5ed6b50b17bb42053b7eb6f92,900.6,1,39,gamble_right,You won 9 dollars.,85,1,9,-12.38,0,1
70,113,5ed6b50b17bb42053b7eb6f93,1241.8,0,37,gamble_right,You received 0 dollars.,86,1,9,-13.5,0,2
95,113,5ed6b50b17bb42053b7eb6f94,1162.7,0,39,gamble_left,You received 0 dollars.,87,1,9,-14.63,0,2
2,113,5ed6b50b17bb42053b7eb6f95,963.9,1,39,gamble_right,You lost -15.75 dollars.,88,1,9,-15.75,0,2
50,113,5ed6b50b17bb42053b7eb6f96,1203.6,0,37,gamble_right,You received 0 dollars.,89,1,9,-16.88,0,2
127,113,5ed6b50b17bb42053b7eb6f97,1114.6,0,39,gamble_left,You received 0 dollars.,90,1,9,-18,0,2
94,113,5ed6b50b17bb42053b7eb6f98,1371.3,1,37,gamble_left,You won 10 dollars.,91,1,10,-2.5,0,1
41,113,5ed6b50b17bb42053b7eb6f99,1281.6,1,37,gamble_left,You lost -3.75 dollars.,92,1,10,-3.75,0,2
146,113,5ed6b50b17bb42053b7eb6f100,1516.9,0,37,gamble_right,You received 0 dollars.,93,1,10,-5,0,2
54,113,5ed6b50b17bb42053b7eb6f101,1117.4,1,37,gamble_left,You lost -6.25 dollars.,94,1,10,-6.25,0,2
138,113,5ed6b50b17bb42053b7eb6f102,1107.5,1,39,gamble_right,You won 10 dollars.,95,1,10,-7.5,0,1
106,113,5ed6b50b17bb42053b7eb6f103,1427.5,0,37,gamble_right,You received 0 dollars.,96,1,10,-8.75,0,2
29,113,5ed6b50b17bb42053b7eb6f104,1380,1,39,gamble_right,You won 10 dollars.,97,1,10,-10,0,1
107,113,5ed6b50b17bb42053b7eb6f105,1370.3,0,37,gamble_right,You received 0 dollars.,98,1,10,-11.25,0,2
42,113,5ed6b50b17bb42053b7eb6f106,1189.4,0,39,gamble_left,You received 0 dollars.,99,1,10,-12.5,0,2
53,113,5ed6b50b17bb42053b7eb6f107,1138,0,37,gamble_right,You received 0 dollars.,100,1,10,-13.75,0,2
97,113,5ed6b50b17bb42053b7eb6f108,1460.3,0,37,gamble_right,You received 0 dollars.,101,1,10,-15,0,2
33,113,5ed6b50b17bb42053b7eb6f109,1220.5,0,37,gamble_right,You received 0 dollars.,102,1,10,-16.25,0,2
88,113,5ed6b50b17bb42053b7eb6f110,1253.1,0,37,gamble_right,You received 0 dollars.,103,1,10,-17.5,0,2
64,113,5ed6b50b17bb42053b7eb6f111,1420.7,0,39,gamble_left,You received 0 dollars.,104,1,10,-18.75,0,2
90,113,5ed6b50b17bb42053b7eb6f112,1484.4,0,37,gamble_right,You received 0 dollars.,105,1,10,-20,0,2
118,113,5ed6b50b17bb42053b7eb6f113,1110,1,37,gamble_left,You won 12 dollars.,106,1,12,-3,0,1
35,113,5ed6b50b17bb42053b7eb6f114,1269,1,39,gamble_right,You lost -4.5 dollars.,107,1,12,-4.5,0,2
21,113,5ed6b50b17bb42053b7eb6f115,1595.4,1,39,gamble_right,You won 12 dollars.,108,1,12,-6,0,1
143,113,5ed6b50b17bb42053b7eb6f116,1404.7,1,39,gamble_right,You lost -7.5 dollars.,109,1,12,-7.5,0,2
140,113,5ed6b50b17bb42053b7eb6f117,1140.1,0,37,gamble_right,You received 0 dollars.,110,1,12,-9,0,2
134,113,5ed6b50b17bb42053b7eb6f118,1500.3,0,37,gamble_right,You received 0 dollars.,111,1,12,-10.5,0,2
114,113,5ed6b50b17bb42053b7eb6f119,1186.3,0,39,gamble_left,You received 0 dollars.,112,1,12,-12,0,2
68,113,5ed6b50b17bb42053b7eb6f120,1324.7,0,39,gamble_left,You received 0 dollars.,113,1,12,-13.5,0,2
52,113,5ed6b50b17bb42053b7eb6f121,1173.4,0,39,gamble_left,You received 0 dollars.,114,1,12,-15,0,2
110,113,5ed6b50b17bb42053b7eb6f122,1333.2,0,37,gamble_right,You received 0 dollars.,115,1,12,-16.5,0,2
7,113,5ed6b50b17bb42053b7eb6f123,988.8,1,39,gamble_right,You won 12 dollars.,116,1,12,-18,0,1
39,113,5ed6b50b17bb42053b7eb6f124,1228.1,0,39,gamble_left,You received 0 dollars.,117,1,12,-19.5,0,2
121,113,5ed6b50b17bb42053b7eb6f125,1177,0,39,gamble_left,You received 0 dollars.,118,1,12,-21,0,2
124,113,5ed6b50b17bb42053b7eb6f126,1426.9,0,37,gamble_right,You received 0 dollars.,119,1,12,-22.5,0,2
96,113,5ed6b50b17bb42053b7eb6f127,1138.2,0,39,gamble_left,You received 0 dollars.,120,1,12,-24,0,2
4,113,5ed6b50b17bb42053b7eb6f128,1209.6,0,39,gamble_left,You won 2 dollars.,121,2,4,0,2,1
132,113,5ed6b50b17bb42053b7eb6f129,1242.7,1,37,gamble_left,You won 8 dollars.,122,2,8,0,4,1
14,113,5ed6b50b17bb42053b7eb6f130,1043.1,0,39,gamble_left,You won 6 dollars.,123,2,12,0,6,1
61,113,5ed6b50b17bb42053b7eb6f131,1090.7,1,39,gamble_right,You won 18 dollars.,124,2,18,0,9,1
145,113,5ed6b50b17bb42053b7eb6f132,1099,1,39,gamble_right,You received 0 dollars.,125,2,24,0,12,2
34,113,5ed6b50b17bb42053b7eb6f133,1029.2,1,37,gamble_left,You won 5 dollars.,126,2,5,0,3,1
113,113,5ed6b50b17bb42053b7eb6f134,1204,1,39,gamble_right,You received 0 dollars.,127,2,7,0,4,2
57,113,5ed6b50b17bb42053b7eb6f135,944.9,1,39,gamble_right,You won 10 dollars.,128,2,10,0,6,1
63,113,5ed6b50b17bb42053b7eb6f136,995.4,0,37,gamble_right,You won 10 dollars.,129,2,17,0,10,1
66,113,5ed6b50b17bb42053b7eb6f137,1212.9,1,39,gamble_right,You won 22 dollars.,130,2,22,0,13,1
18,113,5ed6b50b17bb42053b7eb6f138,1059.6,1,39,gamble_right,You received 0 dollars.,131,2,28,0,13,2
142,113,5ed6b50b17bb42053b7eb6f139,1187.2,1,39,gamble_right,You won 5 dollars.,132,2,5,0,2,1
99,113,5ed6b50b17bb42053b7eb6f140,1452.4,1,37,gamble_left,You won 26 dollars.,133,2,26,0,10,1
6,113,5ed6b50b17bb42053b7eb6f141,1132.2,0,37,gamble_right,You won 3 dollars.,134,2,7,0,3,1
84,113,5ed6b50b17bb42053b7eb6f142,1156.7,1,37,gamble_left,You received 0 dollars.,135,2,13,0,5,2
89,113,5ed6b50b17bb42053b7eb6f143,1483.6,1,39,gamble_right,You received 0 dollars.,136,2,12,0,6,2
16,113,5ed6b50b17bb42053b7eb6f144,971.3,1,37,gamble_left,You won 25 dollars.,137,2,25,0,10,1
45,113,5ed6b50b17bb42053b7eb6f145,1379.4,1,39,gamble_right,You received 0 dollars.,138,2,4,0,2,2
82,113,5ed6b50b17bb42053b7eb6f146,1394.5,1,39,gamble_right,You received 0 dollars.,139,2,3,0,1,2
46,113,5ed6b50b17bb42053b7eb6f147,1157,0,39,gamble_left,You won 9 dollars.,140,2,25,0,9,1
115,113,5ed6b50b17bb42053b7eb6f148,931.8,1,37,gamble_left,You received 0 dollars.,141,2,13,0,6,2
8,113,5ed6b50b17bb42053b7eb6f149,844,1,37,gamble_left,You received 0 dollars.,142,2,22,0,10,2
60,113,5ed6b50b17bb42053b7eb6f150,924.1,1,37,gamble_left,You received 0 dollars.,143,2,12,0,5,2
11,113,5ed6b50b17bb42053b7eb6f151,940.2,1,37,gamble_left,You received 0 dollars.,144,2,2,0,1,2
104,113,5ed6b50b17bb42053b7eb6f152,901.6,1,37,gamble_left,You won 8 dollars.,145,2,8,0,3,1
17,113,5ed6b50b17bb42053b7eb6f153,1027.8,1,37,gamble_left,You won 19 dollars.,146,2,19,0,8,1
112,113,5ed6b50b17bb42053b7eb6f154,1460.2,1,39,gamble_right,You received 0 dollars.,147,2,26,0,12,2
116,113,5ed6b50b17bb42053b7eb6f155,1100.5,1,39,gamble_right,You received 0 dollars.,148,2,30,0,12,2
55,113,5ed6b50b17bb42053b7eb6f156,1005.8,1,37,gamble_left,You won 23 dollars.,149,2,23,0,10,1
10,113,5ed6b50b17bb42053b7eb6f157,996.3,1,37,gamble_left,You won 12 dollars.,150,2,12,0,4,1