trial_index,ID,subject,rt,responses,key_press,gamble_location,stimulus,Trial_ID,Trial_Type,Gain,Loss,Certain,Trial_Outcome
36,114,5d1cf027a7056c001874fbe1,989.7,1,39,gamble_right,You won 2 dollars.,1,1,2,-0.5,0,1
122,114,5d1cf027a7056c001874fbe1,1026,0,37,gamble_right,You received 0 dollars.,2,1,2,-0.75,0,2
24,114,5d1cf027a7056c001874fbe1,1336.7,1,39,gamble_right,You lost -1 dollars.,3,1,2,-1,0,2
77,114,5d1cf027a7056c001874fbe1,853.5,0,37,gamble_right,You received 0 dollars.,4,1,2,-1.25,0,2
3,114,5d1cf027a7056c001874fbe1,921.3,0,37,gamble_right,You received 0 dollars.,5,1,2,-1.5,0,2
125,114,5d1cf027a7056c001874fbe1,810.4,0,37,gamble_right,You received 0 dollars.,6,1,2,-1.75,0,2
23,114,5d1cf027a7056c001874fbe1,852.1,0,37,gamble_right,You received 0 dollars.,7,1,2,-2,0,2
142,114,5d1cf027a7056c001874fbe1,907,0,37,gamble_right,You received 0 dollars.,8,1,2,-2.25,0,2
1,114,5d1cf027a7056c001874fbe1,1644.7,0,39,gamble_left,You received 0 dollars.,9,1,2,-2.5,0,2
42,114,5d1cf027a7056c001874fbe1,1010.7,0,39,gamble_left,You received 0 dollars.,10,1,2,-2.75,0,2
108,114,5d1cf027a7056c001874fbe1,759.9,0,39,gamble_left,You received 0 dollars.,11,1,2,-3,0,2
39,114,5d1cf027a7056c001874fbe1,752.3,0,39,gamble_left,You received 0 dollars.,12,1,2,-3.25,0,2
101,114,5d1cf027a7056c001874fbe1,1158.6,0,39,gamble_left,You received 0 dollars.,13,1,2,-3.5,0,2
31,114,5d1cf027a7056c001874fbe1,1147,0,37,gamble_right,You received 0 dollars.,14,1,2,-3.75,0,2
7,114,5d1cf027a7056c001874fbe1,680.1,0,39,gamble_left,You received 0 dollars.,15,1,2,-4,0,2
30,114,5d1cf027a7056c001874fbe1,805.8,1,37,gamble_left,You lost -1 dollars.,16,1,4,-1,0,2
107,114,5d1cf027a7056c001874fbe1,740.8,1,37,gamble_left,You won 4 dollars.,17,1,4,-1.5,0,1
13,114,5d1cf027a7056c001874fbe1,911.6,0,37,gamble_right,You received 0 dollars.,18,1,4,-2,0,2
131,114,5d1cf027a7056c001874fbe1,714.5,0,39,gamble_left,You received 0 dollars.,19,1,4,-2.5,0,2
96,114,5d1cf027a7056c001874fbe1,834.4,0,39,gamble_left,You received 0 dollars.,20,1,4,-3,0,2
45,114,5d1cf027a7056c001874fbe1,725.5,0,39,gamble_left,You received 0 dollars.,21,1,4,-3.5,0,2
119,114,5d1cf027a7056c001874fbe1,949.6,0,37,gamble_right,You received 0 dollars.,22,1,4,-4,0,2
5,114,5d1cf027a7056c001874fbe1,616.6,0,39,gamble_left,You received 0 dollars.,23,1,4,-4.5,0,2
64,114,5d1cf027a7056c001874fbe1,925.4,0,37,gamble_right,You received 0 dollars.,24,1,4,-5,0,2
111,114,5d1cf027a7056c001874fbe1,869.8,0,37,gamble_right,You received 0 dollars.,25,1,4,-5.5,0,2
8,114,5d1cf027a7056c001874fbe1,1028,0,37,gamble_right,You received 0 dollars.,26,1,4,-6,0,2
25,114,5d1cf027a7056c001874fbe1,952.8,0,39,gamble_left,You received 0 dollars.,27,1,4,-6.5,0,2
73,114,5d1cf027a7056c001874fbe1,829.8,0,39,gamble_left,You received 0 dollars.,28,1,4,-7,0,2
17,114,5d1cf027a7056c001874fbe1,944.3,0,37,gamble_right,You received 0 dollars.,29,1,4,-7.5,0,2
141,114,5d1cf027a7056c001874fbe1,674.3,0,39,gamble_left,You received 0 dollars.,30,1,4,-8,0,2
22,114,5d1cf027a7056c001874fbe1,702.5,0,37,gamble_right,You received 0 dollars.,31,1,5,-1.25,0,2
72,114,5d1cf027a7056c001874fbe1,915.5,1,39,gamble_right,You lost -1.88 dollars.,32,1,5,-1.88,0,2
15,114,5d1cf027a7056c001874fbe1,1085,0,39,gamble_left,You received 0 dollars.,33,1,5,-2.5,0,2
120,114,5d1cf027a7056c001874fbe1,795.4,0,39,gamble_left,You received 0 dollars.,34,1,5,-3.13,0,2
48,114,5d1cf027a7056c001874fbe1,855,0,37,gamble_right,You received 0 dollars.,35,1,5,-3.75,0,2
65,114,5d1cf027a7056c001874fbe1,949.8,0,37,gamble_right,You received 0 dollars.,36,1,5,-4.38,0,2
67,114,5d1cf027a7056c001874fbe1,934.7,0,39,gamble_left,You received 0 dollars.,37,1,5,-5,0,2
92,114,5d1cf027a7056c001874fbe1,898.3,0,37,gamble_right,You received 0 dollars.,38,1,5,-5.63,0,2
19,114,5d1cf027a7056c001874fbe1,903.5,0,39,gamble_left,You received 0 dollars.,39,1,5,-6.25,0,2
52,114,5d1cf027a7056c001874fbe1,881.8,0,39,gamble_left,You received 0 dollars.,40,1,5,-6.88,0,2
130,114,5d1cf027a7056c001874fbe1,763.1,0,37,gamble_right,You received 0 dollars.,41,1,5,-7.5,0,2
105,114,5d1cf027a7056c001874fbe1,1120.9,0,37,gamble_right,You received 0 dollars.,42,1,5,-8.13,0,2
83,114,5d1cf027a7056c001874fbe1,819.4,0,39,gamble_left,You received 0 dollars.,43,1,5,-8.75,0,2
20,114,5d1cf027a7056c001874fbe1,763.7,0,39,gamble_left,You received 0 dollars.,44,1,5,-9.38,0,2
4,114,5d1cf027a7056c001874fbe1,800.6,0,37,gamble_right,You received 0 dollars.,45,1,5,-10,0,2
140,114,5d1cf027a7056c001874fbe1,699.3,0,39,gamble_left,You received 0 dollars.,46,1,6,-1.5,0,2
32,114,5d1cf027a7056c001874fbe1,920.3,1,39,gamble_right,You lost -2.25 dollars.,47,1,6,-2.25,0,2
97,114,5d1cf027a7056c001874fbe1,1361.9,1,39,gamble_right,You won 6 dollars.,48,1,6,-3,0,1
27,114,5d1cf027a7056c001874fbe1,845.8,0,37,gamble_right,You received 0 dollars.,49,1,6,-3.75,0,2
87,114,5d1cf027a7056c001874fbe1,822.8,0,37,gamble_right,You received 0 dollars.,50,1,6,-4.5,0,2
118,114,5d1cf027a7056c001874fbe1,971,0,37,gamble_right,You received 0 dollars.,51,1,6,-5.25,0,2
121,114,5d1cf027a7056c001874fbe1,868.1,0,37,gamble_right,You received 0 dollars.,52,1,6,-6,0,2
93,114,5d1cf027a7056c001874fbe1,665.8,0,39,gamble_left,You received 0 dollars.,53,1,6,-6.75,0,2
59,114,5d1cf027a7056c001874fbe1,633.5,0,39,gamble_left,You received 0 dollars.,54,1,6,-7.5,0,2
138,114,5d1cf027a7056c001874fbe1,911.6,0,37,gamble_right,You received 0 dollars.,55,1,6,-8.25,0,2
79,114,5d1cf027a7056c001874fbe1,873.2,0,37,gamble_right,You received 0 dollars.,56,1,6,-9,0,2
53,114,5d1cf027a7056c001874fbe1,626.3,0,37,gamble_right,You received 0 dollars.,57,1,6,-9.75,0,2
106,114,5d1cf027a7056c001874fbe1,882.3,0,39,gamble_left,You received 0 dollars.,58,1,6,-10.5,0,2
116,114,5d1cf027a7056c001874fbe1,704.7,0,39,gamble_left,You received 0 dollars.,59,1,6,-11.25,0,2
26,114,5d1cf027a7056c001874fbe1,766.2,0,39,gamble_left,You received 0 dollars.,60,1,6,-12,0,2
11,114,5d1cf027a7056c001874fbe1,1070.2,1,37,gamble_left,You won 8 dollars.,61,1,8,-2,0,1
9,114,5d1cf027a7056c001874fbe1,618.6,0,39,gamble_left,You received 0 dollars.,62,1,8,-3,0,2
133,114,5d1cf027a7056c001874fbe1,774.8,1,37,gamble_left,You lost -4 dollars.,63,1,8,-4,0,2
102,114,5d1cf027a7056c001874fbe1,1161.4,1,39,gamble_right,You lost -5 dollars.,64,1,8,-5,0,2
6,114,5d1cf027a7056c001874fbe1,736.6,0,39,gamble_left,You received 0 dollars.,65,1,8,-6,0,2
10,114,5d1cf027a7056c001874fbe1,823.9,0,39,gamble_left,You received 0 dollars.,66,1,8,-7,0,2
99,114,5d1cf027a7056c001874fbe1,978.2,0,39,gamble_left,You received 0 dollars.,67,1,8,-8,0,2
44,114,5d1cf027a7056c001874fbe1,1003.9,0,37,gamble_right,You received 0 dollars.,68,1,8,-9,0,2
61,114,5d1cf027a7056c001874fbe1,584.7,0,39,gamble_left,You received 0 dollars.,69,1,8,-10,0,2
100,114,5d1cf027a7056c001874fbe1,900.7,0,39,gamble_left,You received 0 dollars.,70,1,8,-11,0,2
109,114,5d1cf027a7056c001874fbe1,679.6,0,39,gamble_left,You received 0 dollars.,71,1,8,-12,0,2
40,114,5d1cf027a7056c001874fbe1,907.1,0,37,gamble_right,You received 0 dollars.,72,1,8,-13,0,2
145,114,5d1cf027a7056c001874fbe1,789.1,0,37,gamble_right,You received 0 dollars.,73,1,8,-14,0,2
115,114,5d1cf027a7056c001874fbe1,792,0,39,gamble_left,You received 0 dollars.,74,1,8,-15,0,2
144,114,5d1cf027a7056c001874fbe1,914.1,0,37,gamble_right,You received 0 dollars.,75,1,8,-16,0,2
123,114,5d1cf027a7056c001874fbe1,860.6,1,39,gamble_right,You lost -2.25 dollars.,76,1,9,-2.25,0,2
94,114,5d1cf027a7056c001874fbe1,1179.7,1,39,gamble_right,You lost -3.38 dollars.,77,1,9,-3.38,0,2
82,114,5d1cf027a7056c001874fbe1,954.7,1,39,gamble_right,You lost -4.5 dollars.,78,1,9,-4.5,0,2
91,114,5d1cf027a7056c001874fbe1,526.7,0,39,gamble_left,You received 0 dollars.,79,1,9,-5.63,0,2
128,114,5d1cf027a7056c001874fbe1,544.5,0,39,gamble_left,You received 0 dollars.,80,1,9,-6.75,0,2
28,114,5d1cf027a7056c001874fbe1,829.9,0,39,gamble_left,You received 0 dollars.,81,1,9,-7.88,0,2
135,114,5d1cf027a7056c001874fbe1,759.4,0,39,gamble_left,You received 0 dollars.,82,1,9,-9,0,2
54,114,5d1cf027a7056c001874fbe1,614.8,0,39,gamble_left,You received 0 dollars.,83,1,9,-10.13,0,2
103,114,5d1cf027a7056c001874fbe1,922,0,39,gamble_left,You received 0 dollars.,84,1,9,-11.25,0,2
89,114,5d1cf027a7056c001874fbe1,647.3,0,39,gamble_left,You received 0 dollars.,85,1,9,-12.38,0,2
38,114,5d1cf027a7056c001874fbe1,873.3,0,39,gamble_left,You received 0 dollars.,86,1,9,-13.5,0,2
69,114,5d1cf027a7056c001874fbe1,803.3,0,39,gamble_left,You received 0 dollars.,87,1,9,-14.63,0,2
70,114,5d1cf027a7056c001874fbe1,903.7,0,37,gamble_right,You received 0 dollars.,88,1,9,-15.75,0,2
75,114,5d1cf027a7056c001874fbe1,656.8,0,39,gamble_left,You received 0 dollars.,89,1,9,-16.88,0,2
78,114,5d1cf027a7056c001874fbe1,1154.3,0,37,gamble_right,You received 0 dollars.,90,1,9,-18,0,2
112,114,5d1cf027a7056c001874fbe1,911.6,1,39,gamble_right,You won 10 dollars.,91,1,10,-2.5,0,1
117,114,5d1cf027a7056c001874fbe1,1012.4,1,39,gamble_right,You won 10 dollars.,92,1,10,-3.75,0,1
129,114,5d1cf027a7056c001874fbe1,591.3,1,37,gamble_left,You won 10 dollars.,93,1,10,-5,0,1
14,114,5d1cf027a7056c001874fbe1,1444,0,37,gamble_right,You received 0 dollars.,94,1,10,-6.25,0,2
95,114,5d1cf027a7056c001874fbe1,1071.7,0,37,gamble_right,You received 0 dollars.,95,1,10,-7.5,0,2
63,114,5d1cf027a7056c001874fbe1,787.7,1,39,gamble_right,You lost -8.75 dollars.,96,1,10,-8.75,0,2
29,114,5d1cf027a7056c001874fbe1,989.1,0,39,gamble_left,You received 0 dollars.,97,1,10,-10,0,2
46,114,5d1cf027a7056c001874fbe1,605.2,0,37,gamble_right,You received 0 dollars.,98,1,10,-11.25,0,2
68,114,5d1cf027a7056c001874fbe1,872,0,39,gamble_left,You received 0 dollars.,99,1,10,-12.5,0,2
55,114,5d1cf027a7056c001874fbe1,713.7,0,37,gamble_right,You received 0 dollars.,100,1,10,-13.75,0,2
80,114,5d1cf027a7056c001874fbe1,804.6,0,39,gamble_left,You received 0 dollars.,101,1,10,-15,0,2
143,114,5d1cf027a7056c001874fbe1,889,0,37,gamble_right,You received 0 dollars.,102,1,10,-16.25,0,2
149,114,5d1cf027a7056c001874fbe1,630.2,0,39,gamble_left,You received 0 dollars.,103,1,10,-17.5,0,2
139,114,5d1cf027a7056c001874fbe1,919.4,0,39,gamble_left,You received 0 dollars.,104,1,10,-18.75,0,2
37,114,5d1cf027a7056c001874fbe1,888.9,0,39,gamble_left,You received 0 dollars.,105,1,10,-20,0,2
35,114,5d1cf027a7056c001874fbe1,843,1,39,gamble_right,You won 12 dollars.,106,1,12,-3,0,1
71,114,5d1cf027a7056c001874fbe1,843,0,37,gamble_right,You received 0 dollars.,107,1,12,-4.5,0,2
114,114,5d1cf027a7056c001874fbe1,602.9,0,39,gamble_left,You received 0 dollars.,108,1,12,-6,0,2
66,114,5d1cf027a7056c001874fbe1,795.7,0,37,gamble_right,You received 0 dollars.,109,1,12,-7.5,0,2
113,114,5d1cf027a7056c001874fbe1,814.7,0,39,gamble_left,You received 0 dollars.,110,1,12,-9,0,2
137,114,5d1cf027a7056c001874fbe1,931.4,0,39,gamble_left,You received 0 dollars.,111,1,12,-10.5,0,2
43,114,5d1cf027a7056c001874fbe1,925.7,0,37,gamble_right,You received 0 dollars.,112,1,12,-12,0,2
60,114,5d1cf027a7056c001874fbe1,751.9,0,37,gamble_right,You received 0 dollars.,113,1,12,-13.5,0,2
47,114,5d1cf027a7056c001874fbe1,728,0,37,gamble_right,You received 0 dollars.,114,1,12,-15,0,2
132,114,5d1cf027a7056c001874fbe1,703.4,1,37,gamble_left,You lost -16.5 dollars.,115,1,12,-16.5,0,2
90,114,5d1cf027a7056c001874fbe1,769.6,0,39,gamble_left,You received 0 dollars.,116,1,12,-18,0,2
146,114,5d1cf027a7056c001874fbe1,801.9,0,39,gamble_left,You received 0 dollars.,117,1,12,-19.5,0,2
88,114,5d1cf027a7056c001874fbe1,905.9,0,37,gamble_right,You received 0 dollars.,118,1,12,-21,0,2
148,114,5d1cf027a7056c001874fbe1,747.2,0,37,gamble_right,You received 0 dollars.,119,1,12,-22.5,0,2
110,114,5d1cf027a7056c001874fbe1,987.8,0,37,gamble_right,You received 0 dollars.,120,1,12,-24,0,2
21,114,5d1cf027a7056c001874fbe1,786.5,0,37,gamble_right,You won 2 dollars.,121,2,4,0,2,1
62,114,5d1cf027a7056c001874fbe1,519.2,0,37,gamble_right,You won 4 dollars.,122,2,8,0,4,1
58,114,5d1cf027a7056c001874fbe1,496.2,1,37,gamble_left,You won 12 dollars.,123,2,12,0,6,1
56,114,5d1cf027a7056c001874fbe1,630.6,1,37,gamble_left,You won 18 dollars.,124,2,18,0,9,1
51,114,5d1cf027a7056c001874fbe1,792.7,1,37,gamble_left,You won 24 dollars.,125,2,24,0,12,1
33,114,5d1cf027a7056c001874fbe1,847.6,1,37,gamble_left,You received 0 dollars.,126,2,5,0,3,2
2,114,5d1cf027a7056c001874fbe1,1151.3,0,37,gamble_right,You won 4 dollars.,127,2,7,0,4,1
86,114,5d1cf027a7056c001874fbe1,674.8,1,39,gamble_right,You received 0 dollars.,128,2,10,0,6,2
49,114,5d1cf027a7056c001874fbe1,810.1,1,39,gamble_right,You received 0 dollars.,129,2,17,0,10,2
41,114,5d1cf027a7056c001874fbe1,1120.8,1,39,gamble_right,You received 0 dollars.,130,2,22,0,13,2
12,114,5d1cf027a7056c001874fbe1,838.4,1,37,gamble_left,You received 0 dollars.,131,2,28,0,13,2
76,114,5d1cf027a7056c001874fbe1,760.1,1,37,gamble_left,You received 0 dollars.,132,2,5,0,2,2
57,114,5d1cf027a7056c001874fbe1,505.1,1,37,gamble_left,You received 0 dollars.,133,2,26,0,10,2
127,114,5d1cf027a7056c001874fbe1,493.8,0,37,gamble_right,You won 3 dollars.,134,2,7,0,3,1
136,114,5d1cf027a7056c001874fbe1,593.8,1,37,gamble_left,You received 0 dollars.,135,2,13,0,5,2
18,114,5d1cf027a7056c001874fbe1,989.4,1,39,gamble_right,You won 12 dollars.,136,2,12,0,6,1
124,114,5d1cf027a7056c001874fbe1,917.1,1,39,gamble_right,You won 25 dollars.,137,2,25,0,10,1
134,114,5d1cf027a7056c001874fbe1,635.3,1,37,gamble_left,You received 0 dollars.,138,2,4,0,2,2
98,114,5d1cf027a7056c001874fbe1,919.8,1,39,gamble_right,You won 3 dollars.,139,2,3,0,1,1
74,114,5d1cf027a7056c001874fbe1,749.1,1,37,gamble_left,You received 0 dollars.,140,2,25,0,9,2
81,114,5d1cf027a7056c001874fbe1,758.8,1,37,gamble_left,You received 0 dollars.,141,2,13,0,6,2
150,114,5d1cf027a7056c001874fbe1,725,1,37,gamble_left,You won 22 dollars.,142,2,22,0,10,1
34,114,5d1cf027a7056c001874fbe1,839.6,1,39,gamble_right,You won 12 dollars.,143,2,12,0,5,1
85,114,5d1cf027a7056c001874fbe1,1017.1,1,39,gamble_right,You received 0 dollars.,144,2,2,0,1,2
104,114,5d1cf027a7056c001874fbe1,669.2,1,37,gamble_left,You won 8 dollars.,145,2,8,0,3,1
50,114,5d1cf027a7056c001874fbe1,811.1,1,37,gamble_left,You won 19 dollars.,146,2,19,0,8,1
16,114,5d1cf027a7056c001874fbe1,820.7,1,39,gamble_right,You won 26 dollars.,147,2,26,0,12,1
126,114,5d1cf027a7056c001874fbe1,622.3,1,37,gamble_left,You received 0 dollars.,148,2,30,0,12,2
147,114,5d1cf027a7056c001874fbe1,855.8,1,39,gamble_right,You won 23 dollars.,149,2,23,0,10,1
84,114,5d1cf027a7056c001874fbe1,614.5,1,37,gamble_left,You received 0 dollars.,150,2,12,0,4,2