trial_index,ID,subject,rt,responses,key_press,gamble_location,stimulus,Trial_ID,Trial_Type,Gain,Loss,Certain,Trial_Outcome
149,115,60fa8a3b63dea5731e812bb8,655.8,0,39,gamble_left,You received 0 dollars.,1,1,2,-0.5,0,2
140,115,60fa8a3b63dea5731e812bb8,660.2,1,37,gamble_left,You lost -0.75 dollars.,2,1,2,-0.75,0,2
97,115,60fa8a3b63dea5731e812bb8,542.1,1,37,gamble_left,You won 2 dollars.,3,1,2,-1,0,1
103,115,60fa8a3b63dea5731e812bb8,789.3,1,37,gamble_left,You won 2 dollars.,4,1,2,-1.25,0,1
102,115,60fa8a3b63dea5731e812bb8,600.5,1,37,gamble_left,You won 2 dollars.,5,1,2,-1.5,0,1
46,115,60fa8a3b63dea5731e812bb8,705.6,1,37,gamble_left,You won 2 dollars.,6,1,2,-1.75,0,1
49,115,60fa8a3b63dea5731e812bb8,772.8,0,37,gamble_right,You received 0 dollars.,7,1,2,-2,0,2
136,115,60fa8a3b63dea5731e812bb8,864.8,0,39,gamble_left,You received 0 dollars.,8,1,2,-2.25,0,2
45,115,60fa8a3b63dea5731e812bb8,592.3,0,39,gamble_left,You received 0 dollars.,9,1,2,-2.5,0,2
34,115,60fa8a3b63dea5731e812bb8,854.6,0,39,gamble_left,You received 0 dollars.,10,1,2,-2.75,0,2
42,115,60fa8a3b63dea5731e812bb8,657.4,0,37,gamble_right,You received 0 dollars.,11,1,2,-3,0,2
19,115,60fa8a3b63dea5731e812bb8,658.4,0,37,gamble_right,You received 0 dollars.,12,1,2,-3.25,0,2
54,115,60fa8a3b63dea5731e812bb8,683.1,0,37,gamble_right,You received 0 dollars.,13,1,2,-3.5,0,2
110,115,60fa8a3b63dea5731e812bb8,891.4,0,37,gamble_right,You received 0 dollars.,14,1,2,-3.75,0,2
52,115,60fa8a3b63dea5731e812bb8,591,1,39,gamble_right,You lost -4 dollars.,15,1,2,-4,0,2
92,115,60fa8a3b63dea5731e812bb8,570.1,1,39,gamble_right,You won 4 dollars.,16,1,4,-1,0,1
31,115,60fa8a3b63dea5731e812bb8,757.3,1,37,gamble_left,You won 4 dollars.,17,1,4,-1.5,0,1
69,115,60fa8a3b63dea5731e812bb8,683.2,0,37,gamble_right,You received 0 dollars.,18,1,4,-2,0,2
68,115,60fa8a3b63dea5731e812bb8,527.2,0,37,gamble_right,You received 0 dollars.,19,1,4,-2.5,0,2
39,115,60fa8a3b63dea5731e812bb8,634.4,1,37,gamble_left,You won 4 dollars.,20,1,4,-3,0,1
33,115,60fa8a3b63dea5731e812bb8,637.9,1,39,gamble_right,You won 4 dollars.,21,1,4,-3.5,0,1
134,115,60fa8a3b63dea5731e812bb8,610.8,0,37,gamble_right,You received 0 dollars.,22,1,4,-4,0,2
139,115,60fa8a3b63dea5731e812bb8,642.2,0,37,gamble_right,You received 0 dollars.,23,1,4,-4.5,0,2
36,115,60fa8a3b63dea5731e812bb8,600.8,1,39,gamble_right,You lost -5 dollars.,24,1,4,-5,0,2
44,115,60fa8a3b63dea5731e812bb8,773.9,0,37,gamble_right,You received 0 dollars.,25,1,4,-5.5,0,2
112,115,60fa8a3b63dea5731e812bb8,783.3,0,39,gamble_left,You received 0 dollars.,26,1,4,-6,0,2
88,115,60fa8a3b63dea5731e812bb8,735.9,0,37,gamble_right,You received 0 dollars.,27,1,4,-6.5,0,2
27,115,60fa8a3b63dea5731e812bb8,514.5,0,37,gamble_right,You received 0 dollars.,28,1,4,-7,0,2
124,115,60fa8a3b63dea5731e812bb8,765,0,37,gamble_right,You received 0 dollars.,29,1,4,-7.5,0,2
58,115,60fa8a3b63dea5731e812bb8,735.7,0,39,gamble_left,You received 0 dollars.,30,1,4,-8,0,2
41,115,60fa8a3b63dea5731e812bb8,667.7,1,37,gamble_left,You won 5 dollars.,31,1,5,-1.25,0,1
71,115,60fa8a3b63dea5731e812bb8,591.9,1,39,gamble_right,You lost -1.88 dollars.,32,1,5,-1.88,0,2
4,115,60fa8a3b63dea5731e812bb8,587.8,0,39,gamble_left,You received 0 dollars.,33,1,5,-2.5,0,2
85,115,60fa8a3b63dea5731e812bb8,741.5,1,37,gamble_left,You lost -3.13 dollars.,34,1,5,-3.13,0,2
99,115,60fa8a3b63dea5731e812bb8,742.9,1,39,gamble_right,You won 5 dollars.,35,1,5,-3.75,0,1
86,115,60fa8a3b63dea5731e812bb8,781.1,1,37,gamble_left,You lost -4.38 dollars.,36,1,5,-4.38,0,2
5,115,60fa8a3b63dea5731e812bb8,550.5,1,37,gamble_left,You lost -5 dollars.,37,1,5,-5,0,2
9,115,60fa8a3b63dea5731e812bb8,667.4,0,39,gamble_left,You received 0 dollars.,38,1,5,-5.63,0,2
72,115,60fa8a3b63dea5731e812bb8,574.8,0,39,gamble_left,You received 0 dollars.,39,1,5,-6.25,0,2
50,115,60fa8a3b63dea5731e812bb8,692.5,0,37,gamble_right,You received 0 dollars.,40,1,5,-6.88,0,2
125,115,60fa8a3b63dea5731e812bb8,640.6,0,39,gamble_left,You received 0 dollars.,41,1,5,-7.5,0,2
113,115,60fa8a3b63dea5731e812bb8,847.1,0,37,gamble_right,You received 0 dollars.,42,1,5,-8.13,0,2
51,115,60fa8a3b63dea5731e812bb8,725.6,0,37,gamble_right,You received 0 dollars.,43,1,5,-8.75,0,2
78,115,60fa8a3b63dea5731e812bb8,672.5,0,39,gamble_left,You received 0 dollars.,44,1,5,-9.38,0,2
81,115,60fa8a3b63dea5731e812bb8,707,0,39,gamble_left,You received 0 dollars.,45,1,5,-10,0,2
105,115,60fa8a3b63dea5731e812bb8,642.4,1,37,gamble_left,You won 6 dollars.,46,1,6,-1.5,0,1
47,115,60fa8a3b63dea5731e812bb8,581.4,0,39,gamble_left,You received 0 dollars.,47,1,6,-2.25,0,2
77,115,60fa8a3b63dea5731e812bb8,632.3,1,37,gamble_left,You lost -3 dollars.,48,1,6,-3,0,2
28,115,60fa8a3b63dea5731e812bb8,672.3,0,39,gamble_left,You received 0 dollars.,49,1,6,-3.75,0,2
16,115,60fa8a3b63dea5731e812bb8,746.5,1,37,gamble_left,You won 6 dollars.,50,1,6,-4.5,0,1
8,115,60fa8a3b63dea5731e812bb8,699.4,1,39,gamble_right,You lost -5.25 dollars.,51,1,6,-5.25,0,2
126,115,60fa8a3b63dea5731e812bb8,754.1,0,39,gamble_left,You received 0 dollars.,52,1,6,-6,0,2
70,115,60fa8a3b63dea5731e812bb8,506.7,0,37,gamble_right,You received 0 dollars.,53,1,6,-6.75,0,2
61,115,60fa8a3b63dea5731e812bb8,856.1,0,39,gamble_left,You received 0 dollars.,54,1,6,-7.5,0,2
115,115,60fa8a3b63dea5731e812bb8,635.4,0,37,gamble_right,You received 0 dollars.,55,1,6,-8.25,0,2
55,115,60fa8a3b63dea5731e812bb8,645.8,0,37,gamble_right,You received 0 dollars.,56,1,6,-9,0,2
63,115,60fa8a3b63dea5731e812bb8,568.9,0,39,gamble_left,You received 0 dollars.,57,1,6,-9.75,0,2
48,115,60fa8a3b63dea5731e812bb8,759.5,0,37,gamble_right,You received 0 dollars.,58,1,6,-10.5,0,2
6,115,60fa8a3b63dea5731e812bb8,643.7,0,37,gamble_right,You received 0 dollars.,59,1,6,-11.25,0,2
76,115,60fa8a3b63dea5731e812bb8,704.2,0,39,gamble_left,You received 0 dollars.,60,1,6,-12,0,2
11,115,60fa8a3b63dea5731e812bb8,525.4,0,37,gamble_right,You received 0 dollars.,61,1,8,-2,0,2
22,115,60fa8a3b63dea5731e812bb8,610,1,37,gamble_left,You won 8 dollars.,62,1,8,-3,0,1
37,115,60fa8a3b63dea5731e812bb8,567.6,1,39,gamble_right,You won 8 dollars.,63,1,8,-4,0,1
56,115,60fa8a3b63dea5731e812bb8,574.7,1,39,gamble_right,You won 8 dollars.,64,1,8,-5,0,1
24,115,60fa8a3b63dea5731e812bb8,647.9,1,39,gamble_right,You lost -6 dollars.,65,1,8,-6,0,2
87,115,60fa8a3b63dea5731e812bb8,802.7,0,37,gamble_right,You received 0 dollars.,66,1,8,-7,0,2
148,115,60fa8a3b63dea5731e812bb8,686.8,0,39,gamble_left,You received 0 dollars.,67,1,8,-8,0,2
64,115,60fa8a3b63dea5731e812bb8,714.3,0,37,gamble_right,You received 0 dollars.,68,1,8,-9,0,2
129,115,60fa8a3b63dea5731e812bb8,746.3,0,37,gamble_right,You received 0 dollars.,69,1,8,-10,0,2
59,115,60fa8a3b63dea5731e812bb8,605.5,0,37,gamble_right,You received 0 dollars.,70,1,8,-11,0,2
120,115,60fa8a3b63dea5731e812bb8,729.7,0,39,gamble_left,You received 0 dollars.,71,1,8,-12,0,2
26,115,60fa8a3b63dea5731e812bb8,737.2,0,39,gamble_left,You received 0 dollars.,72,1,8,-13,0,2
60,115,60fa8a3b63dea5731e812bb8,653.9,0,39,gamble_left,You received 0 dollars.,73,1,8,-14,0,2
73,115,60fa8a3b63dea5731e812bb8,633.7,0,37,gamble_right,You received 0 dollars.,74,1,8,-15,0,2
32,115,60fa8a3b63dea5731e812bb8,671,0,37,gamble_right,You received 0 dollars.,75,1,8,-16,0,2
80,115,60fa8a3b63dea5731e812bb8,647.9,1,37,gamble_left,You lost -2.25 dollars.,76,1,9,-2.25,0,2
135,115,60fa8a3b63dea5731e812bb8,613.1,0,39,gamble_left,You received 0 dollars.,77,1,9,-3.38,0,2
90,115,60fa8a3b63dea5731e812bb8,767.6,1,37,gamble_left,You lost -4.5 dollars.,78,1,9,-4.5,0,2
74,115,60fa8a3b63dea5731e812bb8,724.1,1,39,gamble_right,You won 9 dollars.,79,1,9,-5.63,0,1
95,115,60fa8a3b63dea5731e812bb8,610.8,0,39,gamble_left,You received 0 dollars.,80,1,9,-6.75,0,2
116,115,60fa8a3b63dea5731e812bb8,813,1,37,gamble_left,You lost -7.88 dollars.,81,1,9,-7.88,0,2
84,115,60fa8a3b63dea5731e812bb8,867.9,0,37,gamble_right,You received 0 dollars.,82,1,9,-9,0,2
14,115,60fa8a3b63dea5731e812bb8,647.6,0,39,gamble_left,You received 0 dollars.,83,1,9,-10.13,0,2
7,115,60fa8a3b63dea5731e812bb8,559.9,0,39,gamble_left,You received 0 dollars.,84,1,9,-11.25,0,2
40,115,60fa8a3b63dea5731e812bb8,700.5,0,37,gamble_right,You received 0 dollars.,85,1,9,-12.38,0,2
143,115,60fa8a3b63dea5731e812bb8,637.4,0,37,gamble_right,You received 0 dollars.,86,1,9,-13.5,0,2
114,115,60fa8a3b63dea5731e812bb8,711.2,0,39,gamble_left,You received 0 dollars.,87,1,9,-14.63,0,2
13,115,60fa8a3b63dea5731e812bb8,639.7,0,37,gamble_right,You received 0 dollars.,88,1,9,-15.75,0,2
106,115,60fa8a3b63dea5731e812bb8,849.1,0,39,gamble_left,You received 0 dollars.,89,1,9,-16.88,0,2
127,115,60fa8a3b63dea5731e812bb8,582.3,0,39,gamble_left,You received 0 dollars.,90,1,9,-18,0,2
96,115,60fa8a3b63dea5731e812bb8,700.2,1,39,gamble_right,You won 10 dollars.,91,1,10,-2.5,0,1
12,115,60fa8a3b63dea5731e812bb8,690.5,1,37,gamble_left,You lost -3.75 dollars.,92,1,10,-3.75,0,2
121,115,60fa8a3b63dea5731e812bb8,820.3,0,37,gamble_right,You received 0 dollars.,93,1,10,-5,0,2
35,115,60fa8a3b63dea5731e812bb8,625.5,1,39,gamble_right,You lost -6.25 dollars.,94,1,10,-6.25,0,2
144,115,60fa8a3b63dea5731e812bb8,673.2,0,39,gamble_left,You received 0 dollars.,95,1,10,-7.5,0,2
101,115,60fa8a3b63dea5731e812bb8,704,1,39,gamble_right,You won 10 dollars.,96,1,10,-8.75,0,1
10,115,60fa8a3b63dea5731e812bb8,437.4,1,39,gamble_right,You won 10 dollars.,97,1,10,-10,0,1
122,115,60fa8a3b63dea5731e812bb8,640.5,0,39,gamble_left,You received 0 dollars.,98,1,10,-11.25,0,2
100,115,60fa8a3b63dea5731e812bb8,699.4,0,39,gamble_left,You received 0 dollars.,99,1,10,-12.5,0,2
98,115,60fa8a3b63dea5731e812bb8,818.4,0,37,gamble_right,You received 0 dollars.,100,1,10,-13.75,0,2
108,115,60fa8a3b63dea5731e812bb8,670.1,0,39,gamble_left,You received 0 dollars.,101,1,10,-15,0,2
128,115,60fa8a3b63dea5731e812bb8,890.7,0,37,gamble_right,You received 0 dollars.,102,1,10,-16.25,0,2
138,115,60fa8a3b63dea5731e812bb8,679.8,0,37,gamble_right,You received 0 dollars.,103,1,10,-17.5,0,2
89,115,60fa8a3b63dea5731e812bb8,884.9,0,37,gamble_right,You received 0 dollars.,104,1,10,-18.75,0,2
25,115,60fa8a3b63dea5731e812bb8,556.1,1,39,gamble_right,You lost -20 dollars.,105,1,10,-20,0,2
75,115,60fa8a3b63dea5731e812bb8,728.4,1,37,gamble_left,You won 12 dollars.,106,1,12,-3,0,1
21,115,60fa8a3b63dea5731e812bb8,634.4,1,39,gamble_right,You lost -4.5 dollars.,107,1,12,-4.5,0,2
107,115,60fa8a3b63dea5731e812bb8,606,1,39,gamble_right,You lost -6 dollars.,108,1,12,-6,0,2
91,115,60fa8a3b63dea5731e812bb8,613.6,1,39,gamble_right,You lost -7.5 dollars.,109,1,12,-7.5,0,2
1,115,60fa8a3b63dea5731e812bb8,714.6,1,37,gamble_left,You lost -9 dollars.,110,1,12,-9,0,2
17,115,60fa8a3b63dea5731e812bb8,761.8,1,39,gamble_right,You won 12 dollars.,111,1,12,-10.5,0,1
18,115,60fa8a3b63dea5731e812bb8,663.6,0,39,gamble_left,You received 0 dollars.,112,1,12,-12,0,2
109,115,60fa8a3b63dea5731e812bb8,736.9,1,39,gamble_right,You won 12 dollars.,113,1,12,-13.5,0,1
145,115,60fa8a3b63dea5731e812bb8,647.8,1,37,gamble_left,You lost -15 dollars.,114,1,12,-15,0,2
15,115,60fa8a3b63dea5731e812bb8,637.9,0,39,gamble_left,You received 0 dollars.,115,1,12,-16.5,0,2
30,115,60fa8a3b63dea5731e812bb8,818.7,0,37,gamble_right,You received 0 dollars.,116,1,12,-18,0,2
130,115,60fa8a3b63dea5731e812bb8,721,0,37,gamble_right,You received 0 dollars.,117,1,12,-19.5,0,2
29,115,60fa8a3b63dea5731e812bb8,792.5,0,39,gamble_left,You received 0 dollars.,118,1,12,-21,0,2
94,115,60fa8a3b63dea5731e812bb8,700.1,0,39,gamble_left,You received 0 dollars.,119,1,12,-22.5,0,2
117,115,60fa8a3b63dea5731e812bb8,658.4,0,39,gamble_left,You received 0 dollars.,120,1,12,-24,0,2
83,115,60fa8a3b63dea5731e812bb8,616.7,1,39,gamble_right,You won 4 dollars.,121,2,4,0,2,1
66,115,60fa8a3b63dea5731e812bb8,554.1,1,39,gamble_right,You received 0 dollars.,122,2,8,0,4,2
2,115,60fa8a3b63dea5731e812bb8,616.2,0,39,gamble_left,You won 6 dollars.,123,2,12,0,6,1
146,115,60fa8a3b63dea5731e812bb8,707.9,1,37,gamble_left,You received 0 dollars.,124,2,18,0,9,2
150,115,60fa8a3b63dea5731e812bb8,543.9,1,37,gamble_left,You won 24 dollars.,125,2,24,0,12,1
141,115,60fa8a3b63dea5731e812bb8,524.8,1,37,gamble_left,You won 5 dollars.,126,2,5,0,3,1
142,115,60fa8a3b63dea5731e812bb8,498.5,1,37,gamble_left,You received 0 dollars.,127,2,7,0,4,2
53,115,60fa8a3b63dea5731e812bb8,549.4,1,39,gamble_right,You received 0 dollars.,128,2,10,0,6,2
104,115,60fa8a3b63dea5731e812bb8,519.5,1,39,gamble_right,You won 17 dollars.,129,2,17,0,10,1
79,115,60fa8a3b63dea5731e812bb8,602.6,0,37,gamble_right,You won 13 dollars.,130,2,22,0,13,1
43,115,60fa8a3b63dea5731e812bb8,519.1,0,39,gamble_left,You won 13 dollars.,131,2,28,0,13,1
132,115,60fa8a3b63dea5731e812bb8,514.8,1,37,gamble_left,You won 5 dollars.,132,2,5,0,2,1
93,115,60fa8a3b63dea5731e812bb8,626,1,37,gamble_left,You received 0 dollars.,133,2,26,0,10,2
123,115,60fa8a3b63dea5731e812bb8,627.5,1,37,gamble_left,You received 0 dollars.,134,2,7,0,3,2
65,115,60fa8a3b63dea5731e812bb8,537.4,1,37,gamble_left,You received 0 dollars.,135,2,13,0,5,2
119,115,60fa8a3b63dea5731e812bb8,511.9,1,37,gamble_left,You received 0 dollars.,136,2,12,0,6,2
23,115,60fa8a3b63dea5731e812bb8,530.6,1,37,gamble_left,You won 25 dollars.,137,2,25,0,10,1
137,115,60fa8a3b63dea5731e812bb8,448,1,37,gamble_left,You received 0 dollars.,138,2,4,0,2,2
38,115,60fa8a3b63dea5731e812bb8,573.6,1,37,gamble_left,You received 0 dollars.,139,2,3,0,1,2
67,115,60fa8a3b63dea5731e812bb8,591.2,1,37,gamble_left,You received 0 dollars.,140,2,25,0,9,2
118,115,60fa8a3b63dea5731e812bb8,468,1,37,gamble_left,You won 13 dollars.,141,2,13,0,6,1
133,115,60fa8a3b63dea5731e812bb8,463.2,1,37,gamble_left,You received 0 dollars.,142,2,22,0,10,2
131,115,60fa8a3b63dea5731e812bb8,590.5,1,37,gamble_left,You received 0 dollars.,143,2,12,0,5,2
62,115,60fa8a3b63dea5731e812bb8,629.4,1,37,gamble_left,You received 0 dollars.,144,2,2,0,1,2
57,115,60fa8a3b63dea5731e812bb8,515.7,1,39,gamble_right,You won 8 dollars.,145,2,8,0,3,1
82,115,60fa8a3b63dea5731e812bb8,477.9,1,37,gamble_left,You won 19 dollars.,146,2,19,0,8,1
147,115,60fa8a3b63dea5731e812bb8,583.5,1,37,gamble_left,You won 26 dollars.,147,2,26,0,12,1
111,115,60fa8a3b63dea5731e812bb8,664.2,1,39,gamble_right,You won 30 dollars.,148,2,30,0,12,1
20,115,60fa8a3b63dea5731e812bb8,489.6,1,39,gamble_right,You won 23 dollars.,149,2,23,0,10,1
3,115,60fa8a3b63dea5731e812bb8,594.2,1,39,gamble_right,You won 12 dollars.,150,2,12,0,4,1