trial_index,ID,subject,rt,responses,key_press,gamble_location,stimulus,Trial_ID,Trial_Type,Gain,Loss,Certain,Trial_Outcome
43,116,5c437f6a4fe4f800016e3d52,581,0,37,gamble_right,You received 0 dollars.,1,1,2,-0.5,0,2
26,116,5c437f6a4fe4f800016e3d52,921,1,39,gamble_right,You won 2 dollars.,2,1,2,-0.75,0,1
135,116,5c437f6a4fe4f800016e3d52,727,0,39,gamble_left,You received 0 dollars.,3,1,2,-1,0,2
101,116,5c437f6a4fe4f800016e3d52,1007,0,37,gamble_right,You received 0 dollars.,4,1,2,-1.25,0,2
128,116,5c437f6a4fe4f800016e3d52,551,0,39,gamble_left,You received 0 dollars.,5,1,2,-1.5,0,2
47,116,5c437f6a4fe4f800016e3d52,616,0,37,gamble_right,You received 0 dollars.,6,1,2,-1.75,0,2
3,116,5c437f6a4fe4f800016e3d52,806,0,37,gamble_right,You received 0 dollars.,7,1,2,-2,0,2
138,116,5c437f6a4fe4f800016e3d52,566,0,37,gamble_right,You received 0 dollars.,8,1,2,-2.25,0,2
117,116,5c437f6a4fe4f800016e3d52,537,0,39,gamble_left,You received 0 dollars.,9,1,2,-2.5,0,2
127,116,5c437f6a4fe4f800016e3d52,459,0,37,gamble_right,You received 0 dollars.,10,1,2,-2.75,0,2
61,116,5c437f6a4fe4f800016e3d52,548,0,37,gamble_right,You received 0 dollars.,11,1,2,-3,0,2
122,116,5c437f6a4fe4f800016e3d52,599,0,37,gamble_right,You received 0 dollars.,12,1,2,-3.25,0,2
31,116,5c437f6a4fe4f800016e3d52,949,0,37,gamble_right,You received 0 dollars.,13,1,2,-3.5,0,2
125,116,5c437f6a4fe4f800016e3d52,484,0,37,gamble_right,You received 0 dollars.,14,1,2,-3.75,0,2
114,116,5c437f6a4fe4f800016e3d52,668,0,39,gamble_left,You received 0 dollars.,15,1,2,-4,0,2
14,116,5c437f6a4fe4f800016e3d52,790,1,39,gamble_right,You won 4 dollars.,16,1,4,-1,0,1
100,116,5c437f6a4fe4f800016e3d52,664,0,37,gamble_right,You received 0 dollars.,17,1,4,-1.5,0,2
144,116,5c437f6a4fe4f800016e3d52,680,0,39,gamble_left,You received 0 dollars.,18,1,4,-2,0,2
106,116,5c437f6a4fe4f800016e3d52,641,0,37,gamble_right,You received 0 dollars.,19,1,4,-2.5,0,2
87,116,5c437f6a4fe4f800016e3d52,641,0,37,gamble_right,You received 0 dollars.,20,1,4,-3,0,2
37,116,5c437f6a4fe4f800016e3d52,708,0,39,gamble_left,You received 0 dollars.,21,1,4,-3.5,0,2
25,116,5c437f6a4fe4f800016e3d52,732,0,37,gamble_right,You received 0 dollars.,22,1,4,-4,0,2
108,116,5c437f6a4fe4f800016e3d52,650,0,39,gamble_left,You received 0 dollars.,23,1,4,-4.5,0,2
12,116,5c437f6a4fe4f800016e3d52,822,0,39,gamble_left,You received 0 dollars.,24,1,4,-5,0,2
131,116,5c437f6a4fe4f800016e3d52,608,0,37,gamble_right,You received 0 dollars.,25,1,4,-5.5,0,2
137,116,5c437f6a4fe4f800016e3d52,654,0,39,gamble_left,You received 0 dollars.,26,1,4,-6,0,2
10,116,5c437f6a4fe4f800016e3d52,843,0,39,gamble_left,You received 0 dollars.,27,1,4,-6.5,0,2
51,116,5c437f6a4fe4f800016e3d52,927,0,39,gamble_left,You received 0 dollars.,28,1,4,-7,0,2
95,116,5c437f6a4fe4f800016e3d52,818,0,37,gamble_right,You received 0 dollars.,29,1,4,-7.5,0,2
58,116,5c437f6a4fe4f800016e3d52,596,0,39,gamble_left,You received 0 dollars.,30,1,4,-8,0,2
55,116,5c437f6a4fe4f800016e3d52,679,0,39,gamble_left,You received 0 dollars.,31,1,5,-1.25,0,2
15,116,5c437f6a4fe4f800016e3d52,835,0,37,gamble_right,You received 0 dollars.,32,1,5,-1.88,0,2
19,116,5c437f6a4fe4f800016e3d52,709,1,37,gamble_left,You lost -2.5 dollars.,33,1,5,-2.5,0,2
72,116,5c437f6a4fe4f800016e3d52,753,0,37,gamble_right,You received 0 dollars.,34,1,5,-3.13,0,2
94,116,5c437f6a4fe4f800016e3d52,625,0,39,gamble_left,You received 0 dollars.,35,1,5,-3.75,0,2
134,116,5c437f6a4fe4f800016e3d52,572,0,37,gamble_right,You received 0 dollars.,36,1,5,-4.38,0,2
53,116,5c437f6a4fe4f800016e3d52,531,0,37,gamble_right,You received 0 dollars.,37,1,5,-5,0,2
129,116,5c437f6a4fe4f800016e3d52,550,0,39,gamble_left,You received 0 dollars.,38,1,5,-5.63,0,2
66,116,5c437f6a4fe4f800016e3d52,647,0,39,gamble_left,You received 0 dollars.,39,1,5,-6.25,0,2
9,116,5c437f6a4fe4f800016e3d52,912,0,37,gamble_right,You received 0 dollars.,40,1,5,-6.88,0,2
77,116,5c437f6a4fe4f800016e3d52,716,0,39,gamble_left,You received 0 dollars.,41,1,5,-7.5,0,2
4,116,5c437f6a4fe4f800016e3d52,1195,1,37,gamble_left,You lost -8.13 dollars.,42,1,5,-8.13,0,2
142,116,5c437f6a4fe4f800016e3d52,549,0,37,gamble_right,You received 0 dollars.,43,1,5,-8.75,0,2
147,116,5c437f6a4fe4f800016e3d52,538,0,37,gamble_right,You received 0 dollars.,44,1,5,-9.38,0,2
57,116,5c437f6a4fe4f800016e3d52,479,0,37,gamble_right,You received 0 dollars.,45,1,5,-10,0,2
34,116,5c437f6a4fe4f800016e3d52,970,0,39,gamble_left,You received 0 dollars.,46,1,6,-1.5,0,2
27,116,5c437f6a4fe4f800016e3d52,687,1,39,gamble_right,You lost -2.25 dollars.,47,1,6,-2.25,0,2
62,116,5c437f6a4fe4f800016e3d52,644,0,39,gamble_left,You received 0 dollars.,48,1,6,-3,0,2
52,116,5c437f6a4fe4f800016e3d52,733,0,37,gamble_right,You received 0 dollars.,49,1,6,-3.75,0,2
39,116,5c437f6a4fe4f800016e3d52,713,0,37,gamble_right,You received 0 dollars.,50,1,6,-4.5,0,2
42,116,5c437f6a4fe4f800016e3d52,638,0,37,gamble_right,You received 0 dollars.,51,1,6,-5.25,0,2
2,116,5c437f6a4fe4f800016e3d52,989,1,37,gamble_left,You won 6 dollars.,52,1,6,-6,0,1
21,116,5c437f6a4fe4f800016e3d52,803,0,37,gamble_right,You received 0 dollars.,53,1,6,-6.75,0,2
1,116,5c437f6a4fe4f800016e3d52,917,0,37,gamble_right,You received 0 dollars.,54,1,6,-7.5,0,2
112,116,5c437f6a4fe4f800016e3d52,565,0,37,gamble_right,You received 0 dollars.,55,1,6,-8.25,0,2
143,116,5c437f6a4fe4f800016e3d52,575,0,37,gamble_right,You received 0 dollars.,56,1,6,-9,0,2
140,116,5c437f6a4fe4f800016e3d52,590,0,37,gamble_right,You received 0 dollars.,57,1,6,-9.75,0,2
13,116,5c437f6a4fe4f800016e3d52,835,0,37,gamble_right,You received 0 dollars.,58,1,6,-10.5,0,2
130,116,5c437f6a4fe4f800016e3d52,790,0,39,gamble_left,You received 0 dollars.,59,1,6,-11.25,0,2
93,116,5c437f6a4fe4f800016e3d52,633,0,37,gamble_right,You received 0 dollars.,60,1,6,-12,0,2
115,116,5c437f6a4fe4f800016e3d52,709,0,39,gamble_left,You received 0 dollars.,61,1,8,-2,0,2
120,116,5c437f6a4fe4f800016e3d52,595,0,37,gamble_right,You received 0 dollars.,62,1,8,-3,0,2
124,116,5c437f6a4fe4f800016e3d52,421,0,37,gamble_right,You received 0 dollars.,63,1,8,-4,0,2
132,116,5c437f6a4fe4f800016e3d52,567,0,39,gamble_left,You received 0 dollars.,64,1,8,-5,0,2
16,116,5c437f6a4fe4f800016e3d52,790,1,37,gamble_left,You lost -6 dollars.,65,1,8,-6,0,2
32,116,5c437f6a4fe4f800016e3d52,812,0,39,gamble_left,You received 0 dollars.,66,1,8,-7,0,2
65,116,5c437f6a4fe4f800016e3d52,752,0,39,gamble_left,You received 0 dollars.,67,1,8,-8,0,2
90,116,5c437f6a4fe4f800016e3d52,739,0,39,gamble_left,You received 0 dollars.,68,1,8,-9,0,2
49,116,5c437f6a4fe4f800016e3d52,599,0,37,gamble_right,You received 0 dollars.,69,1,8,-10,0,2
35,116,5c437f6a4fe4f800016e3d52,737,0,37,gamble_right,You received 0 dollars.,70,1,8,-11,0,2
118,116,5c437f6a4fe4f800016e3d52,626,0,39,gamble_left,You received 0 dollars.,71,1,8,-12,0,2
68,116,5c437f6a4fe4f800016e3d52,607,0,37,gamble_right,You received 0 dollars.,72,1,8,-13,0,2
113,116,5c437f6a4fe4f800016e3d52,545,0,37,gamble_right,You received 0 dollars.,73,1,8,-14,0,2
139,116,5c437f6a4fe4f800016e3d52,592,0,37,gamble_right,You received 0 dollars.,74,1,8,-15,0,2
38,116,5c437f6a4fe4f800016e3d52,818,0,37,gamble_right,You received 0 dollars.,75,1,8,-16,0,2
97,116,5c437f6a4fe4f800016e3d52,786,0,37,gamble_right,You received 0 dollars.,76,1,9,-2.25,0,2
76,116,5c437f6a4fe4f800016e3d52,799,0,39,gamble_left,You received 0 dollars.,77,1,9,-3.38,0,2
46,116,5c437f6a4fe4f800016e3d52,700,0,37,gamble_right,You received 0 dollars.,78,1,9,-4.5,0,2
22,116,5c437f6a4fe4f800016e3d52,1191,1,37,gamble_left,You lost -5.63 dollars.,79,1,9,-5.63,0,2
11,116,5c437f6a4fe4f800016e3d52,1042,1,37,gamble_left,You lost -6.75 dollars.,80,1,9,-6.75,0,2
60,116,5c437f6a4fe4f800016e3d52,584,0,37,gamble_right,You received 0 dollars.,81,1,9,-7.88,0,2
89,116,5c437f6a4fe4f800016e3d52,710,0,37,gamble_right,You received 0 dollars.,82,1,9,-9,0,2
18,116,5c437f6a4fe4f800016e3d52,987,0,39,gamble_left,You received 0 dollars.,83,1,9,-10.13,0,2
136,116,5c437f6a4fe4f800016e3d52,518,0,37,gamble_right,You received 0 dollars.,84,1,9,-11.25,0,2
79,116,5c437f6a4fe4f800016e3d52,737,0,39,gamble_left,You received 0 dollars.,85,1,9,-12.38,0,2
8,116,5c437f6a4fe4f800016e3d52,1256,0,37,gamble_right,You received 0 dollars.,86,1,9,-13.5,0,2
98,116,5c437f6a4fe4f800016e3d52,747,0,37,gamble_right,You received 0 dollars.,87,1,9,-14.63,0,2
29,116,5c437f6a4fe4f800016e3d52,881,0,39,gamble_left,You received 0 dollars.,88,1,9,-15.75,0,2
64,116,5c437f6a4fe4f800016e3d52,812,0,37,gamble_right,You received 0 dollars.,89,1,9,-16.88,0,2
84,116,5c437f6a4fe4f800016e3d52,747,0,39,gamble_left,You received 0 dollars.,90,1,9,-18,0,2
123,116,5c437f6a4fe4f800016e3d52,530,0,39,gamble_left,You received 0 dollars.,91,1,10,-2.5,0,2
24,116,5c437f6a4fe4f800016e3d52,1000,1,39,gamble_right,You won 10 dollars.,92,1,10,-3.75,0,1
149,116,5c437f6a4fe4f800016e3d52,747,0,39,gamble_left,You received 0 dollars.,93,1,10,-5,0,2
92,116,5c437f6a4fe4f800016e3d52,641,0,39,gamble_left,You received 0 dollars.,94,1,10,-6.25,0,2
45,116,5c437f6a4fe4f800016e3d52,673,0,37,gamble_right,You received 0 dollars.,95,1,10,-7.5,0,2
75,116,5c437f6a4fe4f800016e3d52,778,0,37,gamble_right,You received 0 dollars.,96,1,10,-8.75,0,2
59,116,5c437f6a4fe4f800016e3d52,648,0,39,gamble_left,You received 0 dollars.,97,1,10,-10,0,2
50,116,5c437f6a4fe4f800016e3d52,678,0,39,gamble_left,You received 0 dollars.,98,1,10,-11.25,0,2
63,116,5c437f6a4fe4f800016e3d52,710,0,39,gamble_left,You received 0 dollars.,99,1,10,-12.5,0,2
80,116,5c437f6a4fe4f800016e3d52,631,0,39,gamble_left,You received 0 dollars.,100,1,10,-13.75,0,2
41,116,5c437f6a4fe4f800016e3d52,540,0,37,gamble_right,You received 0 dollars.,101,1,10,-15,0,2
96,116,5c437f6a4fe4f800016e3d52,691,0,37,gamble_right,You received 0 dollars.,102,1,10,-16.25,0,2
54,116,5c437f6a4fe4f800016e3d52,541,0,37,gamble_right,You received 0 dollars.,103,1,10,-17.5,0,2
70,116,5c437f6a4fe4f800016e3d52,624,0,39,gamble_left,You received 0 dollars.,104,1,10,-18.75,0,2
116,116,5c437f6a4fe4f800016e3d52,648,0,39,gamble_left,You received 0 dollars.,105,1,10,-20,0,2
17,116,5c437f6a4fe4f800016e3d52,778,0,37,gamble_right,You received 0 dollars.,106,1,12,-3,0,2
69,116,5c437f6a4fe4f800016e3d52,506,0,37,gamble_right,You received 0 dollars.,107,1,12,-4.5,0,2
109,116,5c437f6a4fe4f800016e3d52,730,0,39,gamble_left,You received 0 dollars.,108,1,12,-6,0,2
40,116,5c437f6a4fe4f800016e3d52,689,0,37,gamble_right,You received 0 dollars.,109,1,12,-7.5,0,2
103,116,5c437f6a4fe4f800016e3d52,712,0,39,gamble_left,You received 0 dollars.,110,1,12,-9,0,2
48,116,5c437f6a4fe4f800016e3d52,713,0,37,gamble_right,You received 0 dollars.,111,1,12,-10.5,0,2
28,116,5c437f6a4fe4f800016e3d52,865,0,37,gamble_right,You received 0 dollars.,112,1,12,-12,0,2
111,116,5c437f6a4fe4f800016e3d52,517,0,37,gamble_right,You received 0 dollars.,113,1,12,-13.5,0,2
146,116,5c437f6a4fe4f800016e3d52,584,0,37,gamble_right,You received 0 dollars.,114,1,12,-15,0,2
99,116,5c437f6a4fe4f800016e3d52,761,0,37,gamble_right,You received 0 dollars.,115,1,12,-16.5,0,2
67,116,5c437f6a4fe4f800016e3d52,751,0,37,gamble_right,You received 0 dollars.,116,1,12,-18,0,2
133,116,5c437f6a4fe4f800016e3d52,529,0,39,gamble_left,You received 0 dollars.,117,1,12,-19.5,0,2
102,116,5c437f6a4fe4f800016e3d52,506,0,37,gamble_right,You received 0 dollars.,118,1,12,-21,0,2
23,116,5c437f6a4fe4f800016e3d52,911,0,39,gamble_left,You received 0 dollars.,119,1,12,-22.5,0,2
20,116,5c437f6a4fe4f800016e3d52,881,0,37,gamble_right,You received 0 dollars.,120,1,12,-24,0,2
44,116,5c437f6a4fe4f800016e3d52,769,0,37,gamble_right,You won 2 dollars.,121,2,4,0,2,1
56,116,5c437f6a4fe4f800016e3d52,616,1,37,gamble_left,You received 0 dollars.,122,2,8,0,4,2
141,116,5c437f6a4fe4f800016e3d52,512,0,37,gamble_right,You won 6 dollars.,123,2,12,0,6,1
85,116,5c437f6a4fe4f800016e3d52,835,0,39,gamble_left,You won 9 dollars.,124,2,18,0,9,1
110,116,5c437f6a4fe4f800016e3d52,505,0,37,gamble_right,You won 12 dollars.,125,2,24,0,12,1
82,116,5c437f6a4fe4f800016e3d52,870,0,39,gamble_left,You won 3 dollars.,126,2,5,0,3,1
107,116,5c437f6a4fe4f800016e3d52,634,0,37,gamble_right,You won 4 dollars.,127,2,7,0,4,1
73,116,5c437f6a4fe4f800016e3d52,927,1,39,gamble_right,You won 10 dollars.,128,2,10,0,6,1
88,116,5c437f6a4fe4f800016e3d52,726,0,39,gamble_left,You won 10 dollars.,129,2,17,0,10,1
36,116,5c437f6a4fe4f800016e3d52,702,0,37,gamble_right,You won 13 dollars.,130,2,22,0,13,1
121,116,5c437f6a4fe4f800016e3d52,950,0,39,gamble_left,You won 13 dollars.,131,2,28,0,13,1
30,116,5c437f6a4fe4f800016e3d52,817,1,37,gamble_left,You won 5 dollars.,132,2,5,0,2,1
150,116,5c437f6a4fe4f800016e3d52,588,0,37,gamble_right,You won 10 dollars.,133,2,26,0,10,1
6,116,5c437f6a4fe4f800016e3d52,738,1,37,gamble_left,You received 0 dollars.,134,2,7,0,3,2
119,116,5c437f6a4fe4f800016e3d52,506,0,39,gamble_left,You won 5 dollars.,135,2,13,0,5,1
91,116,5c437f6a4fe4f800016e3d52,546,0,37,gamble_right,You won 6 dollars.,136,2,12,0,6,1
33,116,5c437f6a4fe4f800016e3d52,636,1,37,gamble_left,You received 0 dollars.,137,2,25,0,10,2
5,116,5c437f6a4fe4f800016e3d52,833,0,39,gamble_left,You won 2 dollars.,138,2,4,0,2,1
78,116,5c437f6a4fe4f800016e3d52,1023,0,39,gamble_left,You won 1 dollars.,139,2,3,0,1,1
71,116,5c437f6a4fe4f800016e3d52,745,1,37,gamble_left,You won 25 dollars.,140,2,25,0,9,1
86,116,5c437f6a4fe4f800016e3d52,800,0,39,gamble_left,You won 6 dollars.,141,2,13,0,6,1
148,116,5c437f6a4fe4f800016e3d52,749,0,39,gamble_left,You won 10 dollars.,142,2,22,0,10,1
104,116,5c437f6a4fe4f800016e3d52,854,1,37,gamble_left,You won 12 dollars.,143,2,12,0,5,1
105,116,5c437f6a4fe4f800016e3d52,766,0,39,gamble_left,You won 1 dollars.,144,2,2,0,1,1
81,116,5c437f6a4fe4f800016e3d52,689,1,37,gamble_left,You won 8 dollars.,145,2,8,0,3,1
7,116,5c437f6a4fe4f800016e3d52,753,1,37,gamble_left,You received 0 dollars.,146,2,19,0,8,2
145,116,5c437f6a4fe4f800016e3d52,676,1,37,gamble_left,You won 26 dollars.,147,2,26,0,12,1
74,116,5c437f6a4fe4f800016e3d52,718,0,37,gamble_right,You won 12 dollars.,148,2,30,0,12,1
83,116,5c437f6a4fe4f800016e3d52,724,0,37,gamble_right,You won 10 dollars.,149,2,23,0,10,1
126,116,5c437f6a4fe4f800016e3d52,621,0,37,gamble_right,You won 4 dollars.,150,2,12,0,4,1