trial_index,ID,subject,rt,responses,key_press,gamble_location,stimulus,Trial_ID,Trial_Type,Gain,Loss,Certain,Trial_Outcome
47,117,5f108dea719866356702d26f,599.2,0,39,gamble_left,You received 0 dollars.,1,1,2,-0.5,0,2
9,117,5f108dea719866356702d26f,671,0,39,gamble_left,You received 0 dollars.,2,1,2,-0.75,0,2
21,117,5f108dea719866356702d26f,693.1,0,39,gamble_left,You received 0 dollars.,3,1,2,-1,0,2
18,117,5f108dea719866356702d26f,655.8,0,39,gamble_left,You received 0 dollars.,4,1,2,-1.25,0,2
139,117,5f108dea719866356702d26f,663.1,0,37,gamble_right,You received 0 dollars.,5,1,2,-1.5,0,2
149,117,5f108dea719866356702d26f,720.2,0,39,gamble_left,You received 0 dollars.,6,1,2,-1.75,0,2
17,117,5f108dea719866356702d26f,1076.1,0,39,gamble_left,You received 0 dollars.,7,1,2,-2,0,2
55,117,5f108dea719866356702d26f,562.3,0,39,gamble_left,You received 0 dollars.,8,1,2,-2.25,0,2
25,117,5f108dea719866356702d26f,645.8,0,39,gamble_left,You received 0 dollars.,9,1,2,-2.5,0,2
141,117,5f108dea719866356702d26f,534.9,0,39,gamble_left,You received 0 dollars.,10,1,2,-2.75,0,2
133,117,5f108dea719866356702d26f,485.4,0,39,gamble_left,You received 0 dollars.,11,1,2,-3,0,2
109,117,5f108dea719866356702d26f,562.4,0,39,gamble_left,You received 0 dollars.,12,1,2,-3.25,0,2
41,117,5f108dea719866356702d26f,677.3,0,37,gamble_right,You received 0 dollars.,13,1,2,-3.5,0,2
33,117,5f108dea719866356702d26f,701.6,0,39,gamble_left,You received 0 dollars.,14,1,2,-3.75,0,2
105,117,5f108dea719866356702d26f,674.8,0,39,gamble_left,You received 0 dollars.,15,1,2,-4,0,2
50,117,5f108dea719866356702d26f,571.6,0,37,gamble_right,You received 0 dollars.,16,1,4,-1,0,2
81,117,5f108dea719866356702d26f,618.1,0,39,gamble_left,You received 0 dollars.,17,1,4,-1.5,0,2
46,117,5f108dea719866356702d26f,730.4,0,39,gamble_left,You received 0 dollars.,18,1,4,-2,0,2
78,117,5f108dea719866356702d26f,673.5,0,37,gamble_right,You received 0 dollars.,19,1,4,-2.5,0,2
48,117,5f108dea719866356702d26f,646.5,0,39,gamble_left,You received 0 dollars.,20,1,4,-3,0,2
22,117,5f108dea719866356702d26f,667.8,0,39,gamble_left,You received 0 dollars.,21,1,4,-3.5,0,2
12,117,5f108dea719866356702d26f,905,0,37,gamble_right,You received 0 dollars.,22,1,4,-4,0,2
71,117,5f108dea719866356702d26f,747.6,0,39,gamble_left,You received 0 dollars.,23,1,4,-4.5,0,2
40,117,5f108dea719866356702d26f,920.4,0,37,gamble_right,You received 0 dollars.,24,1,4,-5,0,2
79,117,5f108dea719866356702d26f,565.1,0,39,gamble_left,You received 0 dollars.,25,1,4,-5.5,0,2
66,117,5f108dea719866356702d26f,578.6,0,39,gamble_left,You received 0 dollars.,26,1,4,-6,0,2
67,117,5f108dea719866356702d26f,618.6,0,39,gamble_left,You received 0 dollars.,27,1,4,-6.5,0,2
116,117,5f108dea719866356702d26f,784.7,0,37,gamble_right,You received 0 dollars.,28,1,4,-7,0,2
85,117,5f108dea719866356702d26f,680,0,39,gamble_left,You received 0 dollars.,29,1,4,-7.5,0,2
136,117,5f108dea719866356702d26f,760.7,0,37,gamble_right,You received 0 dollars.,30,1,4,-8,0,2
27,117,5f108dea719866356702d26f,758.9,0,37,gamble_right,You received 0 dollars.,31,1,5,-1.25,0,2
35,117,5f108dea719866356702d26f,702.3,0,39,gamble_left,You received 0 dollars.,32,1,5,-1.88,0,2
134,117,5f108dea719866356702d26f,535.3,0,39,gamble_left,You received 0 dollars.,33,1,5,-2.5,0,2
70,117,5f108dea719866356702d26f,754,0,37,gamble_right,You received 0 dollars.,34,1,5,-3.13,0,2
83,117,5f108dea719866356702d26f,808.8,0,39,gamble_left,You received 0 dollars.,35,1,5,-3.75,0,2
14,117,5f108dea719866356702d26f,834.6,0,39,gamble_left,You received 0 dollars.,36,1,5,-4.38,0,2
4,117,5f108dea719866356702d26f,795.4,0,37,gamble_right,You received 0 dollars.,37,1,5,-5,0,2
90,117,5f108dea719866356702d26f,611.1,0,39,gamble_left,You received 0 dollars.,38,1,5,-5.63,0,2
74,117,5f108dea719866356702d26f,728.2,0,37,gamble_right,You received 0 dollars.,39,1,5,-6.25,0,2
135,117,5f108dea719866356702d26f,563.7,0,37,gamble_right,You received 0 dollars.,40,1,5,-6.88,0,2
99,117,5f108dea719866356702d26f,576.7,0,37,gamble_right,You received 0 dollars.,41,1,5,-7.5,0,2
145,117,5f108dea719866356702d26f,629,0,37,gamble_right,You received 0 dollars.,42,1,5,-8.13,0,2
62,117,5f108dea719866356702d26f,676.6,0,39,gamble_left,You received 0 dollars.,43,1,5,-8.75,0,2
118,117,5f108dea719866356702d26f,588.8,0,37,gamble_right,You received 0 dollars.,44,1,5,-9.38,0,2
6,117,5f108dea719866356702d26f,785.8,0,37,gamble_right,You received 0 dollars.,45,1,5,-10,0,2
58,117,5f108dea719866356702d26f,672.4,0,39,gamble_left,You received 0 dollars.,46,1,6,-1.5,0,2
1,117,5f108dea719866356702d26f,1480.7,0,39,gamble_left,You received 0 dollars.,47,1,6,-2.25,0,2
63,117,5f108dea719866356702d26f,630.3,0,39,gamble_left,You received 0 dollars.,48,1,6,-3,0,2
53,117,5f108dea719866356702d26f,546.9,0,39,gamble_left,You received 0 dollars.,49,1,6,-3.75,0,2
65,117,5f108dea719866356702d26f,686.6,0,37,gamble_right,You received 0 dollars.,50,1,6,-4.5,0,2
91,117,5f108dea719866356702d26f,606.3,0,37,gamble_right,You received 0 dollars.,51,1,6,-5.25,0,2
61,117,5f108dea719866356702d26f,797,0,39,gamble_left,You received 0 dollars.,52,1,6,-6,0,2
131,117,5f108dea719866356702d26f,594,0,39,gamble_left,You received 0 dollars.,53,1,6,-6.75,0,2
126,117,5f108dea719866356702d26f,507.6,0,39,gamble_left,You received 0 dollars.,54,1,6,-7.5,0,2
132,117,5f108dea719866356702d26f,570.3,0,37,gamble_right,You received 0 dollars.,55,1,6,-8.25,0,2
2,117,5f108dea719866356702d26f,870.1,0,39,gamble_left,You received 0 dollars.,56,1,6,-9,0,2
114,117,5f108dea719866356702d26f,594.8,0,37,gamble_right,You received 0 dollars.,57,1,6,-9.75,0,2
28,117,5f108dea719866356702d26f,597.3,0,39,gamble_left,You received 0 dollars.,58,1,6,-10.5,0,2
64,117,5f108dea719866356702d26f,667.9,0,37,gamble_right,You received 0 dollars.,59,1,6,-11.25,0,2
140,117,5f108dea719866356702d26f,531.5,0,37,gamble_right,You received 0 dollars.,60,1,6,-12,0,2
15,117,5f108dea719866356702d26f,706.6,0,39,gamble_left,You received 0 dollars.,61,1,8,-2,0,2
45,117,5f108dea719866356702d26f,520.8,0,39,gamble_left,You received 0 dollars.,62,1,8,-3,0,2
80,117,5f108dea719866356702d26f,612.7,0,39,gamble_left,You received 0 dollars.,63,1,8,-4,0,2
143,117,5f108dea719866356702d26f,844.3,0,39,gamble_left,You received 0 dollars.,64,1,8,-5,0,2
51,117,5f108dea719866356702d26f,919.3,0,37,gamble_right,You received 0 dollars.,65,1,8,-6,0,2
146,117,5f108dea719866356702d26f,528.8,0,37,gamble_right,You received 0 dollars.,66,1,8,-7,0,2
39,117,5f108dea719866356702d26f,857.4,0,39,gamble_left,You received 0 dollars.,67,1,8,-8,0,2
108,117,5f108dea719866356702d26f,602.8,0,39,gamble_left,You received 0 dollars.,68,1,8,-9,0,2
107,117,5f108dea719866356702d26f,501.9,0,39,gamble_left,You received 0 dollars.,69,1,8,-10,0,2
144,117,5f108dea719866356702d26f,690.5,0,39,gamble_left,You received 0 dollars.,70,1,8,-11,0,2
59,117,5f108dea719866356702d26f,813.4,0,39,gamble_left,You received 0 dollars.,71,1,8,-12,0,2
101,117,5f108dea719866356702d26f,1252.4,0,39,gamble_left,You received 0 dollars.,72,1,8,-13,0,2
24,117,5f108dea719866356702d26f,621,0,39,gamble_left,You received 0 dollars.,73,1,8,-14,0,2
113,117,5f108dea719866356702d26f,780.7,0,37,gamble_right,You received 0 dollars.,74,1,8,-15,0,2
52,117,5f108dea719866356702d26f,607.6,0,37,gamble_right,You received 0 dollars.,75,1,8,-16,0,2
7,117,5f108dea719866356702d26f,571.4,0,39,gamble_left,You received 0 dollars.,76,1,9,-2.25,0,2
94,117,5f108dea719866356702d26f,598.5,0,39,gamble_left,You received 0 dollars.,77,1,9,-3.38,0,2
95,117,5f108dea719866356702d26f,664.8,0,37,gamble_right,You received 0 dollars.,78,1,9,-4.5,0,2
84,117,5f108dea719866356702d26f,668.8,0,37,gamble_right,You received 0 dollars.,79,1,9,-5.63,0,2
111,117,5f108dea719866356702d26f,579.7,0,37,gamble_right,You received 0 dollars.,80,1,9,-6.75,0,2
128,117,5f108dea719866356702d26f,608.7,0,37,gamble_right,You received 0 dollars.,81,1,9,-7.88,0,2
117,117,5f108dea719866356702d26f,741,0,37,gamble_right,You received 0 dollars.,82,1,9,-9,0,2
73,117,5f108dea719866356702d26f,696.3,0,39,gamble_left,You received 0 dollars.,83,1,9,-10.13,0,2
122,117,5f108dea719866356702d26f,675.6,0,39,gamble_left,You received 0 dollars.,84,1,9,-11.25,0,2
129,117,5f108dea719866356702d26f,691.2,0,37,gamble_right,You received 0 dollars.,85,1,9,-12.38,0,2
16,117,5f108dea719866356702d26f,993.5,0,37,gamble_right,You received 0 dollars.,86,1,9,-13.5,0,2
92,117,5f108dea719866356702d26f,528.6,0,39,gamble_left,You received 0 dollars.,87,1,9,-14.63,0,2
44,117,5f108dea719866356702d26f,541.6,0,39,gamble_left,You received 0 dollars.,88,1,9,-15.75,0,2
88,117,5f108dea719866356702d26f,582.1,0,39,gamble_left,You received 0 dollars.,89,1,9,-16.88,0,2
104,117,5f108dea719866356702d26f,719.7,0,37,gamble_right,You received 0 dollars.,90,1,9,-18,0,2
121,117,5f108dea719866356702d26f,885.2,0,37,gamble_right,You received 0 dollars.,91,1,10,-2.5,0,2
115,117,5f108dea719866356702d26f,761.6,0,39,gamble_left,You received 0 dollars.,92,1,10,-3.75,0,2
57,117,5f108dea719866356702d26f,883.9,0,37,gamble_right,You received 0 dollars.,93,1,10,-5,0,2
124,117,5f108dea719866356702d26f,656.8,0,37,gamble_right,You received 0 dollars.,94,1,10,-6.25,0,2
123,117,5f108dea719866356702d26f,743.8,0,39,gamble_left,You received 0 dollars.,95,1,10,-7.5,0,2
98,117,5f108dea719866356702d26f,517.2,0,39,gamble_left,You received 0 dollars.,96,1,10,-8.75,0,2
127,117,5f108dea719866356702d26f,619.4,0,37,gamble_right,You received 0 dollars.,97,1,10,-10,0,2
102,117,5f108dea719866356702d26f,523.4,0,39,gamble_left,You received 0 dollars.,98,1,10,-11.25,0,2
37,117,5f108dea719866356702d26f,669.4,0,37,gamble_right,You received 0 dollars.,99,1,10,-12.5,0,2
49,117,5f108dea719866356702d26f,728.4,0,37,gamble_right,You received 0 dollars.,100,1,10,-13.75,0,2
3,117,5f108dea719866356702d26f,964.3,0,37,gamble_right,You received 0 dollars.,101,1,10,-15,0,2
138,117,5f108dea719866356702d26f,624,0,39,gamble_left,You received 0 dollars.,102,1,10,-16.25,0,2
86,117,5f108dea719866356702d26f,623.8,0,37,gamble_right,You received 0 dollars.,103,1,10,-17.5,0,2
89,117,5f108dea719866356702d26f,601.1,0,39,gamble_left,You received 0 dollars.,104,1,10,-18.75,0,2
110,117,5f108dea719866356702d26f,716.1,0,39,gamble_left,You received 0 dollars.,105,1,10,-20,0,2
96,117,5f108dea719866356702d26f,578.8,0,39,gamble_left,You received 0 dollars.,106,1,12,-3,0,2
11,117,5f108dea719866356702d26f,759.2,0,39,gamble_left,You received 0 dollars.,107,1,12,-4.5,0,2
93,117,5f108dea719866356702d26f,550.5,0,37,gamble_right,You received 0 dollars.,108,1,12,-6,0,2
42,117,5f108dea719866356702d26f,592.4,0,39,gamble_left,You received 0 dollars.,109,1,12,-7.5,0,2
43,117,5f108dea719866356702d26f,602.2,0,37,gamble_right,You received 0 dollars.,110,1,12,-9,0,2
106,117,5f108dea719866356702d26f,641,0,37,gamble_right,You received 0 dollars.,111,1,12,-10.5,0,2
148,117,5f108dea719866356702d26f,651.3,0,39,gamble_left,You received 0 dollars.,112,1,12,-12,0,2
60,117,5f108dea719866356702d26f,732.3,0,37,gamble_right,You received 0 dollars.,113,1,12,-13.5,0,2
100,117,5f108dea719866356702d26f,879.3,0,37,gamble_right,You received 0 dollars.,114,1,12,-15,0,2
130,117,5f108dea719866356702d26f,453.8,0,37,gamble_right,You received 0 dollars.,115,1,12,-16.5,0,2
19,117,5f108dea719866356702d26f,653.9,0,39,gamble_left,You received 0 dollars.,116,1,12,-18,0,2
26,117,5f108dea719866356702d26f,596.2,0,39,gamble_left,You received 0 dollars.,117,1,12,-19.5,0,2
103,117,5f108dea719866356702d26f,508.1,0,39,gamble_left,You received 0 dollars.,118,1,12,-21,0,2
125,117,5f108dea719866356702d26f,578.7,0,39,gamble_left,You received 0 dollars.,119,1,12,-22.5,0,2
31,117,5f108dea719866356702d26f,712.2,0,39,gamble_left,You received 0 dollars.,120,1,12,-24,0,2
68,117,5f108dea719866356702d26f,1046,0,39,gamble_left,You won 2 dollars.,121,2,4,0,2,1
13,117,5f108dea719866356702d26f,1013.4,1,37,gamble_left,You won 8 dollars.,122,2,8,0,4,1
87,117,5f108dea719866356702d26f,684.9,0,39,gamble_left,You won 6 dollars.,123,2,12,0,6,1
36,117,5f108dea719866356702d26f,768.6,1,39,gamble_right,You received 0 dollars.,124,2,18,0,9,2
69,117,5f108dea719866356702d26f,978.4,0,39,gamble_left,You won 12 dollars.,125,2,24,0,12,1
120,117,5f108dea719866356702d26f,909.6,0,37,gamble_right,You won 3 dollars.,126,2,5,0,3,1
30,117,5f108dea719866356702d26f,681.8,1,37,gamble_left,You received 0 dollars.,127,2,7,0,4,2
72,117,5f108dea719866356702d26f,782.7,0,37,gamble_right,You won 6 dollars.,128,2,10,0,6,1
10,117,5f108dea719866356702d26f,651.3,0,39,gamble_left,You won 10 dollars.,129,2,17,0,10,1
56,117,5f108dea719866356702d26f,850.1,1,39,gamble_right,You received 0 dollars.,130,2,22,0,13,2
8,117,5f108dea719866356702d26f,729.7,1,39,gamble_right,You received 0 dollars.,131,2,28,0,13,2
137,117,5f108dea719866356702d26f,924.1,0,39,gamble_left,You won 2 dollars.,132,2,5,0,2,1
82,117,5f108dea719866356702d26f,1059.8,0,37,gamble_right,You won 10 dollars.,133,2,26,0,10,1
150,117,5f108dea719866356702d26f,735.1,0,39,gamble_left,You won 3 dollars.,134,2,7,0,3,1
29,117,5f108dea719866356702d26f,655.6,1,37,gamble_left,You received 0 dollars.,135,2,13,0,5,2
38,117,5f108dea719866356702d26f,757.2,1,37,gamble_left,You received 0 dollars.,136,2,12,0,6,2
147,117,5f108dea719866356702d26f,859.4,0,39,gamble_left,You won 10 dollars.,137,2,25,0,10,1
54,117,5f108dea719866356702d26f,973.6,1,37,gamble_left,You won 4 dollars.,138,2,4,0,2,1
75,117,5f108dea719866356702d26f,998.5,0,37,gamble_right,You won 1 dollars.,139,2,3,0,1,1
5,117,5f108dea719866356702d26f,996.1,1,39,gamble_right,You won 25 dollars.,140,2,25,0,9,1
20,117,5f108dea719866356702d26f,785.1,1,39,gamble_right,You received 0 dollars.,141,2,13,0,6,2
97,117,5f108dea719866356702d26f,815.1,0,37,gamble_right,You won 10 dollars.,142,2,22,0,10,1
119,117,5f108dea719866356702d26f,803.9,0,37,gamble_right,You won 5 dollars.,143,2,12,0,5,1
76,117,5f108dea719866356702d26f,716,0,37,gamble_right,You won 1 dollars.,144,2,2,0,1,1
77,117,5f108dea719866356702d26f,675.7,0,39,gamble_left,You won 3 dollars.,145,2,8,0,3,1
142,117,5f108dea719866356702d26f,634.7,0,39,gamble_left,You won 8 dollars.,146,2,19,0,8,1
34,117,5f108dea719866356702d26f,792.5,1,37,gamble_left,You received 0 dollars.,147,2,26,0,12,2
23,117,5f108dea719866356702d26f,759.6,1,37,gamble_left,You received 0 dollars.,148,2,30,0,12,2
32,117,5f108dea719866356702d26f,933.1,1,37,gamble_left,You won 23 dollars.,149,2,23,0,10,1
112,117,5f108dea719866356702d26f,622.3,0,37,gamble_right,You won 4 dollars.,150,2,12,0,4,1