trial_index,ID,subject,rt,responses,key_press,gamble_location,stimulus,Trial_ID,Trial_Type,Gain,Loss,Certain,Trial_Outcome
43,118,5e681b3c69f4cf0cc9297c68,1219.2,1,37,gamble_left,You lost -0.5 dollars.,1,1,2,-0.5,0,2
108,118,5e681b3c69f4cf0cc9297c68,1184.3,1,39,gamble_right,You won 2 dollars.,2,1,2,-0.75,0,1
119,118,5e681b3c69f4cf0cc9297c68,1170.1,1,37,gamble_left,You lost -1 dollars.,3,1,2,-1,0,2
51,118,5e681b3c69f4cf0cc9297c68,1317,1,39,gamble_right,You lost -1.25 dollars.,4,1,2,-1.25,0,2
32,118,5e681b3c69f4cf0cc9297c68,1104.8,1,39,gamble_right,You won 2 dollars.,5,1,2,-1.5,0,1
24,118,5e681b3c69f4cf0cc9297c68,1508.6,1,39,gamble_right,You lost -1.75 dollars.,6,1,2,-1.75,0,2
137,118,5e681b3c69f4cf0cc9297c68,1195.8,1,37,gamble_left,You won 2 dollars.,7,1,2,-2,0,1
74,118,5e681b3c69f4cf0cc9297c68,1080.7,0,39,gamble_left,You received 0 dollars.,8,1,2,-2.25,0,2
37,118,5e681b3c69f4cf0cc9297c68,1021.7,0,39,gamble_left,You received 0 dollars.,9,1,2,-2.5,0,2
95,118,5e681b3c69f4cf0cc9297c68,1138.4,0,37,gamble_right,You received 0 dollars.,10,1,2,-2.75,0,2
78,118,5e681b3c69f4cf0cc9297c68,945.4,0,37,gamble_right,You received 0 dollars.,11,1,2,-3,0,2
75,118,5e681b3c69f4cf0cc9297c68,974.2,0,37,gamble_right,You received 0 dollars.,12,1,2,-3.25,0,2
118,118,5e681b3c69f4cf0cc9297c68,1469.2,0,39,gamble_left,You received 0 dollars.,13,1,2,-3.5,0,2
55,118,5e681b3c69f4cf0cc9297c68,943.9,0,39,gamble_left,You received 0 dollars.,14,1,2,-3.75,0,2
20,118,5e681b3c69f4cf0cc9297c68,983.6,0,39,gamble_left,You received 0 dollars.,15,1,2,-4,0,2
54,118,5e681b3c69f4cf0cc9297c68,1036.4,1,37,gamble_left,You won 4 dollars.,16,1,4,-1,0,1
62,118,5e681b3c69f4cf0cc9297c68,868.5,1,39,gamble_right,You won 4 dollars.,17,1,4,-1.5,0,1
23,118,5e681b3c69f4cf0cc9297c68,1011.5,1,37,gamble_left,You won 4 dollars.,18,1,4,-2,0,1
22,118,5e681b3c69f4cf0cc9297c68,1500.5,1,37,gamble_left,You lost -2.5 dollars.,19,1,4,-2.5,0,2
109,118,5e681b3c69f4cf0cc9297c68,1437.7,1,39,gamble_right,You won 4 dollars.,20,1,4,-3,0,1
47,118,5e681b3c69f4cf0cc9297c68,1626.8,1,37,gamble_left,You won 4 dollars.,21,1,4,-3.5,0,1
59,118,5e681b3c69f4cf0cc9297c68,1050.4,0,37,gamble_right,You received 0 dollars.,22,1,4,-4,0,2
25,118,5e681b3c69f4cf0cc9297c68,1165.3,0,39,gamble_left,You received 0 dollars.,23,1,4,-4.5,0,2
142,118,5e681b3c69f4cf0cc9297c68,865.2,0,37,gamble_right,You received 0 dollars.,24,1,4,-5,0,2
40,118,5e681b3c69f4cf0cc9297c68,1324.2,0,37,gamble_right,You received 0 dollars.,25,1,4,-5.5,0,2
79,118,5e681b3c69f4cf0cc9297c68,1116.3,0,37,gamble_right,You received 0 dollars.,26,1,4,-6,0,2
39,118,5e681b3c69f4cf0cc9297c68,1094.1,0,39,gamble_left,You received 0 dollars.,27,1,4,-6.5,0,2
66,118,5e681b3c69f4cf0cc9297c68,954.2,1,37,gamble_left,You won 4 dollars.,28,1,4,-7,0,1
72,118,5e681b3c69f4cf0cc9297c68,996.3,0,37,gamble_right,You received 0 dollars.,29,1,4,-7.5,0,2
102,118,5e681b3c69f4cf0cc9297c68,840.1,0,37,gamble_right,You received 0 dollars.,30,1,4,-8,0,2
83,118,5e681b3c69f4cf0cc9297c68,1033,1,37,gamble_left,You won 5 dollars.,31,1,5,-1.25,0,1
44,118,5e681b3c69f4cf0cc9297c68,941.1,1,39,gamble_right,You lost -1.88 dollars.,32,1,5,-1.88,0,2
12,118,5e681b3c69f4cf0cc9297c68,995.9,1,37,gamble_left,You won 5 dollars.,33,1,5,-2.5,0,1
90,118,5e681b3c69f4cf0cc9297c68,1044.1,1,37,gamble_left,You won 5 dollars.,34,1,5,-3.13,0,1
114,118,5e681b3c69f4cf0cc9297c68,1253.1,1,37,gamble_left,You lost -3.75 dollars.,35,1,5,-3.75,0,2
98,118,5e681b3c69f4cf0cc9297c68,1241.5,1,37,gamble_left,You won 5 dollars.,36,1,5,-4.38,0,1
88,118,5e681b3c69f4cf0cc9297c68,1380.4,0,37,gamble_right,You received 0 dollars.,37,1,5,-5,0,2
73,118,5e681b3c69f4cf0cc9297c68,1004.6,0,39,gamble_left,You received 0 dollars.,38,1,5,-5.63,0,2
80,118,5e681b3c69f4cf0cc9297c68,1174.4,0,39,gamble_left,You received 0 dollars.,39,1,5,-6.25,0,2
71,118,5e681b3c69f4cf0cc9297c68,1133.2,0,37,gamble_right,You received 0 dollars.,40,1,5,-6.88,0,2
17,118,5e681b3c69f4cf0cc9297c68,908.2,0,39,gamble_left,You received 0 dollars.,41,1,5,-7.5,0,2
10,118,5e681b3c69f4cf0cc9297c68,1087.8,0,39,gamble_left,You received 0 dollars.,42,1,5,-8.13,0,2
60,118,5e681b3c69f4cf0cc9297c68,1032.3,0,39,gamble_left,You received 0 dollars.,43,1,5,-8.75,0,2
124,118,5e681b3c69f4cf0cc9297c68,1111.2,0,39,gamble_left,You received 0 dollars.,44,1,5,-9.38,0,2
106,118,5e681b3c69f4cf0cc9297c68,953.9,0,39,gamble_left,You received 0 dollars.,45,1,5,-10,0,2
145,118,5e681b3c69f4cf0cc9297c68,1204.6,1,39,gamble_right,You won 6 dollars.,46,1,6,-1.5,0,1
34,118,5e681b3c69f4cf0cc9297c68,1276.1,1,39,gamble_right,You lost -2.25 dollars.,47,1,6,-2.25,0,2
50,118,5e681b3c69f4cf0cc9297c68,777.9,1,39,gamble_right,You won 6 dollars.,48,1,6,-3,0,1
82,118,5e681b3c69f4cf0cc9297c68,1161.2,1,37,gamble_left,You won 6 dollars.,49,1,6,-3.75,0,1
29,118,5e681b3c69f4cf0cc9297c68,1169.2,1,39,gamble_right,You won 6 dollars.,50,1,6,-4.5,0,1
113,118,5e681b3c69f4cf0cc9297c68,1173.4,1,39,gamble_right,You lost -5.25 dollars.,51,1,6,-5.25,0,2
13,118,5e681b3c69f4cf0cc9297c68,1103.7,0,39,gamble_left,You received 0 dollars.,52,1,6,-6,0,2
15,118,5e681b3c69f4cf0cc9297c68,949.8,0,39,gamble_left,You received 0 dollars.,53,1,6,-6.75,0,2
63,118,5e681b3c69f4cf0cc9297c68,1095.3,0,39,gamble_left,You received 0 dollars.,54,1,6,-7.5,0,2
99,118,5e681b3c69f4cf0cc9297c68,1215.4,0,39,gamble_left,You received 0 dollars.,55,1,6,-8.25,0,2
107,118,5e681b3c69f4cf0cc9297c68,899,0,39,gamble_left,You received 0 dollars.,56,1,6,-9,0,2
131,118,5e681b3c69f4cf0cc9297c68,1193.6,0,37,gamble_right,You received 0 dollars.,57,1,6,-9.75,0,2
116,118,5e681b3c69f4cf0cc9297c68,967.3,0,37,gamble_right,You received 0 dollars.,58,1,6,-10.5,0,2
57,118,5e681b3c69f4cf0cc9297c68,1107.7,0,37,gamble_right,You received 0 dollars.,59,1,6,-11.25,0,2
18,118,5e681b3c69f4cf0cc9297c68,1354.1,0,37,gamble_right,You received 0 dollars.,60,1,6,-12,0,2
81,118,5e681b3c69f4cf0cc9297c68,1272.1,1,39,gamble_right,You won 8 dollars.,61,1,8,-2,0,1
69,118,5e681b3c69f4cf0cc9297c68,1117,1,37,gamble_left,You lost -3 dollars.,62,1,8,-3,0,2
150,118,5e681b3c69f4cf0cc9297c68,822.1,1,39,gamble_right,You won 8 dollars.,63,1,8,-4,0,1
6,118,5e681b3c69f4cf0cc9297c68,1032.9,1,39,gamble_right,You lost -5 dollars.,64,1,8,-5,0,2
103,118,5e681b3c69f4cf0cc9297c68,830.2,1,39,gamble_right,You lost -6 dollars.,65,1,8,-6,0,2
41,118,5e681b3c69f4cf0cc9297c68,913.6,1,37,gamble_left,You won 8 dollars.,66,1,8,-7,0,1
120,118,5e681b3c69f4cf0cc9297c68,1352.9,1,37,gamble_left,You lost -8 dollars.,67,1,8,-8,0,2
123,118,5e681b3c69f4cf0cc9297c68,1016.5,0,37,gamble_right,You received 0 dollars.,68,1,8,-9,0,2
93,118,5e681b3c69f4cf0cc9297c68,1099.6,0,39,gamble_left,You received 0 dollars.,69,1,8,-10,0,2
132,118,5e681b3c69f4cf0cc9297c68,1229.2,0,37,gamble_right,You received 0 dollars.,70,1,8,-11,0,2
5,118,5e681b3c69f4cf0cc9297c68,1076.2,0,39,gamble_left,You received 0 dollars.,71,1,8,-12,0,2
94,118,5e681b3c69f4cf0cc9297c68,1022.5,0,39,gamble_left,You received 0 dollars.,72,1,8,-13,0,2
147,118,5e681b3c69f4cf0cc9297c68,1139.9,0,37,gamble_right,You received 0 dollars.,73,1,8,-14,0,2
115,118,5e681b3c69f4cf0cc9297c68,1164.3,0,37,gamble_right,You received 0 dollars.,74,1,8,-15,0,2
48,118,5e681b3c69f4cf0cc9297c68,1078.9,0,37,gamble_right,You received 0 dollars.,75,1,8,-16,0,2
42,118,5e681b3c69f4cf0cc9297c68,971.7,1,39,gamble_right,You lost -2.25 dollars.,76,1,9,-2.25,0,2
121,118,5e681b3c69f4cf0cc9297c68,1017.1,1,37,gamble_left,You won 9 dollars.,77,1,9,-3.38,0,1
136,118,5e681b3c69f4cf0cc9297c68,1128.4,1,37,gamble_left,You lost -4.5 dollars.,78,1,9,-4.5,0,2
2,118,5e681b3c69f4cf0cc9297c68,1401.8,1,37,gamble_left,You lost -5.63 dollars.,79,1,9,-5.63,0,2
8,118,5e681b3c69f4cf0cc9297c68,955.6,1,39,gamble_right,You lost -6.75 dollars.,80,1,9,-6.75,0,2
49,118,5e681b3c69f4cf0cc9297c68,NA,NA,NA,gamble_right,Trial missed.,81,1,9,-7.88,0,3
135,118,5e681b3c69f4cf0cc9297c68,1153.1,0,39,gamble_left,You received 0 dollars.,82,1,9,-9,0,2
96,118,5e681b3c69f4cf0cc9297c68,933.6,0,37,gamble_right,You received 0 dollars.,83,1,9,-10.13,0,2
89,118,5e681b3c69f4cf0cc9297c68,1095,0,37,gamble_right,You received 0 dollars.,84,1,9,-11.25,0,2
7,118,5e681b3c69f4cf0cc9297c68,1084.5,0,39,gamble_left,You received 0 dollars.,85,1,9,-12.38,0,2
91,118,5e681b3c69f4cf0cc9297c68,1198.4,0,37,gamble_right,You received 0 dollars.,86,1,9,-13.5,0,2
127,118,5e681b3c69f4cf0cc9297c68,1036.3,0,39,gamble_left,You received 0 dollars.,87,1,9,-14.63,0,2
149,118,5e681b3c69f4cf0cc9297c68,1019.1,0,39,gamble_left,You received 0 dollars.,88,1,9,-15.75,0,2
110,118,5e681b3c69f4cf0cc9297c68,1059.4,0,39,gamble_left,You received 0 dollars.,89,1,9,-16.88,0,2
3,118,5e681b3c69f4cf0cc9297c68,1176.1,0,39,gamble_left,You received 0 dollars.,90,1,9,-18,0,2
100,118,5e681b3c69f4cf0cc9297c68,1106.8,1,37,gamble_left,You won 10 dollars.,91,1,10,-2.5,0,1
70,118,5e681b3c69f4cf0cc9297c68,969.1,1,37,gamble_left,You lost -3.75 dollars.,92,1,10,-3.75,0,2
64,118,5e681b3c69f4cf0cc9297c68,1097.9,1,37,gamble_left,You lost -5 dollars.,93,1,10,-5,0,2
77,118,5e681b3c69f4cf0cc9297c68,1255.6,1,39,gamble_right,You lost -6.25 dollars.,94,1,10,-6.25,0,2
61,118,5e681b3c69f4cf0cc9297c68,1013.5,1,39,gamble_right,You lost -7.5 dollars.,95,1,10,-7.5,0,2
111,118,5e681b3c69f4cf0cc9297c68,1066.8,1,37,gamble_left,You lost -8.75 dollars.,96,1,10,-8.75,0,2
58,118,5e681b3c69f4cf0cc9297c68,1145.5,0,37,gamble_right,You received 0 dollars.,97,1,10,-10,0,2
33,118,5e681b3c69f4cf0cc9297c68,881.5,0,37,gamble_right,You received 0 dollars.,98,1,10,-11.25,0,2
19,118,5e681b3c69f4cf0cc9297c68,1117.9,0,39,gamble_left,You received 0 dollars.,99,1,10,-12.5,0,2
45,118,5e681b3c69f4cf0cc9297c68,1022.3,0,37,gamble_right,You received 0 dollars.,100,1,10,-13.75,0,2
105,118,5e681b3c69f4cf0cc9297c68,1127.9,0,39,gamble_left,You received 0 dollars.,101,1,10,-15,0,2
126,118,5e681b3c69f4cf0cc9297c68,946.5,0,37,gamble_right,You received 0 dollars.,102,1,10,-16.25,0,2
104,118,5e681b3c69f4cf0cc9297c68,970.5,1,37,gamble_left,You lost -17.5 dollars.,103,1,10,-17.5,0,2
30,118,5e681b3c69f4cf0cc9297c68,1085.3,0,39,gamble_left,You received 0 dollars.,104,1,10,-18.75,0,2
97,118,5e681b3c69f4cf0cc9297c68,900.1,0,37,gamble_right,You received 0 dollars.,105,1,10,-20,0,2
26,118,5e681b3c69f4cf0cc9297c68,975.2,1,37,gamble_left,You lost -3 dollars.,106,1,12,-3,0,2
9,118,5e681b3c69f4cf0cc9297c68,1031.3,1,39,gamble_right,You won 12 dollars.,107,1,12,-4.5,0,1
125,118,5e681b3c69f4cf0cc9297c68,1042.6,1,37,gamble_left,You lost -6 dollars.,108,1,12,-6,0,2
35,118,5e681b3c69f4cf0cc9297c68,1013.3,1,39,gamble_right,You lost -7.5 dollars.,109,1,12,-7.5,0,2
141,118,5e681b3c69f4cf0cc9297c68,1177.9,1,39,gamble_right,You won 12 dollars.,110,1,12,-9,0,1
128,118,5e681b3c69f4cf0cc9297c68,1033.8,1,37,gamble_left,You won 12 dollars.,111,1,12,-10.5,0,1
129,118,5e681b3c69f4cf0cc9297c68,1214.3,0,39,gamble_left,You received 0 dollars.,112,1,12,-12,0,2
139,118,5e681b3c69f4cf0cc9297c68,1084.3,0,39,gamble_left,You received 0 dollars.,113,1,12,-13.5,0,2
112,118,5e681b3c69f4cf0cc9297c68,974.5,0,39,gamble_left,You received 0 dollars.,114,1,12,-15,0,2
46,118,5e681b3c69f4cf0cc9297c68,1153.5,0,37,gamble_right,You received 0 dollars.,115,1,12,-16.5,0,2
4,118,5e681b3c69f4cf0cc9297c68,1223.2,0,37,gamble_right,You received 0 dollars.,116,1,12,-18,0,2
148,118,5e681b3c69f4cf0cc9297c68,981.2,0,37,gamble_right,You received 0 dollars.,117,1,12,-19.5,0,2
133,118,5e681b3c69f4cf0cc9297c68,1091.4,0,37,gamble_right,You received 0 dollars.,118,1,12,-21,0,2
140,118,5e681b3c69f4cf0cc9297c68,1176.6,0,39,gamble_left,You received 0 dollars.,119,1,12,-22.5,0,2
117,118,5e681b3c69f4cf0cc9297c68,1113.9,0,39,gamble_left,You received 0 dollars.,120,1,12,-24,0,2
28,118,5e681b3c69f4cf0cc9297c68,1096.9,1,39,gamble_right,You received 0 dollars.,121,2,4,0,2,2
21,118,5e681b3c69f4cf0cc9297c68,1872,1,39,gamble_right,You received 0 dollars.,122,2,8,0,4,2
16,118,5e681b3c69f4cf0cc9297c68,1134.7,1,37,gamble_left,You won 12 dollars.,123,2,12,0,6,1
144,118,5e681b3c69f4cf0cc9297c68,963.9,1,39,gamble_right,You won 18 dollars.,124,2,18,0,9,1
1,118,5e681b3c69f4cf0cc9297c68,1382.1,0,37,gamble_right,You won 12 dollars.,125,2,24,0,12,1
101,118,5e681b3c69f4cf0cc9297c68,1266.6,1,37,gamble_left,You received 0 dollars.,126,2,5,0,3,2
36,118,5e681b3c69f4cf0cc9297c68,988.9,1,37,gamble_left,You received 0 dollars.,127,2,7,0,4,2
76,118,5e681b3c69f4cf0cc9297c68,1137.3,1,39,gamble_right,You received 0 dollars.,128,2,10,0,6,2
87,118,5e681b3c69f4cf0cc9297c68,1045.8,1,37,gamble_left,You won 17 dollars.,129,2,17,0,10,1
67,118,5e681b3c69f4cf0cc9297c68,1052.7,1,37,gamble_left,You received 0 dollars.,130,2,22,0,13,2
68,118,5e681b3c69f4cf0cc9297c68,1295.3,1,39,gamble_right,You won 28 dollars.,131,2,28,0,13,1
85,118,5e681b3c69f4cf0cc9297c68,975.6,1,37,gamble_left,You won 5 dollars.,132,2,5,0,2,1
53,118,5e681b3c69f4cf0cc9297c68,1088,1,39,gamble_right,You won 26 dollars.,133,2,26,0,10,1
27,118,5e681b3c69f4cf0cc9297c68,1367.7,1,37,gamble_left,You won 7 dollars.,134,2,7,0,3,1
138,118,5e681b3c69f4cf0cc9297c68,1036.3,1,39,gamble_right,You received 0 dollars.,135,2,13,0,5,2
134,118,5e681b3c69f4cf0cc9297c68,1008.4,1,37,gamble_left,You received 0 dollars.,136,2,12,0,6,2
65,118,5e681b3c69f4cf0cc9297c68,1093.3,1,39,gamble_right,You won 25 dollars.,137,2,25,0,10,1
52,118,5e681b3c69f4cf0cc9297c68,1080.8,1,39,gamble_right,You received 0 dollars.,138,2,4,0,2,2
38,118,5e681b3c69f4cf0cc9297c68,1305.1,1,37,gamble_left,You won 3 dollars.,139,2,3,0,1,1
84,118,5e681b3c69f4cf0cc9297c68,1177.3,1,39,gamble_right,You won 25 dollars.,140,2,25,0,9,1
122,118,5e681b3c69f4cf0cc9297c68,1027.5,1,39,gamble_right,You won 13 dollars.,141,2,13,0,6,1
11,118,5e681b3c69f4cf0cc9297c68,1687.6,0,39,gamble_left,You won 10 dollars.,142,2,22,0,10,1
86,118,5e681b3c69f4cf0cc9297c68,1007.6,1,39,gamble_right,You won 12 dollars.,143,2,12,0,5,1
146,118,5e681b3c69f4cf0cc9297c68,1024.2,1,39,gamble_right,You received 0 dollars.,144,2,2,0,1,2
92,118,5e681b3c69f4cf0cc9297c68,977.1,1,37,gamble_left,You received 0 dollars.,145,2,8,0,3,2
56,118,5e681b3c69f4cf0cc9297c68,1091,1,39,gamble_right,You received 0 dollars.,146,2,19,0,8,2
14,118,5e681b3c69f4cf0cc9297c68,1591.3,1,37,gamble_left,You received 0 dollars.,147,2,26,0,12,2
31,118,5e681b3c69f4cf0cc9297c68,1165.9,1,37,gamble_left,You won 30 dollars.,148,2,30,0,12,1
143,118,5e681b3c69f4cf0cc9297c68,1075.6,1,37,gamble_left,You received 0 dollars.,149,2,23,0,10,2
130,118,5e681b3c69f4cf0cc9297c68,965.5,1,37,gamble_left,You received 0 dollars.,150,2,12,0,4,2