trial_index,ID,subject,rt,responses,key_press,gamble_location,stimulus,Trial_ID,Trial_Type,Gain,Loss,Certain,Trial_Outcome
43,119,609959b59db017b59a4887ff,933.4,0,37,gamble_right,You received 0 dollars.,1,1,2,-0.5,0,2
127,119,609959b59db017b59a4887ff,778.9,0,39,gamble_left,You received 0 dollars.,2,1,2,-0.75,0,2
124,119,609959b59db017b59a4887ff,1399.8,0,37,gamble_right,You received 0 dollars.,3,1,2,-1,0,2
137,119,609959b59db017b59a4887ff,684,0,39,gamble_left,You received 0 dollars.,4,1,2,-1.25,0,2
104,119,609959b59db017b59a4887ff,868.3,0,39,gamble_left,You received 0 dollars.,5,1,2,-1.5,0,2
66,119,609959b59db017b59a4887ff,644.5,0,39,gamble_left,You received 0 dollars.,6,1,2,-1.75,0,2
85,119,609959b59db017b59a4887ff,942.4,0,37,gamble_right,You received 0 dollars.,7,1,2,-2,0,2
6,119,609959b59db017b59a4887ff,1111,0,39,gamble_left,You received 0 dollars.,8,1,2,-2.25,0,2
88,119,609959b59db017b59a4887ff,776.2,0,39,gamble_left,You received 0 dollars.,9,1,2,-2.5,0,2
50,119,609959b59db017b59a4887ff,787.4,0,39,gamble_left,You received 0 dollars.,10,1,2,-2.75,0,2
75,119,609959b59db017b59a4887ff,972.7,0,37,gamble_right,You received 0 dollars.,11,1,2,-3,0,2
18,119,609959b59db017b59a4887ff,809.6,0,39,gamble_left,You received 0 dollars.,12,1,2,-3.25,0,2
29,119,609959b59db017b59a4887ff,1092.5,0,39,gamble_left,You received 0 dollars.,13,1,2,-3.5,0,2
82,119,609959b59db017b59a4887ff,904,0,37,gamble_right,You received 0 dollars.,14,1,2,-3.75,0,2
129,119,609959b59db017b59a4887ff,729.8,0,39,gamble_left,You received 0 dollars.,15,1,2,-4,0,2
93,119,609959b59db017b59a4887ff,1694.5,0,39,gamble_left,You received 0 dollars.,16,1,4,-1,0,2
46,119,609959b59db017b59a4887ff,967.6,0,37,gamble_right,You received 0 dollars.,17,1,4,-1.5,0,2
90,119,609959b59db017b59a4887ff,1256.2,0,37,gamble_right,You received 0 dollars.,18,1,4,-2,0,2
12,119,609959b59db017b59a4887ff,873.6,0,39,gamble_left,You received 0 dollars.,19,1,4,-2.5,0,2
14,119,609959b59db017b59a4887ff,1163.1,0,39,gamble_left,You received 0 dollars.,20,1,4,-3,0,2
110,119,609959b59db017b59a4887ff,893.8,0,37,gamble_right,You received 0 dollars.,21,1,4,-3.5,0,2
54,119,609959b59db017b59a4887ff,908.7,0,37,gamble_right,You received 0 dollars.,22,1,4,-4,0,2
49,119,609959b59db017b59a4887ff,912.6,0,39,gamble_left,You received 0 dollars.,23,1,4,-4.5,0,2
23,119,609959b59db017b59a4887ff,1273.9,0,37,gamble_right,You received 0 dollars.,24,1,4,-5,0,2
28,119,609959b59db017b59a4887ff,970.5,0,37,gamble_right,You received 0 dollars.,25,1,4,-5.5,0,2
113,119,609959b59db017b59a4887ff,542.4,0,37,gamble_right,You received 0 dollars.,26,1,4,-6,0,2
35,119,609959b59db017b59a4887ff,1085.1,0,37,gamble_right,You received 0 dollars.,27,1,4,-6.5,0,2
24,119,609959b59db017b59a4887ff,1185.6,0,39,gamble_left,You received 0 dollars.,28,1,4,-7,0,2
139,119,609959b59db017b59a4887ff,1005,0,39,gamble_left,You received 0 dollars.,29,1,4,-7.5,0,2
47,119,609959b59db017b59a4887ff,810.9,0,37,gamble_right,You received 0 dollars.,30,1,4,-8,0,2
142,119,609959b59db017b59a4887ff,1223,0,37,gamble_right,You received 0 dollars.,31,1,5,-1.25,0,2
74,119,609959b59db017b59a4887ff,753.8,0,39,gamble_left,You received 0 dollars.,32,1,5,-1.88,0,2
10,119,609959b59db017b59a4887ff,941.6,0,37,gamble_right,You received 0 dollars.,33,1,5,-2.5,0,2
117,119,609959b59db017b59a4887ff,928.2,0,37,gamble_right,You received 0 dollars.,34,1,5,-3.13,0,2
3,119,609959b59db017b59a4887ff,1307.8,0,37,gamble_right,You received 0 dollars.,35,1,5,-3.75,0,2
21,119,609959b59db017b59a4887ff,1214.4,0,39,gamble_left,You received 0 dollars.,36,1,5,-4.38,0,2
96,119,609959b59db017b59a4887ff,1127.8,0,37,gamble_right,You received 0 dollars.,37,1,5,-5,0,2
135,119,609959b59db017b59a4887ff,783,0,39,gamble_left,You received 0 dollars.,38,1,5,-5.63,0,2
13,119,609959b59db017b59a4887ff,942.2,0,37,gamble_right,You received 0 dollars.,39,1,5,-6.25,0,2
125,119,609959b59db017b59a4887ff,837.1,0,39,gamble_left,You received 0 dollars.,40,1,5,-6.88,0,2
80,119,609959b59db017b59a4887ff,1014.6,0,39,gamble_left,You received 0 dollars.,41,1,5,-7.5,0,2
84,119,609959b59db017b59a4887ff,867,0,37,gamble_right,You received 0 dollars.,42,1,5,-8.13,0,2
45,119,609959b59db017b59a4887ff,842.2,0,39,gamble_left,You received 0 dollars.,43,1,5,-8.75,0,2
147,119,609959b59db017b59a4887ff,874.5,0,37,gamble_right,You received 0 dollars.,44,1,5,-9.38,0,2
71,119,609959b59db017b59a4887ff,857,0,39,gamble_left,You received 0 dollars.,45,1,5,-10,0,2
136,119,609959b59db017b59a4887ff,835.6,0,39,gamble_left,You received 0 dollars.,46,1,6,-1.5,0,2
39,119,609959b59db017b59a4887ff,711.3,0,39,gamble_left,You received 0 dollars.,47,1,6,-2.25,0,2
105,119,609959b59db017b59a4887ff,1069,0,37,gamble_right,You received 0 dollars.,48,1,6,-3,0,2
99,119,609959b59db017b59a4887ff,1065.6,0,37,gamble_right,You received 0 dollars.,49,1,6,-3.75,0,2
81,119,609959b59db017b59a4887ff,957.7,0,37,gamble_right,You received 0 dollars.,50,1,6,-4.5,0,2
52,119,609959b59db017b59a4887ff,826.6,0,37,gamble_right,You received 0 dollars.,51,1,6,-5.25,0,2
8,119,609959b59db017b59a4887ff,1145.3,0,37,gamble_right,You received 0 dollars.,52,1,6,-6,0,2
72,119,609959b59db017b59a4887ff,802.9,0,39,gamble_left,You received 0 dollars.,53,1,6,-6.75,0,2
115,119,609959b59db017b59a4887ff,754.2,0,37,gamble_right,You received 0 dollars.,54,1,6,-7.5,0,2
134,119,609959b59db017b59a4887ff,838.5,0,39,gamble_left,You received 0 dollars.,55,1,6,-8.25,0,2
148,119,609959b59db017b59a4887ff,629.8,0,37,gamble_right,You received 0 dollars.,56,1,6,-9,0,2
112,119,609959b59db017b59a4887ff,753,0,37,gamble_right,You received 0 dollars.,57,1,6,-9.75,0,2
41,119,609959b59db017b59a4887ff,805.5,0,37,gamble_right,You received 0 dollars.,58,1,6,-10.5,0,2
103,119,609959b59db017b59a4887ff,714,0,39,gamble_left,You received 0 dollars.,59,1,6,-11.25,0,2
25,119,609959b59db017b59a4887ff,892.9,0,37,gamble_right,You received 0 dollars.,60,1,6,-12,0,2
108,119,609959b59db017b59a4887ff,1473.9,0,39,gamble_left,You received 0 dollars.,61,1,8,-2,0,2
70,119,609959b59db017b59a4887ff,571.3,0,39,gamble_left,You received 0 dollars.,62,1,8,-3,0,2
87,119,609959b59db017b59a4887ff,892.6,0,39,gamble_left,You received 0 dollars.,63,1,8,-4,0,2
37,119,609959b59db017b59a4887ff,1005,0,39,gamble_left,You received 0 dollars.,64,1,8,-5,0,2
30,119,609959b59db017b59a4887ff,737,0,39,gamble_left,You received 0 dollars.,65,1,8,-6,0,2
15,119,609959b59db017b59a4887ff,906,0,37,gamble_right,You received 0 dollars.,66,1,8,-7,0,2
145,119,609959b59db017b59a4887ff,916.3,0,37,gamble_right,You received 0 dollars.,67,1,8,-8,0,2
89,119,609959b59db017b59a4887ff,803.7,0,37,gamble_right,You received 0 dollars.,68,1,8,-9,0,2
120,119,609959b59db017b59a4887ff,1434.5,0,39,gamble_left,You received 0 dollars.,69,1,8,-10,0,2
48,119,609959b59db017b59a4887ff,1026.6,0,37,gamble_right,You received 0 dollars.,70,1,8,-11,0,2
59,119,609959b59db017b59a4887ff,798.2,0,37,gamble_right,You received 0 dollars.,71,1,8,-12,0,2
78,119,609959b59db017b59a4887ff,926.7,0,37,gamble_right,You received 0 dollars.,72,1,8,-13,0,2
55,119,609959b59db017b59a4887ff,1173.3,0,39,gamble_left,You received 0 dollars.,73,1,8,-14,0,2
2,119,609959b59db017b59a4887ff,1249.7,0,39,gamble_left,You received 0 dollars.,74,1,8,-15,0,2
5,119,609959b59db017b59a4887ff,1207.6,0,39,gamble_left,You received 0 dollars.,75,1,8,-16,0,2
107,119,609959b59db017b59a4887ff,788.3,0,37,gamble_right,You received 0 dollars.,76,1,9,-2.25,0,2
16,119,609959b59db017b59a4887ff,793.7,0,37,gamble_right,You received 0 dollars.,77,1,9,-3.38,0,2
131,119,609959b59db017b59a4887ff,948.5,0,39,gamble_left,You received 0 dollars.,78,1,9,-4.5,0,2
1,119,609959b59db017b59a4887ff,1708.4,0,37,gamble_right,You received 0 dollars.,79,1,9,-5.63,0,2
150,119,609959b59db017b59a4887ff,894.8,0,39,gamble_left,You received 0 dollars.,80,1,9,-6.75,0,2
130,119,609959b59db017b59a4887ff,736,0,39,gamble_left,You received 0 dollars.,81,1,9,-7.88,0,2
67,119,609959b59db017b59a4887ff,993.8,0,39,gamble_left,You received 0 dollars.,82,1,9,-9,0,2
133,119,609959b59db017b59a4887ff,912.2,0,37,gamble_right,You received 0 dollars.,83,1,9,-10.13,0,2
58,119,609959b59db017b59a4887ff,514.6,0,37,gamble_right,You received 0 dollars.,84,1,9,-11.25,0,2
19,119,609959b59db017b59a4887ff,846.5,0,37,gamble_right,You received 0 dollars.,85,1,9,-12.38,0,2
122,119,609959b59db017b59a4887ff,818,0,39,gamble_left,You received 0 dollars.,86,1,9,-13.5,0,2
102,119,609959b59db017b59a4887ff,870.2,0,39,gamble_left,You received 0 dollars.,87,1,9,-14.63,0,2
64,119,609959b59db017b59a4887ff,857.4,0,39,gamble_left,You received 0 dollars.,88,1,9,-15.75,0,2
114,119,609959b59db017b59a4887ff,849,0,39,gamble_left,You received 0 dollars.,89,1,9,-16.88,0,2
138,119,609959b59db017b59a4887ff,907.2,0,39,gamble_left,You received 0 dollars.,90,1,9,-18,0,2
20,119,609959b59db017b59a4887ff,941.6,0,39,gamble_left,You received 0 dollars.,91,1,10,-2.5,0,2
121,119,609959b59db017b59a4887ff,773.1,0,39,gamble_left,You received 0 dollars.,92,1,10,-3.75,0,2
97,119,609959b59db017b59a4887ff,911.3,0,37,gamble_right,You received 0 dollars.,93,1,10,-5,0,2
68,119,609959b59db017b59a4887ff,555.4,0,39,gamble_left,You received 0 dollars.,94,1,10,-6.25,0,2
98,119,609959b59db017b59a4887ff,787.4,0,37,gamble_right,You received 0 dollars.,95,1,10,-7.5,0,2
61,119,609959b59db017b59a4887ff,1128.7,0,39,gamble_left,You received 0 dollars.,96,1,10,-8.75,0,2
65,119,609959b59db017b59a4887ff,804.8,0,39,gamble_left,You received 0 dollars.,97,1,10,-10,0,2
100,119,609959b59db017b59a4887ff,917.4,0,39,gamble_left,You received 0 dollars.,98,1,10,-11.25,0,2
26,119,609959b59db017b59a4887ff,1286.1,0,37,gamble_right,You received 0 dollars.,99,1,10,-12.5,0,2
69,119,609959b59db017b59a4887ff,586.6,0,39,gamble_left,You received 0 dollars.,100,1,10,-13.75,0,2
144,119,609959b59db017b59a4887ff,835.7,0,39,gamble_left,You received 0 dollars.,101,1,10,-15,0,2
77,119,609959b59db017b59a4887ff,912.1,0,39,gamble_left,You received 0 dollars.,102,1,10,-16.25,0,2
57,119,609959b59db017b59a4887ff,723.9,0,37,gamble_right,You received 0 dollars.,103,1,10,-17.5,0,2
91,119,609959b59db017b59a4887ff,1201.6,0,37,gamble_right,You received 0 dollars.,104,1,10,-18.75,0,2
146,119,609959b59db017b59a4887ff,943.6,0,39,gamble_left,You received 0 dollars.,105,1,10,-20,0,2
149,119,609959b59db017b59a4887ff,886.9,0,37,gamble_right,You received 0 dollars.,106,1,12,-3,0,2
33,119,609959b59db017b59a4887ff,967.3,0,37,gamble_right,You received 0 dollars.,107,1,12,-4.5,0,2
7,119,609959b59db017b59a4887ff,1099.7,0,39,gamble_left,You received 0 dollars.,108,1,12,-6,0,2
111,119,609959b59db017b59a4887ff,795.7,0,37,gamble_right,You received 0 dollars.,109,1,12,-7.5,0,2
40,119,609959b59db017b59a4887ff,849.7,0,39,gamble_left,You received 0 dollars.,110,1,12,-9,0,2
36,119,609959b59db017b59a4887ff,920.2,0,39,gamble_left,You received 0 dollars.,111,1,12,-10.5,0,2
143,119,609959b59db017b59a4887ff,898,0,37,gamble_right,You received 0 dollars.,112,1,12,-12,0,2
118,119,609959b59db017b59a4887ff,797.7,0,37,gamble_right,You received 0 dollars.,113,1,12,-13.5,0,2
79,119,609959b59db017b59a4887ff,940.9,0,39,gamble_left,You received 0 dollars.,114,1,12,-15,0,2
132,119,609959b59db017b59a4887ff,876.6,0,37,gamble_right,You received 0 dollars.,115,1,12,-16.5,0,2
63,119,609959b59db017b59a4887ff,1016,0,39,gamble_left,You received 0 dollars.,116,1,12,-18,0,2
51,119,609959b59db017b59a4887ff,1059.4,0,39,gamble_left,You received 0 dollars.,117,1,12,-19.5,0,2
141,119,609959b59db017b59a4887ff,958.5,0,37,gamble_right,You received 0 dollars.,118,1,12,-21,0,2
123,119,609959b59db017b59a4887ff,948.2,0,37,gamble_right,You received 0 dollars.,119,1,12,-22.5,0,2
22,119,609959b59db017b59a4887ff,1479.7,0,39,gamble_left,You received 0 dollars.,120,1,12,-24,0,2
9,119,609959b59db017b59a4887ff,954.3,1,37,gamble_left,You received 0 dollars.,121,2,4,0,2,2
53,119,609959b59db017b59a4887ff,1171.2,0,39,gamble_left,You won 4 dollars.,122,2,8,0,4,1
83,119,609959b59db017b59a4887ff,1188.6,0,39,gamble_left,You won 6 dollars.,123,2,12,0,6,1
101,119,609959b59db017b59a4887ff,1377.6,0,37,gamble_right,You won 9 dollars.,124,2,18,0,9,1
56,119,609959b59db017b59a4887ff,1308,0,39,gamble_left,You won 12 dollars.,125,2,24,0,12,1
32,119,609959b59db017b59a4887ff,1379.5,0,37,gamble_right,You won 3 dollars.,126,2,5,0,3,1
27,119,609959b59db017b59a4887ff,1211.4,0,39,gamble_left,You won 4 dollars.,127,2,7,0,4,1
73,119,609959b59db017b59a4887ff,1145,0,39,gamble_left,You won 6 dollars.,128,2,10,0,6,1
126,119,609959b59db017b59a4887ff,1488.4,0,37,gamble_right,You won 10 dollars.,129,2,17,0,10,1
119,119,609959b59db017b59a4887ff,1452.8,0,37,gamble_right,You won 13 dollars.,130,2,22,0,13,1
34,119,609959b59db017b59a4887ff,1067.7,0,37,gamble_right,You won 13 dollars.,131,2,28,0,13,1
94,119,609959b59db017b59a4887ff,1919.8,1,39,gamble_right,You received 0 dollars.,132,2,5,0,2,2
128,119,609959b59db017b59a4887ff,1398.2,1,37,gamble_left,You won 26 dollars.,133,2,26,0,10,1
95,119,609959b59db017b59a4887ff,1244.5,1,39,gamble_right,You won 7 dollars.,134,2,7,0,3,1
4,119,609959b59db017b59a4887ff,1421.8,1,39,gamble_right,You received 0 dollars.,135,2,13,0,5,2
42,119,609959b59db017b59a4887ff,1141.6,0,39,gamble_left,You won 6 dollars.,136,2,12,0,6,1
60,119,609959b59db017b59a4887ff,1659.6,1,37,gamble_left,You received 0 dollars.,137,2,25,0,10,2
86,119,609959b59db017b59a4887ff,970.3,0,39,gamble_left,You won 2 dollars.,138,2,4,0,2,1
109,119,609959b59db017b59a4887ff,1842.8,1,39,gamble_right,You received 0 dollars.,139,2,3,0,1,2
11,119,609959b59db017b59a4887ff,1333.6,1,39,gamble_right,You received 0 dollars.,140,2,25,0,9,2
106,119,609959b59db017b59a4887ff,1211.9,1,37,gamble_left,You received 0 dollars.,141,2,13,0,6,2
44,119,609959b59db017b59a4887ff,1778.5,1,39,gamble_right,You received 0 dollars.,142,2,22,0,10,2
92,119,609959b59db017b59a4887ff,1329.5,1,37,gamble_left,You received 0 dollars.,143,2,12,0,5,2
76,119,609959b59db017b59a4887ff,1450.8,0,39,gamble_left,You won 1 dollars.,144,2,2,0,1,1
140,119,609959b59db017b59a4887ff,1594,1,37,gamble_left,You won 8 dollars.,145,2,8,0,3,1
31,119,609959b59db017b59a4887ff,1347.9,0,37,gamble_right,You won 8 dollars.,146,2,19,0,8,1
17,119,609959b59db017b59a4887ff,967.9,1,37,gamble_left,You won 26 dollars.,147,2,26,0,12,1
62,119,609959b59db017b59a4887ff,1865.7,1,37,gamble_left,You won 30 dollars.,148,2,30,0,12,1
116,119,609959b59db017b59a4887ff,1549,1,37,gamble_left,You won 23 dollars.,149,2,23,0,10,1
38,119,609959b59db017b59a4887ff,1687.8,1,37,gamble_left,You received 0 dollars.,150,2,12,0,4,2