trial_index,ID,subject,rt,responses,key_press,gamble_location,stimulus,Trial_ID,Trial_Type,Gain,Loss,Certain,Trial_Outcome
120,120,611bb2a6d9678117db737236,983,1,39,gamble_right,You lost -0.5 dollars.,1,1,2,-0.5,0,2
85,120,611bb2a6d9678117db737236,1219,1,37,gamble_left,You won 2 dollars.,2,1,2,-0.75,0,1
16,120,611bb2a6d9678117db737236,893.3,1,39,gamble_right,You lost -1 dollars.,3,1,2,-1,0,2
105,120,611bb2a6d9678117db737236,1100.4,1,39,gamble_right,You won 2 dollars.,4,1,2,-1.25,0,1
99,120,611bb2a6d9678117db737236,1120.2,1,39,gamble_right,You lost -1.5 dollars.,5,1,2,-1.5,0,2
35,120,611bb2a6d9678117db737236,1594.9,1,39,gamble_right,You lost -1.75 dollars.,6,1,2,-1.75,0,2
65,120,611bb2a6d9678117db737236,1259.3,1,39,gamble_right,You lost -2 dollars.,7,1,2,-2,0,2
150,120,611bb2a6d9678117db737236,1181.9,0,39,gamble_left,You received 0 dollars.,8,1,2,-2.25,0,2
130,120,611bb2a6d9678117db737236,1135.8,0,37,gamble_right,You received 0 dollars.,9,1,2,-2.5,0,2
22,120,611bb2a6d9678117db737236,1409.3,0,39,gamble_left,You received 0 dollars.,10,1,2,-2.75,0,2
23,120,611bb2a6d9678117db737236,1554.4,1,37,gamble_left,You won 2 dollars.,11,1,2,-3,0,1
19,120,611bb2a6d9678117db737236,1492.9,0,39,gamble_left,You received 0 dollars.,12,1,2,-3.25,0,2
142,120,611bb2a6d9678117db737236,1139.5,1,37,gamble_left,You lost -3.5 dollars.,13,1,2,-3.5,0,2
146,120,611bb2a6d9678117db737236,1215.8,0,37,gamble_right,You received 0 dollars.,14,1,2,-3.75,0,2
104,120,611bb2a6d9678117db737236,1572.1,0,39,gamble_left,You received 0 dollars.,15,1,2,-4,0,2
6,120,611bb2a6d9678117db737236,955.7,1,37,gamble_left,You won 4 dollars.,16,1,4,-1,0,1
113,120,611bb2a6d9678117db737236,1314.5,1,39,gamble_right,You won 4 dollars.,17,1,4,-1.5,0,1
128,120,611bb2a6d9678117db737236,1276.2,1,39,gamble_right,You won 4 dollars.,18,1,4,-2,0,1
144,120,611bb2a6d9678117db737236,1076.9,1,37,gamble_left,You won 4 dollars.,19,1,4,-2.5,0,1
39,120,611bb2a6d9678117db737236,1083.7,1,39,gamble_right,You won 4 dollars.,20,1,4,-3,0,1
28,120,611bb2a6d9678117db737236,1641.1,1,37,gamble_left,You lost -3.5 dollars.,21,1,4,-3.5,0,2
61,120,611bb2a6d9678117db737236,1581.1,1,37,gamble_left,You lost -4 dollars.,22,1,4,-4,0,2
69,120,611bb2a6d9678117db737236,1407.5,1,39,gamble_right,You lost -4.5 dollars.,23,1,4,-4.5,0,2
57,120,611bb2a6d9678117db737236,1442.4,1,39,gamble_right,You won 4 dollars.,24,1,4,-5,0,1
27,120,611bb2a6d9678117db737236,1641.5,0,39,gamble_left,You received 0 dollars.,25,1,4,-5.5,0,2
77,120,611bb2a6d9678117db737236,1060.9,0,37,gamble_right,You received 0 dollars.,26,1,4,-6,0,2
89,120,611bb2a6d9678117db737236,1084,0,37,gamble_right,You received 0 dollars.,27,1,4,-6.5,0,2
84,120,611bb2a6d9678117db737236,1493.3,0,39,gamble_left,You received 0 dollars.,28,1,4,-7,0,2
118,120,611bb2a6d9678117db737236,1148.4,0,37,gamble_right,You received 0 dollars.,29,1,4,-7.5,0,2
45,120,611bb2a6d9678117db737236,1271.6,0,39,gamble_left,You received 0 dollars.,30,1,4,-8,0,2
50,120,611bb2a6d9678117db737236,1178.7,1,37,gamble_left,You lost -1.25 dollars.,31,1,5,-1.25,0,2
70,120,611bb2a6d9678117db737236,1445.7,1,37,gamble_left,You lost -1.88 dollars.,32,1,5,-1.88,0,2
42,120,611bb2a6d9678117db737236,1215.5,1,39,gamble_right,You lost -2.5 dollars.,33,1,5,-2.5,0,2
68,120,611bb2a6d9678117db737236,1285.7,1,39,gamble_right,You lost -3.13 dollars.,34,1,5,-3.13,0,2
122,120,611bb2a6d9678117db737236,1036.4,1,37,gamble_left,You won 5 dollars.,35,1,5,-3.75,0,1
60,120,611bb2a6d9678117db737236,1629.9,1,39,gamble_right,You lost -4.38 dollars.,36,1,5,-4.38,0,2
62,120,611bb2a6d9678117db737236,1454,0,39,gamble_left,You received 0 dollars.,37,1,5,-5,0,2
131,120,611bb2a6d9678117db737236,1267,0,39,gamble_left,You received 0 dollars.,38,1,5,-5.63,0,2
55,120,611bb2a6d9678117db737236,1884.2,0,37,gamble_right,You received 0 dollars.,39,1,5,-6.25,0,2
53,120,611bb2a6d9678117db737236,1839.6,1,39,gamble_right,You won 5 dollars.,40,1,5,-6.88,0,1
52,120,611bb2a6d9678117db737236,1679.9,0,37,gamble_right,You received 0 dollars.,41,1,5,-7.5,0,2
106,120,611bb2a6d9678117db737236,1024.1,0,37,gamble_right,You received 0 dollars.,42,1,5,-8.13,0,2
12,120,611bb2a6d9678117db737236,1352.6,0,39,gamble_left,You received 0 dollars.,43,1,5,-8.75,0,2
51,120,611bb2a6d9678117db737236,1252.7,0,39,gamble_left,You received 0 dollars.,44,1,5,-9.38,0,2
135,120,611bb2a6d9678117db737236,1527.4,0,37,gamble_right,You received 0 dollars.,45,1,5,-10,0,2
48,120,611bb2a6d9678117db737236,1368.2,1,39,gamble_right,You lost -1.5 dollars.,46,1,6,-1.5,0,2
81,120,611bb2a6d9678117db737236,1063.1,1,37,gamble_left,You lost -2.25 dollars.,47,1,6,-2.25,0,2
141,120,611bb2a6d9678117db737236,1097,1,39,gamble_right,You won 6 dollars.,48,1,6,-3,0,1
38,120,611bb2a6d9678117db737236,1194.3,1,37,gamble_left,You won 6 dollars.,49,1,6,-3.75,0,1
147,120,611bb2a6d9678117db737236,1278,0,37,gamble_right,You received 0 dollars.,50,1,6,-4.5,0,2
20,120,611bb2a6d9678117db737236,1797.9,0,39,gamble_left,You received 0 dollars.,51,1,6,-5.25,0,2
112,120,611bb2a6d9678117db737236,1057.3,0,37,gamble_right,You received 0 dollars.,52,1,6,-6,0,2
64,120,611bb2a6d9678117db737236,1380.2,0,39,gamble_left,You received 0 dollars.,53,1,6,-6.75,0,2
100,120,611bb2a6d9678117db737236,1589.2,0,39,gamble_left,You received 0 dollars.,54,1,6,-7.5,0,2
5,120,611bb2a6d9678117db737236,1820.7,0,37,gamble_right,You received 0 dollars.,55,1,6,-8.25,0,2
107,120,611bb2a6d9678117db737236,908.9,0,37,gamble_right,You received 0 dollars.,56,1,6,-9,0,2
72,120,611bb2a6d9678117db737236,1252.6,0,39,gamble_left,You received 0 dollars.,57,1,6,-9.75,0,2
138,120,611bb2a6d9678117db737236,886.8,0,37,gamble_right,You received 0 dollars.,58,1,6,-10.5,0,2
76,120,611bb2a6d9678117db737236,1043.3,0,39,gamble_left,You received 0 dollars.,59,1,6,-11.25,0,2
41,120,611bb2a6d9678117db737236,1538.5,0,39,gamble_left,You received 0 dollars.,60,1,6,-12,0,2
94,120,611bb2a6d9678117db737236,1030.3,1,37,gamble_left,You won 8 dollars.,61,1,8,-2,0,1
34,120,611bb2a6d9678117db737236,1265.3,1,39,gamble_right,You won 8 dollars.,62,1,8,-3,0,1
117,120,611bb2a6d9678117db737236,1216.6,1,37,gamble_left,You won 8 dollars.,63,1,8,-4,0,1
44,120,611bb2a6d9678117db737236,1170.3,1,39,gamble_right,You won 8 dollars.,64,1,8,-5,0,1
74,120,611bb2a6d9678117db737236,1944.8,0,39,gamble_left,You received 0 dollars.,65,1,8,-6,0,2
139,120,611bb2a6d9678117db737236,1031.8,0,39,gamble_left,You received 0 dollars.,66,1,8,-7,0,2
30,120,611bb2a6d9678117db737236,1052.1,0,37,gamble_right,You received 0 dollars.,67,1,8,-8,0,2
2,120,611bb2a6d9678117db737236,1636.8,0,37,gamble_right,You received 0 dollars.,68,1,8,-9,0,2
87,120,611bb2a6d9678117db737236,1255.3,0,39,gamble_left,You received 0 dollars.,69,1,8,-10,0,2
114,120,611bb2a6d9678117db737236,881.4,0,39,gamble_left,You received 0 dollars.,70,1,8,-11,0,2
32,120,611bb2a6d9678117db737236,1103.4,0,39,gamble_left,You received 0 dollars.,71,1,8,-12,0,2
15,120,611bb2a6d9678117db737236,1516.7,0,37,gamble_right,You received 0 dollars.,72,1,8,-13,0,2
92,120,611bb2a6d9678117db737236,1046.6,0,37,gamble_right,You received 0 dollars.,73,1,8,-14,0,2
3,120,611bb2a6d9678117db737236,1604.4,1,37,gamble_left,You won 8 dollars.,74,1,8,-15,0,1
29,120,611bb2a6d9678117db737236,1031.5,0,37,gamble_right,You received 0 dollars.,75,1,8,-16,0,2
78,120,611bb2a6d9678117db737236,1243.5,1,37,gamble_left,You won 9 dollars.,76,1,9,-2.25,0,1
79,120,611bb2a6d9678117db737236,1285.2,1,37,gamble_left,You won 9 dollars.,77,1,9,-3.38,0,1
148,120,611bb2a6d9678117db737236,1279.6,1,37,gamble_left,You won 9 dollars.,78,1,9,-4.5,0,1
109,120,611bb2a6d9678117db737236,1204.3,1,39,gamble_right,You lost -5.63 dollars.,79,1,9,-5.63,0,2
56,120,611bb2a6d9678117db737236,1179.3,1,39,gamble_right,You lost -6.75 dollars.,80,1,9,-6.75,0,2
102,120,611bb2a6d9678117db737236,1883.2,1,37,gamble_left,You won 9 dollars.,81,1,9,-7.88,0,1
21,120,611bb2a6d9678117db737236,1604.9,1,37,gamble_left,You lost -9 dollars.,82,1,9,-9,0,2
49,120,611bb2a6d9678117db737236,1538.6,0,37,gamble_right,You received 0 dollars.,83,1,9,-10.13,0,2
110,120,611bb2a6d9678117db737236,1063.4,0,39,gamble_left,You received 0 dollars.,84,1,9,-11.25,0,2
126,120,611bb2a6d9678117db737236,1094.5,0,39,gamble_left,You received 0 dollars.,85,1,9,-12.38,0,2
82,120,611bb2a6d9678117db737236,1377.6,0,39,gamble_left,You received 0 dollars.,86,1,9,-13.5,0,2
9,120,611bb2a6d9678117db737236,1498.3,0,39,gamble_left,You received 0 dollars.,87,1,9,-14.63,0,2
47,120,611bb2a6d9678117db737236,1221.6,0,39,gamble_left,You received 0 dollars.,88,1,9,-15.75,0,2
67,120,611bb2a6d9678117db737236,1170.7,0,39,gamble_left,You received 0 dollars.,89,1,9,-16.88,0,2
119,120,611bb2a6d9678117db737236,1156.3,0,39,gamble_left,You received 0 dollars.,90,1,9,-18,0,2
98,120,611bb2a6d9678117db737236,1179.7,1,39,gamble_right,You won 10 dollars.,91,1,10,-2.5,0,1
132,120,611bb2a6d9678117db737236,1163.7,1,37,gamble_left,You won 10 dollars.,92,1,10,-3.75,0,1
136,120,611bb2a6d9678117db737236,1628.2,1,37,gamble_left,You won 10 dollars.,93,1,10,-5,0,1
63,120,611bb2a6d9678117db737236,1318.7,1,37,gamble_left,You won 10 dollars.,94,1,10,-6.25,0,1
127,120,611bb2a6d9678117db737236,1280.5,0,37,gamble_right,You received 0 dollars.,95,1,10,-7.5,0,2
73,120,611bb2a6d9678117db737236,1670.8,0,39,gamble_left,You received 0 dollars.,96,1,10,-8.75,0,2
134,120,611bb2a6d9678117db737236,1091.7,0,37,gamble_right,You received 0 dollars.,97,1,10,-10,0,2
116,120,611bb2a6d9678117db737236,767.5,0,39,gamble_left,You received 0 dollars.,98,1,10,-11.25,0,2
96,120,611bb2a6d9678117db737236,1774.7,1,39,gamble_right,You lost -12.5 dollars.,99,1,10,-12.5,0,2
88,120,611bb2a6d9678117db737236,952.4,0,37,gamble_right,You received 0 dollars.,100,1,10,-13.75,0,2
143,120,611bb2a6d9678117db737236,1095.2,0,37,gamble_right,You received 0 dollars.,101,1,10,-15,0,2
86,120,611bb2a6d9678117db737236,1109.4,0,37,gamble_right,You received 0 dollars.,102,1,10,-16.25,0,2
59,120,611bb2a6d9678117db737236,1604.4,0,39,gamble_left,You received 0 dollars.,103,1,10,-17.5,0,2
133,120,611bb2a6d9678117db737236,844.8,0,39,gamble_left,You received 0 dollars.,104,1,10,-18.75,0,2
14,120,611bb2a6d9678117db737236,1457.3,0,39,gamble_left,You received 0 dollars.,105,1,10,-20,0,2
115,120,611bb2a6d9678117db737236,1066.2,1,39,gamble_right,You won 12 dollars.,106,1,12,-3,0,1
58,120,611bb2a6d9678117db737236,1307.5,1,39,gamble_right,You won 12 dollars.,107,1,12,-4.5,0,1
54,120,611bb2a6d9678117db737236,1469.9,0,39,gamble_left,You received 0 dollars.,108,1,12,-6,0,2
80,120,611bb2a6d9678117db737236,1326.8,0,39,gamble_left,You received 0 dollars.,109,1,12,-7.5,0,2
75,120,611bb2a6d9678117db737236,NA,NA,NA,gamble_left,Trial missed.,110,1,12,-9,0,3
1,120,611bb2a6d9678117db737236,1012.2,1,37,gamble_left,You won 12 dollars.,111,1,12,-10.5,0,1
90,120,611bb2a6d9678117db737236,1187,0,37,gamble_right,You received 0 dollars.,112,1,12,-12,0,2
125,120,611bb2a6d9678117db737236,979.8,0,39,gamble_left,You received 0 dollars.,113,1,12,-13.5,0,2
140,120,611bb2a6d9678117db737236,1114.6,0,37,gamble_right,You received 0 dollars.,114,1,12,-15,0,2
129,120,611bb2a6d9678117db737236,1101.7,0,39,gamble_left,You received 0 dollars.,115,1,12,-16.5,0,2
13,120,611bb2a6d9678117db737236,1969.6,0,37,gamble_right,You received 0 dollars.,116,1,12,-18,0,2
46,120,611bb2a6d9678117db737236,1070.6,0,37,gamble_right,You received 0 dollars.,117,1,12,-19.5,0,2
40,120,611bb2a6d9678117db737236,1131.6,0,37,gamble_right,You received 0 dollars.,118,1,12,-21,0,2
83,120,611bb2a6d9678117db737236,1415.5,0,37,gamble_right,You received 0 dollars.,119,1,12,-22.5,0,2
11,120,611bb2a6d9678117db737236,1028.2,0,39,gamble_left,You received 0 dollars.,120,1,12,-24,0,2
97,120,611bb2a6d9678117db737236,1349.1,1,39,gamble_right,You won 4 dollars.,121,2,4,0,2,1
93,120,611bb2a6d9678117db737236,1434.1,1,39,gamble_right,You received 0 dollars.,122,2,8,0,4,2
137,120,611bb2a6d9678117db737236,1317,0,39,gamble_left,You won 6 dollars.,123,2,12,0,6,1
18,120,611bb2a6d9678117db737236,1640.2,1,37,gamble_left,You received 0 dollars.,124,2,18,0,9,2
101,120,611bb2a6d9678117db737236,1405.7,0,39,gamble_left,You won 12 dollars.,125,2,24,0,12,1
4,120,611bb2a6d9678117db737236,1671.1,0,39,gamble_left,You won 3 dollars.,126,2,5,0,3,1
108,120,611bb2a6d9678117db737236,1118.3,0,37,gamble_right,You won 4 dollars.,127,2,7,0,4,1
25,120,611bb2a6d9678117db737236,1500.9,0,37,gamble_right,You won 6 dollars.,128,2,10,0,6,1
26,120,611bb2a6d9678117db737236,1314.2,0,39,gamble_left,You won 10 dollars.,129,2,17,0,10,1
71,120,611bb2a6d9678117db737236,1668.8,1,39,gamble_right,You won 22 dollars.,130,2,22,0,13,1
123,120,611bb2a6d9678117db737236,1699.9,0,37,gamble_right,You won 13 dollars.,131,2,28,0,13,1
149,120,611bb2a6d9678117db737236,1205.3,0,39,gamble_left,You won 2 dollars.,132,2,5,0,2,1
7,120,611bb2a6d9678117db737236,1014.9,1,39,gamble_right,You received 0 dollars.,133,2,26,0,10,2
33,120,611bb2a6d9678117db737236,1309.8,1,39,gamble_right,You received 0 dollars.,134,2,7,0,3,2
124,120,611bb2a6d9678117db737236,1654.7,0,37,gamble_right,You won 5 dollars.,135,2,13,0,5,1
31,120,611bb2a6d9678117db737236,NA,NA,NA,gamble_left,Trial missed.,136,2,12,0,6,3
10,120,611bb2a6d9678117db737236,1086.1,1,39,gamble_right,You received 0 dollars.,137,2,25,0,10,2
103,120,611bb2a6d9678117db737236,1161,0,39,gamble_left,You won 2 dollars.,138,2,4,0,2,1
24,120,611bb2a6d9678117db737236,1985.4,1,39,gamble_right,You won 3 dollars.,139,2,3,0,1,1
43,120,611bb2a6d9678117db737236,1746.4,0,39,gamble_left,You won 9 dollars.,140,2,25,0,9,1
111,120,611bb2a6d9678117db737236,875.6,0,39,gamble_left,You won 6 dollars.,141,2,13,0,6,1
66,120,611bb2a6d9678117db737236,1331.4,0,39,gamble_left,You won 10 dollars.,142,2,22,0,10,1
37,120,611bb2a6d9678117db737236,1578.2,1,39,gamble_right,You won 12 dollars.,143,2,12,0,5,1
8,120,611bb2a6d9678117db737236,909.5,1,39,gamble_right,You won 2 dollars.,144,2,2,0,1,1
91,120,611bb2a6d9678117db737236,1440.9,0,37,gamble_right,You won 3 dollars.,145,2,8,0,3,1
95,120,611bb2a6d9678117db737236,1313.3,1,39,gamble_right,You received 0 dollars.,146,2,19,0,8,2
145,120,611bb2a6d9678117db737236,1435.2,1,39,gamble_right,You won 26 dollars.,147,2,26,0,12,1
17,120,611bb2a6d9678117db737236,1801.5,0,37,gamble_right,You won 12 dollars.,148,2,30,0,12,1
121,120,611bb2a6d9678117db737236,1115.2,0,37,gamble_right,You won 10 dollars.,149,2,23,0,10,1
36,120,611bb2a6d9678117db737236,1511.9,1,37,gamble_left,You received 0 dollars.,150,2,12,0,4,2