trial_index,ID,subject,rt,responses,key_press,gamble_location,stimulus,Trial_ID,Trial_Type,Gain,Loss,Certain,Trial_Outcome
24,121,61267978e96853d3b974ca53,717,1,37,gamble_left,You lost -0.5 dollars.,1,1,2,-0.5,0,2
141,121,61267978e96853d3b974ca53,938.7,1,37,gamble_left,You lost -0.75 dollars.,2,1,2,-0.75,0,2
105,121,61267978e96853d3b974ca53,1329.5,0,39,gamble_left,You received 0 dollars.,3,1,2,-1,0,2
27,121,61267978e96853d3b974ca53,641.8,1,37,gamble_left,You won 2 dollars.,4,1,2,-1.25,0,1
22,121,61267978e96853d3b974ca53,794.6,1,37,gamble_left,You won 2 dollars.,5,1,2,-1.5,0,1
135,121,61267978e96853d3b974ca53,1196.7,1,37,gamble_left,You lost -1.75 dollars.,6,1,2,-1.75,0,2
23,121,61267978e96853d3b974ca53,738.3,1,39,gamble_right,You lost -2 dollars.,7,1,2,-2,0,2
5,121,61267978e96853d3b974ca53,677.3,1,39,gamble_right,You won 2 dollars.,8,1,2,-2.25,0,1
44,121,61267978e96853d3b974ca53,1138.1,0,39,gamble_left,You received 0 dollars.,9,1,2,-2.5,0,2
117,121,61267978e96853d3b974ca53,968.1,1,37,gamble_left,You won 2 dollars.,10,1,2,-2.75,0,1
144,121,61267978e96853d3b974ca53,986,0,37,gamble_right,You received 0 dollars.,11,1,2,-3,0,2
125,121,61267978e96853d3b974ca53,1021.2,1,39,gamble_right,You lost -3.25 dollars.,12,1,2,-3.25,0,2
32,121,61267978e96853d3b974ca53,597,1,37,gamble_left,You won 2 dollars.,13,1,2,-3.5,0,1
99,121,61267978e96853d3b974ca53,1986.5,1,37,gamble_left,You won 2 dollars.,14,1,2,-3.75,0,1
143,121,61267978e96853d3b974ca53,982.2,1,39,gamble_right,You lost -4 dollars.,15,1,2,-4,0,2
109,121,61267978e96853d3b974ca53,896.7,0,37,gamble_right,You received 0 dollars.,16,1,4,-1,0,2
90,121,61267978e96853d3b974ca53,1372.4,1,37,gamble_left,You won 4 dollars.,17,1,4,-1.5,0,1
36,121,61267978e96853d3b974ca53,505.3,1,37,gamble_left,You lost -2 dollars.,18,1,4,-2,0,2
29,121,61267978e96853d3b974ca53,560,1,37,gamble_left,You won 4 dollars.,19,1,4,-2.5,0,1
34,121,61267978e96853d3b974ca53,539.7,1,39,gamble_right,You lost -3 dollars.,20,1,4,-3,0,2
48,121,61267978e96853d3b974ca53,915.2,1,39,gamble_right,You won 4 dollars.,21,1,4,-3.5,0,1
150,121,61267978e96853d3b974ca53,661.8,1,39,gamble_right,You lost -4 dollars.,22,1,4,-4,0,2
42,121,61267978e96853d3b974ca53,696.7,1,37,gamble_left,You lost -4.5 dollars.,23,1,4,-4.5,0,2
57,121,61267978e96853d3b974ca53,NA,NA,NA,gamble_right,Trial missed.,24,1,4,-5,0,3
52,121,61267978e96853d3b974ca53,776.9,1,39,gamble_right,You won 4 dollars.,25,1,4,-5.5,0,1
3,121,61267978e96853d3b974ca53,570.6,1,37,gamble_left,You won 4 dollars.,26,1,4,-6,0,1
127,121,61267978e96853d3b974ca53,1187.8,0,39,gamble_left,You received 0 dollars.,27,1,4,-6.5,0,2
100,121,61267978e96853d3b974ca53,1472.9,1,39,gamble_right,You lost -7 dollars.,28,1,4,-7,0,2
31,121,61267978e96853d3b974ca53,482.2,1,37,gamble_left,You lost -7.5 dollars.,29,1,4,-7.5,0,2
62,121,61267978e96853d3b974ca53,917.3,1,39,gamble_right,You lost -8 dollars.,30,1,4,-8,0,2
54,121,61267978e96853d3b974ca53,978.9,1,39,gamble_right,You won 5 dollars.,31,1,5,-1.25,0,1
120,121,61267978e96853d3b974ca53,1189.6,0,39,gamble_left,You received 0 dollars.,32,1,5,-1.88,0,2
68,121,61267978e96853d3b974ca53,949,1,37,gamble_left,You won 5 dollars.,33,1,5,-2.5,0,1
13,121,61267978e96853d3b974ca53,564.1,1,39,gamble_right,You lost -3.13 dollars.,34,1,5,-3.13,0,2
114,121,61267978e96853d3b974ca53,1249.6,1,37,gamble_left,You lost -3.75 dollars.,35,1,5,-3.75,0,2
67,121,61267978e96853d3b974ca53,728.8,1,37,gamble_left,You won 5 dollars.,36,1,5,-4.38,0,1
97,121,61267978e96853d3b974ca53,1071,1,39,gamble_right,You won 5 dollars.,37,1,5,-5,0,1
136,121,61267978e96853d3b974ca53,1401.3,1,39,gamble_right,You won 5 dollars.,38,1,5,-5.63,0,1
82,121,61267978e96853d3b974ca53,1261.6,0,37,gamble_right,You received 0 dollars.,39,1,5,-6.25,0,2
40,121,61267978e96853d3b974ca53,984.9,1,39,gamble_right,You won 5 dollars.,40,1,5,-6.88,0,1
21,121,61267978e96853d3b974ca53,765.1,0,39,gamble_left,You received 0 dollars.,41,1,5,-7.5,0,2
149,121,61267978e96853d3b974ca53,1027.8,0,39,gamble_left,You received 0 dollars.,42,1,5,-8.13,0,2
130,121,61267978e96853d3b974ca53,1453.2,0,37,gamble_right,You received 0 dollars.,43,1,5,-8.75,0,2
1,121,61267978e96853d3b974ca53,1096.2,1,37,gamble_left,You lost -9.38 dollars.,44,1,5,-9.38,0,2
87,121,61267978e96853d3b974ca53,1482.4,0,37,gamble_right,You received 0 dollars.,45,1,5,-10,0,2
101,121,61267978e96853d3b974ca53,977.8,1,39,gamble_right,You lost -1.5 dollars.,46,1,6,-1.5,0,2
93,121,61267978e96853d3b974ca53,1295.6,1,39,gamble_right,You lost -2.25 dollars.,47,1,6,-2.25,0,2
10,121,61267978e96853d3b974ca53,624.8,1,39,gamble_right,You won 6 dollars.,48,1,6,-3,0,1
14,121,61267978e96853d3b974ca53,552.3,1,37,gamble_left,You lost -3.75 dollars.,49,1,6,-3.75,0,2
86,121,61267978e96853d3b974ca53,1502.8,0,39,gamble_left,You received 0 dollars.,50,1,6,-4.5,0,2
43,121,61267978e96853d3b974ca53,813.7,1,37,gamble_left,You won 6 dollars.,51,1,6,-5.25,0,1
112,121,61267978e96853d3b974ca53,971.9,1,37,gamble_left,You won 6 dollars.,52,1,6,-6,0,1
118,121,61267978e96853d3b974ca53,1335.9,1,39,gamble_right,You lost -6.75 dollars.,53,1,6,-6.75,0,2
38,121,61267978e96853d3b974ca53,737.2,1,37,gamble_left,You won 6 dollars.,54,1,6,-7.5,0,1
64,121,61267978e96853d3b974ca53,862.2,1,39,gamble_right,You lost -8.25 dollars.,55,1,6,-8.25,0,2
58,121,61267978e96853d3b974ca53,831,1,39,gamble_right,You won 6 dollars.,56,1,6,-9,0,1
134,121,61267978e96853d3b974ca53,1146.6,1,39,gamble_right,You won 6 dollars.,57,1,6,-9.75,0,1
55,121,61267978e96853d3b974ca53,830.1,1,37,gamble_left,You lost -10.5 dollars.,58,1,6,-10.5,0,2
88,121,61267978e96853d3b974ca53,1440.9,0,39,gamble_left,You received 0 dollars.,59,1,6,-11.25,0,2
142,121,61267978e96853d3b974ca53,1185.2,0,39,gamble_left,You received 0 dollars.,60,1,6,-12,0,2
146,121,61267978e96853d3b974ca53,825.6,0,39,gamble_left,You received 0 dollars.,61,1,8,-2,0,2
66,121,61267978e96853d3b974ca53,883,1,39,gamble_right,You lost -3 dollars.,62,1,8,-3,0,2
19,121,61267978e96853d3b974ca53,583.1,1,37,gamble_left,You lost -4 dollars.,63,1,8,-4,0,2
70,121,61267978e96853d3b974ca53,961.5,1,39,gamble_right,You won 8 dollars.,64,1,8,-5,0,1
145,121,61267978e96853d3b974ca53,1051.4,1,39,gamble_right,You won 8 dollars.,65,1,8,-6,0,1
139,121,61267978e96853d3b974ca53,879.6,1,39,gamble_right,You lost -7 dollars.,66,1,8,-7,0,2
115,121,61267978e96853d3b974ca53,1682.1,0,39,gamble_left,You received 0 dollars.,67,1,8,-8,0,2
83,121,61267978e96853d3b974ca53,862.1,1,37,gamble_left,You won 8 dollars.,68,1,8,-9,0,1
56,121,61267978e96853d3b974ca53,957.8,1,39,gamble_right,You won 8 dollars.,69,1,8,-10,0,1
7,121,61267978e96853d3b974ca53,786.4,1,39,gamble_right,You won 8 dollars.,70,1,8,-11,0,1
137,121,61267978e96853d3b974ca53,1721.7,1,37,gamble_left,You won 8 dollars.,71,1,8,-12,0,1
60,121,61267978e96853d3b974ca53,701.9,1,39,gamble_right,You lost -13 dollars.,72,1,8,-13,0,2
111,121,61267978e96853d3b974ca53,1209.9,0,39,gamble_left,You received 0 dollars.,73,1,8,-14,0,2
78,121,61267978e96853d3b974ca53,979.6,1,39,gamble_right,You lost -15 dollars.,74,1,8,-15,0,2
28,121,61267978e96853d3b974ca53,745.7,1,39,gamble_right,You lost -16 dollars.,75,1,8,-16,0,2
2,121,61267978e96853d3b974ca53,692.6,1,37,gamble_left,You won 9 dollars.,76,1,9,-2.25,0,1
84,121,61267978e96853d3b974ca53,1232.6,1,37,gamble_left,You won 9 dollars.,77,1,9,-3.38,0,1
73,121,61267978e96853d3b974ca53,758.2,1,37,gamble_left,You lost -4.5 dollars.,78,1,9,-4.5,0,2
103,121,61267978e96853d3b974ca53,1233.2,1,39,gamble_right,You won 9 dollars.,79,1,9,-5.63,0,1
140,121,61267978e96853d3b974ca53,918.2,1,39,gamble_right,You lost -6.75 dollars.,80,1,9,-6.75,0,2
20,121,61267978e96853d3b974ca53,599.1,1,37,gamble_left,You lost -7.88 dollars.,81,1,9,-7.88,0,2
51,121,61267978e96853d3b974ca53,855,1,37,gamble_left,You lost -9 dollars.,82,1,9,-9,0,2
59,121,61267978e96853d3b974ca53,928.3,0,37,gamble_right,You received 0 dollars.,83,1,9,-10.13,0,2
95,121,61267978e96853d3b974ca53,1540.4,1,37,gamble_left,You lost -11.25 dollars.,84,1,9,-11.25,0,2
65,121,61267978e96853d3b974ca53,1000.3,1,39,gamble_right,You lost -12.38 dollars.,85,1,9,-12.38,0,2
116,121,61267978e96853d3b974ca53,1284,0,37,gamble_right,You received 0 dollars.,86,1,9,-13.5,0,2
138,121,61267978e96853d3b974ca53,NA,NA,NA,gamble_left,Trial missed.,87,1,9,-14.63,0,3
122,121,61267978e96853d3b974ca53,906.8,1,37,gamble_left,You lost -15.75 dollars.,88,1,9,-15.75,0,2
17,121,61267978e96853d3b974ca53,560.5,1,37,gamble_left,You won 9 dollars.,89,1,9,-16.88,0,1
108,121,61267978e96853d3b974ca53,962.1,1,39,gamble_right,You lost -18 dollars.,90,1,9,-18,0,2
104,121,61267978e96853d3b974ca53,1138.2,1,39,gamble_right,You lost -2.5 dollars.,91,1,10,-2.5,0,2
53,121,61267978e96853d3b974ca53,788.7,1,37,gamble_left,You won 10 dollars.,92,1,10,-3.75,0,1
33,121,61267978e96853d3b974ca53,739.1,1,39,gamble_right,You won 10 dollars.,93,1,10,-5,0,1
49,121,61267978e96853d3b974ca53,1108.6,1,37,gamble_left,You won 10 dollars.,94,1,10,-6.25,0,1
72,121,61267978e96853d3b974ca53,1017.5,1,39,gamble_right,You lost -7.5 dollars.,95,1,10,-7.5,0,2
123,121,61267978e96853d3b974ca53,1177.2,1,37,gamble_left,You won 10 dollars.,96,1,10,-8.75,0,1
126,121,61267978e96853d3b974ca53,1010.4,0,37,gamble_right,You received 0 dollars.,97,1,10,-10,0,2
133,121,61267978e96853d3b974ca53,1096.4,1,39,gamble_right,You lost -11.25 dollars.,98,1,10,-11.25,0,2
106,121,61267978e96853d3b974ca53,1112.2,1,39,gamble_right,You won 10 dollars.,99,1,10,-12.5,0,1
124,121,61267978e96853d3b974ca53,801,1,39,gamble_right,You lost -13.75 dollars.,100,1,10,-13.75,0,2
9,121,61267978e96853d3b974ca53,634.3,1,39,gamble_right,You won 10 dollars.,101,1,10,-15,0,1
25,121,61267978e96853d3b974ca53,559.1,1,37,gamble_left,You won 10 dollars.,102,1,10,-16.25,0,1
113,121,61267978e96853d3b974ca53,849.1,0,37,gamble_right,You received 0 dollars.,103,1,10,-17.5,0,2
128,121,61267978e96853d3b974ca53,847,0,39,gamble_left,You received 0 dollars.,104,1,10,-18.75,0,2
15,121,61267978e96853d3b974ca53,743.5,1,39,gamble_right,You won 10 dollars.,105,1,10,-20,0,1
74,121,61267978e96853d3b974ca53,903.1,1,37,gamble_left,You won 12 dollars.,106,1,12,-3,0,1
37,121,61267978e96853d3b974ca53,967.6,0,37,gamble_right,You received 0 dollars.,107,1,12,-4.5,0,2
92,121,61267978e96853d3b974ca53,1298.1,1,37,gamble_left,You lost -6 dollars.,108,1,12,-6,0,2
80,121,61267978e96853d3b974ca53,964.9,1,39,gamble_right,You lost -7.5 dollars.,109,1,12,-7.5,0,2
50,121,61267978e96853d3b974ca53,1047.1,1,39,gamble_right,You won 12 dollars.,110,1,12,-9,0,1
63,121,61267978e96853d3b974ca53,773.8,1,37,gamble_left,You lost -10.5 dollars.,111,1,12,-10.5,0,2
91,121,61267978e96853d3b974ca53,1251.5,1,39,gamble_right,You won 12 dollars.,112,1,12,-12,0,1
81,121,61267978e96853d3b974ca53,1243.9,1,39,gamble_right,You lost -13.5 dollars.,113,1,12,-13.5,0,2
18,121,61267978e96853d3b974ca53,497.4,1,39,gamble_right,You lost -15 dollars.,114,1,12,-15,0,2
121,121,61267978e96853d3b974ca53,864.2,1,37,gamble_left,You lost -16.5 dollars.,115,1,12,-16.5,0,2
110,121,61267978e96853d3b974ca53,849.7,1,39,gamble_right,You lost -18 dollars.,116,1,12,-18,0,2
75,121,61267978e96853d3b974ca53,1471,1,39,gamble_right,You lost -19.5 dollars.,117,1,12,-19.5,0,2
39,121,61267978e96853d3b974ca53,641.9,1,37,gamble_left,You won 12 dollars.,118,1,12,-21,0,1
45,121,61267978e96853d3b974ca53,718.8,0,37,gamble_right,You received 0 dollars.,119,1,12,-22.5,0,2
61,121,61267978e96853d3b974ca53,877.4,1,37,gamble_left,You lost -24 dollars.,120,1,12,-24,0,2
131,121,61267978e96853d3b974ca53,733.4,1,37,gamble_left,You won 4 dollars.,121,2,4,0,2,1
148,121,61267978e96853d3b974ca53,888.1,0,37,gamble_right,You won 4 dollars.,122,2,8,0,4,1
147,121,61267978e96853d3b974ca53,873.8,0,37,gamble_right,You won 6 dollars.,123,2,12,0,6,1
76,121,61267978e96853d3b974ca53,982.4,1,39,gamble_right,You received 0 dollars.,124,2,18,0,9,2
69,121,61267978e96853d3b974ca53,868.4,1,37,gamble_left,You received 0 dollars.,125,2,24,0,12,2
107,121,61267978e96853d3b974ca53,934.1,1,39,gamble_right,You won 5 dollars.,126,2,5,0,3,1
6,121,61267978e96853d3b974ca53,535.6,1,39,gamble_right,You won 7 dollars.,127,2,7,0,4,1
77,121,61267978e96853d3b974ca53,1268.4,1,37,gamble_left,You received 0 dollars.,128,2,10,0,6,2
4,121,61267978e96853d3b974ca53,565.9,1,39,gamble_right,You received 0 dollars.,129,2,17,0,10,2
47,121,61267978e96853d3b974ca53,802.1,0,37,gamble_right,You won 13 dollars.,130,2,22,0,13,1
102,121,61267978e96853d3b974ca53,811.6,1,37,gamble_left,You won 28 dollars.,131,2,28,0,13,1
30,121,61267978e96853d3b974ca53,717.1,1,39,gamble_right,You received 0 dollars.,132,2,5,0,2,2
132,121,61267978e96853d3b974ca53,897.6,1,37,gamble_left,You received 0 dollars.,133,2,26,0,10,2
41,121,61267978e96853d3b974ca53,1066.1,0,37,gamble_right,You won 3 dollars.,134,2,7,0,3,1
96,121,61267978e96853d3b974ca53,1207.3,1,37,gamble_left,You won 13 dollars.,135,2,13,0,5,1
119,121,61267978e96853d3b974ca53,864.6,1,37,gamble_left,You won 12 dollars.,136,2,12,0,6,1
71,121,61267978e96853d3b974ca53,899.3,1,37,gamble_left,You won 25 dollars.,137,2,25,0,10,1
89,121,61267978e96853d3b974ca53,761,1,39,gamble_right,You received 0 dollars.,138,2,4,0,2,2
94,121,61267978e96853d3b974ca53,1124.7,1,39,gamble_right,You received 0 dollars.,139,2,3,0,1,2
12,121,61267978e96853d3b974ca53,545.7,1,39,gamble_right,You won 25 dollars.,140,2,25,0,9,1
8,121,61267978e96853d3b974ca53,705.5,1,39,gamble_right,You received 0 dollars.,141,2,13,0,6,2
46,121,61267978e96853d3b974ca53,753.9,1,37,gamble_left,You received 0 dollars.,142,2,22,0,10,2
26,121,61267978e96853d3b974ca53,533.3,0,37,gamble_right,You won 5 dollars.,143,2,12,0,5,1
35,121,61267978e96853d3b974ca53,649.7,1,37,gamble_left,You won 2 dollars.,144,2,2,0,1,1
85,121,61267978e96853d3b974ca53,843.2,0,37,gamble_right,You won 3 dollars.,145,2,8,0,3,1
79,121,61267978e96853d3b974ca53,1060.3,1,39,gamble_right,You received 0 dollars.,146,2,19,0,8,2
11,121,61267978e96853d3b974ca53,726.8,1,37,gamble_left,You won 26 dollars.,147,2,26,0,12,1
16,121,61267978e96853d3b974ca53,563.9,1,37,gamble_left,You won 30 dollars.,148,2,30,0,12,1
98,121,61267978e96853d3b974ca53,1074,1,37,gamble_left,You won 23 dollars.,149,2,23,0,10,1
129,121,61267978e96853d3b974ca53,1101.1,1,37,gamble_left,You received 0 dollars.,150,2,12,0,4,2