trial_index,ID,subject,rt,responses,key_press,gamble_location,stimulus,Trial_ID,Trial_Type,Gain,Loss,Certain,Trial_Outcome
26,122,5eb170206e577a07e9954c65,1507.2,1,37,gamble_left,You lost -0.5 dollars.,1,1,2,-0.5,0,2
45,122,5eb170206e577a07e9954c65,1497.7,0,39,gamble_left,You received 0 dollars.,2,1,2,-0.75,0,2
54,122,5eb170206e577a07e9954c65,1289.7,1,37,gamble_left,You lost -1 dollars.,3,1,2,-1,0,2
33,122,5eb170206e577a07e9954c65,1208.7,0,39,gamble_left,You received 0 dollars.,4,1,2,-1.25,0,2
84,122,5eb170206e577a07e9954c65,1282.8,1,39,gamble_right,You lost -1.5 dollars.,5,1,2,-1.5,0,2
31,122,5eb170206e577a07e9954c65,1211,0,39,gamble_left,You received 0 dollars.,6,1,2,-1.75,0,2
8,122,5eb170206e577a07e9954c65,1353.7,0,39,gamble_left,You received 0 dollars.,7,1,2,-2,0,2
67,122,5eb170206e577a07e9954c65,1316.4,0,37,gamble_right,You received 0 dollars.,8,1,2,-2.25,0,2
25,122,5eb170206e577a07e9954c65,1148.4,1,39,gamble_right,You won 2 dollars.,9,1,2,-2.5,0,1
18,122,5eb170206e577a07e9954c65,1567,0,37,gamble_right,You received 0 dollars.,10,1,2,-2.75,0,2
72,122,5eb170206e577a07e9954c65,1209,0,39,gamble_left,You received 0 dollars.,11,1,2,-3,0,2
114,122,5eb170206e577a07e9954c65,1517.8,0,39,gamble_left,You received 0 dollars.,12,1,2,-3.25,0,2
39,122,5eb170206e577a07e9954c65,1132.9,0,39,gamble_left,You received 0 dollars.,13,1,2,-3.5,0,2
92,122,5eb170206e577a07e9954c65,1373.4,0,37,gamble_right,You received 0 dollars.,14,1,2,-3.75,0,2
112,122,5eb170206e577a07e9954c65,1655.1,0,37,gamble_right,You received 0 dollars.,15,1,2,-4,0,2
134,122,5eb170206e577a07e9954c65,1264.7,1,37,gamble_left,You lost -1 dollars.,16,1,4,-1,0,2
120,122,5eb170206e577a07e9954c65,1301.8,1,37,gamble_left,You lost -1.5 dollars.,17,1,4,-1.5,0,2
19,122,5eb170206e577a07e9954c65,1304.7,1,37,gamble_left,You lost -2 dollars.,18,1,4,-2,0,2
46,122,5eb170206e577a07e9954c65,1430.3,1,37,gamble_left,You lost -2.5 dollars.,19,1,4,-2.5,0,2
13,122,5eb170206e577a07e9954c65,1268.1,1,37,gamble_left,You won 4 dollars.,20,1,4,-3,0,1
141,122,5eb170206e577a07e9954c65,1629.5,1,37,gamble_left,You won 4 dollars.,21,1,4,-3.5,0,1
99,122,5eb170206e577a07e9954c65,1254.2,1,39,gamble_right,You lost -4 dollars.,22,1,4,-4,0,2
130,122,5eb170206e577a07e9954c65,1383.3,0,39,gamble_left,You received 0 dollars.,23,1,4,-4.5,0,2
14,122,5eb170206e577a07e9954c65,1234.1,0,37,gamble_right,You received 0 dollars.,24,1,4,-5,0,2
43,122,5eb170206e577a07e9954c65,1441.3,1,37,gamble_left,You lost -5.5 dollars.,25,1,4,-5.5,0,2
106,122,5eb170206e577a07e9954c65,1397.4,0,39,gamble_left,You received 0 dollars.,26,1,4,-6,0,2
139,122,5eb170206e577a07e9954c65,1774.2,0,39,gamble_left,You received 0 dollars.,27,1,4,-6.5,0,2
129,122,5eb170206e577a07e9954c65,1219.4,0,39,gamble_left,You received 0 dollars.,28,1,4,-7,0,2
20,122,5eb170206e577a07e9954c65,1076.2,0,37,gamble_right,You received 0 dollars.,29,1,4,-7.5,0,2
65,122,5eb170206e577a07e9954c65,1311.9,0,37,gamble_right,You received 0 dollars.,30,1,4,-8,0,2
85,122,5eb170206e577a07e9954c65,1142.3,1,39,gamble_right,You won 5 dollars.,31,1,5,-1.25,0,1
5,122,5eb170206e577a07e9954c65,1273.8,1,39,gamble_right,You won 5 dollars.,32,1,5,-1.88,0,1
127,122,5eb170206e577a07e9954c65,1350.3,1,37,gamble_left,You won 5 dollars.,33,1,5,-2.5,0,1
122,122,5eb170206e577a07e9954c65,1463,1,39,gamble_right,You won 5 dollars.,34,1,5,-3.13,0,1
113,122,5eb170206e577a07e9954c65,1181.9,1,39,gamble_right,You lost -3.75 dollars.,35,1,5,-3.75,0,2
34,122,5eb170206e577a07e9954c65,NA,NA,NA,gamble_right,Trial missed.,36,1,5,-4.38,0,3
86,122,5eb170206e577a07e9954c65,1228.4,0,39,gamble_left,You received 0 dollars.,37,1,5,-5,0,2
61,122,5eb170206e577a07e9954c65,1786.7,0,37,gamble_right,You received 0 dollars.,38,1,5,-5.63,0,2
96,122,5eb170206e577a07e9954c65,1390.1,0,37,gamble_right,You received 0 dollars.,39,1,5,-6.25,0,2
3,122,5eb170206e577a07e9954c65,1302.8,0,39,gamble_left,You received 0 dollars.,40,1,5,-6.88,0,2
107,122,5eb170206e577a07e9954c65,1146.7,0,39,gamble_left,You received 0 dollars.,41,1,5,-7.5,0,2
143,122,5eb170206e577a07e9954c65,1467.1,0,37,gamble_right,You received 0 dollars.,42,1,5,-8.13,0,2
50,122,5eb170206e577a07e9954c65,1362,0,39,gamble_left,You received 0 dollars.,43,1,5,-8.75,0,2
68,122,5eb170206e577a07e9954c65,1258,0,39,gamble_left,You received 0 dollars.,44,1,5,-9.38,0,2
17,122,5eb170206e577a07e9954c65,1187.8,0,39,gamble_left,You received 0 dollars.,45,1,5,-10,0,2
115,122,5eb170206e577a07e9954c65,1341.4,1,39,gamble_right,You lost -1.5 dollars.,46,1,6,-1.5,0,2
40,122,5eb170206e577a07e9954c65,1392.9,1,37,gamble_left,You lost -2.25 dollars.,47,1,6,-2.25,0,2
42,122,5eb170206e577a07e9954c65,1202,1,39,gamble_right,You lost -3 dollars.,48,1,6,-3,0,2
9,122,5eb170206e577a07e9954c65,1069.6,1,39,gamble_right,You won 6 dollars.,49,1,6,-3.75,0,1
109,122,5eb170206e577a07e9954c65,1552.1,1,39,gamble_right,You lost -4.5 dollars.,50,1,6,-4.5,0,2
125,122,5eb170206e577a07e9954c65,1506.8,1,39,gamble_right,You won 6 dollars.,51,1,6,-5.25,0,1
59,122,5eb170206e577a07e9954c65,1288.7,1,39,gamble_right,You won 6 dollars.,52,1,6,-6,0,1
81,122,5eb170206e577a07e9954c65,1270.5,0,39,gamble_left,You received 0 dollars.,53,1,6,-6.75,0,2
88,122,5eb170206e577a07e9954c65,1185,0,39,gamble_left,You received 0 dollars.,54,1,6,-7.5,0,2
23,122,5eb170206e577a07e9954c65,1297.6,0,39,gamble_left,You received 0 dollars.,55,1,6,-8.25,0,2
29,122,5eb170206e577a07e9954c65,1320.3,0,37,gamble_right,You received 0 dollars.,56,1,6,-9,0,2
49,122,5eb170206e577a07e9954c65,1583.3,1,37,gamble_left,You won 6 dollars.,57,1,6,-9.75,0,1
121,122,5eb170206e577a07e9954c65,1476.3,0,39,gamble_left,You received 0 dollars.,58,1,6,-10.5,0,2
53,122,5eb170206e577a07e9954c65,1070.8,0,37,gamble_right,You received 0 dollars.,59,1,6,-11.25,0,2
36,122,5eb170206e577a07e9954c65,1521.2,1,37,gamble_left,You won 6 dollars.,60,1,6,-12,0,1
148,122,5eb170206e577a07e9954c65,1286.5,1,37,gamble_left,You won 8 dollars.,61,1,8,-2,0,1
77,122,5eb170206e577a07e9954c65,1226.9,1,39,gamble_right,You lost -3 dollars.,62,1,8,-3,0,2
147,122,5eb170206e577a07e9954c65,1343.2,1,37,gamble_left,You won 8 dollars.,63,1,8,-4,0,1
57,122,5eb170206e577a07e9954c65,1120.4,1,39,gamble_right,You lost -5 dollars.,64,1,8,-5,0,2
104,122,5eb170206e577a07e9954c65,1311.1,1,37,gamble_left,You won 8 dollars.,65,1,8,-6,0,1
21,122,5eb170206e577a07e9954c65,1375.6,1,37,gamble_left,You lost -7 dollars.,66,1,8,-7,0,2
93,122,5eb170206e577a07e9954c65,1784.7,0,39,gamble_left,You received 0 dollars.,67,1,8,-8,0,2
150,122,5eb170206e577a07e9954c65,1677.6,0,39,gamble_left,You received 0 dollars.,68,1,8,-9,0,2
15,122,5eb170206e577a07e9954c65,1418.6,0,39,gamble_left,You received 0 dollars.,69,1,8,-10,0,2
126,122,5eb170206e577a07e9954c65,1747.3,0,37,gamble_right,You received 0 dollars.,70,1,8,-11,0,2
10,122,5eb170206e577a07e9954c65,1464.2,1,39,gamble_right,You won 8 dollars.,71,1,8,-12,0,1
136,122,5eb170206e577a07e9954c65,1502.7,0,37,gamble_right,You received 0 dollars.,72,1,8,-13,0,2
38,122,5eb170206e577a07e9954c65,1365,1,37,gamble_left,You lost -14 dollars.,73,1,8,-14,0,2
4,122,5eb170206e577a07e9954c65,1269,0,39,gamble_left,You received 0 dollars.,74,1,8,-15,0,2
116,122,5eb170206e577a07e9954c65,1843.9,0,37,gamble_right,You received 0 dollars.,75,1,8,-16,0,2
140,122,5eb170206e577a07e9954c65,1365.6,1,37,gamble_left,You won 9 dollars.,76,1,9,-2.25,0,1
102,122,5eb170206e577a07e9954c65,1129,1,39,gamble_right,You lost -3.38 dollars.,77,1,9,-3.38,0,2
82,122,5eb170206e577a07e9954c65,1191.9,1,37,gamble_left,You won 9 dollars.,78,1,9,-4.5,0,1
91,122,5eb170206e577a07e9954c65,1442,1,39,gamble_right,You won 9 dollars.,79,1,9,-5.63,0,1
2,122,5eb170206e577a07e9954c65,1354.1,0,37,gamble_right,You received 0 dollars.,80,1,9,-6.75,0,2
105,122,5eb170206e577a07e9954c65,1120.2,1,37,gamble_left,You lost -7.88 dollars.,81,1,9,-7.88,0,2
110,122,5eb170206e577a07e9954c65,1451.4,1,39,gamble_right,You lost -9 dollars.,82,1,9,-9,0,2
83,122,5eb170206e577a07e9954c65,1240.8,0,39,gamble_left,You received 0 dollars.,83,1,9,-10.13,0,2
48,122,5eb170206e577a07e9954c65,1482.3,1,39,gamble_right,You lost -11.25 dollars.,84,1,9,-11.25,0,2
142,122,5eb170206e577a07e9954c65,1428.9,0,37,gamble_right,You received 0 dollars.,85,1,9,-12.38,0,2
87,122,5eb170206e577a07e9954c65,1158.4,0,37,gamble_right,You received 0 dollars.,86,1,9,-13.5,0,2
52,122,5eb170206e577a07e9954c65,NA,NA,NA,gamble_right,Trial missed.,87,1,9,-14.63,0,3
97,122,5eb170206e577a07e9954c65,1136.8,0,37,gamble_right,You received 0 dollars.,88,1,9,-15.75,0,2
27,122,5eb170206e577a07e9954c65,1758.4,1,39,gamble_right,You won 9 dollars.,89,1,9,-16.88,0,1
79,122,5eb170206e577a07e9954c65,1207.4,0,39,gamble_left,You received 0 dollars.,90,1,9,-18,0,2
145,122,5eb170206e577a07e9954c65,1096.6,1,39,gamble_right,You lost -2.5 dollars.,91,1,10,-2.5,0,2
144,122,5eb170206e577a07e9954c65,1147.8,1,39,gamble_right,You lost -3.75 dollars.,92,1,10,-3.75,0,2
35,122,5eb170206e577a07e9954c65,910,1,37,gamble_left,You lost -5 dollars.,93,1,10,-5,0,2
94,122,5eb170206e577a07e9954c65,1364.2,1,39,gamble_right,You lost -6.25 dollars.,94,1,10,-6.25,0,2
60,122,5eb170206e577a07e9954c65,1484.9,1,39,gamble_right,You lost -7.5 dollars.,95,1,10,-7.5,0,2
95,122,5eb170206e577a07e9954c65,1252.1,1,37,gamble_left,You lost -8.75 dollars.,96,1,10,-8.75,0,2
89,122,5eb170206e577a07e9954c65,1296.6,1,37,gamble_left,You lost -10 dollars.,97,1,10,-10,0,2
78,122,5eb170206e577a07e9954c65,1515.3,1,37,gamble_left,You lost -11.25 dollars.,98,1,10,-11.25,0,2
133,122,5eb170206e577a07e9954c65,1134.5,0,39,gamble_left,You received 0 dollars.,99,1,10,-12.5,0,2
51,122,5eb170206e577a07e9954c65,1589.4,1,37,gamble_left,You lost -13.75 dollars.,100,1,10,-13.75,0,2
28,122,5eb170206e577a07e9954c65,1380.5,0,39,gamble_left,You received 0 dollars.,101,1,10,-15,0,2
71,122,5eb170206e577a07e9954c65,1424.1,0,39,gamble_left,You received 0 dollars.,102,1,10,-16.25,0,2
30,122,5eb170206e577a07e9954c65,1543.8,1,39,gamble_right,You lost -17.5 dollars.,103,1,10,-17.5,0,2
55,122,5eb170206e577a07e9954c65,NA,NA,NA,gamble_right,Trial missed.,104,1,10,-18.75,0,3
32,122,5eb170206e577a07e9954c65,1966.6,1,39,gamble_right,You lost -20 dollars.,105,1,10,-20,0,2
22,122,5eb170206e577a07e9954c65,1356.4,1,39,gamble_right,You won 12 dollars.,106,1,12,-3,0,1
66,122,5eb170206e577a07e9954c65,1182.5,1,37,gamble_left,You lost -4.5 dollars.,107,1,12,-4.5,0,2
135,122,5eb170206e577a07e9954c65,1233.6,1,37,gamble_left,You lost -6 dollars.,108,1,12,-6,0,2
24,122,5eb170206e577a07e9954c65,1386,1,39,gamble_right,You lost -7.5 dollars.,109,1,12,-7.5,0,2
62,122,5eb170206e577a07e9954c65,1232.7,1,39,gamble_right,You won 12 dollars.,110,1,12,-9,0,1
75,122,5eb170206e577a07e9954c65,1561.6,1,39,gamble_right,You lost -10.5 dollars.,111,1,12,-10.5,0,2
111,122,5eb170206e577a07e9954c65,1350.6,1,39,gamble_right,You lost -12 dollars.,112,1,12,-12,0,2
137,122,5eb170206e577a07e9954c65,1491.1,1,39,gamble_right,You won 12 dollars.,113,1,12,-13.5,0,1
69,122,5eb170206e577a07e9954c65,1532.7,0,37,gamble_right,You received 0 dollars.,114,1,12,-15,0,2
80,122,5eb170206e577a07e9954c65,1311.2,0,39,gamble_left,You received 0 dollars.,115,1,12,-16.5,0,2
58,122,5eb170206e577a07e9954c65,1194.3,1,39,gamble_right,You won 12 dollars.,116,1,12,-18,0,1
132,122,5eb170206e577a07e9954c65,NA,NA,NA,gamble_right,Trial missed.,117,1,12,-19.5,0,3
100,122,5eb170206e577a07e9954c65,1803.1,1,39,gamble_right,You won 12 dollars.,118,1,12,-21,0,1
7,122,5eb170206e577a07e9954c65,1365,0,39,gamble_left,You received 0 dollars.,119,1,12,-22.5,0,2
117,122,5eb170206e577a07e9954c65,NA,NA,NA,gamble_right,Trial missed.,120,1,12,-24,0,3
64,122,5eb170206e577a07e9954c65,901.2,0,39,gamble_left,You won 2 dollars.,121,2,4,0,2,1
63,122,5eb170206e577a07e9954c65,1528.5,0,37,gamble_right,You won 4 dollars.,122,2,8,0,4,1
128,122,5eb170206e577a07e9954c65,1162.6,0,37,gamble_right,You won 6 dollars.,123,2,12,0,6,1
149,122,5eb170206e577a07e9954c65,1198.1,0,37,gamble_right,You won 9 dollars.,124,2,18,0,9,1
124,122,5eb170206e577a07e9954c65,1070.3,0,39,gamble_left,You won 12 dollars.,125,2,24,0,12,1
41,122,5eb170206e577a07e9954c65,1342.5,1,39,gamble_right,You won 5 dollars.,126,2,5,0,3,1
37,122,5eb170206e577a07e9954c65,976.1,1,37,gamble_left,You received 0 dollars.,127,2,7,0,4,2
16,122,5eb170206e577a07e9954c65,1221.8,0,39,gamble_left,You won 6 dollars.,128,2,10,0,6,1
76,122,5eb170206e577a07e9954c65,1252.8,0,37,gamble_right,You won 10 dollars.,129,2,17,0,10,1
90,122,5eb170206e577a07e9954c65,1432.1,0,39,gamble_left,You won 13 dollars.,130,2,22,0,13,1
56,122,5eb170206e577a07e9954c65,1068.9,1,37,gamble_left,You received 0 dollars.,131,2,28,0,13,2
1,122,5eb170206e577a07e9954c65,1453.2,1,39,gamble_right,You received 0 dollars.,132,2,5,0,2,2
74,122,5eb170206e577a07e9954c65,1030.1,0,37,gamble_right,You won 10 dollars.,133,2,26,0,10,1
47,122,5eb170206e577a07e9954c65,1319,0,37,gamble_right,You won 3 dollars.,134,2,7,0,3,1
138,122,5eb170206e577a07e9954c65,1333.6,0,37,gamble_right,You won 5 dollars.,135,2,13,0,5,1
146,122,5eb170206e577a07e9954c65,1627.1,0,37,gamble_right,You won 6 dollars.,136,2,12,0,6,1
70,122,5eb170206e577a07e9954c65,1292.9,1,37,gamble_left,You received 0 dollars.,137,2,25,0,10,2
118,122,5eb170206e577a07e9954c65,1593.7,0,37,gamble_right,You won 2 dollars.,138,2,4,0,2,1
103,122,5eb170206e577a07e9954c65,1323.4,0,37,gamble_right,You won 1 dollars.,139,2,3,0,1,1
44,122,5eb170206e577a07e9954c65,1183,1,37,gamble_left,You won 25 dollars.,140,2,25,0,9,1
73,122,5eb170206e577a07e9954c65,1231.4,0,39,gamble_left,You won 6 dollars.,141,2,13,0,6,1
108,122,5eb170206e577a07e9954c65,1137.3,0,39,gamble_left,You won 10 dollars.,142,2,22,0,10,1
119,122,5eb170206e577a07e9954c65,1144.2,0,39,gamble_left,You won 5 dollars.,143,2,12,0,5,1
12,122,5eb170206e577a07e9954c65,1552.5,0,39,gamble_left,You won 1 dollars.,144,2,2,0,1,1
98,122,5eb170206e577a07e9954c65,1360.1,0,39,gamble_left,You won 3 dollars.,145,2,8,0,3,1
6,122,5eb170206e577a07e9954c65,1014.3,1,39,gamble_right,You received 0 dollars.,146,2,19,0,8,2
131,122,5eb170206e577a07e9954c65,828.1,0,39,gamble_left,You won 12 dollars.,147,2,26,0,12,1
123,122,5eb170206e577a07e9954c65,1280,0,37,gamble_right,You won 12 dollars.,148,2,30,0,12,1
11,122,5eb170206e577a07e9954c65,1608.6,1,37,gamble_left,You received 0 dollars.,149,2,23,0,10,2
101,122,5eb170206e577a07e9954c65,1166.8,0,39,gamble_left,You won 4 dollars.,150,2,12,0,4,1