trial_index,ID,subject,rt,responses,key_press,gamble_location,stimulus,Trial_ID,Trial_Type,Gain,Loss,Certain,Trial_Outcome
59,123,562c0ab0733ea0001116302b,1066.6,1,39,gamble_right,You won 2 dollars.,1,1,2,-0.5,0,1
125,123,562c0ab0733ea0001116302b,828,1,37,gamble_left,You won 2 dollars.,2,1,2,-0.75,0,1
134,123,562c0ab0733ea0001116302b,1169.7,1,39,gamble_right,You won 2 dollars.,3,1,2,-1,0,1
113,123,562c0ab0733ea0001116302b,899.9,1,37,gamble_left,You won 2 dollars.,4,1,2,-1.25,0,1
99,123,562c0ab0733ea0001116302b,1810.8,1,39,gamble_right,You won 2 dollars.,5,1,2,-1.5,0,1
118,123,562c0ab0733ea0001116302b,730.6,1,37,gamble_left,You won 2 dollars.,6,1,2,-1.75,0,1
27,123,562c0ab0733ea0001116302b,1163.5,0,39,gamble_left,You received 0 dollars.,7,1,2,-2,0,2
6,123,562c0ab0733ea0001116302b,928.8,0,39,gamble_left,You received 0 dollars.,8,1,2,-2.25,0,2
86,123,562c0ab0733ea0001116302b,1059,0,39,gamble_left,You received 0 dollars.,9,1,2,-2.5,0,2
112,123,562c0ab0733ea0001116302b,697.8,0,39,gamble_left,You received 0 dollars.,10,1,2,-2.75,0,2
95,123,562c0ab0733ea0001116302b,898.6,0,39,gamble_left,You received 0 dollars.,11,1,2,-3,0,2
123,123,562c0ab0733ea0001116302b,826.7,0,39,gamble_left,You received 0 dollars.,12,1,2,-3.25,0,2
45,123,562c0ab0733ea0001116302b,956.3,0,39,gamble_left,You received 0 dollars.,13,1,2,-3.5,0,2
87,123,562c0ab0733ea0001116302b,883.5,0,39,gamble_left,You received 0 dollars.,14,1,2,-3.75,0,2
131,123,562c0ab0733ea0001116302b,961.7,0,37,gamble_right,You received 0 dollars.,15,1,2,-4,0,2
104,123,562c0ab0733ea0001116302b,858.1,1,37,gamble_left,You lost -1 dollars.,16,1,4,-1,0,2
60,123,562c0ab0733ea0001116302b,795.5,1,37,gamble_left,You won 4 dollars.,17,1,4,-1.5,0,1
120,123,562c0ab0733ea0001116302b,940.1,1,39,gamble_right,You won 4 dollars.,18,1,4,-2,0,1
44,123,562c0ab0733ea0001116302b,1027.3,1,39,gamble_right,You won 4 dollars.,19,1,4,-2.5,0,1
142,123,562c0ab0733ea0001116302b,994.3,1,37,gamble_left,You lost -3 dollars.,20,1,4,-3,0,2
12,123,562c0ab0733ea0001116302b,947.1,1,39,gamble_right,You lost -3.5 dollars.,21,1,4,-3.5,0,2
81,123,562c0ab0733ea0001116302b,795.7,1,37,gamble_left,You lost -4 dollars.,22,1,4,-4,0,2
30,123,562c0ab0733ea0001116302b,1083.3,0,37,gamble_right,You received 0 dollars.,23,1,4,-4.5,0,2
137,123,562c0ab0733ea0001116302b,1067.2,0,37,gamble_right,You received 0 dollars.,24,1,4,-5,0,2
124,123,562c0ab0733ea0001116302b,731.6,0,39,gamble_left,You received 0 dollars.,25,1,4,-5.5,0,2
144,123,562c0ab0733ea0001116302b,827.6,0,39,gamble_left,You received 0 dollars.,26,1,4,-6,0,2
54,123,562c0ab0733ea0001116302b,1196,0,37,gamble_right,You received 0 dollars.,27,1,4,-6.5,0,2
26,123,562c0ab0733ea0001116302b,1075.3,0,39,gamble_left,You received 0 dollars.,28,1,4,-7,0,2
119,123,562c0ab0733ea0001116302b,818.8,0,39,gamble_left,You received 0 dollars.,29,1,4,-7.5,0,2
130,123,562c0ab0733ea0001116302b,915.2,0,39,gamble_left,You received 0 dollars.,30,1,4,-8,0,2
96,123,562c0ab0733ea0001116302b,826.6,1,37,gamble_left,You lost -1.25 dollars.,31,1,5,-1.25,0,2
84,123,562c0ab0733ea0001116302b,1010.3,1,39,gamble_right,You won 5 dollars.,32,1,5,-1.88,0,1
147,123,562c0ab0733ea0001116302b,842.8,1,37,gamble_left,You lost -2.5 dollars.,33,1,5,-2.5,0,2
31,123,562c0ab0733ea0001116302b,1098.6,1,39,gamble_right,You won 5 dollars.,34,1,5,-3.13,0,1
101,123,562c0ab0733ea0001116302b,1230.3,1,39,gamble_right,You won 5 dollars.,35,1,5,-3.75,0,1
14,123,562c0ab0733ea0001116302b,923.7,1,37,gamble_left,You won 5 dollars.,36,1,5,-4.38,0,1
111,123,562c0ab0733ea0001116302b,1186.9,0,39,gamble_left,You received 0 dollars.,37,1,5,-5,0,2
110,123,562c0ab0733ea0001116302b,851.8,0,39,gamble_left,You received 0 dollars.,38,1,5,-5.63,0,2
55,123,562c0ab0733ea0001116302b,1065.2,0,37,gamble_right,You received 0 dollars.,39,1,5,-6.25,0,2
148,123,562c0ab0733ea0001116302b,700,0,39,gamble_left,You received 0 dollars.,40,1,5,-6.88,0,2
63,123,562c0ab0733ea0001116302b,737.9,0,39,gamble_left,You received 0 dollars.,41,1,5,-7.5,0,2
8,123,562c0ab0733ea0001116302b,931,0,39,gamble_left,You received 0 dollars.,42,1,5,-8.13,0,2
64,123,562c0ab0733ea0001116302b,924.7,0,37,gamble_right,You received 0 dollars.,43,1,5,-8.75,0,2
94,123,562c0ab0733ea0001116302b,956,0,37,gamble_right,You received 0 dollars.,44,1,5,-9.38,0,2
75,123,562c0ab0733ea0001116302b,1036.6,0,37,gamble_right,You received 0 dollars.,45,1,5,-10,0,2
50,123,562c0ab0733ea0001116302b,860.1,1,37,gamble_left,You lost -1.5 dollars.,46,1,6,-1.5,0,2
69,123,562c0ab0733ea0001116302b,827,1,37,gamble_left,You lost -2.25 dollars.,47,1,6,-2.25,0,2
5,123,562c0ab0733ea0001116302b,1066.8,1,39,gamble_right,You won 6 dollars.,48,1,6,-3,0,1
79,123,562c0ab0733ea0001116302b,876.9,1,37,gamble_left,You lost -3.75 dollars.,49,1,6,-3.75,0,2
15,123,562c0ab0733ea0001116302b,1282.9,1,37,gamble_left,You lost -4.5 dollars.,50,1,6,-4.5,0,2
58,123,562c0ab0733ea0001116302b,1107.2,1,39,gamble_right,You lost -5.25 dollars.,51,1,6,-5.25,0,2
72,123,562c0ab0733ea0001116302b,1098.3,0,39,gamble_left,You received 0 dollars.,52,1,6,-6,0,2
61,123,562c0ab0733ea0001116302b,1022.4,0,37,gamble_right,You received 0 dollars.,53,1,6,-6.75,0,2
53,123,562c0ab0733ea0001116302b,1012.7,0,39,gamble_left,You received 0 dollars.,54,1,6,-7.5,0,2
139,123,562c0ab0733ea0001116302b,891.2,0,37,gamble_right,You received 0 dollars.,55,1,6,-8.25,0,2
32,123,562c0ab0733ea0001116302b,955.7,0,37,gamble_right,You received 0 dollars.,56,1,6,-9,0,2
138,123,562c0ab0733ea0001116302b,1023.6,0,37,gamble_right,You received 0 dollars.,57,1,6,-9.75,0,2
103,123,562c0ab0733ea0001116302b,980.1,0,37,gamble_right,You received 0 dollars.,58,1,6,-10.5,0,2
57,123,562c0ab0733ea0001116302b,781,0,39,gamble_left,You received 0 dollars.,59,1,6,-11.25,0,2
19,123,562c0ab0733ea0001116302b,835.1,0,39,gamble_left,You received 0 dollars.,60,1,6,-12,0,2
114,123,562c0ab0733ea0001116302b,978.9,1,39,gamble_right,You lost -2 dollars.,61,1,8,-2,0,2
127,123,562c0ab0733ea0001116302b,875.9,1,39,gamble_right,You lost -3 dollars.,62,1,8,-3,0,2
132,123,562c0ab0733ea0001116302b,833.5,1,37,gamble_left,You lost -4 dollars.,63,1,8,-4,0,2
17,123,562c0ab0733ea0001116302b,916.3,1,37,gamble_left,You lost -5 dollars.,64,1,8,-5,0,2
88,123,562c0ab0733ea0001116302b,731.1,1,37,gamble_left,You lost -6 dollars.,65,1,8,-6,0,2
150,123,562c0ab0733ea0001116302b,826.2,1,37,gamble_left,You lost -7 dollars.,66,1,8,-7,0,2
115,123,562c0ab0733ea0001116302b,1171.1,0,39,gamble_left,You received 0 dollars.,67,1,8,-8,0,2
100,123,562c0ab0733ea0001116302b,812.5,1,37,gamble_left,You won 8 dollars.,68,1,8,-9,0,1
122,123,562c0ab0733ea0001116302b,1004.2,0,39,gamble_left,You received 0 dollars.,69,1,8,-10,0,2
37,123,562c0ab0733ea0001116302b,1011.8,0,37,gamble_right,You received 0 dollars.,70,1,8,-11,0,2
35,123,562c0ab0733ea0001116302b,1219.6,0,37,gamble_right,You received 0 dollars.,71,1,8,-12,0,2
21,123,562c0ab0733ea0001116302b,1069.1,0,37,gamble_right,You received 0 dollars.,72,1,8,-13,0,2
143,123,562c0ab0733ea0001116302b,1409.5,0,39,gamble_left,You received 0 dollars.,73,1,8,-14,0,2
66,123,562c0ab0733ea0001116302b,1116.2,0,39,gamble_left,You received 0 dollars.,74,1,8,-15,0,2
145,123,562c0ab0733ea0001116302b,1018.7,0,37,gamble_right,You received 0 dollars.,75,1,8,-16,0,2
135,123,562c0ab0733ea0001116302b,1019,1,39,gamble_right,You lost -2.25 dollars.,76,1,9,-2.25,0,2
3,123,562c0ab0733ea0001116302b,985.9,1,37,gamble_left,You won 9 dollars.,77,1,9,-3.38,0,1
121,123,562c0ab0733ea0001116302b,898.7,1,39,gamble_right,You lost -4.5 dollars.,78,1,9,-4.5,0,2
83,123,562c0ab0733ea0001116302b,1091.3,1,37,gamble_left,You lost -5.63 dollars.,79,1,9,-5.63,0,2
126,123,562c0ab0733ea0001116302b,987.5,1,39,gamble_right,You won 9 dollars.,80,1,9,-6.75,0,1
9,123,562c0ab0733ea0001116302b,979.4,1,39,gamble_right,You lost -7.88 dollars.,81,1,9,-7.88,0,2
49,123,562c0ab0733ea0001116302b,1171.9,0,37,gamble_right,You received 0 dollars.,82,1,9,-9,0,2
24,123,562c0ab0733ea0001116302b,867.7,0,39,gamble_left,You received 0 dollars.,83,1,9,-10.13,0,2
105,123,562c0ab0733ea0001116302b,739.2,0,39,gamble_left,You received 0 dollars.,84,1,9,-11.25,0,2
107,123,562c0ab0733ea0001116302b,1059.1,0,37,gamble_right,You received 0 dollars.,85,1,9,-12.38,0,2
93,123,562c0ab0733ea0001116302b,1050.6,0,37,gamble_right,You received 0 dollars.,86,1,9,-13.5,0,2
149,123,562c0ab0733ea0001116302b,785.1,0,39,gamble_left,You received 0 dollars.,87,1,9,-14.63,0,2
109,123,562c0ab0733ea0001116302b,935.9,0,37,gamble_right,You received 0 dollars.,88,1,9,-15.75,0,2
140,123,562c0ab0733ea0001116302b,786.9,0,39,gamble_left,You received 0 dollars.,89,1,9,-16.88,0,2
7,123,562c0ab0733ea0001116302b,1170.7,0,37,gamble_right,You received 0 dollars.,90,1,9,-18,0,2
146,123,562c0ab0733ea0001116302b,979.4,1,39,gamble_right,You lost -2.5 dollars.,91,1,10,-2.5,0,2
46,123,562c0ab0733ea0001116302b,1019.5,1,39,gamble_right,You lost -3.75 dollars.,92,1,10,-3.75,0,2
136,123,562c0ab0733ea0001116302b,826.8,1,37,gamble_left,You won 10 dollars.,93,1,10,-5,0,1
98,123,562c0ab0733ea0001116302b,795.5,1,37,gamble_left,You won 10 dollars.,94,1,10,-6.25,0,1
117,123,562c0ab0733ea0001116302b,922.2,1,39,gamble_right,You lost -7.5 dollars.,95,1,10,-7.5,0,2
74,123,562c0ab0733ea0001116302b,1059.5,1,39,gamble_right,You lost -8.75 dollars.,96,1,10,-8.75,0,2
97,123,562c0ab0733ea0001116302b,1001.9,1,39,gamble_right,You won 10 dollars.,97,1,10,-10,0,1
29,123,562c0ab0733ea0001116302b,899.2,0,39,gamble_left,You received 0 dollars.,98,1,10,-11.25,0,2
91,123,562c0ab0733ea0001116302b,713.4,0,39,gamble_left,You received 0 dollars.,99,1,10,-12.5,0,2
52,123,562c0ab0733ea0001116302b,859.7,0,39,gamble_left,You received 0 dollars.,100,1,10,-13.75,0,2
43,123,562c0ab0733ea0001116302b,1120,0,37,gamble_right,You received 0 dollars.,101,1,10,-15,0,2
16,123,562c0ab0733ea0001116302b,1123.8,0,37,gamble_right,You received 0 dollars.,102,1,10,-16.25,0,2
108,123,562c0ab0733ea0001116302b,1035.4,0,37,gamble_right,You received 0 dollars.,103,1,10,-17.5,0,2
39,123,562c0ab0733ea0001116302b,1090.1,0,37,gamble_right,You received 0 dollars.,104,1,10,-18.75,0,2
77,123,562c0ab0733ea0001116302b,1012.4,0,37,gamble_right,You received 0 dollars.,105,1,10,-20,0,2
85,123,562c0ab0733ea0001116302b,827.1,1,37,gamble_left,You won 12 dollars.,106,1,12,-3,0,1
34,123,562c0ab0733ea0001116302b,899.1,1,37,gamble_left,You won 12 dollars.,107,1,12,-4.5,0,1
128,123,562c0ab0733ea0001116302b,836,1,39,gamble_right,You lost -6 dollars.,108,1,12,-6,0,2
102,123,562c0ab0733ea0001116302b,884.1,1,37,gamble_left,You lost -7.5 dollars.,109,1,12,-7.5,0,2
11,123,562c0ab0733ea0001116302b,1092.3,1,39,gamble_right,You lost -9 dollars.,110,1,12,-9,0,2
20,123,562c0ab0733ea0001116302b,1210,1,37,gamble_left,You won 12 dollars.,111,1,12,-10.5,0,1
90,123,562c0ab0733ea0001116302b,1067.3,1,37,gamble_left,You won 12 dollars.,112,1,12,-12,0,1
106,123,562c0ab0733ea0001116302b,707.7,0,39,gamble_left,You received 0 dollars.,113,1,12,-13.5,0,2
28,123,562c0ab0733ea0001116302b,931.8,0,39,gamble_left,You received 0 dollars.,114,1,12,-15,0,2
78,123,562c0ab0733ea0001116302b,1635.6,0,39,gamble_left,You received 0 dollars.,115,1,12,-16.5,0,2
56,123,562c0ab0733ea0001116302b,963,0,39,gamble_left,You received 0 dollars.,116,1,12,-18,0,2
133,123,562c0ab0733ea0001116302b,1002.8,0,39,gamble_left,You received 0 dollars.,117,1,12,-19.5,0,2
62,123,562c0ab0733ea0001116302b,891,0,39,gamble_left,You received 0 dollars.,118,1,12,-21,0,2
25,123,562c0ab0733ea0001116302b,1172.3,0,39,gamble_left,You received 0 dollars.,119,1,12,-22.5,0,2
65,123,562c0ab0733ea0001116302b,930.6,0,37,gamble_right,You received 0 dollars.,120,1,12,-24,0,2
80,123,562c0ab0733ea0001116302b,1402.7,0,37,gamble_right,You won 2 dollars.,121,2,4,0,2,1
89,123,562c0ab0733ea0001116302b,1140.1,1,37,gamble_left,You received 0 dollars.,122,2,8,0,4,2
68,123,562c0ab0733ea0001116302b,1067.3,0,37,gamble_right,You won 6 dollars.,123,2,12,0,6,1
2,123,562c0ab0733ea0001116302b,1354.4,0,37,gamble_right,You won 9 dollars.,124,2,18,0,9,1
13,123,562c0ab0733ea0001116302b,1346.4,0,39,gamble_left,You won 12 dollars.,125,2,24,0,12,1
40,123,562c0ab0733ea0001116302b,1283.7,0,39,gamble_left,You won 3 dollars.,126,2,5,0,3,1
23,123,562c0ab0733ea0001116302b,1243.1,0,39,gamble_left,You won 4 dollars.,127,2,7,0,4,1
10,123,562c0ab0733ea0001116302b,1195.7,1,39,gamble_right,You won 10 dollars.,128,2,10,0,6,1
48,123,562c0ab0733ea0001116302b,1028.6,0,39,gamble_left,You won 10 dollars.,129,2,17,0,10,1
82,123,562c0ab0733ea0001116302b,1283.2,0,39,gamble_left,You won 13 dollars.,130,2,22,0,13,1
129,123,562c0ab0733ea0001116302b,1090.3,1,39,gamble_right,You received 0 dollars.,131,2,28,0,13,2
73,123,562c0ab0733ea0001116302b,1004.1,1,39,gamble_right,You won 5 dollars.,132,2,5,0,2,1
36,123,562c0ab0733ea0001116302b,922.5,1,39,gamble_right,You won 26 dollars.,133,2,26,0,10,1
141,123,562c0ab0733ea0001116302b,898.2,1,39,gamble_right,You won 7 dollars.,134,2,7,0,3,1
42,123,562c0ab0733ea0001116302b,811.5,1,39,gamble_right,You won 13 dollars.,135,2,13,0,5,1
76,123,562c0ab0733ea0001116302b,1282.8,1,39,gamble_right,You won 12 dollars.,136,2,12,0,6,1
22,123,562c0ab0733ea0001116302b,978.9,1,39,gamble_right,You won 25 dollars.,137,2,25,0,10,1
18,123,562c0ab0733ea0001116302b,993.8,0,37,gamble_right,You won 2 dollars.,138,2,4,0,2,1
116,123,562c0ab0733ea0001116302b,914.2,1,39,gamble_right,You won 3 dollars.,139,2,3,0,1,1
71,123,562c0ab0733ea0001116302b,1082.1,1,37,gamble_left,You received 0 dollars.,140,2,25,0,9,2
38,123,562c0ab0733ea0001116302b,1253.5,1,37,gamble_left,You received 0 dollars.,141,2,13,0,6,2
70,123,562c0ab0733ea0001116302b,1009.1,1,37,gamble_left,You won 22 dollars.,142,2,22,0,10,1
4,123,562c0ab0733ea0001116302b,900.1,1,37,gamble_left,You won 12 dollars.,143,2,12,0,5,1
51,123,562c0ab0733ea0001116302b,1462,0,39,gamble_left,You won 1 dollars.,144,2,2,0,1,1
33,123,562c0ab0733ea0001116302b,923.8,0,37,gamble_right,You won 3 dollars.,145,2,8,0,3,1
92,123,562c0ab0733ea0001116302b,1114.8,1,39,gamble_right,You received 0 dollars.,146,2,19,0,8,2
47,123,562c0ab0733ea0001116302b,1211.7,1,39,gamble_right,You received 0 dollars.,147,2,26,0,12,2
67,123,562c0ab0733ea0001116302b,1347.7,1,37,gamble_left,You received 0 dollars.,148,2,30,0,12,2
41,123,562c0ab0733ea0001116302b,834.7,1,39,gamble_right,You received 0 dollars.,149,2,23,0,10,2
1,123,562c0ab0733ea0001116302b,1157.1,1,37,gamble_left,You received 0 dollars.,150,2,12,0,4,2