trial_index,ID,subject,rt,responses,key_press,gamble_location,stimulus,Trial_ID,Trial_Type,Gain,Loss,Certain,Trial_Outcome
67,124,615eaaf99d191e2bc495b80d,943.6,0,37,gamble_right,You received 0 dollars.,1,1,2,-0.5,0,2
64,124,615eaaf99d191e2bc495b80d,692.8,0,39,gamble_left,You received 0 dollars.,2,1,2,-0.75,0,2
78,124,615eaaf99d191e2bc495b80d,965.4,0,39,gamble_left,You received 0 dollars.,3,1,2,-1,0,2
24,124,615eaaf99d191e2bc495b80d,1118,0,39,gamble_left,You received 0 dollars.,4,1,2,-1.25,0,2
84,124,615eaaf99d191e2bc495b80d,930.8,0,37,gamble_right,You received 0 dollars.,5,1,2,-1.5,0,2
40,124,615eaaf99d191e2bc495b80d,1038.1,0,37,gamble_right,You received 0 dollars.,6,1,2,-1.75,0,2
16,124,615eaaf99d191e2bc495b80d,1534.1,1,37,gamble_left,You lost -2 dollars.,7,1,2,-2,0,2
42,124,615eaaf99d191e2bc495b80d,942.2,0,37,gamble_right,You received 0 dollars.,8,1,2,-2.25,0,2
28,124,615eaaf99d191e2bc495b80d,1137.8,1,39,gamble_right,You lost -2.5 dollars.,9,1,2,-2.5,0,2
89,124,615eaaf99d191e2bc495b80d,753.5,0,37,gamble_right,You received 0 dollars.,10,1,2,-2.75,0,2
120,124,615eaaf99d191e2bc495b80d,1057.5,0,39,gamble_left,You received 0 dollars.,11,1,2,-3,0,2
18,124,615eaaf99d191e2bc495b80d,1406.5,0,37,gamble_right,You received 0 dollars.,12,1,2,-3.25,0,2
36,124,615eaaf99d191e2bc495b80d,1301.3,0,39,gamble_left,You received 0 dollars.,13,1,2,-3.5,0,2
13,124,615eaaf99d191e2bc495b80d,1758.5,1,39,gamble_right,You lost -3.75 dollars.,14,1,2,-3.75,0,2
19,124,615eaaf99d191e2bc495b80d,NA,NA,NA,gamble_left,Trial missed.,15,1,2,-4,0,3
12,124,615eaaf99d191e2bc495b80d,1531.8,1,37,gamble_left,You lost -1 dollars.,16,1,4,-1,0,2
27,124,615eaaf99d191e2bc495b80d,1109.7,1,37,gamble_left,You lost -1.5 dollars.,17,1,4,-1.5,0,2
76,124,615eaaf99d191e2bc495b80d,865.7,0,37,gamble_right,You received 0 dollars.,18,1,4,-2,0,2
110,124,615eaaf99d191e2bc495b80d,1271.3,0,37,gamble_right,You received 0 dollars.,19,1,4,-2.5,0,2
58,124,615eaaf99d191e2bc495b80d,810.8,0,39,gamble_left,You received 0 dollars.,20,1,4,-3,0,2
62,124,615eaaf99d191e2bc495b80d,868,0,39,gamble_left,You received 0 dollars.,21,1,4,-3.5,0,2
4,124,615eaaf99d191e2bc495b80d,1704.9,0,39,gamble_left,You received 0 dollars.,22,1,4,-4,0,2
2,124,615eaaf99d191e2bc495b80d,1111,0,37,gamble_right,You received 0 dollars.,23,1,4,-4.5,0,2
137,124,615eaaf99d191e2bc495b80d,1179.3,0,37,gamble_right,You received 0 dollars.,24,1,4,-5,0,2
34,124,615eaaf99d191e2bc495b80d,1493.1,0,37,gamble_right,You received 0 dollars.,25,1,4,-5.5,0,2
14,124,615eaaf99d191e2bc495b80d,962,0,37,gamble_right,You received 0 dollars.,26,1,4,-6,0,2
129,124,615eaaf99d191e2bc495b80d,1244.5,0,37,gamble_right,You received 0 dollars.,27,1,4,-6.5,0,2
96,124,615eaaf99d191e2bc495b80d,832.9,0,39,gamble_left,You received 0 dollars.,28,1,4,-7,0,2
112,124,615eaaf99d191e2bc495b80d,1379.2,0,39,gamble_left,You received 0 dollars.,29,1,4,-7.5,0,2
144,124,615eaaf99d191e2bc495b80d,1210.1,0,39,gamble_left,You received 0 dollars.,30,1,4,-8,0,2
65,124,615eaaf99d191e2bc495b80d,867.8,0,39,gamble_left,You received 0 dollars.,31,1,5,-1.25,0,2
99,124,615eaaf99d191e2bc495b80d,1024.1,1,37,gamble_left,You lost -1.88 dollars.,32,1,5,-1.88,0,2
87,124,615eaaf99d191e2bc495b80d,1003.5,0,39,gamble_left,You received 0 dollars.,33,1,5,-2.5,0,2
51,124,615eaaf99d191e2bc495b80d,669.9,0,37,gamble_right,You received 0 dollars.,34,1,5,-3.13,0,2
118,124,615eaaf99d191e2bc495b80d,1492.8,1,39,gamble_right,You won 5 dollars.,35,1,5,-3.75,0,1
47,124,615eaaf99d191e2bc495b80d,794.9,0,39,gamble_left,You received 0 dollars.,36,1,5,-4.38,0,2
73,124,615eaaf99d191e2bc495b80d,895.9,0,37,gamble_right,You received 0 dollars.,37,1,5,-5,0,2
29,124,615eaaf99d191e2bc495b80d,1504.5,0,37,gamble_right,You received 0 dollars.,38,1,5,-5.63,0,2
49,124,615eaaf99d191e2bc495b80d,572.1,0,39,gamble_left,You received 0 dollars.,39,1,5,-6.25,0,2
102,124,615eaaf99d191e2bc495b80d,1247.9,0,39,gamble_left,You received 0 dollars.,40,1,5,-6.88,0,2
77,124,615eaaf99d191e2bc495b80d,1019,0,37,gamble_right,You received 0 dollars.,41,1,5,-7.5,0,2
30,124,615eaaf99d191e2bc495b80d,1573.7,1,37,gamble_left,You won 5 dollars.,42,1,5,-8.13,0,1
140,124,615eaaf99d191e2bc495b80d,1152.1,0,39,gamble_left,You received 0 dollars.,43,1,5,-8.75,0,2
115,124,615eaaf99d191e2bc495b80d,1149.3,0,39,gamble_left,You received 0 dollars.,44,1,5,-9.38,0,2
31,124,615eaaf99d191e2bc495b80d,1308,0,37,gamble_right,You received 0 dollars.,45,1,5,-10,0,2
148,124,615eaaf99d191e2bc495b80d,1176.9,0,37,gamble_right,You received 0 dollars.,46,1,6,-1.5,0,2
8,124,615eaaf99d191e2bc495b80d,1566.4,1,39,gamble_right,You lost -2.25 dollars.,47,1,6,-2.25,0,2
74,124,615eaaf99d191e2bc495b80d,837.7,0,39,gamble_left,You received 0 dollars.,48,1,6,-3,0,2
125,124,615eaaf99d191e2bc495b80d,1426,1,39,gamble_right,You won 6 dollars.,49,1,6,-3.75,0,1
131,124,615eaaf99d191e2bc495b80d,1322.5,0,37,gamble_right,You received 0 dollars.,50,1,6,-4.5,0,2
91,124,615eaaf99d191e2bc495b80d,614.3,0,37,gamble_right,You received 0 dollars.,51,1,6,-5.25,0,2
93,124,615eaaf99d191e2bc495b80d,814.7,0,39,gamble_left,You received 0 dollars.,52,1,6,-6,0,2
3,124,615eaaf99d191e2bc495b80d,987.4,0,39,gamble_left,You received 0 dollars.,53,1,6,-6.75,0,2
94,124,615eaaf99d191e2bc495b80d,732.1,0,39,gamble_left,You received 0 dollars.,54,1,6,-7.5,0,2
55,124,615eaaf99d191e2bc495b80d,723.7,0,39,gamble_left,You received 0 dollars.,55,1,6,-8.25,0,2
139,124,615eaaf99d191e2bc495b80d,1207.1,0,39,gamble_left,You received 0 dollars.,56,1,6,-9,0,2
128,124,615eaaf99d191e2bc495b80d,934.1,0,39,gamble_left,You received 0 dollars.,57,1,6,-9.75,0,2
57,124,615eaaf99d191e2bc495b80d,1043.4,0,37,gamble_right,You received 0 dollars.,58,1,6,-10.5,0,2
123,124,615eaaf99d191e2bc495b80d,1290.3,0,39,gamble_left,You received 0 dollars.,59,1,6,-11.25,0,2
71,124,615eaaf99d191e2bc495b80d,1055.8,0,37,gamble_right,You received 0 dollars.,60,1,6,-12,0,2
83,124,615eaaf99d191e2bc495b80d,881.1,0,39,gamble_left,You received 0 dollars.,61,1,8,-2,0,2
136,124,615eaaf99d191e2bc495b80d,1486,1,37,gamble_left,You lost -3 dollars.,62,1,8,-3,0,2
79,124,615eaaf99d191e2bc495b80d,830.2,0,37,gamble_right,You received 0 dollars.,63,1,8,-4,0,2
105,124,615eaaf99d191e2bc495b80d,1049.9,0,37,gamble_right,You received 0 dollars.,64,1,8,-5,0,2
66,124,615eaaf99d191e2bc495b80d,942.4,0,39,gamble_left,You received 0 dollars.,65,1,8,-6,0,2
121,124,615eaaf99d191e2bc495b80d,1219.5,0,37,gamble_right,You received 0 dollars.,66,1,8,-7,0,2
103,124,615eaaf99d191e2bc495b80d,933.8,0,39,gamble_left,You received 0 dollars.,67,1,8,-8,0,2
56,124,615eaaf99d191e2bc495b80d,815,0,39,gamble_left,You received 0 dollars.,68,1,8,-9,0,2
98,124,615eaaf99d191e2bc495b80d,810.7,0,37,gamble_right,You received 0 dollars.,69,1,8,-10,0,2
52,124,615eaaf99d191e2bc495b80d,805.4,0,39,gamble_left,You received 0 dollars.,70,1,8,-11,0,2
32,124,615eaaf99d191e2bc495b80d,1516,0,39,gamble_left,You received 0 dollars.,71,1,8,-12,0,2
72,124,615eaaf99d191e2bc495b80d,926.6,0,39,gamble_left,You received 0 dollars.,72,1,8,-13,0,2
17,124,615eaaf99d191e2bc495b80d,1796.7,1,39,gamble_right,You lost -14 dollars.,73,1,8,-14,0,2
26,124,615eaaf99d191e2bc495b80d,1223.5,1,39,gamble_right,You won 8 dollars.,74,1,8,-15,0,1
45,124,615eaaf99d191e2bc495b80d,673.7,0,37,gamble_right,You received 0 dollars.,75,1,8,-16,0,2
88,124,615eaaf99d191e2bc495b80d,725.1,0,39,gamble_left,You received 0 dollars.,76,1,9,-2.25,0,2
59,124,615eaaf99d191e2bc495b80d,819.5,0,37,gamble_right,You received 0 dollars.,77,1,9,-3.38,0,2
97,124,615eaaf99d191e2bc495b80d,922.5,0,37,gamble_right,You received 0 dollars.,78,1,9,-4.5,0,2
70,124,615eaaf99d191e2bc495b80d,983.9,0,39,gamble_left,You received 0 dollars.,79,1,9,-5.63,0,2
116,124,615eaaf99d191e2bc495b80d,1413.4,1,37,gamble_left,You won 9 dollars.,80,1,9,-6.75,0,1
149,124,615eaaf99d191e2bc495b80d,1195.6,0,37,gamble_right,You received 0 dollars.,81,1,9,-7.88,0,2
95,124,615eaaf99d191e2bc495b80d,714.8,0,39,gamble_left,You received 0 dollars.,82,1,9,-9,0,2
80,124,615eaaf99d191e2bc495b80d,822.3,0,39,gamble_left,You received 0 dollars.,83,1,9,-10.13,0,2
113,124,615eaaf99d191e2bc495b80d,1053.2,0,37,gamble_right,You received 0 dollars.,84,1,9,-11.25,0,2
132,124,615eaaf99d191e2bc495b80d,1269.2,0,39,gamble_left,You received 0 dollars.,85,1,9,-12.38,0,2
104,124,615eaaf99d191e2bc495b80d,1122.6,0,37,gamble_right,You received 0 dollars.,86,1,9,-13.5,0,2
138,124,615eaaf99d191e2bc495b80d,1011.9,0,37,gamble_right,You received 0 dollars.,87,1,9,-14.63,0,2
48,124,615eaaf99d191e2bc495b80d,666.4,0,39,gamble_left,You received 0 dollars.,88,1,9,-15.75,0,2
11,124,615eaaf99d191e2bc495b80d,1497.6,0,37,gamble_right,You received 0 dollars.,89,1,9,-16.88,0,2
69,124,615eaaf99d191e2bc495b80d,1121.1,0,39,gamble_left,You received 0 dollars.,90,1,9,-18,0,2
20,124,615eaaf99d191e2bc495b80d,878.9,1,37,gamble_left,You won 10 dollars.,91,1,10,-2.5,0,1
33,124,615eaaf99d191e2bc495b80d,1276.5,0,37,gamble_right,You received 0 dollars.,92,1,10,-3.75,0,2
50,124,615eaaf99d191e2bc495b80d,669.3,0,37,gamble_right,You received 0 dollars.,93,1,10,-5,0,2
90,124,615eaaf99d191e2bc495b80d,774.7,0,37,gamble_right,You received 0 dollars.,94,1,10,-6.25,0,2
127,124,615eaaf99d191e2bc495b80d,1045.4,0,39,gamble_left,You received 0 dollars.,95,1,10,-7.5,0,2
60,124,615eaaf99d191e2bc495b80d,962.2,0,37,gamble_right,You received 0 dollars.,96,1,10,-8.75,0,2
111,124,615eaaf99d191e2bc495b80d,1344.6,0,37,gamble_right,You received 0 dollars.,97,1,10,-10,0,2
5,124,615eaaf99d191e2bc495b80d,1672.7,0,39,gamble_left,You received 0 dollars.,98,1,10,-11.25,0,2
75,124,615eaaf99d191e2bc495b80d,1043.4,0,39,gamble_left,You received 0 dollars.,99,1,10,-12.5,0,2
82,124,615eaaf99d191e2bc495b80d,747.2,0,37,gamble_right,You received 0 dollars.,100,1,10,-13.75,0,2
117,124,615eaaf99d191e2bc495b80d,1373,0,39,gamble_left,You received 0 dollars.,101,1,10,-15,0,2
150,124,615eaaf99d191e2bc495b80d,1285.5,0,37,gamble_right,You received 0 dollars.,102,1,10,-16.25,0,2
43,124,615eaaf99d191e2bc495b80d,1052.8,0,37,gamble_right,You received 0 dollars.,103,1,10,-17.5,0,2
6,124,615eaaf99d191e2bc495b80d,1243.3,0,37,gamble_right,You received 0 dollars.,104,1,10,-18.75,0,2
119,124,615eaaf99d191e2bc495b80d,1223.3,0,39,gamble_left,You received 0 dollars.,105,1,10,-20,0,2
92,124,615eaaf99d191e2bc495b80d,844.4,0,39,gamble_left,You received 0 dollars.,106,1,12,-3,0,2
101,124,615eaaf99d191e2bc495b80d,1322.1,0,39,gamble_left,You received 0 dollars.,107,1,12,-4.5,0,2
23,124,615eaaf99d191e2bc495b80d,1529.8,1,39,gamble_right,You lost -6 dollars.,108,1,12,-6,0,2
141,124,615eaaf99d191e2bc495b80d,1349.4,1,37,gamble_left,You lost -7.5 dollars.,109,1,12,-7.5,0,2
25,124,615eaaf99d191e2bc495b80d,1101.8,1,39,gamble_right,You lost -9 dollars.,110,1,12,-9,0,2
15,124,615eaaf99d191e2bc495b80d,1764.2,0,39,gamble_left,You received 0 dollars.,111,1,12,-10.5,0,2
106,124,615eaaf99d191e2bc495b80d,1090.4,0,39,gamble_left,You received 0 dollars.,112,1,12,-12,0,2
122,124,615eaaf99d191e2bc495b80d,1324.2,0,39,gamble_left,You received 0 dollars.,113,1,12,-13.5,0,2
9,124,615eaaf99d191e2bc495b80d,1620.4,0,39,gamble_left,You received 0 dollars.,114,1,12,-15,0,2
7,124,615eaaf99d191e2bc495b80d,1387.1,0,37,gamble_right,You received 0 dollars.,115,1,12,-16.5,0,2
53,124,615eaaf99d191e2bc495b80d,884.3,0,39,gamble_left,You received 0 dollars.,116,1,12,-18,0,2
134,124,615eaaf99d191e2bc495b80d,1055,0,39,gamble_left,You received 0 dollars.,117,1,12,-19.5,0,2
41,124,615eaaf99d191e2bc495b80d,1165.8,0,39,gamble_left,You received 0 dollars.,118,1,12,-21,0,2
35,124,615eaaf99d191e2bc495b80d,1450.4,0,39,gamble_left,You received 0 dollars.,119,1,12,-22.5,0,2
107,124,615eaaf99d191e2bc495b80d,1060.9,0,37,gamble_right,You received 0 dollars.,120,1,12,-24,0,2
135,124,615eaaf99d191e2bc495b80d,921.3,0,37,gamble_right,You won 2 dollars.,121,2,4,0,2,1
10,124,615eaaf99d191e2bc495b80d,1119.8,0,37,gamble_right,You won 4 dollars.,122,2,8,0,4,1
61,124,615eaaf99d191e2bc495b80d,904.3,0,39,gamble_left,You won 6 dollars.,123,2,12,0,6,1
143,124,615eaaf99d191e2bc495b80d,1399.7,1,37,gamble_left,You won 18 dollars.,124,2,18,0,9,1
81,124,615eaaf99d191e2bc495b80d,783.2,0,37,gamble_right,You won 12 dollars.,125,2,24,0,12,1
1,124,615eaaf99d191e2bc495b80d,1266,0,39,gamble_left,You won 3 dollars.,126,2,5,0,3,1
44,124,615eaaf99d191e2bc495b80d,810.8,0,39,gamble_left,You won 4 dollars.,127,2,7,0,4,1
39,124,615eaaf99d191e2bc495b80d,890.9,0,39,gamble_left,You won 6 dollars.,128,2,10,0,6,1
133,124,615eaaf99d191e2bc495b80d,634.7,0,37,gamble_right,You won 10 dollars.,129,2,17,0,10,1
54,124,615eaaf99d191e2bc495b80d,1006.4,0,37,gamble_right,You won 13 dollars.,130,2,22,0,13,1
146,124,615eaaf99d191e2bc495b80d,908.2,0,37,gamble_right,You won 13 dollars.,131,2,28,0,13,1
37,124,615eaaf99d191e2bc495b80d,1265.3,0,39,gamble_left,You won 2 dollars.,132,2,5,0,2,1
38,124,615eaaf99d191e2bc495b80d,982.9,0,37,gamble_right,You won 10 dollars.,133,2,26,0,10,1
63,124,615eaaf99d191e2bc495b80d,698.8,0,37,gamble_right,You won 3 dollars.,134,2,7,0,3,1
114,124,615eaaf99d191e2bc495b80d,1115.3,0,39,gamble_left,You won 5 dollars.,135,2,13,0,5,1
21,124,615eaaf99d191e2bc495b80d,1080.4,0,37,gamble_right,You won 6 dollars.,136,2,12,0,6,1
85,124,615eaaf99d191e2bc495b80d,1017.7,0,39,gamble_left,You won 10 dollars.,137,2,25,0,10,1
126,124,615eaaf99d191e2bc495b80d,732.7,0,37,gamble_right,You won 2 dollars.,138,2,4,0,2,1
46,124,615eaaf99d191e2bc495b80d,717.3,0,39,gamble_left,You won 1 dollars.,139,2,3,0,1,1
145,124,615eaaf99d191e2bc495b80d,1000.8,1,37,gamble_left,You won 25 dollars.,140,2,25,0,9,1
124,124,615eaaf99d191e2bc495b80d,1072.8,0,37,gamble_right,You won 6 dollars.,141,2,13,0,6,1
109,124,615eaaf99d191e2bc495b80d,975.2,0,39,gamble_left,You won 10 dollars.,142,2,22,0,10,1
100,124,615eaaf99d191e2bc495b80d,913.3,0,37,gamble_right,You won 5 dollars.,143,2,12,0,5,1
86,124,615eaaf99d191e2bc495b80d,1259.6,0,37,gamble_right,You won 1 dollars.,144,2,2,0,1,1
108,124,615eaaf99d191e2bc495b80d,1263.9,1,39,gamble_right,You won 8 dollars.,145,2,8,0,3,1
142,124,615eaaf99d191e2bc495b80d,805.2,0,39,gamble_left,You won 8 dollars.,146,2,19,0,8,1
130,124,615eaaf99d191e2bc495b80d,887.4,0,39,gamble_left,You won 12 dollars.,147,2,26,0,12,1
22,124,615eaaf99d191e2bc495b80d,NA,NA,NA,gamble_left,Trial missed.,148,2,30,0,12,3
147,124,615eaaf99d191e2bc495b80d,887.7,1,37,gamble_left,You won 23 dollars.,149,2,23,0,10,1
68,124,615eaaf99d191e2bc495b80d,798.6,0,37,gamble_right,You won 4 dollars.,150,2,12,0,4,1