trial_index,ID,subject,rt,responses,key_press,gamble_location,stimulus,Trial_ID,Trial_Type,Gain,Loss,Certain,Trial_Outcome
51,125,5f8893a5e2f88a04b1833278,957.3,0,39,gamble_left,You received 0 dollars.,1,1,2,-0.5,0,2
135,125,5f8893a5e2f88a04b1833278,1024.5,1,37,gamble_left,You lost -0.75 dollars.,2,1,2,-0.75,0,2
54,125,5f8893a5e2f88a04b1833278,1066.9,0,37,gamble_right,You received 0 dollars.,3,1,2,-1,0,2
24,125,5f8893a5e2f88a04b1833278,1249.8,1,37,gamble_left,You won 2 dollars.,4,1,2,-1.25,0,1
68,125,5f8893a5e2f88a04b1833278,1057,0,37,gamble_right,You received 0 dollars.,5,1,2,-1.5,0,2
32,125,5f8893a5e2f88a04b1833278,1337.5,1,37,gamble_left,You lost -1.75 dollars.,6,1,2,-1.75,0,2
123,125,5f8893a5e2f88a04b1833278,1026.5,0,39,gamble_left,You received 0 dollars.,7,1,2,-2,0,2
70,125,5f8893a5e2f88a04b1833278,970.3,0,37,gamble_right,You received 0 dollars.,8,1,2,-2.25,0,2
122,125,5f8893a5e2f88a04b1833278,1169,0,39,gamble_left,You received 0 dollars.,9,1,2,-2.5,0,2
15,125,5f8893a5e2f88a04b1833278,1082.3,0,37,gamble_right,You received 0 dollars.,10,1,2,-2.75,0,2
50,125,5f8893a5e2f88a04b1833278,1084.5,0,39,gamble_left,You received 0 dollars.,11,1,2,-3,0,2
7,125,5f8893a5e2f88a04b1833278,858.8,0,37,gamble_right,You received 0 dollars.,12,1,2,-3.25,0,2
140,125,5f8893a5e2f88a04b1833278,1070.4,0,39,gamble_left,You received 0 dollars.,13,1,2,-3.5,0,2
112,125,5f8893a5e2f88a04b1833278,1099.3,0,39,gamble_left,You received 0 dollars.,14,1,2,-3.75,0,2
1,125,5f8893a5e2f88a04b1833278,1118.7,1,39,gamble_right,You lost -4 dollars.,15,1,2,-4,0,2
139,125,5f8893a5e2f88a04b1833278,1158.2,0,37,gamble_right,You received 0 dollars.,16,1,4,-1,0,2
113,125,5f8893a5e2f88a04b1833278,1234.2,1,39,gamble_right,You lost -1.5 dollars.,17,1,4,-1.5,0,2
150,125,5f8893a5e2f88a04b1833278,980.2,0,39,gamble_left,You received 0 dollars.,18,1,4,-2,0,2
126,125,5f8893a5e2f88a04b1833278,1921.7,0,39,gamble_left,You received 0 dollars.,19,1,4,-2.5,0,2
34,125,5f8893a5e2f88a04b1833278,1267.2,0,39,gamble_left,You received 0 dollars.,20,1,4,-3,0,2
127,125,5f8893a5e2f88a04b1833278,1322.8,1,39,gamble_right,You lost -3.5 dollars.,21,1,4,-3.5,0,2
80,125,5f8893a5e2f88a04b1833278,1074.5,1,37,gamble_left,You won 4 dollars.,22,1,4,-4,0,1
90,125,5f8893a5e2f88a04b1833278,1039.2,0,37,gamble_right,You received 0 dollars.,23,1,4,-4.5,0,2
128,125,5f8893a5e2f88a04b1833278,994.7,0,37,gamble_right,You received 0 dollars.,24,1,4,-5,0,2
49,125,5f8893a5e2f88a04b1833278,1157.2,0,39,gamble_left,You received 0 dollars.,25,1,4,-5.5,0,2
56,125,5f8893a5e2f88a04b1833278,1330.5,0,39,gamble_left,You received 0 dollars.,26,1,4,-6,0,2
131,125,5f8893a5e2f88a04b1833278,978.4,0,39,gamble_left,You received 0 dollars.,27,1,4,-6.5,0,2
145,125,5f8893a5e2f88a04b1833278,837,0,37,gamble_right,You received 0 dollars.,28,1,4,-7,0,2
146,125,5f8893a5e2f88a04b1833278,755.9,0,37,gamble_right,You received 0 dollars.,29,1,4,-7.5,0,2
117,125,5f8893a5e2f88a04b1833278,1091.5,0,39,gamble_left,You received 0 dollars.,30,1,4,-8,0,2
47,125,5f8893a5e2f88a04b1833278,1071.4,0,39,gamble_left,You received 0 dollars.,31,1,5,-1.25,0,2
149,125,5f8893a5e2f88a04b1833278,1044.3,0,37,gamble_right,You received 0 dollars.,32,1,5,-1.88,0,2
13,125,5f8893a5e2f88a04b1833278,986.7,0,37,gamble_right,You received 0 dollars.,33,1,5,-2.5,0,2
129,125,5f8893a5e2f88a04b1833278,1266.4,1,39,gamble_right,You lost -3.13 dollars.,34,1,5,-3.13,0,2
114,125,5f8893a5e2f88a04b1833278,1010.9,1,39,gamble_right,You won 5 dollars.,35,1,5,-3.75,0,1
39,125,5f8893a5e2f88a04b1833278,1385.3,0,37,gamble_right,You received 0 dollars.,36,1,5,-4.38,0,2
37,125,5f8893a5e2f88a04b1833278,1353.6,0,39,gamble_left,You received 0 dollars.,37,1,5,-5,0,2
28,125,5f8893a5e2f88a04b1833278,1153.6,0,39,gamble_left,You received 0 dollars.,38,1,5,-5.63,0,2
44,125,5f8893a5e2f88a04b1833278,1222.3,1,37,gamble_left,You won 5 dollars.,39,1,5,-6.25,0,1
142,125,5f8893a5e2f88a04b1833278,1102,0,39,gamble_left,You received 0 dollars.,40,1,5,-6.88,0,2
26,125,5f8893a5e2f88a04b1833278,1058.6,0,39,gamble_left,You received 0 dollars.,41,1,5,-7.5,0,2
16,125,5f8893a5e2f88a04b1833278,883,0,37,gamble_right,You received 0 dollars.,42,1,5,-8.13,0,2
144,125,5f8893a5e2f88a04b1833278,1085.7,0,39,gamble_left,You received 0 dollars.,43,1,5,-8.75,0,2
6,125,5f8893a5e2f88a04b1833278,1060,0,37,gamble_right,You received 0 dollars.,44,1,5,-9.38,0,2
66,125,5f8893a5e2f88a04b1833278,986.5,0,39,gamble_left,You received 0 dollars.,45,1,5,-10,0,2
141,125,5f8893a5e2f88a04b1833278,1293.7,1,37,gamble_left,You won 6 dollars.,46,1,6,-1.5,0,1
134,125,5f8893a5e2f88a04b1833278,921,1,37,gamble_left,You won 6 dollars.,47,1,6,-2.25,0,1
27,125,5f8893a5e2f88a04b1833278,1018.3,1,37,gamble_left,You lost -3 dollars.,48,1,6,-3,0,2
97,125,5f8893a5e2f88a04b1833278,892.8,0,39,gamble_left,You received 0 dollars.,49,1,6,-3.75,0,2
8,125,5f8893a5e2f88a04b1833278,1003.1,1,39,gamble_right,You lost -4.5 dollars.,50,1,6,-4.5,0,2
64,125,5f8893a5e2f88a04b1833278,970.5,0,39,gamble_left,You received 0 dollars.,51,1,6,-5.25,0,2
76,125,5f8893a5e2f88a04b1833278,1025.5,0,37,gamble_right,You received 0 dollars.,52,1,6,-6,0,2
130,125,5f8893a5e2f88a04b1833278,1193.2,0,37,gamble_right,You received 0 dollars.,53,1,6,-6.75,0,2
105,125,5f8893a5e2f88a04b1833278,1154.1,0,37,gamble_right,You received 0 dollars.,54,1,6,-7.5,0,2
61,125,5f8893a5e2f88a04b1833278,1116.2,0,37,gamble_right,You received 0 dollars.,55,1,6,-8.25,0,2
137,125,5f8893a5e2f88a04b1833278,1110.5,0,37,gamble_right,You received 0 dollars.,56,1,6,-9,0,2
4,125,5f8893a5e2f88a04b1833278,1116.5,0,39,gamble_left,You received 0 dollars.,57,1,6,-9.75,0,2
74,125,5f8893a5e2f88a04b1833278,1049.8,0,37,gamble_right,You received 0 dollars.,58,1,6,-10.5,0,2
55,125,5f8893a5e2f88a04b1833278,948,0,37,gamble_right,You received 0 dollars.,59,1,6,-11.25,0,2
72,125,5f8893a5e2f88a04b1833278,1106.7,0,39,gamble_left,You received 0 dollars.,60,1,6,-12,0,2
109,125,5f8893a5e2f88a04b1833278,1011.4,1,37,gamble_left,You lost -2 dollars.,61,1,8,-2,0,2
81,125,5f8893a5e2f88a04b1833278,842.3,1,39,gamble_right,You won 8 dollars.,62,1,8,-3,0,1
93,125,5f8893a5e2f88a04b1833278,1309.7,0,37,gamble_right,You received 0 dollars.,63,1,8,-4,0,2
20,125,5f8893a5e2f88a04b1833278,1107.7,1,37,gamble_left,You won 8 dollars.,64,1,8,-5,0,1
87,125,5f8893a5e2f88a04b1833278,984,0,39,gamble_left,You received 0 dollars.,65,1,8,-6,0,2
88,125,5f8893a5e2f88a04b1833278,1216.5,0,39,gamble_left,You received 0 dollars.,66,1,8,-7,0,2
99,125,5f8893a5e2f88a04b1833278,1380,1,39,gamble_right,You lost -8 dollars.,67,1,8,-8,0,2
14,125,5f8893a5e2f88a04b1833278,1531.2,0,37,gamble_right,You received 0 dollars.,68,1,8,-9,0,2
102,125,5f8893a5e2f88a04b1833278,995.9,0,39,gamble_left,You received 0 dollars.,69,1,8,-10,0,2
116,125,5f8893a5e2f88a04b1833278,1098,0,39,gamble_left,You received 0 dollars.,70,1,8,-11,0,2
9,125,5f8893a5e2f88a04b1833278,1004,0,39,gamble_left,You received 0 dollars.,71,1,8,-12,0,2
85,125,5f8893a5e2f88a04b1833278,1016.2,0,37,gamble_right,You received 0 dollars.,72,1,8,-13,0,2
82,125,5f8893a5e2f88a04b1833278,1377.3,0,39,gamble_left,You received 0 dollars.,73,1,8,-14,0,2
108,125,5f8893a5e2f88a04b1833278,1163.1,0,37,gamble_right,You received 0 dollars.,74,1,8,-15,0,2
133,125,5f8893a5e2f88a04b1833278,1203,0,37,gamble_right,You received 0 dollars.,75,1,8,-16,0,2
118,125,5f8893a5e2f88a04b1833278,1225.3,1,39,gamble_right,You won 9 dollars.,76,1,9,-2.25,0,1
106,125,5f8893a5e2f88a04b1833278,1082.4,1,37,gamble_left,You lost -3.38 dollars.,77,1,9,-3.38,0,2
84,125,5f8893a5e2f88a04b1833278,1540.9,0,37,gamble_right,You received 0 dollars.,78,1,9,-4.5,0,2
79,125,5f8893a5e2f88a04b1833278,769,0,39,gamble_left,You received 0 dollars.,79,1,9,-5.63,0,2
17,125,5f8893a5e2f88a04b1833278,1195.6,0,39,gamble_left,You received 0 dollars.,80,1,9,-6.75,0,2
48,125,5f8893a5e2f88a04b1833278,1308.7,1,39,gamble_right,You won 9 dollars.,81,1,9,-7.88,0,1
132,125,5f8893a5e2f88a04b1833278,1035.2,0,39,gamble_left,You received 0 dollars.,82,1,9,-9,0,2
95,125,5f8893a5e2f88a04b1833278,1342.4,0,39,gamble_left,You received 0 dollars.,83,1,9,-10.13,0,2
58,125,5f8893a5e2f88a04b1833278,972.2,0,39,gamble_left,You received 0 dollars.,84,1,9,-11.25,0,2
29,125,5f8893a5e2f88a04b1833278,1131.1,0,39,gamble_left,You received 0 dollars.,85,1,9,-12.38,0,2
75,125,5f8893a5e2f88a04b1833278,1035.4,0,37,gamble_right,You received 0 dollars.,86,1,9,-13.5,0,2
40,125,5f8893a5e2f88a04b1833278,1015.7,0,37,gamble_right,You received 0 dollars.,87,1,9,-14.63,0,2
31,125,5f8893a5e2f88a04b1833278,1523.2,0,37,gamble_right,You received 0 dollars.,88,1,9,-15.75,0,2
67,125,5f8893a5e2f88a04b1833278,914.2,0,39,gamble_left,You received 0 dollars.,89,1,9,-16.88,0,2
148,125,5f8893a5e2f88a04b1833278,1115.5,0,37,gamble_right,You received 0 dollars.,90,1,9,-18,0,2
91,125,5f8893a5e2f88a04b1833278,1151.1,1,39,gamble_right,You lost -2.5 dollars.,91,1,10,-2.5,0,2
94,125,5f8893a5e2f88a04b1833278,1173.1,1,39,gamble_right,You lost -3.75 dollars.,92,1,10,-3.75,0,2
98,125,5f8893a5e2f88a04b1833278,972.7,1,37,gamble_left,You lost -5 dollars.,93,1,10,-5,0,2
22,125,5f8893a5e2f88a04b1833278,1267.6,1,39,gamble_right,You won 10 dollars.,94,1,10,-6.25,0,1
38,125,5f8893a5e2f88a04b1833278,1324.5,1,39,gamble_right,You lost -7.5 dollars.,95,1,10,-7.5,0,2
115,125,5f8893a5e2f88a04b1833278,1427.6,1,37,gamble_left,You won 10 dollars.,96,1,10,-8.75,0,1
104,125,5f8893a5e2f88a04b1833278,1391.4,0,39,gamble_left,You received 0 dollars.,97,1,10,-10,0,2
5,125,5f8893a5e2f88a04b1833278,1100.1,0,37,gamble_right,You received 0 dollars.,98,1,10,-11.25,0,2
143,125,5f8893a5e2f88a04b1833278,1238.1,0,37,gamble_right,You received 0 dollars.,99,1,10,-12.5,0,2
110,125,5f8893a5e2f88a04b1833278,1339.4,0,39,gamble_left,You received 0 dollars.,100,1,10,-13.75,0,2
138,125,5f8893a5e2f88a04b1833278,990.8,0,39,gamble_left,You received 0 dollars.,101,1,10,-15,0,2
36,125,5f8893a5e2f88a04b1833278,1526.5,0,39,gamble_left,You received 0 dollars.,102,1,10,-16.25,0,2
121,125,5f8893a5e2f88a04b1833278,1194.3,0,39,gamble_left,You received 0 dollars.,103,1,10,-17.5,0,2
52,125,5f8893a5e2f88a04b1833278,930.6,0,39,gamble_left,You received 0 dollars.,104,1,10,-18.75,0,2
103,125,5f8893a5e2f88a04b1833278,1059.2,0,37,gamble_right,You received 0 dollars.,105,1,10,-20,0,2
41,125,5f8893a5e2f88a04b1833278,767.7,1,39,gamble_right,You won 12 dollars.,106,1,12,-3,0,1
3,125,5f8893a5e2f88a04b1833278,1011.9,1,39,gamble_right,You won 12 dollars.,107,1,12,-4.5,0,1
124,125,5f8893a5e2f88a04b1833278,1282.4,1,37,gamble_left,You won 12 dollars.,108,1,12,-6,0,1
33,125,5f8893a5e2f88a04b1833278,1210.2,1,37,gamble_left,You won 12 dollars.,109,1,12,-7.5,0,1
119,125,5f8893a5e2f88a04b1833278,1114.8,1,37,gamble_left,You won 12 dollars.,110,1,12,-9,0,1
136,125,5f8893a5e2f88a04b1833278,1472.3,1,39,gamble_right,You won 12 dollars.,111,1,12,-10.5,0,1
65,125,5f8893a5e2f88a04b1833278,690.5,0,39,gamble_left,You received 0 dollars.,112,1,12,-12,0,2
53,125,5f8893a5e2f88a04b1833278,858.9,0,39,gamble_left,You received 0 dollars.,113,1,12,-13.5,0,2
69,125,5f8893a5e2f88a04b1833278,1082.9,0,39,gamble_left,You received 0 dollars.,114,1,12,-15,0,2
2,125,5f8893a5e2f88a04b1833278,1180,0,39,gamble_left,You received 0 dollars.,115,1,12,-16.5,0,2
78,125,5f8893a5e2f88a04b1833278,1033.8,0,39,gamble_left,You received 0 dollars.,116,1,12,-18,0,2
71,125,5f8893a5e2f88a04b1833278,753.6,0,39,gamble_left,You received 0 dollars.,117,1,12,-19.5,0,2
111,125,5f8893a5e2f88a04b1833278,1218.4,0,37,gamble_right,You received 0 dollars.,118,1,12,-21,0,2
96,125,5f8893a5e2f88a04b1833278,1340,0,37,gamble_right,You received 0 dollars.,119,1,12,-22.5,0,2
92,125,5f8893a5e2f88a04b1833278,1342.3,0,39,gamble_left,You received 0 dollars.,120,1,12,-24,0,2
42,125,5f8893a5e2f88a04b1833278,927.1,0,37,gamble_right,You won 2 dollars.,121,2,4,0,2,1
73,125,5f8893a5e2f88a04b1833278,690.2,0,39,gamble_left,You won 4 dollars.,122,2,8,0,4,1
30,125,5f8893a5e2f88a04b1833278,858,0,37,gamble_right,You won 6 dollars.,123,2,12,0,6,1
101,125,5f8893a5e2f88a04b1833278,926.5,0,39,gamble_left,You won 9 dollars.,124,2,18,0,9,1
12,125,5f8893a5e2f88a04b1833278,619,0,39,gamble_left,You won 12 dollars.,125,2,24,0,12,1
120,125,5f8893a5e2f88a04b1833278,922.8,1,39,gamble_right,You won 5 dollars.,126,2,5,0,3,1
89,125,5f8893a5e2f88a04b1833278,670.9,0,39,gamble_left,You won 4 dollars.,127,2,7,0,4,1
100,125,5f8893a5e2f88a04b1833278,763.5,0,37,gamble_right,You won 6 dollars.,128,2,10,0,6,1
107,125,5f8893a5e2f88a04b1833278,916.1,1,39,gamble_right,You received 0 dollars.,129,2,17,0,10,2
63,125,5f8893a5e2f88a04b1833278,1194.5,1,37,gamble_left,You won 22 dollars.,130,2,22,0,13,1
19,125,5f8893a5e2f88a04b1833278,621.5,0,39,gamble_left,You won 13 dollars.,131,2,28,0,13,1
10,125,5f8893a5e2f88a04b1833278,939.5,1,37,gamble_left,You received 0 dollars.,132,2,5,0,2,2
46,125,5f8893a5e2f88a04b1833278,1269.2,1,39,gamble_right,You won 26 dollars.,133,2,26,0,10,1
60,125,5f8893a5e2f88a04b1833278,715,0,39,gamble_left,You won 3 dollars.,134,2,7,0,3,1
18,125,5f8893a5e2f88a04b1833278,651.2,0,39,gamble_left,You won 5 dollars.,135,2,13,0,5,1
86,125,5f8893a5e2f88a04b1833278,686.9,0,39,gamble_left,You won 6 dollars.,136,2,12,0,6,1
11,125,5f8893a5e2f88a04b1833278,923.6,0,39,gamble_left,You won 10 dollars.,137,2,25,0,10,1
45,125,5f8893a5e2f88a04b1833278,630.3,0,39,gamble_left,You won 2 dollars.,138,2,4,0,2,1
62,125,5f8893a5e2f88a04b1833278,874.1,0,37,gamble_right,You won 1 dollars.,139,2,3,0,1,1
35,125,5f8893a5e2f88a04b1833278,1034.6,1,37,gamble_left,You won 25 dollars.,140,2,25,0,9,1
147,125,5f8893a5e2f88a04b1833278,661.5,0,37,gamble_right,You won 6 dollars.,141,2,13,0,6,1
21,125,5f8893a5e2f88a04b1833278,858.1,0,37,gamble_right,You won 10 dollars.,142,2,22,0,10,1
23,125,5f8893a5e2f88a04b1833278,570.6,0,37,gamble_right,You won 5 dollars.,143,2,12,0,5,1
83,125,5f8893a5e2f88a04b1833278,922.4,0,37,gamble_right,You won 1 dollars.,144,2,2,0,1,1
59,125,5f8893a5e2f88a04b1833278,1115.4,1,37,gamble_left,You received 0 dollars.,145,2,8,0,3,2
125,125,5f8893a5e2f88a04b1833278,1217.7,0,37,gamble_right,You won 8 dollars.,146,2,19,0,8,1
57,125,5f8893a5e2f88a04b1833278,620.1,0,39,gamble_left,You won 12 dollars.,147,2,26,0,12,1
77,125,5f8893a5e2f88a04b1833278,667,0,39,gamble_left,You won 12 dollars.,148,2,30,0,12,1
25,125,5f8893a5e2f88a04b1833278,563.4,0,39,gamble_left,You won 10 dollars.,149,2,23,0,10,1
43,125,5f8893a5e2f88a04b1833278,695.4,0,37,gamble_right,You won 4 dollars.,150,2,12,0,4,1