trial_index,ID,subject,rt,responses,key_press,gamble_location,stimulus,Trial_ID,Trial_Type,Gain,Loss,Certain,Trial_Outcome
72,126,60d74024b3e48037559f8295,832.2,0,37,gamble_right,You received 0 dollars.,1,1,2,-0.5,0,2
99,126,60d74024b3e48037559f8295,1294.3,1,39,gamble_right,You lost -0.75 dollars.,2,1,2,-0.75,0,2
4,126,60d74024b3e48037559f8295,1001.2,1,39,gamble_right,You won 2 dollars.,3,1,2,-1,0,1
108,126,60d74024b3e48037559f8295,934.7,1,37,gamble_left,You won 2 dollars.,4,1,2,-1.25,0,1
104,126,60d74024b3e48037559f8295,1023.9,1,39,gamble_right,You lost -1.5 dollars.,5,1,2,-1.5,0,2
129,126,60d74024b3e48037559f8295,1120.5,1,39,gamble_right,You lost -1.75 dollars.,6,1,2,-1.75,0,2
33,126,60d74024b3e48037559f8295,1014.8,0,37,gamble_right,You received 0 dollars.,7,1,2,-2,0,2
7,126,60d74024b3e48037559f8295,1121.8,1,37,gamble_left,You lost -2.25 dollars.,8,1,2,-2.25,0,2
12,126,60d74024b3e48037559f8295,1137.6,1,39,gamble_right,You won 2 dollars.,9,1,2,-2.5,0,1
147,126,60d74024b3e48037559f8295,1502.2,0,39,gamble_left,You received 0 dollars.,10,1,2,-2.75,0,2
70,126,60d74024b3e48037559f8295,1004.1,0,37,gamble_right,You received 0 dollars.,11,1,2,-3,0,2
43,126,60d74024b3e48037559f8295,869.2,0,37,gamble_right,You received 0 dollars.,12,1,2,-3.25,0,2
76,126,60d74024b3e48037559f8295,848.2,0,39,gamble_left,You received 0 dollars.,13,1,2,-3.5,0,2
91,126,60d74024b3e48037559f8295,885.4,0,37,gamble_right,You received 0 dollars.,14,1,2,-3.75,0,2
64,126,60d74024b3e48037559f8295,1110.5,1,37,gamble_left,You won 2 dollars.,15,1,2,-4,0,1
120,126,60d74024b3e48037559f8295,1096.1,1,39,gamble_right,You won 4 dollars.,16,1,4,-1,0,1
125,126,60d74024b3e48037559f8295,950.8,1,39,gamble_right,You won 4 dollars.,17,1,4,-1.5,0,1
80,126,60d74024b3e48037559f8295,1121.6,0,37,gamble_right,You received 0 dollars.,18,1,4,-2,0,2
98,126,60d74024b3e48037559f8295,945.8,1,37,gamble_left,You won 4 dollars.,19,1,4,-2.5,0,1
34,126,60d74024b3e48037559f8295,1181.2,0,39,gamble_left,You received 0 dollars.,20,1,4,-3,0,2
130,126,60d74024b3e48037559f8295,1196.3,1,37,gamble_left,You won 4 dollars.,21,1,4,-3.5,0,1
146,126,60d74024b3e48037559f8295,1439.5,1,39,gamble_right,You won 4 dollars.,22,1,4,-4,0,1
74,126,60d74024b3e48037559f8295,802.1,0,37,gamble_right,You received 0 dollars.,23,1,4,-4.5,0,2
116,126,60d74024b3e48037559f8295,922.3,0,39,gamble_left,You received 0 dollars.,24,1,4,-5,0,2
123,126,60d74024b3e48037559f8295,1235.7,0,37,gamble_right,You received 0 dollars.,25,1,4,-5.5,0,2
121,126,60d74024b3e48037559f8295,1471.4,0,37,gamble_right,You received 0 dollars.,26,1,4,-6,0,2
142,126,60d74024b3e48037559f8295,1284.7,0,37,gamble_right,You received 0 dollars.,27,1,4,-6.5,0,2
143,126,60d74024b3e48037559f8295,1307.5,0,39,gamble_left,You received 0 dollars.,28,1,4,-7,0,2
126,126,60d74024b3e48037559f8295,1257.4,0,39,gamble_left,You received 0 dollars.,29,1,4,-7.5,0,2
2,126,60d74024b3e48037559f8295,1105.4,0,37,gamble_right,You received 0 dollars.,30,1,4,-8,0,2
113,126,60d74024b3e48037559f8295,1106.5,1,39,gamble_right,You won 5 dollars.,31,1,5,-1.25,0,1
16,126,60d74024b3e48037559f8295,872.7,1,37,gamble_left,You lost -1.88 dollars.,32,1,5,-1.88,0,2
133,126,60d74024b3e48037559f8295,1058.2,0,37,gamble_right,You received 0 dollars.,33,1,5,-2.5,0,2
82,126,60d74024b3e48037559f8295,1039.7,0,37,gamble_right,You received 0 dollars.,34,1,5,-3.13,0,2
111,126,60d74024b3e48037559f8295,1102.7,1,39,gamble_right,You lost -3.75 dollars.,35,1,5,-3.75,0,2
3,126,60d74024b3e48037559f8295,1061.5,1,37,gamble_left,You lost -4.38 dollars.,36,1,5,-4.38,0,2
14,126,60d74024b3e48037559f8295,871.5,1,37,gamble_left,You won 5 dollars.,37,1,5,-5,0,1
13,126,60d74024b3e48037559f8295,1150.5,0,37,gamble_right,You received 0 dollars.,38,1,5,-5.63,0,2
25,126,60d74024b3e48037559f8295,1127.9,0,39,gamble_left,You received 0 dollars.,39,1,5,-6.25,0,2
36,126,60d74024b3e48037559f8295,1005.6,0,39,gamble_left,You received 0 dollars.,40,1,5,-6.88,0,2
144,126,60d74024b3e48037559f8295,1306.6,0,37,gamble_right,You received 0 dollars.,41,1,5,-7.5,0,2
37,126,60d74024b3e48037559f8295,940.9,0,39,gamble_left,You received 0 dollars.,42,1,5,-8.13,0,2
17,126,60d74024b3e48037559f8295,913,0,39,gamble_left,You received 0 dollars.,43,1,5,-8.75,0,2
54,126,60d74024b3e48037559f8295,789.6,0,39,gamble_left,You received 0 dollars.,44,1,5,-9.38,0,2
41,126,60d74024b3e48037559f8295,1036.8,0,37,gamble_right,You received 0 dollars.,45,1,5,-10,0,2
128,126,60d74024b3e48037559f8295,1053.3,1,37,gamble_left,You won 6 dollars.,46,1,6,-1.5,0,1
73,126,60d74024b3e48037559f8295,935.3,1,39,gamble_right,You lost -2.25 dollars.,47,1,6,-2.25,0,2
61,126,60d74024b3e48037559f8295,1028.1,1,37,gamble_left,You lost -3 dollars.,48,1,6,-3,0,2
145,126,60d74024b3e48037559f8295,1546.3,1,37,gamble_left,You lost -3.75 dollars.,49,1,6,-3.75,0,2
65,126,60d74024b3e48037559f8295,971.4,0,39,gamble_left,You received 0 dollars.,50,1,6,-4.5,0,2
92,126,60d74024b3e48037559f8295,958.1,0,39,gamble_left,You received 0 dollars.,51,1,6,-5.25,0,2
132,126,60d74024b3e48037559f8295,1130,0,37,gamble_right,You received 0 dollars.,52,1,6,-6,0,2
141,126,60d74024b3e48037559f8295,1289.8,1,37,gamble_left,You lost -6.75 dollars.,53,1,6,-6.75,0,2
148,126,60d74024b3e48037559f8295,1268.8,1,37,gamble_left,You won 6 dollars.,54,1,6,-7.5,0,1
19,126,60d74024b3e48037559f8295,1125.6,0,37,gamble_right,You received 0 dollars.,55,1,6,-8.25,0,2
1,126,60d74024b3e48037559f8295,1250.5,1,39,gamble_right,You won 6 dollars.,56,1,6,-9,0,1
95,126,60d74024b3e48037559f8295,877.3,1,39,gamble_right,You won 6 dollars.,57,1,6,-9.75,0,1
97,126,60d74024b3e48037559f8295,903.8,0,39,gamble_left,You received 0 dollars.,58,1,6,-10.5,0,2
112,126,60d74024b3e48037559f8295,1398.5,0,39,gamble_left,You received 0 dollars.,59,1,6,-11.25,0,2
77,126,60d74024b3e48037559f8295,1005.3,0,39,gamble_left,You received 0 dollars.,60,1,6,-12,0,2
122,126,60d74024b3e48037559f8295,1164.3,1,37,gamble_left,You lost -2 dollars.,61,1,8,-2,0,2
29,126,60d74024b3e48037559f8295,971.9,1,37,gamble_left,You lost -3 dollars.,62,1,8,-3,0,2
24,126,60d74024b3e48037559f8295,1055.4,1,39,gamble_right,You won 8 dollars.,63,1,8,-4,0,1
59,126,60d74024b3e48037559f8295,946.4,1,37,gamble_left,You lost -5 dollars.,64,1,8,-5,0,2
6,126,60d74024b3e48037559f8295,979.8,0,39,gamble_left,You received 0 dollars.,65,1,8,-6,0,2
47,126,60d74024b3e48037559f8295,1026,0,37,gamble_right,You received 0 dollars.,66,1,8,-7,0,2
107,126,60d74024b3e48037559f8295,1068.1,0,39,gamble_left,You received 0 dollars.,67,1,8,-8,0,2
48,126,60d74024b3e48037559f8295,897.6,1,39,gamble_right,You lost -9 dollars.,68,1,8,-9,0,2
119,126,60d74024b3e48037559f8295,1223.1,0,37,gamble_right,You received 0 dollars.,69,1,8,-10,0,2
30,126,60d74024b3e48037559f8295,1138.5,0,39,gamble_left,You received 0 dollars.,70,1,8,-11,0,2
137,126,60d74024b3e48037559f8295,1193,0,39,gamble_left,You received 0 dollars.,71,1,8,-12,0,2
106,126,60d74024b3e48037559f8295,1200.1,0,39,gamble_left,You received 0 dollars.,72,1,8,-13,0,2
86,126,60d74024b3e48037559f8295,1042.7,0,37,gamble_right,You received 0 dollars.,73,1,8,-14,0,2
56,126,60d74024b3e48037559f8295,887.9,0,39,gamble_left,You received 0 dollars.,74,1,8,-15,0,2
79,126,60d74024b3e48037559f8295,969.1,0,37,gamble_right,You received 0 dollars.,75,1,8,-16,0,2
28,126,60d74024b3e48037559f8295,924.4,1,37,gamble_left,You lost -2.25 dollars.,76,1,9,-2.25,0,2
71,126,60d74024b3e48037559f8295,815,0,39,gamble_left,You received 0 dollars.,77,1,9,-3.38,0,2
50,126,60d74024b3e48037559f8295,977.1,0,37,gamble_right,You received 0 dollars.,78,1,9,-4.5,0,2
10,126,60d74024b3e48037559f8295,1101.8,1,39,gamble_right,You lost -5.63 dollars.,79,1,9,-5.63,0,2
21,126,60d74024b3e48037559f8295,920,1,39,gamble_right,You won 9 dollars.,80,1,9,-6.75,0,1
124,126,60d74024b3e48037559f8295,1166,1,37,gamble_left,You won 9 dollars.,81,1,9,-7.88,0,1
35,126,60d74024b3e48037559f8295,995.6,0,39,gamble_left,You received 0 dollars.,82,1,9,-9,0,2
44,126,60d74024b3e48037559f8295,1111.9,1,39,gamble_right,You won 9 dollars.,83,1,9,-10.13,0,1
149,126,60d74024b3e48037559f8295,966.2,0,39,gamble_left,You received 0 dollars.,84,1,9,-11.25,0,2
134,126,60d74024b3e48037559f8295,1147.6,0,37,gamble_right,You received 0 dollars.,85,1,9,-12.38,0,2
52,126,60d74024b3e48037559f8295,890,0,37,gamble_right,You received 0 dollars.,86,1,9,-13.5,0,2
67,126,60d74024b3e48037559f8295,1087.1,0,37,gamble_right,You received 0 dollars.,87,1,9,-14.63,0,2
69,126,60d74024b3e48037559f8295,968.8,1,39,gamble_right,You won 9 dollars.,88,1,9,-15.75,0,1
63,126,60d74024b3e48037559f8295,1254.7,1,39,gamble_right,You won 9 dollars.,89,1,9,-16.88,0,1
81,126,60d74024b3e48037559f8295,996.8,0,39,gamble_left,You received 0 dollars.,90,1,9,-18,0,2
109,126,60d74024b3e48037559f8295,800.3,1,37,gamble_left,You lost -2.5 dollars.,91,1,10,-2.5,0,2
84,126,60d74024b3e48037559f8295,1051.5,1,39,gamble_right,You lost -3.75 dollars.,92,1,10,-3.75,0,2
118,126,60d74024b3e48037559f8295,1595,1,39,gamble_right,You won 10 dollars.,93,1,10,-5,0,1
102,126,60d74024b3e48037559f8295,1041.7,0,39,gamble_left,You received 0 dollars.,94,1,10,-6.25,0,2
127,126,60d74024b3e48037559f8295,981.8,1,37,gamble_left,You won 10 dollars.,95,1,10,-7.5,0,1
5,126,60d74024b3e48037559f8295,997.4,1,37,gamble_left,You won 10 dollars.,96,1,10,-8.75,0,1
22,126,60d74024b3e48037559f8295,919.5,1,37,gamble_left,You lost -10 dollars.,97,1,10,-10,0,2
103,126,60d74024b3e48037559f8295,1016,0,39,gamble_left,You received 0 dollars.,98,1,10,-11.25,0,2
96,126,60d74024b3e48037559f8295,981.4,0,37,gamble_right,You received 0 dollars.,99,1,10,-12.5,0,2
117,126,60d74024b3e48037559f8295,1160.9,0,39,gamble_left,You received 0 dollars.,100,1,10,-13.75,0,2
57,126,60d74024b3e48037559f8295,866.9,0,39,gamble_left,You received 0 dollars.,101,1,10,-15,0,2
90,126,60d74024b3e48037559f8295,1098.4,0,39,gamble_left,You received 0 dollars.,102,1,10,-16.25,0,2
20,126,60d74024b3e48037559f8295,899.2,1,39,gamble_right,You lost -17.5 dollars.,103,1,10,-17.5,0,2
94,126,60d74024b3e48037559f8295,1092.8,0,37,gamble_right,You received 0 dollars.,104,1,10,-18.75,0,2
115,126,60d74024b3e48037559f8295,1296.7,0,37,gamble_right,You received 0 dollars.,105,1,10,-20,0,2
78,126,60d74024b3e48037559f8295,804.6,1,37,gamble_left,You won 12 dollars.,106,1,12,-3,0,1
139,126,60d74024b3e48037559f8295,940.8,1,37,gamble_left,You lost -4.5 dollars.,107,1,12,-4.5,0,2
15,126,60d74024b3e48037559f8295,776.5,1,37,gamble_left,You won 12 dollars.,108,1,12,-6,0,1
58,126,60d74024b3e48037559f8295,811.9,0,39,gamble_left,You received 0 dollars.,109,1,12,-7.5,0,2
18,126,60d74024b3e48037559f8295,1085.6,0,37,gamble_right,You received 0 dollars.,110,1,12,-9,0,2
68,126,60d74024b3e48037559f8295,1105.4,1,39,gamble_right,You lost -10.5 dollars.,111,1,12,-10.5,0,2
11,126,60d74024b3e48037559f8295,1092.1,0,37,gamble_right,You received 0 dollars.,112,1,12,-12,0,2
8,126,60d74024b3e48037559f8295,724.3,1,37,gamble_left,You won 12 dollars.,113,1,12,-13.5,0,1
62,126,60d74024b3e48037559f8295,1139.5,0,39,gamble_left,You received 0 dollars.,114,1,12,-15,0,2
138,126,60d74024b3e48037559f8295,1090,0,39,gamble_left,You received 0 dollars.,115,1,12,-16.5,0,2
85,126,60d74024b3e48037559f8295,853.9,1,39,gamble_right,You lost -18 dollars.,116,1,12,-18,0,2
140,126,60d74024b3e48037559f8295,1119,0,39,gamble_left,You received 0 dollars.,117,1,12,-19.5,0,2
27,126,60d74024b3e48037559f8295,1414.3,0,39,gamble_left,You received 0 dollars.,118,1,12,-21,0,2
51,126,60d74024b3e48037559f8295,1072.4,0,39,gamble_left,You received 0 dollars.,119,1,12,-22.5,0,2
114,126,60d74024b3e48037559f8295,879.1,1,37,gamble_left,You won 12 dollars.,120,1,12,-24,0,1
105,126,60d74024b3e48037559f8295,1215.2,0,39,gamble_left,You won 2 dollars.,121,2,4,0,2,1
135,126,60d74024b3e48037559f8295,896,1,37,gamble_left,You received 0 dollars.,122,2,8,0,4,2
46,126,60d74024b3e48037559f8295,892.8,0,37,gamble_right,You won 6 dollars.,123,2,12,0,6,1
88,126,60d74024b3e48037559f8295,1012.1,0,37,gamble_right,You won 9 dollars.,124,2,18,0,9,1
101,126,60d74024b3e48037559f8295,1570,0,39,gamble_left,You won 12 dollars.,125,2,24,0,12,1
55,126,60d74024b3e48037559f8295,938.2,1,37,gamble_left,You won 5 dollars.,126,2,5,0,3,1
9,126,60d74024b3e48037559f8295,1101.8,1,37,gamble_left,You received 0 dollars.,127,2,7,0,4,2
136,126,60d74024b3e48037559f8295,1131.5,1,39,gamble_right,You received 0 dollars.,128,2,10,0,6,2
32,126,60d74024b3e48037559f8295,723.4,1,37,gamble_left,You won 17 dollars.,129,2,17,0,10,1
110,126,60d74024b3e48037559f8295,990,1,39,gamble_right,You received 0 dollars.,130,2,22,0,13,2
93,126,60d74024b3e48037559f8295,1018.3,1,39,gamble_right,You received 0 dollars.,131,2,28,0,13,2
89,126,60d74024b3e48037559f8295,859.8,1,37,gamble_left,You won 5 dollars.,132,2,5,0,2,1
49,126,60d74024b3e48037559f8295,852.4,1,37,gamble_left,You won 26 dollars.,133,2,26,0,10,1
38,126,60d74024b3e48037559f8295,732.4,1,37,gamble_left,You won 7 dollars.,134,2,7,0,3,1
42,126,60d74024b3e48037559f8295,768.5,1,39,gamble_right,You received 0 dollars.,135,2,13,0,5,2
150,126,60d74024b3e48037559f8295,1014.6,1,39,gamble_right,You won 12 dollars.,136,2,12,0,6,1
31,126,60d74024b3e48037559f8295,847.8,1,37,gamble_left,You received 0 dollars.,137,2,25,0,10,2
75,126,60d74024b3e48037559f8295,896.7,1,37,gamble_left,You received 0 dollars.,138,2,4,0,2,2
60,126,60d74024b3e48037559f8295,1018.6,1,39,gamble_right,You received 0 dollars.,139,2,3,0,1,2
100,126,60d74024b3e48037559f8295,890.6,1,37,gamble_left,You won 25 dollars.,140,2,25,0,9,1
66,126,60d74024b3e48037559f8295,755.9,1,37,gamble_left,You won 13 dollars.,141,2,13,0,6,1
53,126,60d74024b3e48037559f8295,876.9,1,39,gamble_right,You won 22 dollars.,142,2,22,0,10,1
39,126,60d74024b3e48037559f8295,831.5,1,37,gamble_left,You received 0 dollars.,143,2,12,0,5,2
26,126,60d74024b3e48037559f8295,1322.8,1,39,gamble_right,You received 0 dollars.,144,2,2,0,1,2
131,126,60d74024b3e48037559f8295,940.2,1,37,gamble_left,You won 8 dollars.,145,2,8,0,3,1
40,126,60d74024b3e48037559f8295,919.8,1,39,gamble_right,You won 19 dollars.,146,2,19,0,8,1
23,126,60d74024b3e48037559f8295,1281.8,0,37,gamble_right,You won 12 dollars.,147,2,26,0,12,1
87,126,60d74024b3e48037559f8295,864.2,1,37,gamble_left,You won 30 dollars.,148,2,30,0,12,1
83,126,60d74024b3e48037559f8295,965.1,1,39,gamble_right,You received 0 dollars.,149,2,23,0,10,2
45,126,60d74024b3e48037559f8295,863.5,0,37,gamble_right,You won 4 dollars.,150,2,12,0,4,1