trial_index,ID,subject,rt,responses,key_press,gamble_location,stimulus,Trial_ID,Trial_Type,Gain,Loss,Certain,Trial_Outcome
129,127,5f522c40069004482b3af322,758.9,0,39,gamble_left,You received 0 dollars.,1,1,2,-0.5,0,2
99,127,5f522c40069004482b3af322,994.8,0,37,gamble_right,You received 0 dollars.,2,1,2,-0.75,0,2
26,127,5f522c40069004482b3af322,1580.5,0,37,gamble_right,You received 0 dollars.,3,1,2,-1,0,2
77,127,5f522c40069004482b3af322,1152.4,0,39,gamble_left,You received 0 dollars.,4,1,2,-1.25,0,2
19,127,5f522c40069004482b3af322,1242.1,0,39,gamble_left,You received 0 dollars.,5,1,2,-1.5,0,2
46,127,5f522c40069004482b3af322,1816.8,0,39,gamble_left,You received 0 dollars.,6,1,2,-1.75,0,2
40,127,5f522c40069004482b3af322,1182.2,0,37,gamble_right,You received 0 dollars.,7,1,2,-2,0,2
127,127,5f522c40069004482b3af322,983,0,37,gamble_right,You received 0 dollars.,8,1,2,-2.25,0,2
107,127,5f522c40069004482b3af322,942.8,0,39,gamble_left,You received 0 dollars.,9,1,2,-2.5,0,2
94,127,5f522c40069004482b3af322,1220.2,0,37,gamble_right,You received 0 dollars.,10,1,2,-2.75,0,2
112,127,5f522c40069004482b3af322,783.3,0,39,gamble_left,You received 0 dollars.,11,1,2,-3,0,2
132,127,5f522c40069004482b3af322,1283.2,0,37,gamble_right,You received 0 dollars.,12,1,2,-3.25,0,2
116,127,5f522c40069004482b3af322,829.2,0,39,gamble_left,You received 0 dollars.,13,1,2,-3.5,0,2
35,127,5f522c40069004482b3af322,1264.5,0,39,gamble_left,You received 0 dollars.,14,1,2,-3.75,0,2
18,127,5f522c40069004482b3af322,1269.1,0,39,gamble_left,You received 0 dollars.,15,1,2,-4,0,2
137,127,5f522c40069004482b3af322,1371.6,1,39,gamble_right,You lost -1 dollars.,16,1,4,-1,0,2
11,127,5f522c40069004482b3af322,1528.3,0,39,gamble_left,You received 0 dollars.,17,1,4,-1.5,0,2
33,127,5f522c40069004482b3af322,1669.1,0,37,gamble_right,You received 0 dollars.,18,1,4,-2,0,2
79,127,5f522c40069004482b3af322,1274.8,0,37,gamble_right,You received 0 dollars.,19,1,4,-2.5,0,2
128,127,5f522c40069004482b3af322,979.7,0,39,gamble_left,You received 0 dollars.,20,1,4,-3,0,2
102,127,5f522c40069004482b3af322,1291.6,0,37,gamble_right,You received 0 dollars.,21,1,4,-3.5,0,2
135,127,5f522c40069004482b3af322,1437,0,39,gamble_left,You received 0 dollars.,22,1,4,-4,0,2
30,127,5f522c40069004482b3af322,1571.3,0,37,gamble_right,You received 0 dollars.,23,1,4,-4.5,0,2
76,127,5f522c40069004482b3af322,1438.4,0,37,gamble_right,You received 0 dollars.,24,1,4,-5,0,2
150,127,5f522c40069004482b3af322,796.2,0,37,gamble_right,You received 0 dollars.,25,1,4,-5.5,0,2
61,127,5f522c40069004482b3af322,1129.9,0,39,gamble_left,You received 0 dollars.,26,1,4,-6,0,2
68,127,5f522c40069004482b3af322,1307.4,0,39,gamble_left,You received 0 dollars.,27,1,4,-6.5,0,2
1,127,5f522c40069004482b3af322,1452.7,0,39,gamble_left,You received 0 dollars.,28,1,4,-7,0,2
12,127,5f522c40069004482b3af322,1684.7,0,37,gamble_right,You received 0 dollars.,29,1,4,-7.5,0,2
124,127,5f522c40069004482b3af322,791.3,0,39,gamble_left,You received 0 dollars.,30,1,4,-8,0,2
6,127,5f522c40069004482b3af322,NA,NA,NA,gamble_right,Trial missed.,31,1,5,-1.25,0,3
60,127,5f522c40069004482b3af322,1314.3,0,37,gamble_right,You received 0 dollars.,32,1,5,-1.88,0,2
109,127,5f522c40069004482b3af322,750.3,0,37,gamble_right,You received 0 dollars.,33,1,5,-2.5,0,2
62,127,5f522c40069004482b3af322,1358.8,0,39,gamble_left,You received 0 dollars.,34,1,5,-3.13,0,2
66,127,5f522c40069004482b3af322,1144.4,0,39,gamble_left,You received 0 dollars.,35,1,5,-3.75,0,2
7,127,5f522c40069004482b3af322,1546.6,1,39,gamble_right,You won 5 dollars.,36,1,5,-4.38,0,1
54,127,5f522c40069004482b3af322,1316.4,0,39,gamble_left,You received 0 dollars.,37,1,5,-5,0,2
103,127,5f522c40069004482b3af322,1068.2,0,39,gamble_left,You received 0 dollars.,38,1,5,-5.63,0,2
82,127,5f522c40069004482b3af322,1084.9,0,39,gamble_left,You received 0 dollars.,39,1,5,-6.25,0,2
147,127,5f522c40069004482b3af322,808.5,0,39,gamble_left,You received 0 dollars.,40,1,5,-6.88,0,2
71,127,5f522c40069004482b3af322,1307.4,0,37,gamble_right,You received 0 dollars.,41,1,5,-7.5,0,2
119,127,5f522c40069004482b3af322,900.4,0,37,gamble_right,You received 0 dollars.,42,1,5,-8.13,0,2
106,127,5f522c40069004482b3af322,1206.6,0,39,gamble_left,You received 0 dollars.,43,1,5,-8.75,0,2
64,127,5f522c40069004482b3af322,1011,0,39,gamble_left,You received 0 dollars.,44,1,5,-9.38,0,2
69,127,5f522c40069004482b3af322,1247,0,37,gamble_right,You received 0 dollars.,45,1,5,-10,0,2
131,127,5f522c40069004482b3af322,857.1,0,39,gamble_left,You received 0 dollars.,46,1,6,-1.5,0,2
28,127,5f522c40069004482b3af322,1834.6,1,37,gamble_left,You lost -2.25 dollars.,47,1,6,-2.25,0,2
117,127,5f522c40069004482b3af322,1317.3,0,37,gamble_right,You received 0 dollars.,48,1,6,-3,0,2
53,127,5f522c40069004482b3af322,1324.9,0,39,gamble_left,You received 0 dollars.,49,1,6,-3.75,0,2
126,127,5f522c40069004482b3af322,708.2,0,39,gamble_left,You received 0 dollars.,50,1,6,-4.5,0,2
138,127,5f522c40069004482b3af322,1049,0,37,gamble_right,You received 0 dollars.,51,1,6,-5.25,0,2
44,127,5f522c40069004482b3af322,1434.5,0,37,gamble_right,You received 0 dollars.,52,1,6,-6,0,2
63,127,5f522c40069004482b3af322,1509.1,0,37,gamble_right,You received 0 dollars.,53,1,6,-6.75,0,2
49,127,5f522c40069004482b3af322,1981.2,0,37,gamble_right,You received 0 dollars.,54,1,6,-7.5,0,2
83,127,5f522c40069004482b3af322,934.7,0,39,gamble_left,You received 0 dollars.,55,1,6,-8.25,0,2
59,127,5f522c40069004482b3af322,1419.8,0,37,gamble_right,You received 0 dollars.,56,1,6,-9,0,2
20,127,5f522c40069004482b3af322,1910.8,1,39,gamble_right,You lost -9.75 dollars.,57,1,6,-9.75,0,2
133,127,5f522c40069004482b3af322,1195.7,0,37,gamble_right,You received 0 dollars.,58,1,6,-10.5,0,2
52,127,5f522c40069004482b3af322,1390,0,39,gamble_left,You received 0 dollars.,59,1,6,-11.25,0,2
65,127,5f522c40069004482b3af322,1424.7,0,37,gamble_right,You received 0 dollars.,60,1,6,-12,0,2
55,127,5f522c40069004482b3af322,NA,NA,NA,gamble_right,Trial missed.,61,1,8,-2,0,3
145,127,5f522c40069004482b3af322,680.4,0,39,gamble_left,You received 0 dollars.,62,1,8,-3,0,2
125,127,5f522c40069004482b3af322,933.8,0,39,gamble_left,You received 0 dollars.,63,1,8,-4,0,2
72,127,5f522c40069004482b3af322,1069.8,0,39,gamble_left,You received 0 dollars.,64,1,8,-5,0,2
114,127,5f522c40069004482b3af322,1197.7,0,39,gamble_left,You received 0 dollars.,65,1,8,-6,0,2
73,127,5f522c40069004482b3af322,1250,0,39,gamble_left,You received 0 dollars.,66,1,8,-7,0,2
32,127,5f522c40069004482b3af322,1912.1,0,39,gamble_left,You received 0 dollars.,67,1,8,-8,0,2
4,127,5f522c40069004482b3af322,1940.4,0,37,gamble_right,You received 0 dollars.,68,1,8,-9,0,2
39,127,5f522c40069004482b3af322,1663.6,0,37,gamble_right,You received 0 dollars.,69,1,8,-10,0,2
10,127,5f522c40069004482b3af322,1637,1,39,gamble_right,You lost -11 dollars.,70,1,8,-11,0,2
17,127,5f522c40069004482b3af322,1296.4,0,39,gamble_left,You received 0 dollars.,71,1,8,-12,0,2
67,127,5f522c40069004482b3af322,1316.9,0,37,gamble_right,You received 0 dollars.,72,1,8,-13,0,2
29,127,5f522c40069004482b3af322,1785.5,0,39,gamble_left,You received 0 dollars.,73,1,8,-14,0,2
91,127,5f522c40069004482b3af322,1254.6,0,39,gamble_left,You received 0 dollars.,74,1,8,-15,0,2
34,127,5f522c40069004482b3af322,1414.4,0,37,gamble_right,You received 0 dollars.,75,1,8,-16,0,2
113,127,5f522c40069004482b3af322,981.3,0,39,gamble_left,You received 0 dollars.,76,1,9,-2.25,0,2
13,127,5f522c40069004482b3af322,1012.7,1,37,gamble_left,You lost -3.38 dollars.,77,1,9,-3.38,0,2
16,127,5f522c40069004482b3af322,1516.2,1,37,gamble_left,You lost -4.5 dollars.,78,1,9,-4.5,0,2
88,127,5f522c40069004482b3af322,1187.8,0,39,gamble_left,You received 0 dollars.,79,1,9,-5.63,0,2
74,127,5f522c40069004482b3af322,1201,0,37,gamble_right,You received 0 dollars.,80,1,9,-6.75,0,2
92,127,5f522c40069004482b3af322,1029,0,37,gamble_right,You received 0 dollars.,81,1,9,-7.88,0,2
104,127,5f522c40069004482b3af322,1152.5,0,39,gamble_left,You received 0 dollars.,82,1,9,-9,0,2
5,127,5f522c40069004482b3af322,1906.3,0,37,gamble_right,You received 0 dollars.,83,1,9,-10.13,0,2
148,127,5f522c40069004482b3af322,719.4,0,39,gamble_left,You received 0 dollars.,84,1,9,-11.25,0,2
143,127,5f522c40069004482b3af322,879.9,0,39,gamble_left,You received 0 dollars.,85,1,9,-12.38,0,2
146,127,5f522c40069004482b3af322,1374,0,37,gamble_right,You received 0 dollars.,86,1,9,-13.5,0,2
136,127,5f522c40069004482b3af322,1263.7,0,37,gamble_right,You received 0 dollars.,87,1,9,-14.63,0,2
142,127,5f522c40069004482b3af322,883.8,0,39,gamble_left,You received 0 dollars.,88,1,9,-15.75,0,2
70,127,5f522c40069004482b3af322,1208.8,0,37,gamble_right,You received 0 dollars.,89,1,9,-16.88,0,2
48,127,5f522c40069004482b3af322,1528.4,0,39,gamble_left,You received 0 dollars.,90,1,9,-18,0,2
149,127,5f522c40069004482b3af322,704.1,0,39,gamble_left,You received 0 dollars.,91,1,10,-2.5,0,2
101,127,5f522c40069004482b3af322,1381.6,0,37,gamble_right,You received 0 dollars.,92,1,10,-3.75,0,2
108,127,5f522c40069004482b3af322,1217.5,0,39,gamble_left,You received 0 dollars.,93,1,10,-5,0,2
130,127,5f522c40069004482b3af322,1329.4,0,39,gamble_left,You received 0 dollars.,94,1,10,-6.25,0,2
3,127,5f522c40069004482b3af322,1911.4,0,37,gamble_right,You received 0 dollars.,95,1,10,-7.5,0,2
105,127,5f522c40069004482b3af322,968.4,0,37,gamble_right,You received 0 dollars.,96,1,10,-8.75,0,2
23,127,5f522c40069004482b3af322,1380.7,0,39,gamble_left,You received 0 dollars.,97,1,10,-10,0,2
86,127,5f522c40069004482b3af322,1500.5,0,37,gamble_right,You received 0 dollars.,98,1,10,-11.25,0,2
144,127,5f522c40069004482b3af322,730.4,0,39,gamble_left,You received 0 dollars.,99,1,10,-12.5,0,2
2,127,5f522c40069004482b3af322,1900.2,0,37,gamble_right,You received 0 dollars.,100,1,10,-13.75,0,2
84,127,5f522c40069004482b3af322,934,0,37,gamble_right,You received 0 dollars.,101,1,10,-15,0,2
123,127,5f522c40069004482b3af322,1068,0,37,gamble_right,You received 0 dollars.,102,1,10,-16.25,0,2
9,127,5f522c40069004482b3af322,1558.7,1,37,gamble_left,You won 10 dollars.,103,1,10,-17.5,0,1
90,127,5f522c40069004482b3af322,1119.9,0,37,gamble_right,You received 0 dollars.,104,1,10,-18.75,0,2
45,127,5f522c40069004482b3af322,1270,0,39,gamble_left,You received 0 dollars.,105,1,10,-20,0,2
115,127,5f522c40069004482b3af322,1041.6,0,39,gamble_left,You received 0 dollars.,106,1,12,-3,0,2
37,127,5f522c40069004482b3af322,1343.3,1,39,gamble_right,You won 12 dollars.,107,1,12,-4.5,0,1
120,127,5f522c40069004482b3af322,992.3,0,37,gamble_right,You received 0 dollars.,108,1,12,-6,0,2
75,127,5f522c40069004482b3af322,1046.2,0,37,gamble_right,You received 0 dollars.,109,1,12,-7.5,0,2
121,127,5f522c40069004482b3af322,1011.8,0,37,gamble_right,You received 0 dollars.,110,1,12,-9,0,2
122,127,5f522c40069004482b3af322,1282.3,0,39,gamble_left,You received 0 dollars.,111,1,12,-10.5,0,2
21,127,5f522c40069004482b3af322,1424.4,1,37,gamble_left,You won 12 dollars.,112,1,12,-12,0,1
93,127,5f522c40069004482b3af322,1199.5,0,39,gamble_left,You received 0 dollars.,113,1,12,-13.5,0,2
41,127,5f522c40069004482b3af322,1630.8,0,39,gamble_left,You received 0 dollars.,114,1,12,-15,0,2
15,127,5f522c40069004482b3af322,1556.6,1,37,gamble_left,You won 12 dollars.,115,1,12,-16.5,0,1
85,127,5f522c40069004482b3af322,1382.8,0,37,gamble_right,You received 0 dollars.,116,1,12,-18,0,2
58,127,5f522c40069004482b3af322,1258.3,0,37,gamble_right,You received 0 dollars.,117,1,12,-19.5,0,2
118,127,5f522c40069004482b3af322,1210.3,0,39,gamble_left,You received 0 dollars.,118,1,12,-21,0,2
42,127,5f522c40069004482b3af322,1374.8,0,37,gamble_right,You received 0 dollars.,119,1,12,-22.5,0,2
97,127,5f522c40069004482b3af322,1124.7,0,37,gamble_right,You received 0 dollars.,120,1,12,-24,0,2
25,127,5f522c40069004482b3af322,1930.9,0,39,gamble_left,You won 2 dollars.,121,2,4,0,2,1
140,127,5f522c40069004482b3af322,668.1,0,39,gamble_left,You won 4 dollars.,122,2,8,0,4,1
139,127,5f522c40069004482b3af322,993.8,0,37,gamble_right,You won 6 dollars.,123,2,12,0,6,1
110,127,5f522c40069004482b3af322,1278.8,1,37,gamble_left,You received 0 dollars.,124,2,18,0,9,2
50,127,5f522c40069004482b3af322,1763.6,1,37,gamble_left,You won 24 dollars.,125,2,24,0,12,1
38,127,5f522c40069004482b3af322,1542.9,0,39,gamble_left,You won 3 dollars.,126,2,5,0,3,1
47,127,5f522c40069004482b3af322,1512.8,0,37,gamble_right,You won 4 dollars.,127,2,7,0,4,1
95,127,5f522c40069004482b3af322,1324.8,0,37,gamble_right,You won 6 dollars.,128,2,10,0,6,1
98,127,5f522c40069004482b3af322,1063.4,0,37,gamble_right,You won 10 dollars.,129,2,17,0,10,1
43,127,5f522c40069004482b3af322,1234.4,0,37,gamble_right,You won 13 dollars.,130,2,22,0,13,1
36,127,5f522c40069004482b3af322,947.8,1,39,gamble_right,You won 28 dollars.,131,2,28,0,13,1
89,127,5f522c40069004482b3af322,1500.3,0,39,gamble_left,You won 2 dollars.,132,2,5,0,2,1
56,127,5f522c40069004482b3af322,1679.8,0,37,gamble_right,You won 10 dollars.,133,2,26,0,10,1
22,127,5f522c40069004482b3af322,1032,1,39,gamble_right,You won 7 dollars.,134,2,7,0,3,1
51,127,5f522c40069004482b3af322,1641.6,0,37,gamble_right,You won 5 dollars.,135,2,13,0,5,1
87,127,5f522c40069004482b3af322,1522.9,0,37,gamble_right,You won 6 dollars.,136,2,12,0,6,1
8,127,5f522c40069004482b3af322,NA,NA,NA,gamble_left,Trial missed.,137,2,25,0,10,3
100,127,5f522c40069004482b3af322,1064.3,0,37,gamble_right,You won 2 dollars.,138,2,4,0,2,1
81,127,5f522c40069004482b3af322,1552.1,1,37,gamble_left,You received 0 dollars.,139,2,3,0,1,2
96,127,5f522c40069004482b3af322,1304.8,0,39,gamble_left,You won 9 dollars.,140,2,25,0,9,1
14,127,5f522c40069004482b3af322,1095.8,1,39,gamble_right,You received 0 dollars.,141,2,13,0,6,2
27,127,5f522c40069004482b3af322,1594.6,0,37,gamble_right,You won 10 dollars.,142,2,22,0,10,1
57,127,5f522c40069004482b3af322,1279,1,39,gamble_right,You won 12 dollars.,143,2,12,0,5,1
111,127,5f522c40069004482b3af322,1242.2,0,39,gamble_left,You won 1 dollars.,144,2,2,0,1,1
141,127,5f522c40069004482b3af322,1024.1,0,37,gamble_right,You won 3 dollars.,145,2,8,0,3,1
24,127,5f522c40069004482b3af322,1081,1,39,gamble_right,You received 0 dollars.,146,2,19,0,8,2
80,127,5f522c40069004482b3af322,1249.2,1,39,gamble_right,You received 0 dollars.,147,2,26,0,12,2
134,127,5f522c40069004482b3af322,1251.3,1,37,gamble_left,You won 30 dollars.,148,2,30,0,12,1
78,127,5f522c40069004482b3af322,1219.4,1,37,gamble_left,You received 0 dollars.,149,2,23,0,10,2
31,127,5f522c40069004482b3af322,1032.3,1,37,gamble_left,You received 0 dollars.,150,2,12,0,4,2