trial_index,ID,subject,rt,responses,key_press,gamble_location,stimulus,Trial_ID,Trial_Type,Gain,Loss,Certain,Trial_Outcome
102,129,615373f88839471e0ab77399,1023.4,0,37,gamble_right,You received 0 dollars.,1,1,2,-0.5,0,2
20,129,615373f88839471e0ab77399,1182.3,0,39,gamble_left,You received 0 dollars.,2,1,2,-0.75,0,2
99,129,615373f88839471e0ab77399,1016.7,0,37,gamble_right,You received 0 dollars.,3,1,2,-1,0,2
135,129,615373f88839471e0ab77399,765.9,0,39,gamble_left,You received 0 dollars.,4,1,2,-1.25,0,2
83,129,615373f88839471e0ab77399,940.1,0,39,gamble_left,You received 0 dollars.,5,1,2,-1.5,0,2
32,129,615373f88839471e0ab77399,1281.8,0,37,gamble_right,You received 0 dollars.,6,1,2,-1.75,0,2
89,129,615373f88839471e0ab77399,1321,0,37,gamble_right,You received 0 dollars.,7,1,2,-2,0,2
23,129,615373f88839471e0ab77399,1295.1,0,39,gamble_left,You received 0 dollars.,8,1,2,-2.25,0,2
40,129,615373f88839471e0ab77399,1088.7,0,37,gamble_right,You received 0 dollars.,9,1,2,-2.5,0,2
35,129,615373f88839471e0ab77399,1312.9,0,39,gamble_left,You received 0 dollars.,10,1,2,-2.75,0,2
8,129,615373f88839471e0ab77399,1807.7,1,39,gamble_right,You lost -3 dollars.,11,1,2,-3,0,2
131,129,615373f88839471e0ab77399,704.7,0,37,gamble_right,You received 0 dollars.,12,1,2,-3.25,0,2
90,129,615373f88839471e0ab77399,984.4,0,37,gamble_right,You received 0 dollars.,13,1,2,-3.5,0,2
149,129,615373f88839471e0ab77399,735.3,0,39,gamble_left,You received 0 dollars.,14,1,2,-3.75,0,2
138,129,615373f88839471e0ab77399,1347.2,0,39,gamble_left,You received 0 dollars.,15,1,2,-4,0,2
22,129,615373f88839471e0ab77399,1226,0,39,gamble_left,You received 0 dollars.,16,1,4,-1,0,2
29,129,615373f88839471e0ab77399,1513.7,0,37,gamble_right,You received 0 dollars.,17,1,4,-1.5,0,2
6,129,615373f88839471e0ab77399,1563.1,1,37,gamble_left,You lost -2 dollars.,18,1,4,-2,0,2
79,129,615373f88839471e0ab77399,792.3,0,39,gamble_left,You received 0 dollars.,19,1,4,-2.5,0,2
82,129,615373f88839471e0ab77399,971.2,0,39,gamble_left,You received 0 dollars.,20,1,4,-3,0,2
44,129,615373f88839471e0ab77399,1034.2,0,39,gamble_left,You received 0 dollars.,21,1,4,-3.5,0,2
57,129,615373f88839471e0ab77399,1111.4,0,39,gamble_left,You received 0 dollars.,22,1,4,-4,0,2
30,129,615373f88839471e0ab77399,1034.8,0,37,gamble_right,You received 0 dollars.,23,1,4,-4.5,0,2
41,129,615373f88839471e0ab77399,1217.3,0,39,gamble_left,You received 0 dollars.,24,1,4,-5,0,2
67,129,615373f88839471e0ab77399,1106.5,0,37,gamble_right,You received 0 dollars.,25,1,4,-5.5,0,2
11,129,615373f88839471e0ab77399,1426.3,0,37,gamble_right,You received 0 dollars.,26,1,4,-6,0,2
24,129,615373f88839471e0ab77399,1235.9,0,39,gamble_left,You received 0 dollars.,27,1,4,-6.5,0,2
101,129,615373f88839471e0ab77399,907.4,0,37,gamble_right,You received 0 dollars.,28,1,4,-7,0,2
10,129,615373f88839471e0ab77399,NA,NA,NA,gamble_left,Trial missed.,29,1,4,-7.5,0,3
72,129,615373f88839471e0ab77399,980.3,0,37,gamble_right,You received 0 dollars.,30,1,4,-8,0,2
21,129,615373f88839471e0ab77399,1450.4,0,37,gamble_right,You received 0 dollars.,31,1,5,-1.25,0,2
12,129,615373f88839471e0ab77399,1530.8,1,39,gamble_right,You lost -1.88 dollars.,32,1,5,-1.88,0,2
132,129,615373f88839471e0ab77399,532.6,0,37,gamble_right,You received 0 dollars.,33,1,5,-2.5,0,2
15,129,615373f88839471e0ab77399,1751.8,0,37,gamble_right,You received 0 dollars.,34,1,5,-3.13,0,2
97,129,615373f88839471e0ab77399,925.7,0,39,gamble_left,You received 0 dollars.,35,1,5,-3.75,0,2
65,129,615373f88839471e0ab77399,844.4,0,39,gamble_left,You received 0 dollars.,36,1,5,-4.38,0,2
13,129,615373f88839471e0ab77399,1541.2,0,37,gamble_right,You received 0 dollars.,37,1,5,-5,0,2
62,129,615373f88839471e0ab77399,807.8,0,39,gamble_left,You received 0 dollars.,38,1,5,-5.63,0,2
117,129,615373f88839471e0ab77399,592.9,0,39,gamble_left,You received 0 dollars.,39,1,5,-6.25,0,2
86,129,615373f88839471e0ab77399,1096.6,0,37,gamble_right,You received 0 dollars.,40,1,5,-6.88,0,2
123,129,615373f88839471e0ab77399,722.2,0,37,gamble_right,You received 0 dollars.,41,1,5,-7.5,0,2
19,129,615373f88839471e0ab77399,802.4,0,37,gamble_right,You received 0 dollars.,42,1,5,-8.13,0,2
18,129,615373f88839471e0ab77399,1067.1,0,37,gamble_right,You received 0 dollars.,43,1,5,-8.75,0,2
115,129,615373f88839471e0ab77399,848.1,0,39,gamble_left,You received 0 dollars.,44,1,5,-9.38,0,2
112,129,615373f88839471e0ab77399,907.4,0,39,gamble_left,You received 0 dollars.,45,1,5,-10,0,2
104,129,615373f88839471e0ab77399,712.9,0,39,gamble_left,You received 0 dollars.,46,1,6,-1.5,0,2
126,129,615373f88839471e0ab77399,844.1,0,39,gamble_left,You received 0 dollars.,47,1,6,-2.25,0,2
95,129,615373f88839471e0ab77399,886.4,0,39,gamble_left,You received 0 dollars.,48,1,6,-3,0,2
27,129,615373f88839471e0ab77399,1415.4,0,39,gamble_left,You received 0 dollars.,49,1,6,-3.75,0,2
64,129,615373f88839471e0ab77399,812.3,0,39,gamble_left,You received 0 dollars.,50,1,6,-4.5,0,2
109,129,615373f88839471e0ab77399,787.1,0,39,gamble_left,You received 0 dollars.,51,1,6,-5.25,0,2
128,129,615373f88839471e0ab77399,644.5,0,37,gamble_right,You received 0 dollars.,52,1,6,-6,0,2
144,129,615373f88839471e0ab77399,756.6,0,37,gamble_right,You received 0 dollars.,53,1,6,-6.75,0,2
106,129,615373f88839471e0ab77399,926.2,0,37,gamble_right,You received 0 dollars.,54,1,6,-7.5,0,2
145,129,615373f88839471e0ab77399,882.8,0,39,gamble_left,You received 0 dollars.,55,1,6,-8.25,0,2
110,129,615373f88839471e0ab77399,1072.8,0,37,gamble_right,You received 0 dollars.,56,1,6,-9,0,2
34,129,615373f88839471e0ab77399,1135.6,0,37,gamble_right,You received 0 dollars.,57,1,6,-9.75,0,2
31,129,615373f88839471e0ab77399,1416.3,0,39,gamble_left,You received 0 dollars.,58,1,6,-10.5,0,2
121,129,615373f88839471e0ab77399,839.2,0,39,gamble_left,You received 0 dollars.,59,1,6,-11.25,0,2
133,129,615373f88839471e0ab77399,865.5,0,37,gamble_right,You received 0 dollars.,60,1,6,-12,0,2
5,129,615373f88839471e0ab77399,1768.8,0,39,gamble_left,You received 0 dollars.,61,1,8,-2,0,2
38,129,615373f88839471e0ab77399,1093.6,0,39,gamble_left,You received 0 dollars.,62,1,8,-3,0,2
59,129,615373f88839471e0ab77399,906.5,0,39,gamble_left,You received 0 dollars.,63,1,8,-4,0,2
48,129,615373f88839471e0ab77399,1004.4,0,39,gamble_left,You received 0 dollars.,64,1,8,-5,0,2
122,129,615373f88839471e0ab77399,611.3,0,39,gamble_left,You received 0 dollars.,65,1,8,-6,0,2
137,129,615373f88839471e0ab77399,1789.3,0,39,gamble_left,You received 0 dollars.,66,1,8,-7,0,2
26,129,615373f88839471e0ab77399,1449.2,0,37,gamble_right,You received 0 dollars.,67,1,8,-8,0,2
45,129,615373f88839471e0ab77399,1021.3,0,39,gamble_left,You received 0 dollars.,68,1,8,-9,0,2
94,129,615373f88839471e0ab77399,826.6,0,39,gamble_left,You received 0 dollars.,69,1,8,-10,0,2
37,129,615373f88839471e0ab77399,903.5,0,39,gamble_left,You received 0 dollars.,70,1,8,-11,0,2
139,129,615373f88839471e0ab77399,893.1,0,37,gamble_right,You received 0 dollars.,71,1,8,-12,0,2
1,129,615373f88839471e0ab77399,1299.3,0,39,gamble_left,You received 0 dollars.,72,1,8,-13,0,2
3,129,615373f88839471e0ab77399,1149.9,0,37,gamble_right,You received 0 dollars.,73,1,8,-14,0,2
55,129,615373f88839471e0ab77399,1059.4,0,37,gamble_right,You received 0 dollars.,74,1,8,-15,0,2
143,129,615373f88839471e0ab77399,714.5,0,39,gamble_left,You received 0 dollars.,75,1,8,-16,0,2
25,129,615373f88839471e0ab77399,1096.5,0,37,gamble_right,You received 0 dollars.,76,1,9,-2.25,0,2
146,129,615373f88839471e0ab77399,904.2,0,37,gamble_right,You received 0 dollars.,77,1,9,-3.38,0,2
7,129,615373f88839471e0ab77399,1636.4,1,37,gamble_left,You lost -4.5 dollars.,78,1,9,-4.5,0,2
125,129,615373f88839471e0ab77399,1186,0,39,gamble_left,You received 0 dollars.,79,1,9,-5.63,0,2
148,129,615373f88839471e0ab77399,801.9,0,37,gamble_right,You received 0 dollars.,80,1,9,-6.75,0,2
100,129,615373f88839471e0ab77399,791.7,0,39,gamble_left,You received 0 dollars.,81,1,9,-7.88,0,2
78,129,615373f88839471e0ab77399,1000.3,0,39,gamble_left,You received 0 dollars.,82,1,9,-9,0,2
93,129,615373f88839471e0ab77399,1043.9,0,39,gamble_left,You received 0 dollars.,83,1,9,-10.13,0,2
127,129,615373f88839471e0ab77399,951.6,0,37,gamble_right,You received 0 dollars.,84,1,9,-11.25,0,2
98,129,615373f88839471e0ab77399,835.1,0,39,gamble_left,You received 0 dollars.,85,1,9,-12.38,0,2
134,129,615373f88839471e0ab77399,742.5,0,37,gamble_right,You received 0 dollars.,86,1,9,-13.5,0,2
81,129,615373f88839471e0ab77399,799.6,0,39,gamble_left,You received 0 dollars.,87,1,9,-14.63,0,2
130,129,615373f88839471e0ab77399,708.6,0,37,gamble_right,You received 0 dollars.,88,1,9,-15.75,0,2
87,129,615373f88839471e0ab77399,1046.4,0,39,gamble_left,You received 0 dollars.,89,1,9,-16.88,0,2
80,129,615373f88839471e0ab77399,958.2,0,39,gamble_left,You received 0 dollars.,90,1,9,-18,0,2
105,129,615373f88839471e0ab77399,827.5,0,37,gamble_right,You received 0 dollars.,91,1,10,-2.5,0,2
75,129,615373f88839471e0ab77399,817.5,0,37,gamble_right,You received 0 dollars.,92,1,10,-3.75,0,2
17,129,615373f88839471e0ab77399,1577.8,0,37,gamble_right,You received 0 dollars.,93,1,10,-5,0,2
53,129,615373f88839471e0ab77399,1065.9,0,37,gamble_right,You received 0 dollars.,94,1,10,-6.25,0,2
103,129,615373f88839471e0ab77399,750.4,0,37,gamble_right,You received 0 dollars.,95,1,10,-7.5,0,2
43,129,615373f88839471e0ab77399,1352.6,0,37,gamble_right,You received 0 dollars.,96,1,10,-8.75,0,2
36,129,615373f88839471e0ab77399,1166.8,0,37,gamble_right,You received 0 dollars.,97,1,10,-10,0,2
108,129,615373f88839471e0ab77399,861.2,0,39,gamble_left,You received 0 dollars.,98,1,10,-11.25,0,2
54,129,615373f88839471e0ab77399,891.8,0,39,gamble_left,You received 0 dollars.,99,1,10,-12.5,0,2
118,129,615373f88839471e0ab77399,642.4,0,37,gamble_right,You received 0 dollars.,100,1,10,-13.75,0,2
51,129,615373f88839471e0ab77399,1310.7,0,39,gamble_left,You received 0 dollars.,101,1,10,-15,0,2
142,129,615373f88839471e0ab77399,1055.2,0,37,gamble_right,You received 0 dollars.,102,1,10,-16.25,0,2
14,129,615373f88839471e0ab77399,1916.9,1,39,gamble_right,You won 10 dollars.,103,1,10,-17.5,0,1
129,129,615373f88839471e0ab77399,654.7,0,39,gamble_left,You received 0 dollars.,104,1,10,-18.75,0,2
69,129,615373f88839471e0ab77399,1074.1,0,37,gamble_right,You received 0 dollars.,105,1,10,-20,0,2
2,129,615373f88839471e0ab77399,1527.7,1,39,gamble_right,You lost -3 dollars.,106,1,12,-3,0,2
46,129,615373f88839471e0ab77399,1121.4,0,37,gamble_right,You received 0 dollars.,107,1,12,-4.5,0,2
63,129,615373f88839471e0ab77399,1278.9,0,39,gamble_left,You received 0 dollars.,108,1,12,-6,0,2
107,129,615373f88839471e0ab77399,836.3,0,39,gamble_left,You received 0 dollars.,109,1,12,-7.5,0,2
76,129,615373f88839471e0ab77399,963.1,0,39,gamble_left,You received 0 dollars.,110,1,12,-9,0,2
91,129,615373f88839471e0ab77399,1312.2,0,37,gamble_right,You received 0 dollars.,111,1,12,-10.5,0,2
111,129,615373f88839471e0ab77399,895.6,0,39,gamble_left,You received 0 dollars.,112,1,12,-12,0,2
92,129,615373f88839471e0ab77399,1179.7,0,39,gamble_left,You received 0 dollars.,113,1,12,-13.5,0,2
73,129,615373f88839471e0ab77399,914,0,39,gamble_left,You received 0 dollars.,114,1,12,-15,0,2
52,129,615373f88839471e0ab77399,1126.6,0,37,gamble_right,You received 0 dollars.,115,1,12,-16.5,0,2
70,129,615373f88839471e0ab77399,1195.2,0,37,gamble_right,You received 0 dollars.,116,1,12,-18,0,2
74,129,615373f88839471e0ab77399,1111.4,0,37,gamble_right,You received 0 dollars.,117,1,12,-19.5,0,2
120,129,615373f88839471e0ab77399,1126.6,0,37,gamble_right,You received 0 dollars.,118,1,12,-21,0,2
56,129,615373f88839471e0ab77399,1258.4,0,39,gamble_left,You received 0 dollars.,119,1,12,-22.5,0,2
116,129,615373f88839471e0ab77399,774.4,0,37,gamble_right,You received 0 dollars.,120,1,12,-24,0,2
47,129,615373f88839471e0ab77399,1479.1,1,39,gamble_right,You won 4 dollars.,121,2,4,0,2,1
4,129,615373f88839471e0ab77399,1282.6,1,39,gamble_right,You received 0 dollars.,122,2,8,0,4,2
28,129,615373f88839471e0ab77399,1786,0,39,gamble_left,You won 6 dollars.,123,2,12,0,6,1
147,129,615373f88839471e0ab77399,1467.8,1,39,gamble_right,You won 18 dollars.,124,2,18,0,9,1
71,129,615373f88839471e0ab77399,1318,0,39,gamble_left,You won 12 dollars.,125,2,24,0,12,1
33,129,615373f88839471e0ab77399,1717.9,1,39,gamble_right,You won 5 dollars.,126,2,5,0,3,1
61,129,615373f88839471e0ab77399,1474.2,0,37,gamble_right,You won 4 dollars.,127,2,7,0,4,1
84,129,615373f88839471e0ab77399,1441.7,1,37,gamble_left,You received 0 dollars.,128,2,10,0,6,2
50,129,615373f88839471e0ab77399,1516.1,1,37,gamble_left,You won 17 dollars.,129,2,17,0,10,1
58,129,615373f88839471e0ab77399,1678.6,1,37,gamble_left,You won 22 dollars.,130,2,22,0,13,1
66,129,615373f88839471e0ab77399,1513,0,39,gamble_left,You won 13 dollars.,131,2,28,0,13,1
96,129,615373f88839471e0ab77399,1469.2,0,39,gamble_left,You won 2 dollars.,132,2,5,0,2,1
119,129,615373f88839471e0ab77399,1825.2,1,37,gamble_left,You received 0 dollars.,133,2,26,0,10,2
16,129,615373f88839471e0ab77399,1650.8,1,39,gamble_right,You won 7 dollars.,134,2,7,0,3,1
85,129,615373f88839471e0ab77399,1885.9,1,37,gamble_left,You received 0 dollars.,135,2,13,0,5,2
88,129,615373f88839471e0ab77399,1718.9,1,39,gamble_right,You received 0 dollars.,136,2,12,0,6,2
49,129,615373f88839471e0ab77399,1601.9,1,39,gamble_right,You received 0 dollars.,137,2,25,0,10,2
141,129,615373f88839471e0ab77399,1752.3,1,39,gamble_right,You won 4 dollars.,138,2,4,0,2,1
124,129,615373f88839471e0ab77399,1235.2,0,39,gamble_left,You won 1 dollars.,139,2,3,0,1,1
42,129,615373f88839471e0ab77399,1752.5,0,37,gamble_right,You won 9 dollars.,140,2,25,0,9,1
140,129,615373f88839471e0ab77399,1816.7,0,39,gamble_left,You won 6 dollars.,141,2,13,0,6,1
60,129,615373f88839471e0ab77399,1339.3,1,37,gamble_left,You won 22 dollars.,142,2,22,0,10,1
114,129,615373f88839471e0ab77399,1344.2,0,39,gamble_left,You won 5 dollars.,143,2,12,0,5,1
150,129,615373f88839471e0ab77399,1634.9,1,39,gamble_right,You won 2 dollars.,144,2,2,0,1,1
9,129,615373f88839471e0ab77399,1402.6,1,37,gamble_left,You received 0 dollars.,145,2,8,0,3,2
68,129,615373f88839471e0ab77399,1440.8,0,37,gamble_right,You won 8 dollars.,146,2,19,0,8,1
39,129,615373f88839471e0ab77399,1857.1,1,37,gamble_left,You received 0 dollars.,147,2,26,0,12,2
77,129,615373f88839471e0ab77399,1138.2,0,39,gamble_left,You won 12 dollars.,148,2,30,0,12,1
113,129,615373f88839471e0ab77399,1539.1,1,39,gamble_right,You won 23 dollars.,149,2,23,0,10,1
136,129,615373f88839471e0ab77399,1552.2,0,39,gamble_left,You won 4 dollars.,150,2,12,0,4,1