trial_index,ID,subject,rt,responses,key_press,gamble_location,stimulus,Trial_ID,Trial_Type,Gain,Loss,Certain,Trial_Outcome
76,130,6154ce710c61f03724474c92,1097,1,37,gamble_left,You won 2 dollars.,1,1,2,-0.5,0,1
123,130,6154ce710c61f03724474c92,893.3,1,37,gamble_left,You lost -0.75 dollars.,2,1,2,-0.75,0,2
41,130,6154ce710c61f03724474c92,1134.3,0,37,gamble_right,You received 0 dollars.,3,1,2,-1,0,2
21,130,6154ce710c61f03724474c92,1106,0,37,gamble_right,You received 0 dollars.,4,1,2,-1.25,0,2
28,130,6154ce710c61f03724474c92,1222.7,0,39,gamble_left,You received 0 dollars.,5,1,2,-1.5,0,2
67,130,6154ce710c61f03724474c92,1400.7,1,37,gamble_left,You won 2 dollars.,6,1,2,-1.75,0,1
30,130,6154ce710c61f03724474c92,1420.4,0,37,gamble_right,You received 0 dollars.,7,1,2,-2,0,2
115,130,6154ce710c61f03724474c92,1187.8,0,37,gamble_right,You received 0 dollars.,8,1,2,-2.25,0,2
79,130,6154ce710c61f03724474c92,1510.1,0,39,gamble_left,You received 0 dollars.,9,1,2,-2.5,0,2
1,130,6154ce710c61f03724474c92,1311.9,1,37,gamble_left,You won 2 dollars.,10,1,2,-2.75,0,1
110,130,6154ce710c61f03724474c92,1222.3,1,37,gamble_left,You lost -3 dollars.,11,1,2,-3,0,2
93,130,6154ce710c61f03724474c92,977.5,0,39,gamble_left,You received 0 dollars.,12,1,2,-3.25,0,2
68,130,6154ce710c61f03724474c92,1267.4,0,39,gamble_left,You received 0 dollars.,13,1,2,-3.5,0,2
120,130,6154ce710c61f03724474c92,1269.3,0,37,gamble_right,You received 0 dollars.,14,1,2,-3.75,0,2
51,130,6154ce710c61f03724474c92,1138.7,0,37,gamble_right,You received 0 dollars.,15,1,2,-4,0,2
73,130,6154ce710c61f03724474c92,1027.3,1,39,gamble_right,You lost -1 dollars.,16,1,4,-1,0,2
37,130,6154ce710c61f03724474c92,903.9,1,37,gamble_left,You lost -1.5 dollars.,17,1,4,-1.5,0,2
147,130,6154ce710c61f03724474c92,1042.2,1,39,gamble_right,You lost -2 dollars.,18,1,4,-2,0,2
143,130,6154ce710c61f03724474c92,870.1,1,39,gamble_right,You lost -2.5 dollars.,19,1,4,-2.5,0,2
135,130,6154ce710c61f03724474c92,1126.6,1,39,gamble_right,You won 4 dollars.,20,1,4,-3,0,1
140,130,6154ce710c61f03724474c92,1436.9,1,39,gamble_right,You won 4 dollars.,21,1,4,-3.5,0,1
52,130,6154ce710c61f03724474c92,938.8,0,37,gamble_right,You received 0 dollars.,22,1,4,-4,0,2
149,130,6154ce710c61f03724474c92,1408.6,0,37,gamble_right,You received 0 dollars.,23,1,4,-4.5,0,2
136,130,6154ce710c61f03724474c92,849.5,0,39,gamble_left,You received 0 dollars.,24,1,4,-5,0,2
42,130,6154ce710c61f03724474c92,1134.5,0,39,gamble_left,You received 0 dollars.,25,1,4,-5.5,0,2
132,130,6154ce710c61f03724474c92,832.4,0,39,gamble_left,You received 0 dollars.,26,1,4,-6,0,2
7,130,6154ce710c61f03724474c92,1216.8,0,39,gamble_left,You received 0 dollars.,27,1,4,-6.5,0,2
81,130,6154ce710c61f03724474c92,1033.6,0,39,gamble_left,You received 0 dollars.,28,1,4,-7,0,2
111,130,6154ce710c61f03724474c92,1193.9,0,37,gamble_right,You received 0 dollars.,29,1,4,-7.5,0,2
36,130,6154ce710c61f03724474c92,1162.2,0,39,gamble_left,You received 0 dollars.,30,1,4,-8,0,2
40,130,6154ce710c61f03724474c92,802.2,1,37,gamble_left,You won 5 dollars.,31,1,5,-1.25,0,1
92,130,6154ce710c61f03724474c92,1101.5,1,37,gamble_left,You lost -1.88 dollars.,32,1,5,-1.88,0,2
134,130,6154ce710c61f03724474c92,1040.5,1,39,gamble_right,You lost -2.5 dollars.,33,1,5,-2.5,0,2
72,130,6154ce710c61f03724474c92,1136.9,1,39,gamble_right,You won 5 dollars.,34,1,5,-3.13,0,1
31,130,6154ce710c61f03724474c92,1662.3,1,37,gamble_left,You lost -3.75 dollars.,35,1,5,-3.75,0,2
128,130,6154ce710c61f03724474c92,1404.9,0,39,gamble_left,You received 0 dollars.,36,1,5,-4.38,0,2
106,130,6154ce710c61f03724474c92,1059.3,0,39,gamble_left,You received 0 dollars.,37,1,5,-5,0,2
114,130,6154ce710c61f03724474c92,1349,0,37,gamble_right,You received 0 dollars.,38,1,5,-5.63,0,2
118,130,6154ce710c61f03724474c92,918,0,39,gamble_left,You received 0 dollars.,39,1,5,-6.25,0,2
43,130,6154ce710c61f03724474c92,1015.9,0,37,gamble_right,You received 0 dollars.,40,1,5,-6.88,0,2
47,130,6154ce710c61f03724474c92,1018.2,0,37,gamble_right,You received 0 dollars.,41,1,5,-7.5,0,2
2,130,6154ce710c61f03724474c92,1413.2,0,37,gamble_right,You received 0 dollars.,42,1,5,-8.13,0,2
3,130,6154ce710c61f03724474c92,1108.8,0,39,gamble_left,You received 0 dollars.,43,1,5,-8.75,0,2
125,130,6154ce710c61f03724474c92,1164.6,0,39,gamble_left,You received 0 dollars.,44,1,5,-9.38,0,2
10,130,6154ce710c61f03724474c92,917.5,0,39,gamble_left,You received 0 dollars.,45,1,5,-10,0,2
26,130,6154ce710c61f03724474c92,1136.9,1,37,gamble_left,You won 6 dollars.,46,1,6,-1.5,0,1
97,130,6154ce710c61f03724474c92,1057.6,1,39,gamble_right,You lost -2.25 dollars.,47,1,6,-2.25,0,2
38,130,6154ce710c61f03724474c92,1005.1,1,39,gamble_right,You lost -3 dollars.,48,1,6,-3,0,2
150,130,6154ce710c61f03724474c92,974.8,1,37,gamble_left,You lost -3.75 dollars.,49,1,6,-3.75,0,2
95,130,6154ce710c61f03724474c92,1309.1,1,39,gamble_right,You won 6 dollars.,50,1,6,-4.5,0,1
102,130,6154ce710c61f03724474c92,1147.2,0,37,gamble_right,You received 0 dollars.,51,1,6,-5.25,0,2
50,130,6154ce710c61f03724474c92,1385.8,0,39,gamble_left,You received 0 dollars.,52,1,6,-6,0,2
8,130,6154ce710c61f03724474c92,1335.3,0,39,gamble_left,You received 0 dollars.,53,1,6,-6.75,0,2
53,130,6154ce710c61f03724474c92,1090.8,0,37,gamble_right,You received 0 dollars.,54,1,6,-7.5,0,2
86,130,6154ce710c61f03724474c92,1256.5,0,37,gamble_right,You received 0 dollars.,55,1,6,-8.25,0,2
39,130,6154ce710c61f03724474c92,961.6,0,39,gamble_left,You received 0 dollars.,56,1,6,-9,0,2
144,130,6154ce710c61f03724474c92,1092.5,0,39,gamble_left,You received 0 dollars.,57,1,6,-9.75,0,2
71,130,6154ce710c61f03724474c92,1151.8,0,39,gamble_left,You received 0 dollars.,58,1,6,-10.5,0,2
90,130,6154ce710c61f03724474c92,1251.7,0,39,gamble_left,You received 0 dollars.,59,1,6,-11.25,0,2
100,130,6154ce710c61f03724474c92,942.5,0,37,gamble_right,You received 0 dollars.,60,1,6,-12,0,2
137,130,6154ce710c61f03724474c92,820.4,1,37,gamble_left,You won 8 dollars.,61,1,8,-2,0,1
104,130,6154ce710c61f03724474c92,1000.6,1,37,gamble_left,You won 8 dollars.,62,1,8,-3,0,1
141,130,6154ce710c61f03724474c92,1344.7,0,37,gamble_right,You received 0 dollars.,63,1,8,-4,0,2
121,130,6154ce710c61f03724474c92,1028,1,39,gamble_right,You won 8 dollars.,64,1,8,-5,0,1
146,130,6154ce710c61f03724474c92,1171.2,1,39,gamble_right,You won 8 dollars.,65,1,8,-6,0,1
9,130,6154ce710c61f03724474c92,1193.7,1,37,gamble_left,You lost -7 dollars.,66,1,8,-7,0,2
35,130,6154ce710c61f03724474c92,1595.5,1,39,gamble_right,You lost -8 dollars.,67,1,8,-8,0,2
44,130,6154ce710c61f03724474c92,955.3,0,39,gamble_left,You received 0 dollars.,68,1,8,-9,0,2
33,130,6154ce710c61f03724474c92,1134.1,0,39,gamble_left,You received 0 dollars.,69,1,8,-10,0,2
129,130,6154ce710c61f03724474c92,1108.2,0,37,gamble_right,You received 0 dollars.,70,1,8,-11,0,2
99,130,6154ce710c61f03724474c92,965.6,0,39,gamble_left,You received 0 dollars.,71,1,8,-12,0,2
19,130,6154ce710c61f03724474c92,1591.8,0,37,gamble_right,You received 0 dollars.,72,1,8,-13,0,2
91,130,6154ce710c61f03724474c92,1023.9,0,39,gamble_left,You received 0 dollars.,73,1,8,-14,0,2
130,130,6154ce710c61f03724474c92,1201.6,0,37,gamble_right,You received 0 dollars.,74,1,8,-15,0,2
46,130,6154ce710c61f03724474c92,970.3,0,37,gamble_right,You received 0 dollars.,75,1,8,-16,0,2
14,130,6154ce710c61f03724474c92,945.7,1,39,gamble_right,You lost -2.25 dollars.,76,1,9,-2.25,0,2
20,130,6154ce710c61f03724474c92,1108.2,1,37,gamble_left,You won 9 dollars.,77,1,9,-3.38,0,1
4,130,6154ce710c61f03724474c92,1504.4,1,37,gamble_left,You lost -4.5 dollars.,78,1,9,-4.5,0,2
13,130,6154ce710c61f03724474c92,1486.9,1,39,gamble_right,You lost -5.63 dollars.,79,1,9,-5.63,0,2
63,130,6154ce710c61f03724474c92,1527,1,37,gamble_left,You lost -6.75 dollars.,80,1,9,-6.75,0,2
103,130,6154ce710c61f03724474c92,1239,0,37,gamble_right,You received 0 dollars.,81,1,9,-7.88,0,2
133,130,6154ce710c61f03724474c92,1120.3,0,39,gamble_left,You received 0 dollars.,82,1,9,-9,0,2
56,130,6154ce710c61f03724474c92,1207.9,0,37,gamble_right,You received 0 dollars.,83,1,9,-10.13,0,2
57,130,6154ce710c61f03724474c92,841.3,0,37,gamble_right,You received 0 dollars.,84,1,9,-11.25,0,2
54,130,6154ce710c61f03724474c92,1047.6,0,37,gamble_right,You received 0 dollars.,85,1,9,-12.38,0,2
98,130,6154ce710c61f03724474c92,1058.3,0,37,gamble_right,You received 0 dollars.,86,1,9,-13.5,0,2
25,130,6154ce710c61f03724474c92,1027.3,0,39,gamble_left,You received 0 dollars.,87,1,9,-14.63,0,2
49,130,6154ce710c61f03724474c92,970.3,0,37,gamble_right,You received 0 dollars.,88,1,9,-15.75,0,2
122,130,6154ce710c61f03724474c92,1064,0,39,gamble_left,You received 0 dollars.,89,1,9,-16.88,0,2
85,130,6154ce710c61f03724474c92,1708.2,0,37,gamble_right,You received 0 dollars.,90,1,9,-18,0,2
87,130,6154ce710c61f03724474c92,1089.6,1,37,gamble_left,You lost -2.5 dollars.,91,1,10,-2.5,0,2
16,130,6154ce710c61f03724474c92,1003.4,1,39,gamble_right,You won 10 dollars.,92,1,10,-3.75,0,1
89,130,6154ce710c61f03724474c92,1155.5,1,39,gamble_right,You won 10 dollars.,93,1,10,-5,0,1
70,130,6154ce710c61f03724474c92,NA,NA,NA,gamble_right,Trial missed.,94,1,10,-6.25,0,3
78,130,6154ce710c61f03724474c92,1837.3,0,39,gamble_left,You received 0 dollars.,95,1,10,-7.5,0,2
75,130,6154ce710c61f03724474c92,931.5,1,37,gamble_left,You lost -8.75 dollars.,96,1,10,-8.75,0,2
117,130,6154ce710c61f03724474c92,1438,0,37,gamble_right,You received 0 dollars.,97,1,10,-10,0,2
18,130,6154ce710c61f03724474c92,1272.3,0,37,gamble_right,You received 0 dollars.,98,1,10,-11.25,0,2
138,130,6154ce710c61f03724474c92,1160.2,0,37,gamble_right,You received 0 dollars.,99,1,10,-12.5,0,2
116,130,6154ce710c61f03724474c92,1140.4,0,39,gamble_left,You received 0 dollars.,100,1,10,-13.75,0,2
55,130,6154ce710c61f03724474c92,1068.5,0,37,gamble_right,You received 0 dollars.,101,1,10,-15,0,2
119,130,6154ce710c61f03724474c92,1032.4,0,37,gamble_right,You received 0 dollars.,102,1,10,-16.25,0,2
74,130,6154ce710c61f03724474c92,1192.6,0,37,gamble_right,You received 0 dollars.,103,1,10,-17.5,0,2
142,130,6154ce710c61f03724474c92,1021.1,0,37,gamble_right,You received 0 dollars.,104,1,10,-18.75,0,2
107,130,6154ce710c61f03724474c92,1118,0,37,gamble_right,You received 0 dollars.,105,1,10,-20,0,2
127,130,6154ce710c61f03724474c92,983.3,1,37,gamble_left,You lost -3 dollars.,106,1,12,-3,0,2
96,130,6154ce710c61f03724474c92,1134.9,1,39,gamble_right,You lost -4.5 dollars.,107,1,12,-4.5,0,2
34,130,6154ce710c61f03724474c92,1150.8,1,37,gamble_left,You lost -6 dollars.,108,1,12,-6,0,2
80,130,6154ce710c61f03724474c92,1267.1,1,37,gamble_left,You lost -7.5 dollars.,109,1,12,-7.5,0,2
15,130,6154ce710c61f03724474c92,1461.4,1,37,gamble_left,You lost -9 dollars.,110,1,12,-9,0,2
109,130,6154ce710c61f03724474c92,1107.3,0,37,gamble_right,You received 0 dollars.,111,1,12,-10.5,0,2
112,130,6154ce710c61f03724474c92,1090.1,0,37,gamble_right,You received 0 dollars.,112,1,12,-12,0,2
22,130,6154ce710c61f03724474c92,1425.8,0,37,gamble_right,You received 0 dollars.,113,1,12,-13.5,0,2
126,130,6154ce710c61f03724474c92,1124.9,0,37,gamble_right,You received 0 dollars.,114,1,12,-15,0,2
62,130,6154ce710c61f03724474c92,1451.6,0,37,gamble_right,You received 0 dollars.,115,1,12,-16.5,0,2
105,130,6154ce710c61f03724474c92,941.1,0,39,gamble_left,You received 0 dollars.,116,1,12,-18,0,2
5,130,6154ce710c61f03724474c92,1668.4,1,37,gamble_left,You won 12 dollars.,117,1,12,-19.5,0,1
24,130,6154ce710c61f03724474c92,1192.1,0,37,gamble_right,You received 0 dollars.,118,1,12,-21,0,2
145,130,6154ce710c61f03724474c92,910.7,0,39,gamble_left,You received 0 dollars.,119,1,12,-22.5,0,2
12,130,6154ce710c61f03724474c92,1058.4,0,37,gamble_right,You received 0 dollars.,120,1,12,-24,0,2
32,130,6154ce710c61f03724474c92,1086.3,1,37,gamble_left,You received 0 dollars.,121,2,4,0,2,2
48,130,6154ce710c61f03724474c92,1137.8,1,37,gamble_left,You received 0 dollars.,122,2,8,0,4,2
124,130,6154ce710c61f03724474c92,1134.5,1,37,gamble_left,You won 12 dollars.,123,2,12,0,6,1
23,130,6154ce710c61f03724474c92,1276.3,0,37,gamble_right,You won 9 dollars.,124,2,18,0,9,1
45,130,6154ce710c61f03724474c92,1438.9,0,37,gamble_right,You won 12 dollars.,125,2,24,0,12,1
108,130,6154ce710c61f03724474c92,1346.8,1,39,gamble_right,You received 0 dollars.,126,2,5,0,3,2
77,130,6154ce710c61f03724474c92,1769.9,0,39,gamble_left,You won 4 dollars.,127,2,7,0,4,1
64,130,6154ce710c61f03724474c92,1549.2,0,39,gamble_left,You won 6 dollars.,128,2,10,0,6,1
60,130,6154ce710c61f03724474c92,1590.4,0,37,gamble_right,You won 10 dollars.,129,2,17,0,10,1
101,130,6154ce710c61f03724474c92,1179.7,0,37,gamble_right,You won 13 dollars.,130,2,22,0,13,1
82,130,6154ce710c61f03724474c92,1109.8,0,37,gamble_right,You won 13 dollars.,131,2,28,0,13,1
148,130,6154ce710c61f03724474c92,1318.2,0,37,gamble_right,You won 2 dollars.,132,2,5,0,2,1
59,130,6154ce710c61f03724474c92,1016.1,1,37,gamble_left,You received 0 dollars.,133,2,26,0,10,2
113,130,6154ce710c61f03724474c92,1207.3,0,37,gamble_right,You won 3 dollars.,134,2,7,0,3,1
11,130,6154ce710c61f03724474c92,1294.9,1,37,gamble_left,You received 0 dollars.,135,2,13,0,5,2
66,130,6154ce710c61f03724474c92,1988.3,1,37,gamble_left,You received 0 dollars.,136,2,12,0,6,2
69,130,6154ce710c61f03724474c92,1593.2,0,37,gamble_right,You won 10 dollars.,137,2,25,0,10,1
94,130,6154ce710c61f03724474c92,1069.6,1,37,gamble_left,You received 0 dollars.,138,2,4,0,2,2
17,130,6154ce710c61f03724474c92,1339.5,1,37,gamble_left,You won 3 dollars.,139,2,3,0,1,1
58,130,6154ce710c61f03724474c92,1335,1,39,gamble_right,You received 0 dollars.,140,2,25,0,9,2
27,130,6154ce710c61f03724474c92,1151.9,1,39,gamble_right,You won 13 dollars.,141,2,13,0,6,1
65,130,6154ce710c61f03724474c92,1353.6,1,37,gamble_left,You won 22 dollars.,142,2,22,0,10,1
84,130,6154ce710c61f03724474c92,1379.4,0,37,gamble_right,You won 5 dollars.,143,2,12,0,5,1
131,130,6154ce710c61f03724474c92,1327.1,0,37,gamble_right,You won 1 dollars.,144,2,2,0,1,1
139,130,6154ce710c61f03724474c92,1569.4,0,39,gamble_left,You won 3 dollars.,145,2,8,0,3,1
6,130,6154ce710c61f03724474c92,1361.2,1,39,gamble_right,You received 0 dollars.,146,2,19,0,8,2
61,130,6154ce710c61f03724474c92,1119.3,1,39,gamble_right,You received 0 dollars.,147,2,26,0,12,2
29,130,6154ce710c61f03724474c92,1250.7,1,39,gamble_right,You won 30 dollars.,148,2,30,0,12,1
88,130,6154ce710c61f03724474c92,1192.1,0,37,gamble_right,You won 10 dollars.,149,2,23,0,10,1
83,130,6154ce710c61f03724474c92,1100.5,1,39,gamble_right,You won 12 dollars.,150,2,12,0,4,1