trial_index,ID,subject,rt,responses,key_press,gamble_location,stimulus,Trial_ID,Trial_Type,Gain,Loss,Certain,Trial_Outcome
91,131,5e29c7b8884487028f82e333,584.3,0,37,gamble_right,You received 0 dollars.,1,1,2,-0.5,0,2
94,131,5e29c7b8884487028f82e333,607.5,1,39,gamble_right,You won 2 dollars.,2,1,2,-0.75,0,1
28,131,5e29c7b8884487028f82e333,745.9,1,39,gamble_right,You lost -1 dollars.,3,1,2,-1,0,2
30,131,5e29c7b8884487028f82e333,828.4,1,39,gamble_right,You won 2 dollars.,4,1,2,-1.25,0,1
69,131,5e29c7b8884487028f82e333,773.9,1,37,gamble_left,You won 2 dollars.,5,1,2,-1.5,0,1
139,131,5e29c7b8884487028f82e333,554.7,1,39,gamble_right,You won 2 dollars.,6,1,2,-1.75,0,1
132,131,5e29c7b8884487028f82e333,620.8,1,39,gamble_right,You lost -2 dollars.,7,1,2,-2,0,2
32,131,5e29c7b8884487028f82e333,1191.6,1,37,gamble_left,You won 2 dollars.,8,1,2,-2.25,0,1
110,131,5e29c7b8884487028f82e333,631.8,1,39,gamble_right,You won 2 dollars.,9,1,2,-2.5,0,1
97,131,5e29c7b8884487028f82e333,1056.9,1,37,gamble_left,You lost -2.75 dollars.,10,1,2,-2.75,0,2
34,131,5e29c7b8884487028f82e333,773.5,1,37,gamble_left,You won 2 dollars.,11,1,2,-3,0,1
76,131,5e29c7b8884487028f82e333,824.9,1,39,gamble_right,You won 2 dollars.,12,1,2,-3.25,0,1
55,131,5e29c7b8884487028f82e333,605.4,1,37,gamble_left,You lost -3.5 dollars.,13,1,2,-3.5,0,2
119,131,5e29c7b8884487028f82e333,516.2,1,39,gamble_right,You lost -3.75 dollars.,14,1,2,-3.75,0,2
53,131,5e29c7b8884487028f82e333,836.8,1,39,gamble_right,You won 2 dollars.,15,1,2,-4,0,1
148,131,5e29c7b8884487028f82e333,499.6,1,39,gamble_right,You won 4 dollars.,16,1,4,-1,0,1
142,131,5e29c7b8884487028f82e333,485.9,1,37,gamble_left,You lost -1.5 dollars.,17,1,4,-1.5,0,2
12,131,5e29c7b8884487028f82e333,784.7,1,37,gamble_left,You lost -2 dollars.,18,1,4,-2,0,2
74,131,5e29c7b8884487028f82e333,668.5,1,37,gamble_left,You won 4 dollars.,19,1,4,-2.5,0,1
26,131,5e29c7b8884487028f82e333,875.6,1,39,gamble_right,You lost -3 dollars.,20,1,4,-3,0,2
136,131,5e29c7b8884487028f82e333,528.6,1,39,gamble_right,You won 4 dollars.,21,1,4,-3.5,0,1
15,131,5e29c7b8884487028f82e333,786.9,1,39,gamble_right,You won 4 dollars.,22,1,4,-4,0,1
141,131,5e29c7b8884487028f82e333,488.9,1,37,gamble_left,You lost -4.5 dollars.,23,1,4,-4.5,0,2
70,131,5e29c7b8884487028f82e333,939,1,37,gamble_left,You won 4 dollars.,24,1,4,-5,0,1
3,131,5e29c7b8884487028f82e333,916.2,1,39,gamble_right,You won 4 dollars.,25,1,4,-5.5,0,1
65,131,5e29c7b8884487028f82e333,1340.8,0,37,gamble_right,You received 0 dollars.,26,1,4,-6,0,2
89,131,5e29c7b8884487028f82e333,681.8,1,39,gamble_right,You lost -6.5 dollars.,27,1,4,-6.5,0,2
20,131,5e29c7b8884487028f82e333,796,1,37,gamble_left,You won 4 dollars.,28,1,4,-7,0,1
22,131,5e29c7b8884487028f82e333,1079.4,1,39,gamble_right,You won 4 dollars.,29,1,4,-7.5,0,1
47,131,5e29c7b8884487028f82e333,717,1,37,gamble_left,You lost -8 dollars.,30,1,4,-8,0,2
120,131,5e29c7b8884487028f82e333,946.3,1,39,gamble_right,You lost -1.25 dollars.,31,1,5,-1.25,0,2
125,131,5e29c7b8884487028f82e333,494,1,39,gamble_right,You won 5 dollars.,32,1,5,-1.88,0,1
145,131,5e29c7b8884487028f82e333,475.6,1,39,gamble_right,You lost -2.5 dollars.,33,1,5,-2.5,0,2
67,131,5e29c7b8884487028f82e333,697.7,1,39,gamble_right,You won 5 dollars.,34,1,5,-3.13,0,1
8,131,5e29c7b8884487028f82e333,875.2,1,39,gamble_right,You lost -3.75 dollars.,35,1,5,-3.75,0,2
1,131,5e29c7b8884487028f82e333,817.9,1,39,gamble_right,You won 5 dollars.,36,1,5,-4.38,0,1
83,131,5e29c7b8884487028f82e333,691.7,1,39,gamble_right,You won 5 dollars.,37,1,5,-5,0,1
4,131,5e29c7b8884487028f82e333,831.6,1,39,gamble_right,You lost -5.63 dollars.,38,1,5,-5.63,0,2
93,131,5e29c7b8884487028f82e333,682.8,1,39,gamble_right,You lost -6.25 dollars.,39,1,5,-6.25,0,2
79,131,5e29c7b8884487028f82e333,817,1,39,gamble_right,You won 5 dollars.,40,1,5,-6.88,0,1
122,131,5e29c7b8884487028f82e333,1008.9,1,37,gamble_left,You lost -7.5 dollars.,41,1,5,-7.5,0,2
63,131,5e29c7b8884487028f82e333,605.8,1,37,gamble_left,You lost -8.13 dollars.,42,1,5,-8.13,0,2
92,131,5e29c7b8884487028f82e333,832.9,1,39,gamble_right,You lost -8.75 dollars.,43,1,5,-8.75,0,2
96,131,5e29c7b8884487028f82e333,1047.4,1,37,gamble_left,You lost -9.38 dollars.,44,1,5,-9.38,0,2
123,131,5e29c7b8884487028f82e333,613.6,1,39,gamble_right,You lost -10 dollars.,45,1,5,-10,0,2
17,131,5e29c7b8884487028f82e333,763,1,37,gamble_left,You won 6 dollars.,46,1,6,-1.5,0,1
7,131,5e29c7b8884487028f82e333,1009.5,1,39,gamble_right,You won 6 dollars.,47,1,6,-2.25,0,1
58,131,5e29c7b8884487028f82e333,718.8,1,37,gamble_left,You lost -3 dollars.,48,1,6,-3,0,2
60,131,5e29c7b8884487028f82e333,749,1,37,gamble_left,You won 6 dollars.,49,1,6,-3.75,0,1
103,131,5e29c7b8884487028f82e333,685.6,1,37,gamble_left,You lost -4.5 dollars.,50,1,6,-4.5,0,2
149,131,5e29c7b8884487028f82e333,717.2,1,37,gamble_left,You won 6 dollars.,51,1,6,-5.25,0,1
24,131,5e29c7b8884487028f82e333,958.2,1,37,gamble_left,You lost -6 dollars.,52,1,6,-6,0,2
73,131,5e29c7b8884487028f82e333,916.8,0,37,gamble_right,You received 0 dollars.,53,1,6,-6.75,0,2
115,131,5e29c7b8884487028f82e333,682.1,1,39,gamble_right,You lost -7.5 dollars.,54,1,6,-7.5,0,2
111,131,5e29c7b8884487028f82e333,639.9,1,39,gamble_right,You lost -8.25 dollars.,55,1,6,-8.25,0,2
9,131,5e29c7b8884487028f82e333,838.6,1,39,gamble_right,You won 6 dollars.,56,1,6,-9,0,1
33,131,5e29c7b8884487028f82e333,820.9,1,39,gamble_right,You won 6 dollars.,57,1,6,-9.75,0,1
21,131,5e29c7b8884487028f82e333,1031.9,0,37,gamble_right,You received 0 dollars.,58,1,6,-10.5,0,2
14,131,5e29c7b8884487028f82e333,727.1,1,37,gamble_left,You lost -11.25 dollars.,59,1,6,-11.25,0,2
27,131,5e29c7b8884487028f82e333,895.8,1,37,gamble_left,You lost -12 dollars.,60,1,6,-12,0,2
107,131,5e29c7b8884487028f82e333,600.3,1,39,gamble_right,You won 8 dollars.,61,1,8,-2,0,1
44,131,5e29c7b8884487028f82e333,962.5,1,37,gamble_left,You lost -3 dollars.,62,1,8,-3,0,2
146,131,5e29c7b8884487028f82e333,598.2,1,39,gamble_right,You lost -4 dollars.,63,1,8,-4,0,2
143,131,5e29c7b8884487028f82e333,469.3,1,39,gamble_right,You won 8 dollars.,64,1,8,-5,0,1
131,131,5e29c7b8884487028f82e333,670.1,1,39,gamble_right,You won 8 dollars.,65,1,8,-6,0,1
42,131,5e29c7b8884487028f82e333,788.1,1,37,gamble_left,You lost -7 dollars.,66,1,8,-7,0,2
77,131,5e29c7b8884487028f82e333,832.6,1,39,gamble_right,You lost -8 dollars.,67,1,8,-8,0,2
36,131,5e29c7b8884487028f82e333,831.2,1,39,gamble_right,You lost -9 dollars.,68,1,8,-9,0,2
121,131,5e29c7b8884487028f82e333,552.7,1,37,gamble_left,You lost -10 dollars.,69,1,8,-10,0,2
38,131,5e29c7b8884487028f82e333,734.8,1,37,gamble_left,You won 8 dollars.,70,1,8,-11,0,1
108,131,5e29c7b8884487028f82e333,459.4,1,37,gamble_left,You won 8 dollars.,71,1,8,-12,0,1
13,131,5e29c7b8884487028f82e333,689,1,37,gamble_left,You won 8 dollars.,72,1,8,-13,0,1
85,131,5e29c7b8884487028f82e333,657.6,1,37,gamble_left,You won 8 dollars.,73,1,8,-14,0,1
49,131,5e29c7b8884487028f82e333,1079.9,1,39,gamble_right,You lost -15 dollars.,74,1,8,-15,0,2
48,131,5e29c7b8884487028f82e333,771,1,37,gamble_left,You won 8 dollars.,75,1,8,-16,0,1
40,131,5e29c7b8884487028f82e333,684.9,1,37,gamble_left,You lost -2.25 dollars.,76,1,9,-2.25,0,2
133,131,5e29c7b8884487028f82e333,461.8,1,39,gamble_right,You lost -3.38 dollars.,77,1,9,-3.38,0,2
118,131,5e29c7b8884487028f82e333,616,1,39,gamble_right,You lost -4.5 dollars.,78,1,9,-4.5,0,2
112,131,5e29c7b8884487028f82e333,537.7,1,39,gamble_right,You won 9 dollars.,79,1,9,-5.63,0,1
10,131,5e29c7b8884487028f82e333,835.6,1,37,gamble_left,You lost -6.75 dollars.,80,1,9,-6.75,0,2
37,131,5e29c7b8884487028f82e333,738.6,1,39,gamble_right,You won 9 dollars.,81,1,9,-7.88,0,1
68,131,5e29c7b8884487028f82e333,636.8,1,39,gamble_right,You lost -9 dollars.,82,1,9,-9,0,2
11,131,5e29c7b8884487028f82e333,792.9,1,39,gamble_right,You won 9 dollars.,83,1,9,-10.13,0,1
54,131,5e29c7b8884487028f82e333,709.8,1,39,gamble_right,You lost -11.25 dollars.,84,1,9,-11.25,0,2
135,131,5e29c7b8884487028f82e333,630.9,1,39,gamble_right,You lost -12.38 dollars.,85,1,9,-12.38,0,2
126,131,5e29c7b8884487028f82e333,614,1,37,gamble_left,You lost -13.5 dollars.,86,1,9,-13.5,0,2
78,131,5e29c7b8884487028f82e333,886.2,1,37,gamble_left,You won 9 dollars.,87,1,9,-14.63,0,1
130,131,5e29c7b8884487028f82e333,723,1,37,gamble_left,You lost -15.75 dollars.,88,1,9,-15.75,0,2
117,131,5e29c7b8884487028f82e333,580.9,1,39,gamble_right,You lost -16.88 dollars.,89,1,9,-16.88,0,2
124,131,5e29c7b8884487028f82e333,524.4,1,37,gamble_left,You lost -18 dollars.,90,1,9,-18,0,2
5,131,5e29c7b8884487028f82e333,1103.1,1,39,gamble_right,You won 10 dollars.,91,1,10,-2.5,0,1
128,131,5e29c7b8884487028f82e333,600.2,0,37,gamble_right,You received 0 dollars.,92,1,10,-3.75,0,2
29,131,5e29c7b8884487028f82e333,704.5,1,37,gamble_left,You won 10 dollars.,93,1,10,-5,0,1
109,131,5e29c7b8884487028f82e333,1174.9,0,39,gamble_left,You received 0 dollars.,94,1,10,-6.25,0,2
101,131,5e29c7b8884487028f82e333,799.3,1,39,gamble_right,You lost -7.5 dollars.,95,1,10,-7.5,0,2
2,131,5e29c7b8884487028f82e333,910.5,1,37,gamble_left,You lost -8.75 dollars.,96,1,10,-8.75,0,2
52,131,5e29c7b8884487028f82e333,622,1,37,gamble_left,You lost -10 dollars.,97,1,10,-10,0,2
114,131,5e29c7b8884487028f82e333,605.4,1,39,gamble_right,You won 10 dollars.,98,1,10,-11.25,0,1
16,131,5e29c7b8884487028f82e333,788.5,1,39,gamble_right,You won 10 dollars.,99,1,10,-12.5,0,1
46,131,5e29c7b8884487028f82e333,1005.9,1,39,gamble_right,You lost -13.75 dollars.,100,1,10,-13.75,0,2
71,131,5e29c7b8884487028f82e333,721.7,1,37,gamble_left,You won 10 dollars.,101,1,10,-15,0,1
66,131,5e29c7b8884487028f82e333,1136,1,39,gamble_right,You lost -16.25 dollars.,102,1,10,-16.25,0,2
99,131,5e29c7b8884487028f82e333,884.9,1,37,gamble_left,You lost -17.5 dollars.,103,1,10,-17.5,0,2
106,131,5e29c7b8884487028f82e333,567.6,1,37,gamble_left,You lost -18.75 dollars.,104,1,10,-18.75,0,2
25,131,5e29c7b8884487028f82e333,790,1,37,gamble_left,You lost -20 dollars.,105,1,10,-20,0,2
18,131,5e29c7b8884487028f82e333,922.8,1,39,gamble_right,You lost -3 dollars.,106,1,12,-3,0,2
62,131,5e29c7b8884487028f82e333,715.9,1,37,gamble_left,You won 12 dollars.,107,1,12,-4.5,0,1
150,131,5e29c7b8884487028f82e333,508,1,39,gamble_right,You lost -6 dollars.,108,1,12,-6,0,2
84,131,5e29c7b8884487028f82e333,883,1,37,gamble_left,You won 12 dollars.,109,1,12,-7.5,0,1
87,131,5e29c7b8884487028f82e333,650.4,0,37,gamble_right,You received 0 dollars.,110,1,12,-9,0,2
105,131,5e29c7b8884487028f82e333,633.8,1,39,gamble_right,You lost -10.5 dollars.,111,1,12,-10.5,0,2
57,131,5e29c7b8884487028f82e333,960.7,1,39,gamble_right,You lost -12 dollars.,112,1,12,-12,0,2
45,131,5e29c7b8884487028f82e333,804.6,1,37,gamble_left,You won 12 dollars.,113,1,12,-13.5,0,1
147,131,5e29c7b8884487028f82e333,495.7,1,39,gamble_right,You won 12 dollars.,114,1,12,-15,0,1
129,131,5e29c7b8884487028f82e333,514.5,1,37,gamble_left,You won 12 dollars.,115,1,12,-16.5,0,1
144,131,5e29c7b8884487028f82e333,533.7,1,37,gamble_left,You lost -18 dollars.,116,1,12,-18,0,2
90,131,5e29c7b8884487028f82e333,622.9,1,37,gamble_left,You won 12 dollars.,117,1,12,-19.5,0,1
59,131,5e29c7b8884487028f82e333,653,1,37,gamble_left,You won 12 dollars.,118,1,12,-21,0,1
61,131,5e29c7b8884487028f82e333,874,1,37,gamble_left,You won 12 dollars.,119,1,12,-22.5,0,1
31,131,5e29c7b8884487028f82e333,626.6,1,37,gamble_left,You lost -24 dollars.,120,1,12,-24,0,2
88,131,5e29c7b8884487028f82e333,464.8,0,37,gamble_right,You won 2 dollars.,121,2,4,0,2,1
41,131,5e29c7b8884487028f82e333,683.7,0,39,gamble_left,You won 4 dollars.,122,2,8,0,4,1
140,131,5e29c7b8884487028f82e333,431,1,39,gamble_right,You received 0 dollars.,123,2,12,0,6,2
86,131,5e29c7b8884487028f82e333,483.7,0,37,gamble_right,You won 9 dollars.,124,2,18,0,9,1
95,131,5e29c7b8884487028f82e333,476.6,0,39,gamble_left,You won 12 dollars.,125,2,24,0,12,1
75,131,5e29c7b8884487028f82e333,690.3,0,37,gamble_right,You won 3 dollars.,126,2,5,0,3,1
82,131,5e29c7b8884487028f82e333,586.7,1,39,gamble_right,You won 7 dollars.,127,2,7,0,4,1
39,131,5e29c7b8884487028f82e333,577.1,0,39,gamble_left,You won 6 dollars.,128,2,10,0,6,1
23,131,5e29c7b8884487028f82e333,664.7,0,37,gamble_right,You won 10 dollars.,129,2,17,0,10,1
104,131,5e29c7b8884487028f82e333,514.3,1,39,gamble_right,You won 22 dollars.,130,2,22,0,13,1
51,131,5e29c7b8884487028f82e333,1037.9,1,39,gamble_right,You received 0 dollars.,131,2,28,0,13,2
56,131,5e29c7b8884487028f82e333,494,0,39,gamble_left,You won 2 dollars.,132,2,5,0,2,1
134,131,5e29c7b8884487028f82e333,583.1,1,37,gamble_left,You received 0 dollars.,133,2,26,0,10,2
98,131,5e29c7b8884487028f82e333,581.8,1,39,gamble_right,You won 7 dollars.,134,2,7,0,3,1
102,131,5e29c7b8884487028f82e333,528.7,0,37,gamble_right,You won 5 dollars.,135,2,13,0,5,1
138,131,5e29c7b8884487028f82e333,465.6,0,37,gamble_right,You won 6 dollars.,136,2,12,0,6,1
50,131,5e29c7b8884487028f82e333,881.4,1,39,gamble_right,You received 0 dollars.,137,2,25,0,10,2
100,131,5e29c7b8884487028f82e333,513.8,1,39,gamble_right,You won 4 dollars.,138,2,4,0,2,1
127,131,5e29c7b8884487028f82e333,489.6,1,39,gamble_right,You received 0 dollars.,139,2,3,0,1,2
6,131,5e29c7b8884487028f82e333,650.5,0,39,gamble_left,You won 9 dollars.,140,2,25,0,9,1
35,131,5e29c7b8884487028f82e333,819,1,39,gamble_right,You won 13 dollars.,141,2,13,0,6,1
64,131,5e29c7b8884487028f82e333,664.4,1,39,gamble_right,You won 22 dollars.,142,2,22,0,10,1
137,131,5e29c7b8884487028f82e333,521.3,1,39,gamble_right,You received 0 dollars.,143,2,12,0,5,2
19,131,5e29c7b8884487028f82e333,689.8,0,37,gamble_right,You won 1 dollars.,144,2,2,0,1,1
116,131,5e29c7b8884487028f82e333,527.5,0,39,gamble_left,You won 3 dollars.,145,2,8,0,3,1
81,131,5e29c7b8884487028f82e333,783.3,1,37,gamble_left,You won 19 dollars.,146,2,19,0,8,1
80,131,5e29c7b8884487028f82e333,647.7,0,37,gamble_right,You won 12 dollars.,147,2,26,0,12,1
43,131,5e29c7b8884487028f82e333,726.7,1,39,gamble_right,You received 0 dollars.,148,2,30,0,12,2
72,131,5e29c7b8884487028f82e333,696.1,0,37,gamble_right,You won 10 dollars.,149,2,23,0,10,1
113,131,5e29c7b8884487028f82e333,519.3,0,37,gamble_right,You won 4 dollars.,150,2,12,0,4,1