trial_index,ID,subject,rt,responses,key_press,gamble_location,stimulus,Trial_ID,Trial_Type,Gain,Loss,Certain,Trial_Outcome
80,132,60a57ec89138a40a4a5acc63,1200.9,1,39,gamble_right,You won 2 dollars.,1,1,2,-0.5,0,1
23,132,60a57ec89138a40a4a5acc63,1135.3,1,39,gamble_right,You won 2 dollars.,2,1,2,-0.75,0,1
122,132,60a57ec89138a40a4a5acc63,1001.1,1,37,gamble_left,You won 2 dollars.,3,1,2,-1,0,1
44,132,60a57ec89138a40a4a5acc63,NA,NA,NA,gamble_left,Trial missed.,4,1,2,-1.25,0,3
19,132,60a57ec89138a40a4a5acc63,1604.4,1,39,gamble_right,You lost -1.5 dollars.,5,1,2,-1.5,0,2
63,132,60a57ec89138a40a4a5acc63,1613.4,1,37,gamble_left,You lost -1.75 dollars.,6,1,2,-1.75,0,2
56,132,60a57ec89138a40a4a5acc63,NA,NA,NA,gamble_left,Trial missed.,7,1,2,-2,0,3
85,132,60a57ec89138a40a4a5acc63,1376.1,1,39,gamble_right,You won 2 dollars.,8,1,2,-2.25,0,1
43,132,60a57ec89138a40a4a5acc63,NA,NA,NA,gamble_right,Trial missed.,9,1,2,-2.5,0,3
15,132,60a57ec89138a40a4a5acc63,1995.6,0,37,gamble_right,You received 0 dollars.,10,1,2,-2.75,0,2
114,132,60a57ec89138a40a4a5acc63,1241.1,0,39,gamble_left,You received 0 dollars.,11,1,2,-3,0,2
34,132,60a57ec89138a40a4a5acc63,1134.1,0,39,gamble_left,You received 0 dollars.,12,1,2,-3.25,0,2
29,132,60a57ec89138a40a4a5acc63,1559.7,1,37,gamble_left,You won 2 dollars.,13,1,2,-3.5,0,1
13,132,60a57ec89138a40a4a5acc63,1532.2,0,37,gamble_right,You received 0 dollars.,14,1,2,-3.75,0,2
40,132,60a57ec89138a40a4a5acc63,1246.7,0,37,gamble_right,You received 0 dollars.,15,1,2,-4,0,2
59,132,60a57ec89138a40a4a5acc63,1180.6,1,39,gamble_right,You lost -1 dollars.,16,1,4,-1,0,2
136,132,60a57ec89138a40a4a5acc63,969.7,1,37,gamble_left,You lost -1.5 dollars.,17,1,4,-1.5,0,2
48,132,60a57ec89138a40a4a5acc63,1222.6,1,39,gamble_right,You won 4 dollars.,18,1,4,-2,0,1
99,132,60a57ec89138a40a4a5acc63,1285.2,0,37,gamble_right,You received 0 dollars.,19,1,4,-2.5,0,2
31,132,60a57ec89138a40a4a5acc63,1116.5,1,39,gamble_right,You lost -3 dollars.,20,1,4,-3,0,2
140,132,60a57ec89138a40a4a5acc63,1137.9,1,39,gamble_right,You lost -3.5 dollars.,21,1,4,-3.5,0,2
95,132,60a57ec89138a40a4a5acc63,1124.1,0,39,gamble_left,You received 0 dollars.,22,1,4,-4,0,2
74,132,60a57ec89138a40a4a5acc63,965.3,0,39,gamble_left,You received 0 dollars.,23,1,4,-4.5,0,2
121,132,60a57ec89138a40a4a5acc63,1278.3,0,37,gamble_right,You received 0 dollars.,24,1,4,-5,0,2
51,132,60a57ec89138a40a4a5acc63,1342.6,0,37,gamble_right,You received 0 dollars.,25,1,4,-5.5,0,2
78,132,60a57ec89138a40a4a5acc63,1790,0,39,gamble_left,You received 0 dollars.,26,1,4,-6,0,2
17,132,60a57ec89138a40a4a5acc63,1962.7,0,37,gamble_right,You received 0 dollars.,27,1,4,-6.5,0,2
35,132,60a57ec89138a40a4a5acc63,1365.8,0,37,gamble_right,You received 0 dollars.,28,1,4,-7,0,2
3,132,60a57ec89138a40a4a5acc63,1708.9,1,37,gamble_left,You won 4 dollars.,29,1,4,-7.5,0,1
36,132,60a57ec89138a40a4a5acc63,932.6,0,39,gamble_left,You received 0 dollars.,30,1,4,-8,0,2
68,132,60a57ec89138a40a4a5acc63,938.4,1,37,gamble_left,You won 5 dollars.,31,1,5,-1.25,0,1
115,132,60a57ec89138a40a4a5acc63,1125.3,1,39,gamble_right,You won 5 dollars.,32,1,5,-1.88,0,1
120,132,60a57ec89138a40a4a5acc63,1042,1,39,gamble_right,You won 5 dollars.,33,1,5,-2.5,0,1
128,132,60a57ec89138a40a4a5acc63,1000.6,1,39,gamble_right,You won 5 dollars.,34,1,5,-3.13,0,1
27,132,60a57ec89138a40a4a5acc63,1291.2,1,37,gamble_left,You won 5 dollars.,35,1,5,-3.75,0,1
130,132,60a57ec89138a40a4a5acc63,975.9,0,39,gamble_left,You received 0 dollars.,36,1,5,-4.38,0,2
71,132,60a57ec89138a40a4a5acc63,1116.1,0,39,gamble_left,You received 0 dollars.,37,1,5,-5,0,2
14,132,60a57ec89138a40a4a5acc63,1469.5,1,37,gamble_left,You lost -5.63 dollars.,38,1,5,-5.63,0,2
138,132,60a57ec89138a40a4a5acc63,1051.7,0,37,gamble_right,You received 0 dollars.,39,1,5,-6.25,0,2
83,132,60a57ec89138a40a4a5acc63,1211.6,0,37,gamble_right,You received 0 dollars.,40,1,5,-6.88,0,2
10,132,60a57ec89138a40a4a5acc63,1561.5,1,39,gamble_right,You won 5 dollars.,41,1,5,-7.5,0,1
112,132,60a57ec89138a40a4a5acc63,845.8,0,39,gamble_left,You received 0 dollars.,42,1,5,-8.13,0,2
53,132,60a57ec89138a40a4a5acc63,1184.2,0,37,gamble_right,You received 0 dollars.,43,1,5,-8.75,0,2
89,132,60a57ec89138a40a4a5acc63,1012.9,0,39,gamble_left,You received 0 dollars.,44,1,5,-9.38,0,2
118,132,60a57ec89138a40a4a5acc63,1108,0,37,gamble_right,You received 0 dollars.,45,1,5,-10,0,2
25,132,60a57ec89138a40a4a5acc63,904.8,1,37,gamble_left,You lost -1.5 dollars.,46,1,6,-1.5,0,2
139,132,60a57ec89138a40a4a5acc63,848,1,37,gamble_left,You won 6 dollars.,47,1,6,-2.25,0,1
148,132,60a57ec89138a40a4a5acc63,1167.7,1,37,gamble_left,You won 6 dollars.,48,1,6,-3,0,1
150,132,60a57ec89138a40a4a5acc63,1430.4,1,39,gamble_right,You lost -3.75 dollars.,49,1,6,-3.75,0,2
46,132,60a57ec89138a40a4a5acc63,1219,1,39,gamble_right,You lost -4.5 dollars.,50,1,6,-4.5,0,2
50,132,60a57ec89138a40a4a5acc63,1534.8,0,39,gamble_left,You received 0 dollars.,51,1,6,-5.25,0,2
129,132,60a57ec89138a40a4a5acc63,1507.7,0,39,gamble_left,You received 0 dollars.,52,1,6,-6,0,2
101,132,60a57ec89138a40a4a5acc63,1164.5,1,39,gamble_right,You won 6 dollars.,53,1,6,-6.75,0,1
149,132,60a57ec89138a40a4a5acc63,899.1,0,39,gamble_left,You received 0 dollars.,54,1,6,-7.5,0,2
73,132,60a57ec89138a40a4a5acc63,1109.5,0,37,gamble_right,You received 0 dollars.,55,1,6,-8.25,0,2
142,132,60a57ec89138a40a4a5acc63,911.4,0,37,gamble_right,You received 0 dollars.,56,1,6,-9,0,2
45,132,60a57ec89138a40a4a5acc63,NA,NA,NA,gamble_right,Trial missed.,57,1,6,-9.75,0,3
8,132,60a57ec89138a40a4a5acc63,1511.9,0,39,gamble_left,You received 0 dollars.,58,1,6,-10.5,0,2
104,132,60a57ec89138a40a4a5acc63,689.9,0,39,gamble_left,You received 0 dollars.,59,1,6,-11.25,0,2
98,132,60a57ec89138a40a4a5acc63,1008.3,0,37,gamble_right,You received 0 dollars.,60,1,6,-12,0,2
143,132,60a57ec89138a40a4a5acc63,1371.3,1,37,gamble_left,You won 8 dollars.,61,1,8,-2,0,1
105,132,60a57ec89138a40a4a5acc63,797,1,37,gamble_left,You lost -3 dollars.,62,1,8,-3,0,2
110,132,60a57ec89138a40a4a5acc63,1044.2,1,39,gamble_right,You won 8 dollars.,63,1,8,-4,0,1
22,132,60a57ec89138a40a4a5acc63,1489.2,0,37,gamble_right,You received 0 dollars.,64,1,8,-5,0,2
81,132,60a57ec89138a40a4a5acc63,1516,1,37,gamble_left,You won 8 dollars.,65,1,8,-6,0,1
11,132,60a57ec89138a40a4a5acc63,1451.6,1,37,gamble_left,You lost -7 dollars.,66,1,8,-7,0,2
72,132,60a57ec89138a40a4a5acc63,1028.9,0,39,gamble_left,You received 0 dollars.,67,1,8,-8,0,2
47,132,60a57ec89138a40a4a5acc63,1122.9,0,37,gamble_right,You received 0 dollars.,68,1,8,-9,0,2
4,132,60a57ec89138a40a4a5acc63,1836.8,1,39,gamble_right,You lost -10 dollars.,69,1,8,-10,0,2
90,132,60a57ec89138a40a4a5acc63,1015,0,37,gamble_right,You received 0 dollars.,70,1,8,-11,0,2
87,132,60a57ec89138a40a4a5acc63,936.8,0,39,gamble_left,You received 0 dollars.,71,1,8,-12,0,2
9,132,60a57ec89138a40a4a5acc63,1793.7,0,39,gamble_left,You received 0 dollars.,72,1,8,-13,0,2
1,132,60a57ec89138a40a4a5acc63,1099.2,0,37,gamble_right,You received 0 dollars.,73,1,8,-14,0,2
33,132,60a57ec89138a40a4a5acc63,1133.7,0,39,gamble_left,You received 0 dollars.,74,1,8,-15,0,2
41,132,60a57ec89138a40a4a5acc63,953,0,37,gamble_right,You received 0 dollars.,75,1,8,-16,0,2
58,132,60a57ec89138a40a4a5acc63,979.4,1,37,gamble_left,You won 9 dollars.,76,1,9,-2.25,0,1
66,132,60a57ec89138a40a4a5acc63,1086.7,1,39,gamble_right,You won 9 dollars.,77,1,9,-3.38,0,1
77,132,60a57ec89138a40a4a5acc63,1338,1,39,gamble_right,You lost -4.5 dollars.,78,1,9,-4.5,0,2
30,132,60a57ec89138a40a4a5acc63,1060.1,1,39,gamble_right,You lost -5.63 dollars.,79,1,9,-5.63,0,2
134,132,60a57ec89138a40a4a5acc63,986.4,1,37,gamble_left,You lost -6.75 dollars.,80,1,9,-6.75,0,2
18,132,60a57ec89138a40a4a5acc63,1142.9,1,37,gamble_left,You won 9 dollars.,81,1,9,-7.88,0,1
123,132,60a57ec89138a40a4a5acc63,1306.4,1,39,gamble_right,You won 9 dollars.,82,1,9,-9,0,1
147,132,60a57ec89138a40a4a5acc63,970.2,0,37,gamble_right,You received 0 dollars.,83,1,9,-10.13,0,2
86,132,60a57ec89138a40a4a5acc63,1613,0,37,gamble_right,You received 0 dollars.,84,1,9,-11.25,0,2
132,132,60a57ec89138a40a4a5acc63,1060.4,0,37,gamble_right,You received 0 dollars.,85,1,9,-12.38,0,2
103,132,60a57ec89138a40a4a5acc63,1102.5,0,37,gamble_right,You received 0 dollars.,86,1,9,-13.5,0,2
135,132,60a57ec89138a40a4a5acc63,969,0,37,gamble_right,You received 0 dollars.,87,1,9,-14.63,0,2
133,132,60a57ec89138a40a4a5acc63,1367.3,0,37,gamble_right,You received 0 dollars.,88,1,9,-15.75,0,2
145,132,60a57ec89138a40a4a5acc63,1085.1,0,37,gamble_right,You received 0 dollars.,89,1,9,-16.88,0,2
84,132,60a57ec89138a40a4a5acc63,1012.7,0,39,gamble_left,You received 0 dollars.,90,1,9,-18,0,2
57,132,60a57ec89138a40a4a5acc63,920.6,1,37,gamble_left,You won 10 dollars.,91,1,10,-2.5,0,1
20,132,60a57ec89138a40a4a5acc63,1157.1,1,39,gamble_right,You lost -3.75 dollars.,92,1,10,-3.75,0,2
64,132,60a57ec89138a40a4a5acc63,783.9,1,37,gamble_left,You won 10 dollars.,93,1,10,-5,0,1
60,132,60a57ec89138a40a4a5acc63,810.1,1,37,gamble_left,You won 10 dollars.,94,1,10,-6.25,0,1
16,132,60a57ec89138a40a4a5acc63,1099.8,1,37,gamble_left,You won 10 dollars.,95,1,10,-7.5,0,1
6,132,60a57ec89138a40a4a5acc63,1159.1,1,39,gamble_right,You won 10 dollars.,96,1,10,-8.75,0,1
32,132,60a57ec89138a40a4a5acc63,1004.2,1,37,gamble_left,You lost -10 dollars.,97,1,10,-10,0,2
24,132,60a57ec89138a40a4a5acc63,1275.8,0,37,gamble_right,You received 0 dollars.,98,1,10,-11.25,0,2
106,132,60a57ec89138a40a4a5acc63,1046.8,1,39,gamble_right,You won 10 dollars.,99,1,10,-12.5,0,1
39,132,60a57ec89138a40a4a5acc63,1423.3,0,39,gamble_left,You received 0 dollars.,100,1,10,-13.75,0,2
96,132,60a57ec89138a40a4a5acc63,1238.1,0,39,gamble_left,You received 0 dollars.,101,1,10,-15,0,2
113,132,60a57ec89138a40a4a5acc63,974.2,0,37,gamble_right,You received 0 dollars.,102,1,10,-16.25,0,2
107,132,60a57ec89138a40a4a5acc63,1175.5,0,37,gamble_right,You received 0 dollars.,103,1,10,-17.5,0,2
117,132,60a57ec89138a40a4a5acc63,1029.1,0,37,gamble_right,You received 0 dollars.,104,1,10,-18.75,0,2
111,132,60a57ec89138a40a4a5acc63,1140.7,0,39,gamble_left,You received 0 dollars.,105,1,10,-20,0,2
54,132,60a57ec89138a40a4a5acc63,1098.7,1,39,gamble_right,You won 12 dollars.,106,1,12,-3,0,1
127,132,60a57ec89138a40a4a5acc63,1181.3,1,37,gamble_left,You won 12 dollars.,107,1,12,-4.5,0,1
76,132,60a57ec89138a40a4a5acc63,1338.3,0,37,gamble_right,You received 0 dollars.,108,1,12,-6,0,2
88,132,60a57ec89138a40a4a5acc63,859.9,1,37,gamble_left,You lost -7.5 dollars.,109,1,12,-7.5,0,2
91,132,60a57ec89138a40a4a5acc63,790.7,1,37,gamble_left,You lost -9 dollars.,110,1,12,-9,0,2
141,132,60a57ec89138a40a4a5acc63,1046.7,1,39,gamble_right,You won 12 dollars.,111,1,12,-10.5,0,1
94,132,60a57ec89138a40a4a5acc63,1190.4,0,39,gamble_left,You received 0 dollars.,112,1,12,-12,0,2
131,132,60a57ec89138a40a4a5acc63,1262.5,0,39,gamble_left,You received 0 dollars.,113,1,12,-13.5,0,2
62,132,60a57ec89138a40a4a5acc63,1121.7,0,39,gamble_left,You received 0 dollars.,114,1,12,-15,0,2
92,132,60a57ec89138a40a4a5acc63,1070.3,0,39,gamble_left,You received 0 dollars.,115,1,12,-16.5,0,2
102,132,60a57ec89138a40a4a5acc63,NA,NA,NA,gamble_left,Trial missed.,116,1,12,-18,0,3
5,132,60a57ec89138a40a4a5acc63,1454.9,1,37,gamble_left,You lost -19.5 dollars.,117,1,12,-19.5,0,2
146,132,60a57ec89138a40a4a5acc63,1224.6,0,39,gamble_left,You received 0 dollars.,118,1,12,-21,0,2
2,132,60a57ec89138a40a4a5acc63,1897.7,0,37,gamble_right,You received 0 dollars.,119,1,12,-22.5,0,2
100,132,60a57ec89138a40a4a5acc63,1189.4,0,37,gamble_right,You received 0 dollars.,120,1,12,-24,0,2
125,132,60a57ec89138a40a4a5acc63,1097.4,1,37,gamble_left,You won 4 dollars.,121,2,4,0,2,1
119,132,60a57ec89138a40a4a5acc63,958.1,1,39,gamble_right,You won 8 dollars.,122,2,8,0,4,1
38,132,60a57ec89138a40a4a5acc63,1715.5,1,39,gamble_right,You received 0 dollars.,123,2,12,0,6,2
28,132,60a57ec89138a40a4a5acc63,1186.4,1,37,gamble_left,You received 0 dollars.,124,2,18,0,9,2
69,132,60a57ec89138a40a4a5acc63,898.7,1,37,gamble_left,You won 24 dollars.,125,2,24,0,12,1
42,132,60a57ec89138a40a4a5acc63,NA,NA,NA,gamble_left,Trial missed.,126,2,5,0,3,3
61,132,60a57ec89138a40a4a5acc63,1076.5,1,39,gamble_right,You won 7 dollars.,127,2,7,0,4,1
26,132,60a57ec89138a40a4a5acc63,1092.1,1,37,gamble_left,You received 0 dollars.,128,2,10,0,6,2
124,132,60a57ec89138a40a4a5acc63,901.5,1,37,gamble_left,You won 17 dollars.,129,2,17,0,10,1
75,132,60a57ec89138a40a4a5acc63,832.6,1,37,gamble_left,You won 22 dollars.,130,2,22,0,13,1
67,132,60a57ec89138a40a4a5acc63,1001.4,1,39,gamble_right,You won 28 dollars.,131,2,28,0,13,1
55,132,60a57ec89138a40a4a5acc63,923.7,1,37,gamble_left,You won 5 dollars.,132,2,5,0,2,1
116,132,60a57ec89138a40a4a5acc63,1233,1,37,gamble_left,You won 26 dollars.,133,2,26,0,10,1
82,132,60a57ec89138a40a4a5acc63,1119.1,1,37,gamble_left,You won 7 dollars.,134,2,7,0,3,1
108,132,60a57ec89138a40a4a5acc63,980.6,0,39,gamble_left,You won 5 dollars.,135,2,13,0,5,1
49,132,60a57ec89138a40a4a5acc63,1356.1,0,37,gamble_right,You won 6 dollars.,136,2,12,0,6,1
79,132,60a57ec89138a40a4a5acc63,830,1,37,gamble_left,You received 0 dollars.,137,2,25,0,10,2
37,132,60a57ec89138a40a4a5acc63,1896.2,1,37,gamble_left,You won 4 dollars.,138,2,4,0,2,1
137,132,60a57ec89138a40a4a5acc63,959.2,1,39,gamble_right,You received 0 dollars.,139,2,3,0,1,2
109,132,60a57ec89138a40a4a5acc63,1046,1,37,gamble_left,You won 25 dollars.,140,2,25,0,9,1
12,132,60a57ec89138a40a4a5acc63,1190.1,1,37,gamble_left,You won 13 dollars.,141,2,13,0,6,1
7,132,60a57ec89138a40a4a5acc63,1613.9,1,39,gamble_right,You won 22 dollars.,142,2,22,0,10,1
65,132,60a57ec89138a40a4a5acc63,756.8,1,37,gamble_left,You won 12 dollars.,143,2,12,0,5,1
21,132,60a57ec89138a40a4a5acc63,902,1,37,gamble_left,You won 2 dollars.,144,2,2,0,1,1
126,132,60a57ec89138a40a4a5acc63,1299.3,1,39,gamble_right,You received 0 dollars.,145,2,8,0,3,2
52,132,60a57ec89138a40a4a5acc63,1210.1,1,39,gamble_right,You received 0 dollars.,146,2,19,0,8,2
70,132,60a57ec89138a40a4a5acc63,1009.7,1,37,gamble_left,You won 26 dollars.,147,2,26,0,12,1
97,132,60a57ec89138a40a4a5acc63,1083,1,37,gamble_left,You won 30 dollars.,148,2,30,0,12,1
93,132,60a57ec89138a40a4a5acc63,634.6,1,37,gamble_left,You won 23 dollars.,149,2,23,0,10,1
144,132,60a57ec89138a40a4a5acc63,845.6,1,37,gamble_left,You received 0 dollars.,150,2,12,0,4,2