trial_index,ID,subject,rt,responses,key_press,gamble_location,stimulus,Trial_ID,Trial_Type,Gain,Loss,Certain,Trial_Outcome
72,133,616e5ae706e970fe0aff99b6,994.2,1,37,gamble_left,You won 2 dollars.,1,1,2,-0.5,0,1
129,133,616e5ae706e970fe0aff99b6,1151.9,1,39,gamble_right,You lost -0.75 dollars.,2,1,2,-0.75,0,2
125,133,616e5ae706e970fe0aff99b6,1264.7,1,39,gamble_right,You won 2 dollars.,3,1,2,-1,0,1
126,133,616e5ae706e970fe0aff99b6,1002.3,1,37,gamble_left,You won 2 dollars.,4,1,2,-1.25,0,1
28,133,616e5ae706e970fe0aff99b6,893,1,39,gamble_right,You lost -1.5 dollars.,5,1,2,-1.5,0,2
135,133,616e5ae706e970fe0aff99b6,1453.6,1,39,gamble_right,You won 2 dollars.,6,1,2,-1.75,0,1
117,133,616e5ae706e970fe0aff99b6,1422,0,39,gamble_left,You received 0 dollars.,7,1,2,-2,0,2
93,133,616e5ae706e970fe0aff99b6,858.3,0,39,gamble_left,You received 0 dollars.,8,1,2,-2.25,0,2
91,133,616e5ae706e970fe0aff99b6,1102.3,0,39,gamble_left,You received 0 dollars.,9,1,2,-2.5,0,2
17,133,616e5ae706e970fe0aff99b6,1092.5,0,37,gamble_right,You received 0 dollars.,10,1,2,-2.75,0,2
35,133,616e5ae706e970fe0aff99b6,1160.2,0,37,gamble_right,You received 0 dollars.,11,1,2,-3,0,2
70,133,616e5ae706e970fe0aff99b6,914.1,0,39,gamble_left,You received 0 dollars.,12,1,2,-3.25,0,2
94,133,616e5ae706e970fe0aff99b6,1050.7,0,37,gamble_right,You received 0 dollars.,13,1,2,-3.5,0,2
132,133,616e5ae706e970fe0aff99b6,1027.6,0,39,gamble_left,You received 0 dollars.,14,1,2,-3.75,0,2
24,133,616e5ae706e970fe0aff99b6,824.9,0,39,gamble_left,You received 0 dollars.,15,1,2,-4,0,2
114,133,616e5ae706e970fe0aff99b6,859.6,1,37,gamble_left,You won 4 dollars.,16,1,4,-1,0,1
66,133,616e5ae706e970fe0aff99b6,1017.8,1,37,gamble_left,You lost -1.5 dollars.,17,1,4,-1.5,0,2
55,133,616e5ae706e970fe0aff99b6,1766.8,1,39,gamble_right,You lost -2 dollars.,18,1,4,-2,0,2
38,133,616e5ae706e970fe0aff99b6,1006.5,1,37,gamble_left,You lost -2.5 dollars.,19,1,4,-2.5,0,2
43,133,616e5ae706e970fe0aff99b6,993.8,1,39,gamble_right,You won 4 dollars.,20,1,4,-3,0,1
108,133,616e5ae706e970fe0aff99b6,1213.6,1,39,gamble_right,You lost -3.5 dollars.,21,1,4,-3.5,0,2
123,133,616e5ae706e970fe0aff99b6,1490.8,0,37,gamble_right,You received 0 dollars.,22,1,4,-4,0,2
8,133,616e5ae706e970fe0aff99b6,1113.7,0,39,gamble_left,You received 0 dollars.,23,1,4,-4.5,0,2
113,133,616e5ae706e970fe0aff99b6,1103.8,0,37,gamble_right,You received 0 dollars.,24,1,4,-5,0,2
25,133,616e5ae706e970fe0aff99b6,963.8,0,39,gamble_left,You received 0 dollars.,25,1,4,-5.5,0,2
102,133,616e5ae706e970fe0aff99b6,1656.3,0,37,gamble_right,You received 0 dollars.,26,1,4,-6,0,2
79,133,616e5ae706e970fe0aff99b6,1117.7,0,37,gamble_right,You received 0 dollars.,27,1,4,-6.5,0,2
49,133,616e5ae706e970fe0aff99b6,1391.7,0,37,gamble_right,You received 0 dollars.,28,1,4,-7,0,2
78,133,616e5ae706e970fe0aff99b6,1234.9,0,37,gamble_right,You received 0 dollars.,29,1,4,-7.5,0,2
30,133,616e5ae706e970fe0aff99b6,834,0,39,gamble_left,You received 0 dollars.,30,1,4,-8,0,2
84,133,616e5ae706e970fe0aff99b6,1242.9,1,37,gamble_left,You lost -1.25 dollars.,31,1,5,-1.25,0,2
121,133,616e5ae706e970fe0aff99b6,1195,1,39,gamble_right,You won 5 dollars.,32,1,5,-1.88,0,1
103,133,616e5ae706e970fe0aff99b6,1091.1,1,39,gamble_right,You won 5 dollars.,33,1,5,-2.5,0,1
59,133,616e5ae706e970fe0aff99b6,1032.9,1,39,gamble_right,You lost -3.13 dollars.,34,1,5,-3.13,0,2
71,133,616e5ae706e970fe0aff99b6,937.8,1,37,gamble_left,You lost -3.75 dollars.,35,1,5,-3.75,0,2
54,133,616e5ae706e970fe0aff99b6,903.9,1,37,gamble_left,You lost -4.38 dollars.,36,1,5,-4.38,0,2
86,133,616e5ae706e970fe0aff99b6,1353.6,1,39,gamble_right,You won 5 dollars.,37,1,5,-5,0,1
74,133,616e5ae706e970fe0aff99b6,1130.4,0,37,gamble_right,You received 0 dollars.,38,1,5,-5.63,0,2
82,133,616e5ae706e970fe0aff99b6,1061.2,0,37,gamble_right,You received 0 dollars.,39,1,5,-6.25,0,2
44,133,616e5ae706e970fe0aff99b6,1160.1,0,37,gamble_right,You received 0 dollars.,40,1,5,-6.88,0,2
107,133,616e5ae706e970fe0aff99b6,1056.7,0,37,gamble_right,You received 0 dollars.,41,1,5,-7.5,0,2
133,133,616e5ae706e970fe0aff99b6,950.1,0,39,gamble_left,You received 0 dollars.,42,1,5,-8.13,0,2
128,133,616e5ae706e970fe0aff99b6,1215.8,0,37,gamble_right,You received 0 dollars.,43,1,5,-8.75,0,2
37,133,616e5ae706e970fe0aff99b6,1131.8,0,37,gamble_right,You received 0 dollars.,44,1,5,-9.38,0,2
67,133,616e5ae706e970fe0aff99b6,958.6,0,39,gamble_left,You received 0 dollars.,45,1,5,-10,0,2
62,133,616e5ae706e970fe0aff99b6,1193.7,1,39,gamble_right,You won 6 dollars.,46,1,6,-1.5,0,1
80,133,616e5ae706e970fe0aff99b6,1132,1,39,gamble_right,You lost -2.25 dollars.,47,1,6,-2.25,0,2
105,133,616e5ae706e970fe0aff99b6,1093.9,1,37,gamble_left,You won 6 dollars.,48,1,6,-3,0,1
118,133,616e5ae706e970fe0aff99b6,879.9,1,37,gamble_left,You won 6 dollars.,49,1,6,-3.75,0,1
27,133,616e5ae706e970fe0aff99b6,1210.6,1,37,gamble_left,You won 6 dollars.,50,1,6,-4.5,0,1
63,133,616e5ae706e970fe0aff99b6,1179.6,0,39,gamble_left,You received 0 dollars.,51,1,6,-5.25,0,2
29,133,616e5ae706e970fe0aff99b6,1228.1,0,39,gamble_left,You received 0 dollars.,52,1,6,-6,0,2
53,133,616e5ae706e970fe0aff99b6,1033.1,0,37,gamble_right,You received 0 dollars.,53,1,6,-6.75,0,2
41,133,616e5ae706e970fe0aff99b6,787.3,0,39,gamble_left,You received 0 dollars.,54,1,6,-7.5,0,2
112,133,616e5ae706e970fe0aff99b6,1160.4,0,37,gamble_right,You received 0 dollars.,55,1,6,-8.25,0,2
23,133,616e5ae706e970fe0aff99b6,1084.8,0,37,gamble_right,You received 0 dollars.,56,1,6,-9,0,2
85,133,616e5ae706e970fe0aff99b6,1132.3,0,37,gamble_right,You received 0 dollars.,57,1,6,-9.75,0,2
57,133,616e5ae706e970fe0aff99b6,1156,0,39,gamble_left,You received 0 dollars.,58,1,6,-10.5,0,2
46,133,616e5ae706e970fe0aff99b6,959.5,0,39,gamble_left,You received 0 dollars.,59,1,6,-11.25,0,2
40,133,616e5ae706e970fe0aff99b6,1195.7,0,37,gamble_right,You received 0 dollars.,60,1,6,-12,0,2
139,133,616e5ae706e970fe0aff99b6,792,1,37,gamble_left,You lost -2 dollars.,61,1,8,-2,0,2
58,133,616e5ae706e970fe0aff99b6,965.9,1,39,gamble_right,You lost -3 dollars.,62,1,8,-3,0,2
111,133,616e5ae706e970fe0aff99b6,1226.4,1,39,gamble_right,You won 8 dollars.,63,1,8,-4,0,1
56,133,616e5ae706e970fe0aff99b6,1176.7,1,39,gamble_right,You won 8 dollars.,64,1,8,-5,0,1
73,133,616e5ae706e970fe0aff99b6,960,1,37,gamble_left,You won 8 dollars.,65,1,8,-6,0,1
134,133,616e5ae706e970fe0aff99b6,1238.3,1,37,gamble_left,You won 8 dollars.,66,1,8,-7,0,1
69,133,616e5ae706e970fe0aff99b6,1193,1,37,gamble_left,You won 8 dollars.,67,1,8,-8,0,1
9,133,616e5ae706e970fe0aff99b6,1158.8,0,37,gamble_right,You received 0 dollars.,68,1,8,-9,0,2
137,133,616e5ae706e970fe0aff99b6,1046.7,0,39,gamble_left,You received 0 dollars.,69,1,8,-10,0,2
77,133,616e5ae706e970fe0aff99b6,987.7,0,39,gamble_left,You received 0 dollars.,70,1,8,-11,0,2
124,133,616e5ae706e970fe0aff99b6,1090.5,0,37,gamble_right,You received 0 dollars.,71,1,8,-12,0,2
4,133,616e5ae706e970fe0aff99b6,1174.2,0,39,gamble_left,You received 0 dollars.,72,1,8,-13,0,2
115,133,616e5ae706e970fe0aff99b6,1074.9,0,39,gamble_left,You received 0 dollars.,73,1,8,-14,0,2
131,133,616e5ae706e970fe0aff99b6,1267.1,0,39,gamble_left,You received 0 dollars.,74,1,8,-15,0,2
21,133,616e5ae706e970fe0aff99b6,1150.7,0,37,gamble_right,You received 0 dollars.,75,1,8,-16,0,2
92,133,616e5ae706e970fe0aff99b6,1074.9,0,39,gamble_left,You received 0 dollars.,76,1,9,-2.25,0,2
36,133,616e5ae706e970fe0aff99b6,976.8,1,37,gamble_left,You lost -3.38 dollars.,77,1,9,-3.38,0,2
149,133,616e5ae706e970fe0aff99b6,1678,0,39,gamble_left,You received 0 dollars.,78,1,9,-4.5,0,2
127,133,616e5ae706e970fe0aff99b6,1374.7,1,39,gamble_right,You won 9 dollars.,79,1,9,-5.63,0,1
3,133,616e5ae706e970fe0aff99b6,1178.9,1,37,gamble_left,You lost -6.75 dollars.,80,1,9,-6.75,0,2
14,133,616e5ae706e970fe0aff99b6,1076.9,1,39,gamble_right,You won 9 dollars.,81,1,9,-7.88,0,1
138,133,616e5ae706e970fe0aff99b6,1327.2,0,39,gamble_left,You received 0 dollars.,82,1,9,-9,0,2
15,133,616e5ae706e970fe0aff99b6,978.7,0,37,gamble_right,You received 0 dollars.,83,1,9,-10.13,0,2
51,133,616e5ae706e970fe0aff99b6,1157,0,37,gamble_right,You received 0 dollars.,84,1,9,-11.25,0,2
32,133,616e5ae706e970fe0aff99b6,1206.7,0,37,gamble_right,You received 0 dollars.,85,1,9,-12.38,0,2
45,133,616e5ae706e970fe0aff99b6,1136.3,0,39,gamble_left,You received 0 dollars.,86,1,9,-13.5,0,2
33,133,616e5ae706e970fe0aff99b6,1013.8,0,39,gamble_left,You received 0 dollars.,87,1,9,-14.63,0,2
145,133,616e5ae706e970fe0aff99b6,1014.3,0,39,gamble_left,You received 0 dollars.,88,1,9,-15.75,0,2
109,133,616e5ae706e970fe0aff99b6,1179.7,0,39,gamble_left,You received 0 dollars.,89,1,9,-16.88,0,2
60,133,616e5ae706e970fe0aff99b6,1056.4,0,37,gamble_right,You received 0 dollars.,90,1,9,-18,0,2
148,133,616e5ae706e970fe0aff99b6,815,1,37,gamble_left,You won 10 dollars.,91,1,10,-2.5,0,1
52,133,616e5ae706e970fe0aff99b6,1047.1,1,39,gamble_right,You lost -3.75 dollars.,92,1,10,-3.75,0,2
7,133,616e5ae706e970fe0aff99b6,919,1,37,gamble_left,You lost -5 dollars.,93,1,10,-5,0,2
147,133,616e5ae706e970fe0aff99b6,1199.4,1,37,gamble_left,You lost -6.25 dollars.,94,1,10,-6.25,0,2
39,133,616e5ae706e970fe0aff99b6,924.8,1,37,gamble_left,You lost -7.5 dollars.,95,1,10,-7.5,0,2
50,133,616e5ae706e970fe0aff99b6,1051.2,1,37,gamble_left,You lost -8.75 dollars.,96,1,10,-8.75,0,2
31,133,616e5ae706e970fe0aff99b6,1324.4,0,39,gamble_left,You received 0 dollars.,97,1,10,-10,0,2
10,133,616e5ae706e970fe0aff99b6,1253,0,37,gamble_right,You received 0 dollars.,98,1,10,-11.25,0,2
90,133,616e5ae706e970fe0aff99b6,1447.2,0,37,gamble_right,You received 0 dollars.,99,1,10,-12.5,0,2
140,133,616e5ae706e970fe0aff99b6,855.2,0,39,gamble_left,You received 0 dollars.,100,1,10,-13.75,0,2
95,133,616e5ae706e970fe0aff99b6,1266.9,0,37,gamble_right,You received 0 dollars.,101,1,10,-15,0,2
142,133,616e5ae706e970fe0aff99b6,1246.6,0,37,gamble_right,You received 0 dollars.,102,1,10,-16.25,0,2
101,133,616e5ae706e970fe0aff99b6,1328.5,0,39,gamble_left,You received 0 dollars.,103,1,10,-17.5,0,2
143,133,616e5ae706e970fe0aff99b6,833.2,0,39,gamble_left,You received 0 dollars.,104,1,10,-18.75,0,2
122,133,616e5ae706e970fe0aff99b6,1240.9,0,37,gamble_right,You received 0 dollars.,105,1,10,-20,0,2
34,133,616e5ae706e970fe0aff99b6,771.4,1,37,gamble_left,You won 12 dollars.,106,1,12,-3,0,1
146,133,616e5ae706e970fe0aff99b6,1186.2,1,37,gamble_left,You won 12 dollars.,107,1,12,-4.5,0,1
61,133,616e5ae706e970fe0aff99b6,773.7,1,37,gamble_left,You lost -6 dollars.,108,1,12,-6,0,2
89,133,616e5ae706e970fe0aff99b6,1302.4,1,39,gamble_right,You won 12 dollars.,109,1,12,-7.5,0,1
98,133,616e5ae706e970fe0aff99b6,1247.9,1,37,gamble_left,You won 12 dollars.,110,1,12,-9,0,1
18,133,616e5ae706e970fe0aff99b6,890.5,1,39,gamble_right,You lost -10.5 dollars.,111,1,12,-10.5,0,2
130,133,616e5ae706e970fe0aff99b6,1184.3,0,39,gamble_left,You received 0 dollars.,112,1,12,-12,0,2
13,133,616e5ae706e970fe0aff99b6,1185.6,0,37,gamble_right,You received 0 dollars.,113,1,12,-13.5,0,2
136,133,616e5ae706e970fe0aff99b6,962.9,0,39,gamble_left,You received 0 dollars.,114,1,12,-15,0,2
96,133,616e5ae706e970fe0aff99b6,1088.7,0,37,gamble_right,You received 0 dollars.,115,1,12,-16.5,0,2
75,133,616e5ae706e970fe0aff99b6,1004.6,0,39,gamble_left,You received 0 dollars.,116,1,12,-18,0,2
12,133,616e5ae706e970fe0aff99b6,1303.2,0,37,gamble_right,You received 0 dollars.,117,1,12,-19.5,0,2
68,133,616e5ae706e970fe0aff99b6,1129.8,0,37,gamble_right,You received 0 dollars.,118,1,12,-21,0,2
47,133,616e5ae706e970fe0aff99b6,1244,0,37,gamble_right,You received 0 dollars.,119,1,12,-22.5,0,2
1,133,616e5ae706e970fe0aff99b6,1670.2,0,37,gamble_right,You received 0 dollars.,120,1,12,-24,0,2
88,133,616e5ae706e970fe0aff99b6,1375,0,37,gamble_right,You won 2 dollars.,121,2,4,0,2,1
19,133,616e5ae706e970fe0aff99b6,1151.8,1,39,gamble_right,You won 8 dollars.,122,2,8,0,4,1
81,133,616e5ae706e970fe0aff99b6,886.1,1,37,gamble_left,You received 0 dollars.,123,2,12,0,6,2
116,133,616e5ae706e970fe0aff99b6,989.3,1,37,gamble_left,You received 0 dollars.,124,2,18,0,9,2
76,133,616e5ae706e970fe0aff99b6,1304.6,1,39,gamble_right,You received 0 dollars.,125,2,24,0,12,2
99,133,616e5ae706e970fe0aff99b6,1389.4,0,37,gamble_right,You won 3 dollars.,126,2,5,0,3,1
22,133,616e5ae706e970fe0aff99b6,1261.1,1,39,gamble_right,You won 7 dollars.,127,2,7,0,4,1
65,133,616e5ae706e970fe0aff99b6,1040.6,1,39,gamble_right,You received 0 dollars.,128,2,10,0,6,2
48,133,616e5ae706e970fe0aff99b6,1479.7,1,39,gamble_right,You won 17 dollars.,129,2,17,0,10,1
100,133,616e5ae706e970fe0aff99b6,1374.5,0,37,gamble_right,You won 13 dollars.,130,2,22,0,13,1
16,133,616e5ae706e970fe0aff99b6,1117.7,1,39,gamble_right,You received 0 dollars.,131,2,28,0,13,2
120,133,616e5ae706e970fe0aff99b6,1406.8,1,39,gamble_right,You received 0 dollars.,132,2,5,0,2,2
83,133,616e5ae706e970fe0aff99b6,1292.6,1,37,gamble_left,You received 0 dollars.,133,2,26,0,10,2
2,133,616e5ae706e970fe0aff99b6,1042.1,1,39,gamble_right,You received 0 dollars.,134,2,7,0,3,2
144,133,616e5ae706e970fe0aff99b6,1266.7,1,37,gamble_left,You won 13 dollars.,135,2,13,0,5,1
87,133,616e5ae706e970fe0aff99b6,1403.5,0,39,gamble_left,You won 6 dollars.,136,2,12,0,6,1
97,133,616e5ae706e970fe0aff99b6,1412.6,1,39,gamble_right,You received 0 dollars.,137,2,25,0,10,2
42,133,616e5ae706e970fe0aff99b6,753.8,1,37,gamble_left,You received 0 dollars.,138,2,4,0,2,2
110,133,616e5ae706e970fe0aff99b6,1346.5,1,37,gamble_left,You won 3 dollars.,139,2,3,0,1,1
6,133,616e5ae706e970fe0aff99b6,896.5,1,37,gamble_left,You won 25 dollars.,140,2,25,0,9,1
104,133,616e5ae706e970fe0aff99b6,1815,1,39,gamble_right,You won 13 dollars.,141,2,13,0,6,1
150,133,616e5ae706e970fe0aff99b6,1165.8,1,37,gamble_left,You received 0 dollars.,142,2,22,0,10,2
106,133,616e5ae706e970fe0aff99b6,852.9,1,37,gamble_left,You won 12 dollars.,143,2,12,0,5,1
141,133,616e5ae706e970fe0aff99b6,1472.9,0,37,gamble_right,You won 1 dollars.,144,2,2,0,1,1
64,133,616e5ae706e970fe0aff99b6,929.9,0,39,gamble_left,You won 3 dollars.,145,2,8,0,3,1
119,133,616e5ae706e970fe0aff99b6,1521,0,39,gamble_left,You won 8 dollars.,146,2,19,0,8,1
20,133,616e5ae706e970fe0aff99b6,971.3,1,37,gamble_left,You won 26 dollars.,147,2,26,0,12,1
26,133,616e5ae706e970fe0aff99b6,1205.5,1,39,gamble_right,You received 0 dollars.,148,2,30,0,12,2
11,133,616e5ae706e970fe0aff99b6,829.3,1,39,gamble_right,You received 0 dollars.,149,2,23,0,10,2
5,133,616e5ae706e970fe0aff99b6,967.6,1,37,gamble_left,You received 0 dollars.,150,2,12,0,4,2