trial_index,ID,subject,rt,responses,key_press,gamble_location,stimulus,Trial_ID,Trial_Type,Gain,Loss,Certain,Trial_Outcome
111,134,605de3af48d7a575adb95b09,1109.1,0,37,gamble_right,You received 0 dollars.,1,1,2,-0.5,0,2
120,134,605de3af48d7a575adb95b09,940.6,0,39,gamble_left,You received 0 dollars.,2,1,2,-0.75,0,2
107,134,605de3af48d7a575adb95b09,1029.7,0,39,gamble_left,You received 0 dollars.,3,1,2,-1,0,2
10,134,605de3af48d7a575adb95b09,962.2,0,39,gamble_left,You received 0 dollars.,4,1,2,-1.25,0,2
30,134,605de3af48d7a575adb95b09,1196.6,0,39,gamble_left,You received 0 dollars.,5,1,2,-1.5,0,2
113,134,605de3af48d7a575adb95b09,1186.3,0,37,gamble_right,You received 0 dollars.,6,1,2,-1.75,0,2
85,134,605de3af48d7a575adb95b09,1206.5,0,37,gamble_right,You received 0 dollars.,7,1,2,-2,0,2
62,134,605de3af48d7a575adb95b09,1085.5,0,37,gamble_right,You received 0 dollars.,8,1,2,-2.25,0,2
83,134,605de3af48d7a575adb95b09,763.8,0,39,gamble_left,You received 0 dollars.,9,1,2,-2.5,0,2
141,134,605de3af48d7a575adb95b09,737.3,0,39,gamble_left,You received 0 dollars.,10,1,2,-2.75,0,2
78,134,605de3af48d7a575adb95b09,1663.5,0,39,gamble_left,You received 0 dollars.,11,1,2,-3,0,2
106,134,605de3af48d7a575adb95b09,884.9,0,39,gamble_left,You received 0 dollars.,12,1,2,-3.25,0,2
102,134,605de3af48d7a575adb95b09,673.1,0,39,gamble_left,You received 0 dollars.,13,1,2,-3.5,0,2
140,134,605de3af48d7a575adb95b09,914.9,0,39,gamble_left,You received 0 dollars.,14,1,2,-3.75,0,2
61,134,605de3af48d7a575adb95b09,1290.4,0,37,gamble_right,You received 0 dollars.,15,1,2,-4,0,2
45,134,605de3af48d7a575adb95b09,1313,0,39,gamble_left,You received 0 dollars.,16,1,4,-1,0,2
72,134,605de3af48d7a575adb95b09,1232.5,0,37,gamble_right,You received 0 dollars.,17,1,4,-1.5,0,2
2,134,605de3af48d7a575adb95b09,1338.4,1,37,gamble_left,You won 4 dollars.,18,1,4,-2,0,1
80,134,605de3af48d7a575adb95b09,734.8,0,39,gamble_left,You received 0 dollars.,19,1,4,-2.5,0,2
93,134,605de3af48d7a575adb95b09,1202.7,0,39,gamble_left,You received 0 dollars.,20,1,4,-3,0,2
56,134,605de3af48d7a575adb95b09,1490.4,0,39,gamble_left,You received 0 dollars.,21,1,4,-3.5,0,2
137,134,605de3af48d7a575adb95b09,1172.6,0,37,gamble_right,You received 0 dollars.,22,1,4,-4,0,2
132,134,605de3af48d7a575adb95b09,979.1,0,39,gamble_left,You received 0 dollars.,23,1,4,-4.5,0,2
100,134,605de3af48d7a575adb95b09,1137,0,39,gamble_left,You received 0 dollars.,24,1,4,-5,0,2
64,134,605de3af48d7a575adb95b09,1172.6,0,37,gamble_right,You received 0 dollars.,25,1,4,-5.5,0,2
63,134,605de3af48d7a575adb95b09,1270.7,0,39,gamble_left,You received 0 dollars.,26,1,4,-6,0,2
135,134,605de3af48d7a575adb95b09,1233.8,0,37,gamble_right,You received 0 dollars.,27,1,4,-6.5,0,2
53,134,605de3af48d7a575adb95b09,1026.2,0,39,gamble_left,You received 0 dollars.,28,1,4,-7,0,2
40,134,605de3af48d7a575adb95b09,866.3,0,39,gamble_left,You received 0 dollars.,29,1,4,-7.5,0,2
118,134,605de3af48d7a575adb95b09,1016.5,0,37,gamble_right,You received 0 dollars.,30,1,4,-8,0,2
125,134,605de3af48d7a575adb95b09,892.6,0,39,gamble_left,You received 0 dollars.,31,1,5,-1.25,0,2
23,134,605de3af48d7a575adb95b09,1614.7,0,37,gamble_right,You received 0 dollars.,32,1,5,-1.88,0,2
58,134,605de3af48d7a575adb95b09,1601.8,0,37,gamble_right,You received 0 dollars.,33,1,5,-2.5,0,2
121,134,605de3af48d7a575adb95b09,1269.8,0,37,gamble_right,You received 0 dollars.,34,1,5,-3.13,0,2
55,134,605de3af48d7a575adb95b09,1798.2,0,39,gamble_left,You received 0 dollars.,35,1,5,-3.75,0,2
131,134,605de3af48d7a575adb95b09,1063.7,0,39,gamble_left,You received 0 dollars.,36,1,5,-4.38,0,2
119,134,605de3af48d7a575adb95b09,975.6,0,37,gamble_right,You received 0 dollars.,37,1,5,-5,0,2
115,134,605de3af48d7a575adb95b09,867.5,0,39,gamble_left,You received 0 dollars.,38,1,5,-5.63,0,2
145,134,605de3af48d7a575adb95b09,936.3,0,37,gamble_right,You received 0 dollars.,39,1,5,-6.25,0,2
109,134,605de3af48d7a575adb95b09,1311.9,0,37,gamble_right,You received 0 dollars.,40,1,5,-6.88,0,2
70,134,605de3af48d7a575adb95b09,1241.5,0,37,gamble_right,You received 0 dollars.,41,1,5,-7.5,0,2
73,134,605de3af48d7a575adb95b09,1194,0,39,gamble_left,You received 0 dollars.,42,1,5,-8.13,0,2
14,134,605de3af48d7a575adb95b09,1997.6,0,37,gamble_right,You received 0 dollars.,43,1,5,-8.75,0,2
105,134,605de3af48d7a575adb95b09,1050.3,0,37,gamble_right,You received 0 dollars.,44,1,5,-9.38,0,2
66,134,605de3af48d7a575adb95b09,1268.1,0,39,gamble_left,You received 0 dollars.,45,1,5,-10,0,2
33,134,605de3af48d7a575adb95b09,1013.9,1,39,gamble_right,You lost -1.5 dollars.,46,1,6,-1.5,0,2
87,134,605de3af48d7a575adb95b09,900.8,0,37,gamble_right,You received 0 dollars.,47,1,6,-2.25,0,2
103,134,605de3af48d7a575adb95b09,677.9,0,37,gamble_right,You received 0 dollars.,48,1,6,-3,0,2
104,134,605de3af48d7a575adb95b09,1014.2,0,39,gamble_left,You received 0 dollars.,49,1,6,-3.75,0,2
99,134,605de3af48d7a575adb95b09,1103.9,0,37,gamble_right,You received 0 dollars.,50,1,6,-4.5,0,2
51,134,605de3af48d7a575adb95b09,1606.4,0,39,gamble_left,You received 0 dollars.,51,1,6,-5.25,0,2
130,134,605de3af48d7a575adb95b09,969.3,0,39,gamble_left,You received 0 dollars.,52,1,6,-6,0,2
29,134,605de3af48d7a575adb95b09,1175.4,1,37,gamble_left,You lost -6.75 dollars.,53,1,6,-6.75,0,2
97,134,605de3af48d7a575adb95b09,893.2,0,39,gamble_left,You received 0 dollars.,54,1,6,-7.5,0,2
18,134,605de3af48d7a575adb95b09,1502.5,0,37,gamble_right,You received 0 dollars.,55,1,6,-8.25,0,2
15,134,605de3af48d7a575adb95b09,1752.5,0,37,gamble_right,You received 0 dollars.,56,1,6,-9,0,2
36,134,605de3af48d7a575adb95b09,1020.7,0,37,gamble_right,You received 0 dollars.,57,1,6,-9.75,0,2
79,134,605de3af48d7a575adb95b09,1460.2,0,39,gamble_left,You received 0 dollars.,58,1,6,-10.5,0,2
86,134,605de3af48d7a575adb95b09,1154.5,0,37,gamble_right,You received 0 dollars.,59,1,6,-11.25,0,2
128,134,605de3af48d7a575adb95b09,1239.1,0,39,gamble_left,You received 0 dollars.,60,1,6,-12,0,2
6,134,605de3af48d7a575adb95b09,968.2,0,37,gamble_right,You received 0 dollars.,61,1,8,-2,0,2
142,134,605de3af48d7a575adb95b09,1101.5,0,37,gamble_right,You received 0 dollars.,62,1,8,-3,0,2
46,134,605de3af48d7a575adb95b09,653,0,39,gamble_left,You received 0 dollars.,63,1,8,-4,0,2
13,134,605de3af48d7a575adb95b09,1835.3,0,37,gamble_right,You received 0 dollars.,64,1,8,-5,0,2
42,134,605de3af48d7a575adb95b09,941.9,0,37,gamble_right,You received 0 dollars.,65,1,8,-6,0,2
94,134,605de3af48d7a575adb95b09,1159.9,0,39,gamble_left,You received 0 dollars.,66,1,8,-7,0,2
147,134,605de3af48d7a575adb95b09,1101.2,0,39,gamble_left,You received 0 dollars.,67,1,8,-8,0,2
35,134,605de3af48d7a575adb95b09,1435.6,0,39,gamble_left,You received 0 dollars.,68,1,8,-9,0,2
32,134,605de3af48d7a575adb95b09,856.7,0,39,gamble_left,You received 0 dollars.,69,1,8,-10,0,2
89,134,605de3af48d7a575adb95b09,957.7,0,39,gamble_left,You received 0 dollars.,70,1,8,-11,0,2
65,134,605de3af48d7a575adb95b09,1607,0,39,gamble_left,You received 0 dollars.,71,1,8,-12,0,2
41,134,605de3af48d7a575adb95b09,1099.6,0,37,gamble_right,You received 0 dollars.,72,1,8,-13,0,2
47,134,605de3af48d7a575adb95b09,1425,0,39,gamble_left,You received 0 dollars.,73,1,8,-14,0,2
88,134,605de3af48d7a575adb95b09,1352.6,0,37,gamble_right,You received 0 dollars.,74,1,8,-15,0,2
146,134,605de3af48d7a575adb95b09,879.1,0,39,gamble_left,You received 0 dollars.,75,1,8,-16,0,2
54,134,605de3af48d7a575adb95b09,1378.1,0,37,gamble_right,You received 0 dollars.,76,1,9,-2.25,0,2
27,134,605de3af48d7a575adb95b09,695.8,0,39,gamble_left,You received 0 dollars.,77,1,9,-3.38,0,2
17,134,605de3af48d7a575adb95b09,1281.4,1,37,gamble_left,You won 9 dollars.,78,1,9,-4.5,0,1
43,134,605de3af48d7a575adb95b09,1138.6,0,39,gamble_left,You received 0 dollars.,79,1,9,-5.63,0,2
59,134,605de3af48d7a575adb95b09,1549.6,0,37,gamble_right,You received 0 dollars.,80,1,9,-6.75,0,2
39,134,605de3af48d7a575adb95b09,785.7,0,37,gamble_right,You received 0 dollars.,81,1,9,-7.88,0,2
12,134,605de3af48d7a575adb95b09,1383.4,0,39,gamble_left,You received 0 dollars.,82,1,9,-9,0,2
60,134,605de3af48d7a575adb95b09,1135.3,0,37,gamble_right,You received 0 dollars.,83,1,9,-10.13,0,2
124,134,605de3af48d7a575adb95b09,837.7,0,39,gamble_left,You received 0 dollars.,84,1,9,-11.25,0,2
37,134,605de3af48d7a575adb95b09,915.2,0,39,gamble_left,You received 0 dollars.,85,1,9,-12.38,0,2
11,134,605de3af48d7a575adb95b09,1314.5,0,37,gamble_right,You received 0 dollars.,86,1,9,-13.5,0,2
96,134,605de3af48d7a575adb95b09,1139.8,0,37,gamble_right,You received 0 dollars.,87,1,9,-14.63,0,2
21,134,605de3af48d7a575adb95b09,1167.4,0,37,gamble_right,You received 0 dollars.,88,1,9,-15.75,0,2
133,134,605de3af48d7a575adb95b09,1034.6,0,39,gamble_left,You received 0 dollars.,89,1,9,-16.88,0,2
75,134,605de3af48d7a575adb95b09,1027,0,37,gamble_right,You received 0 dollars.,90,1,9,-18,0,2
22,134,605de3af48d7a575adb95b09,1330.3,1,37,gamble_left,You lost -2.5 dollars.,91,1,10,-2.5,0,2
101,134,605de3af48d7a575adb95b09,1198.3,0,39,gamble_left,You received 0 dollars.,92,1,10,-3.75,0,2
57,134,605de3af48d7a575adb95b09,1669.8,0,39,gamble_left,You received 0 dollars.,93,1,10,-5,0,2
74,134,605de3af48d7a575adb95b09,1364.9,0,37,gamble_right,You received 0 dollars.,94,1,10,-6.25,0,2
117,134,605de3af48d7a575adb95b09,850.9,0,37,gamble_right,You received 0 dollars.,95,1,10,-7.5,0,2
38,134,605de3af48d7a575adb95b09,861,0,39,gamble_left,You received 0 dollars.,96,1,10,-8.75,0,2
91,134,605de3af48d7a575adb95b09,1322.5,0,39,gamble_left,You received 0 dollars.,97,1,10,-10,0,2
25,134,605de3af48d7a575adb95b09,1399.8,0,39,gamble_left,You received 0 dollars.,98,1,10,-11.25,0,2
129,134,605de3af48d7a575adb95b09,955.9,0,39,gamble_left,You received 0 dollars.,99,1,10,-12.5,0,2
149,134,605de3af48d7a575adb95b09,969.4,0,37,gamble_right,You received 0 dollars.,100,1,10,-13.75,0,2
143,134,605de3af48d7a575adb95b09,1039.9,0,39,gamble_left,You received 0 dollars.,101,1,10,-15,0,2
127,134,605de3af48d7a575adb95b09,923.7,0,39,gamble_left,You received 0 dollars.,102,1,10,-16.25,0,2
114,134,605de3af48d7a575adb95b09,841.2,0,37,gamble_right,You received 0 dollars.,103,1,10,-17.5,0,2
77,134,605de3af48d7a575adb95b09,1138.3,0,37,gamble_right,You received 0 dollars.,104,1,10,-18.75,0,2
26,134,605de3af48d7a575adb95b09,1238.9,0,39,gamble_left,You received 0 dollars.,105,1,10,-20,0,2
116,134,605de3af48d7a575adb95b09,1170.4,0,39,gamble_left,You received 0 dollars.,106,1,12,-3,0,2
123,134,605de3af48d7a575adb95b09,910.7,0,37,gamble_right,You received 0 dollars.,107,1,12,-4.5,0,2
49,134,605de3af48d7a575adb95b09,1670.1,1,37,gamble_left,You won 12 dollars.,108,1,12,-6,0,1
68,134,605de3af48d7a575adb95b09,1406.4,0,37,gamble_right,You received 0 dollars.,109,1,12,-7.5,0,2
16,134,605de3af48d7a575adb95b09,1490.8,1,39,gamble_right,You won 12 dollars.,110,1,12,-9,0,1
136,134,605de3af48d7a575adb95b09,741.2,0,39,gamble_left,You received 0 dollars.,111,1,12,-10.5,0,2
98,134,605de3af48d7a575adb95b09,874,0,37,gamble_right,You received 0 dollars.,112,1,12,-12,0,2
4,134,605de3af48d7a575adb95b09,1195.6,0,39,gamble_left,You received 0 dollars.,113,1,12,-13.5,0,2
76,134,605de3af48d7a575adb95b09,979.6,0,37,gamble_right,You received 0 dollars.,114,1,12,-15,0,2
148,134,605de3af48d7a575adb95b09,968.9,0,37,gamble_right,You received 0 dollars.,115,1,12,-16.5,0,2
48,134,605de3af48d7a575adb95b09,674.6,0,39,gamble_left,You received 0 dollars.,116,1,12,-18,0,2
138,134,605de3af48d7a575adb95b09,946.8,0,37,gamble_right,You received 0 dollars.,117,1,12,-19.5,0,2
7,134,605de3af48d7a575adb95b09,1257.2,0,39,gamble_left,You received 0 dollars.,118,1,12,-21,0,2
81,134,605de3af48d7a575adb95b09,775.9,0,39,gamble_left,You received 0 dollars.,119,1,12,-22.5,0,2
82,134,605de3af48d7a575adb95b09,660.8,0,39,gamble_left,You received 0 dollars.,120,1,12,-24,0,2
84,134,605de3af48d7a575adb95b09,1478.6,0,37,gamble_right,You won 2 dollars.,121,2,4,0,2,1
34,134,605de3af48d7a575adb95b09,552.8,0,37,gamble_right,You won 4 dollars.,122,2,8,0,4,1
67,134,605de3af48d7a575adb95b09,1032.1,0,39,gamble_left,You won 6 dollars.,123,2,12,0,6,1
150,134,605de3af48d7a575adb95b09,1426.1,0,39,gamble_left,You won 9 dollars.,124,2,18,0,9,1
9,134,605de3af48d7a575adb95b09,1104.4,0,39,gamble_left,You won 12 dollars.,125,2,24,0,12,1
3,134,605de3af48d7a575adb95b09,1062.2,1,39,gamble_right,You received 0 dollars.,126,2,5,0,3,2
134,134,605de3af48d7a575adb95b09,1049.4,0,37,gamble_right,You won 4 dollars.,127,2,7,0,4,1
95,134,605de3af48d7a575adb95b09,1091.4,0,39,gamble_left,You won 6 dollars.,128,2,10,0,6,1
108,134,605de3af48d7a575adb95b09,1037.8,0,39,gamble_left,You won 10 dollars.,129,2,17,0,10,1
110,134,605de3af48d7a575adb95b09,1027.3,0,37,gamble_right,You won 13 dollars.,130,2,22,0,13,1
69,134,605de3af48d7a575adb95b09,1038.1,0,39,gamble_left,You won 13 dollars.,131,2,28,0,13,1
19,134,605de3af48d7a575adb95b09,1371.1,1,37,gamble_left,You won 5 dollars.,132,2,5,0,2,1
31,134,605de3af48d7a575adb95b09,789.2,0,37,gamble_right,You won 10 dollars.,133,2,26,0,10,1
126,134,605de3af48d7a575adb95b09,853.4,0,39,gamble_left,You won 3 dollars.,134,2,7,0,3,1
139,134,605de3af48d7a575adb95b09,1410.5,0,39,gamble_left,You won 5 dollars.,135,2,13,0,5,1
112,134,605de3af48d7a575adb95b09,1311.3,0,39,gamble_left,You won 6 dollars.,136,2,12,0,6,1
28,134,605de3af48d7a575adb95b09,1382.6,0,37,gamble_right,You won 10 dollars.,137,2,25,0,10,1
1,134,605de3af48d7a575adb95b09,1221.8,0,37,gamble_right,You won 2 dollars.,138,2,4,0,2,1
52,134,605de3af48d7a575adb95b09,1143.9,0,37,gamble_right,You won 1 dollars.,139,2,3,0,1,1
8,134,605de3af48d7a575adb95b09,1012.4,1,39,gamble_right,You won 25 dollars.,140,2,25,0,9,1
92,134,605de3af48d7a575adb95b09,1308.7,0,37,gamble_right,You won 6 dollars.,141,2,13,0,6,1
24,134,605de3af48d7a575adb95b09,1044.5,0,39,gamble_left,You won 10 dollars.,142,2,22,0,10,1
122,134,605de3af48d7a575adb95b09,793.9,0,39,gamble_left,You won 5 dollars.,143,2,12,0,5,1
50,134,605de3af48d7a575adb95b09,770.6,0,39,gamble_left,You won 1 dollars.,144,2,2,0,1,1
71,134,605de3af48d7a575adb95b09,955.5,0,37,gamble_right,You won 3 dollars.,145,2,8,0,3,1
44,134,605de3af48d7a575adb95b09,867.9,0,39,gamble_left,You won 8 dollars.,146,2,19,0,8,1
144,134,605de3af48d7a575adb95b09,1171.8,0,37,gamble_right,You won 12 dollars.,147,2,26,0,12,1
90,134,605de3af48d7a575adb95b09,928.3,0,39,gamble_left,You won 12 dollars.,148,2,30,0,12,1
20,134,605de3af48d7a575adb95b09,1583.7,1,39,gamble_right,You won 23 dollars.,149,2,23,0,10,1
5,134,605de3af48d7a575adb95b09,863.9,0,37,gamble_right,You won 4 dollars.,150,2,12,0,4,1